[续训] 新时间戳 run（自 aim_stage2_best）→ 20260923_115010；起点已存为 named/model_0（0号模型）
============================================================
瞄准课程 PPO 训练（断点续训）
============================================================
  配置文件     : configs/train/curriculum_turret.yaml
  本次运行目录 : runs/curriculum_turret/20260923_115010
  续训权重     : runs/curriculum_turret/20260923_115010/named/model_0.zip
  已训步数     : 9,748,480 → 目标 100,000,000
  设备         : cpu
  总步数       : 100,000,000
  并行环境     : 8
  帧堆叠       : 选择性 3 步距=3 depth=7 lags=[6, 3, 0]（开火/子弹仅当前） + 确定性均值×3 → 输入维 101
  评测间隔     : 每 100,000 步 / 100 局（单局≤600步）
  存盘间隔     : 每 100,000 步 → runs/curriculum_turret/20260923_115010/checkpoints/
  晋级存盘     : 每次晋级 → runs/curriculum_turret/20260923_115010/promotions/
------------------------------------------------------------
  当前阶段     : stage_turret (1/1)
  对手         : mode=turret  speed=0.00
  奖励         : aim=0.1 mode=current  kill=60.0  rotate=-0.07
------------------------------------------------------------
  TensorBoard  : tensorboard --logdir runs/curriculum_turret
  浏览器打开   : http://localhost:6006
============================================================
[续训] 覆盖超参 learning_rate=3e-05  ent_coef=0.01→0.001（2,000,000 步衰减）  log_std∈[-5,0]  std 2.290→1.000
[进度] 9,764,864/100,000,000 (9.8%)  FPS≈954  阶段=stage_turret  速度=0.00  直行间隔=180  aim=0.100/current  rotate=-0.07  ent=0.00992627  std=1.000
[进度] 9,781,248/100,000,000 (9.8%)  FPS≈870  阶段=stage_turret  速度=0.00  直行间隔=180  aim=0.100/current  rotate=-0.07  ent=0.00985254  std=0.999
[进度] 9,797,632/100,000,000 (9.8%)  FPS≈875  阶段=stage_turret  速度=0.00  直行间隔=180  aim=0.100/current  rotate=-0.07  ent=0.00977882  std=1.000
[进度] 9,814,016/100,000,000 (9.8%)  FPS≈853  阶段=stage_turret  速度=0.00  直行间隔=180  aim=0.100/current  rotate=-0.07  ent=0.00970509  std=1.000
[进度] 9,830,400/100,000,000 (9.8%)  FPS≈936  阶段=stage_turret  速度=0.00  直行间隔=180  aim=0.100/current  rotate=-0.07  ent=0.00963136  std=1.000
[进度] 9,846,784/100,000,000 (9.8%)  FPS≈939  阶段=stage_turret  速度=0.00  直行间隔=180  aim=0.100/current  rotate=-0.07  ent=0.00955763  std=1.000
[进度] 9,863,168/100,000,000 (9.9%)  FPS≈880  阶段=stage_turret  速度=0.00  直行间隔=180  aim=0.100/current  rotate=-0.07  ent=0.0094839  std=1.000
[存盘] 课程元数据 model_t9863168_stage0_stage_turret.curriculum.json  stage=stage_turret  bot=turret v=0.00
[存盘] runs/curriculum_turret/20260923_115010/checkpoints/model_t9863168_stage0_stage_turret.zip
[评测] 开始（100 局）…
  [评测进度] 10/100  kill(命中/开火)=0.208  direct(直击/开火)=0.062  弹数=48
  [评测进度] 20/100  kill(命中/开火)=0.223  direct(直击/开火)=0.096  弹数=94
  [评测进度] 30/100  kill(命中/开火)=0.210  direct(直击/开火)=0.094  弹数=138
  [评测进度] 40/100  kill(命中/开火)=0.220  direct(直击/开火)=0.088  弹数=182
  [评测进度] 50/100  kill(命中/开火)=0.237  direct(直击/开火)=0.089  弹数=224
  [评测进度] 60/100  kill(命中/开火)=0.232  direct(直击/开火)=0.085  弹数=271
  [评测进度] 70/100  kill(命中/开火)=0.231  direct(直击/开火)=0.082  弹数=316
  [评测进度] 80/100  kill(命中/开火)=0.233  direct(直击/开火)=0.079  弹数=365
  [评测进度] 90/100  kill(命中/开火)=0.243  direct(直击/开火)=0.082  弹数=403
  [评测进度] 100/100  kill(命中/开火)=0.238  direct(直击/开火)=0.081  弹数=446
------------------------------------------------------------
[评测] 阶段=stage_turret  局数=100
  kill_rate(命中/开火) = 0.238  hit_rate(直击/开火) = 0.081  中位TTK = 444
  TTK口径     : 首直击步数；无直击=该局结束步数（评测步限封顶）
  晋级条件 直击/开火 hit_rate≥1.01  当前=0.081  → 指标未达标
  未晋级，继续当前阶段
------------------------------------------------------------
[进度] 9,879,552/100,000,000 (9.9%)  FPS≈844  阶段=stage_turret  速度=0.00  直行间隔=180  aim=0.100/current  rotate=-0.07  ent=0.00941018  std=1.000
[进度] 9,895,936/100,000,000 (9.9%)  FPS≈1134  阶段=stage_turret  速度=0.00  直行间隔=180  aim=0.100/current  rotate=-0.07  ent=0.00933645  std=1.000
[进度] 9,912,320/100,000,000 (9.9%)  FPS≈1227  阶段=stage_turret  速度=0.00  直行间隔=180  aim=0.100/current  rotate=-0.07  ent=0.00926272  std=1.000
[进度] 9,928,704/100,000,000 (9.9%)  FPS≈1176  阶段=stage_turret  速度=0.00  直行间隔=180  aim=0.100/current  rotate=-0.07  ent=0.00918899  std=1.000
[进度] 9,945,088/100,000,000 (9.9%)  FPS≈931  阶段=stage_turret  速度=0.00  直行间隔=180  aim=0.100/current  rotate=-0.07  ent=0.00911526  std=1.000
[进度] 9,961,472/100,000,000 (10.0%)  FPS≈1069  阶段=stage_turret  速度=0.00  直行间隔=180  aim=0.100/current  rotate=-0.07  ent=0.00904154  std=0.999
[进度] 9,977,856/100,000,000 (10.0%)  FPS≈933  阶段=stage_turret  速度=0.00  直行间隔=180  aim=0.100/current  rotate=-0.07  ent=0.00896781  std=0.999
[存盘] 课程元数据 model_t9977856_stage0_stage_turret.curriculum.json  stage=stage_turret  bot=turret v=0.00
[存盘] runs/curriculum_turret/20260923_115010/checkpoints/model_t9977856_stage0_stage_turret.zip
[评测] 开始（100 局）…
  [评测进度] 10/100  kill(命中/开火)=0.261  direct(直击/开火)=0.109  弹数=46
  [评测进度] 20/100  kill(命中/开火)=0.303  direct(直击/开火)=0.101  弹数=89
  [评测进度] 30/100  kill(命中/开火)=0.279  direct(直击/开火)=0.116  弹数=129
  [评测进度] 40/100  kill(命中/开火)=0.274  direct(直击/开火)=0.131  弹数=168
  [评测进度] 50/100  kill(命中/开火)=0.262  direct(直击/开火)=0.112  弹数=214
  [评测进度] 60/100  kill(命中/开火)=0.271  direct(直击/开火)=0.112  弹数=258
  [评测进度] 70/100  kill(命中/开火)=0.280  direct(直击/开火)=0.126  弹数=293
  [评测进度] 80/100  kill(命中/开火)=0.276  direct(直击/开火)=0.121  弹数=340
  [评测进度] 90/100  kill(命中/开火)=0.274  direct(直击/开火)=0.120  弹数=383
  [评测进度] 100/100  kill(命中/开火)=0.270  direct(直击/开火)=0.118  弹数=423
------------------------------------------------------------
[评测] 阶段=stage_turret  局数=100
  kill_rate(命中/开火) = 0.270  hit_rate(直击/开火) = 0.118  中位TTK = 428
  TTK口径     : 首直击步数；无直击=该局结束步数（评测步限封顶）
  晋级条件 直击/开火 hit_rate≥1.01  当前=0.118  → 指标未达标
  未晋级，继续当前阶段
------------------------------------------------------------
[进度] 9,994,240/100,000,000 (10.0%)  FPS≈881  阶段=stage_turret  速度=0.00  直行间隔=180  aim=0.100/current  rotate=-0.07  ent=0.00889408  std=1.000
[进度] 10,010,624/100,000,000 (10.0%)  FPS≈1198  阶段=stage_turret  速度=0.00  直行间隔=180  aim=0.100/current  rotate=-0.07  ent=0.00882035  std=1.000
[进度] 10,027,008/100,000,000 (10.0%)  FPS≈1221  阶段=stage_turret  速度=0.00  直行间隔=180  aim=0.100/current  rotate=-0.07  ent=0.00874662  std=1.000
已终止
============================================================
瞄准课程 PPO 训练（断点续训）
============================================================
  配置文件     : configs/train/curriculum_turret.yaml
  本次运行目录 : /home/d0brane/tank/runs/curriculum_turret/20260923_115010
  续训权重     : /home/d0brane/tank/runs/curriculum_turret/20260923_115010/checkpoints/model_t9977856_stage0_stage_turret.zip
  已训步数     : 9,977,856 → 目标 100,000,000
  设备         : cpu
  总步数       : 100,000,000
  并行环境     : 8
  帧堆叠       : 选择性 3 步距=3 depth=7 lags=[6, 3, 0]（开火/子弹仅当前） + 确定性均值×3 → 输入维 101
  评测间隔     : 每 100,000 步 / 100 局（单局≤600步）
  存盘间隔     : 每 100,000 步 → /home/d0brane/tank/runs/curriculum_turret/20260923_115010/checkpoints/
  晋级存盘     : 每次晋级 → /home/d0brane/tank/runs/curriculum_turret/20260923_115010/promotions/
------------------------------------------------------------
  当前阶段     : stage_turret (1/1)
  对手         : mode=turret  speed=0.00
  奖励         : aim=0.1 mode=current  kill=60.0  rotate=-0.07
------------------------------------------------------------
  TensorBoard  : tensorboard --logdir /home/d0brane/tank/runs/curriculum_turret
  浏览器打开   : http://localhost:6006
============================================================
[续训] 覆盖超参 learning_rate=3e-05  ent_coef=0.01→0.001（2,000,000 步衰减）  log_std∈[-5,0]  std 0.999→0.999
[进度] 9,994,240/100,000,000 (10.0%)  FPS≈989  阶段=stage_turret  速度=0.00  直行间隔=180  aim=0.100/current  rotate=-0.07  ent=0.00992627  std=0.999
[进度] 10,010,624/100,000,000 (10.0%)  FPS≈878  阶段=stage_turret  速度=0.00  直行间隔=180  aim=0.100/current  rotate=-0.07  ent=0.00985254  std=1.000
[进度] 10,027,008/100,000,000 (10.0%)  FPS≈944  阶段=stage_turret  速度=0.00  直行间隔=180  aim=0.100/current  rotate=-0.07  ent=0.00977882  std=0.999
[进度] 10,043,392/100,000,000 (10.0%)  FPS≈960  阶段=stage_turret  速度=0.00  直行间隔=180  aim=0.100/current  rotate=-0.07  ent=0.00970509  std=0.999
[进度] 10,059,776/100,000,000 (10.1%)  FPS≈1217  阶段=stage_turret  速度=0.00  直行间隔=180  aim=0.100/current  rotate=-0.07  ent=0.00963136  std=1.000
[进度] 10,076,160/100,000,000 (10.1%)  FPS≈1258  阶段=stage_turret  速度=0.00  直行间隔=180  aim=0.100/current  rotate=-0.07  ent=0.00955763  std=0.999
[进度] 10,092,544/100,000,000 (10.1%)  FPS≈1252  阶段=stage_turret  速度=0.00  直行间隔=180  aim=0.100/current  rotate=-0.07  ent=0.0094839  std=0.998
[存盘] 课程元数据 model_t10092544_stage0_stage_turret.curriculum.json  stage=stage_turret  bot=turret v=0.00
[存盘] /home/d0brane/tank/runs/curriculum_turret/20260923_115010/checkpoints/model_t10092544_stage0_stage_turret.zip
[评测] 开始（100 局）…
  [评测进度] 10/100  kill(命中/开火)=0.273  direct(直击/开火)=0.212  被命中(挨打/敌开火)=0.667  先发制人(直击前未被打中的局)=0.200  弹数=33
  [评测进度] 20/100  kill(命中/开火)=0.309  direct(直击/开火)=0.206  被命中(挨打/敌开火)=0.622  先发制人(直击前未被打中的局)=0.200  弹数=68
  [评测进度] 30/100  kill(命中/开火)=0.261  direct(直击/开火)=0.153  被命中(挨打/敌开火)=0.593  先发制人(直击前未被打中的局)=0.167  弹数=111
  [评测进度] 40/100  kill(命中/开火)=0.276  direct(直击/开火)=0.145  被命中(挨打/敌开火)=0.599  先发制人(直击前未被打中的局)=0.200  弹数=152
  [评测进度] 50/100  kill(命中/开火)=0.255  direct(直击/开火)=0.123  被命中(挨打/敌开火)=0.600  先发制人(直击前未被打中的局)=0.160  弹数=204
  [评测进度] 60/100  kill(命中/开火)=0.255  direct(直击/开火)=0.128  被命中(挨打/敌开火)=0.572  先发制人(直击前未被打中的局)=0.150  弹数=243
  [评测进度] 70/100  kill(命中/开火)=0.257  direct(直击/开火)=0.111  被命中(挨打/敌开火)=0.561  先发制人(直击前未被打中的局)=0.143  弹数=296
  [评测进度] 80/100  kill(命中/开火)=0.274  direct(直击/开火)=0.128  被命中(挨打/敌开火)=0.560  先发制人(直击前未被打中的局)=0.175  弹数=321
  [评测进度] 90/100  kill(命中/开火)=0.278  direct(直击/开火)=0.127  被命中(挨打/敌开火)=0.572  先发制人(直击前未被打中的局)=0.167  弹数=363
  [评测进度] 100/100  kill(命中/开火)=0.263  direct(直击/开火)=0.118  被命中(挨打/敌开火)=0.573  先发制人(直击前未被打中的局)=0.150  弹数=414
------------------------------------------------------------
[评测] 阶段=stage_turret  局数=100
  kill_rate(命中/开火) = 0.263  hit_rate(直击/开火) = 0.118  中位TTK = 388
  被命中率(挨打/敌开火) = 0.573  先发制人率(直击前未被打中的局/局数) = 0.150
  TTK口径     : 首直击步数；无直击=该局结束步数（评测步限封顶）
  晋级条件 直击/开火 hit_rate≥1.01  当前=0.118  → 指标未达标
  未晋级，继续当前阶段
------------------------------------------------------------
[进度] 10,108,928/100,000,000 (10.1%)  FPS≈1267  阶段=stage_turret  速度=0.00  直行间隔=180  aim=0.100/current  rotate=-0.07  ent=0.00941018  std=0.999
[进度] 10,125,312/100,000,000 (10.1%)  FPS≈1277  阶段=stage_turret  速度=0.00  直行间隔=180  aim=0.100/current  rotate=-0.07  ent=0.00933645  std=0.999
[进度] 10,141,696/100,000,000 (10.1%)  FPS≈1258  阶段=stage_turret  速度=0.00  直行间隔=180  aim=0.100/current  rotate=-0.07  ent=0.00926272  std=0.998
[进度] 10,158,080/100,000,000 (10.2%)  FPS≈1273  阶段=stage_turret  速度=0.00  直行间隔=180  aim=0.100/current  rotate=-0.07  ent=0.00918899  std=0.998
[进度] 10,174,464/100,000,000 (10.2%)  FPS≈1316  阶段=stage_turret  速度=0.00  直行间隔=180  aim=0.100/current  rotate=-0.07  ent=0.00911526  std=0.999
[进度] 10,190,848/100,000,000 (10.2%)  FPS≈1294  阶段=stage_turret  速度=0.00  直行间隔=180  aim=0.100/current  rotate=-0.07  ent=0.00904154  std=0.999
[进度] 10,207,232/100,000,000 (10.2%)  FPS≈1276  阶段=stage_turret  速度=0.00  直行间隔=180  aim=0.100/current  rotate=-0.07  ent=0.00896781  std=1.000
[存盘] 课程元数据 model_t10207232_stage0_stage_turret.curriculum.json  stage=stage_turret  bot=turret v=0.00
[存盘] /home/d0brane/tank/runs/curriculum_turret/20260923_115010/checkpoints/model_t10207232_stage0_stage_turret.zip
[评测] 开始（100 局）…
  [评测进度] 10/100  kill(命中/开火)=0.353  direct(直击/开火)=0.235  被命中(挨打/敌开火)=0.629  先发制人(直击前未被打中的局)=0.200  弹数=34
  [评测进度] 20/100  kill(命中/开火)=0.329  direct(直击/开火)=0.178  被命中(挨打/敌开火)=0.667  先发制人(直击前未被打中的局)=0.100  弹数=73
  [评测进度] 30/100  kill(命中/开火)=0.250  direct(直击/开火)=0.113  被命中(挨打/敌开火)=0.622  先发制人(直击前未被打中的局)=0.067  弹数=124
  [评测进度] 40/100  kill(命中/开火)=0.261  direct(直击/开火)=0.121  被命中(挨打/敌开火)=0.638  先发制人(直击前未被打中的局)=0.050  弹数=165
  [评测进度] 50/100  kill(命中/开火)=0.251  direct(直击/开火)=0.110  被命中(挨打/敌开火)=0.599  先发制人(直击前未被打中的局)=0.040  弹数=219
  [评测进度] 60/100  kill(命中/开火)=0.269  direct(直击/开火)=0.124  被命中(挨打/敌开火)=0.600  先发制人(直击前未被打中的局)=0.083  弹数=249
  [评测进度] 70/100  kill(命中/开火)=0.257  direct(直击/开火)=0.120  被命中(挨打/敌开火)=0.612  先发制人(直击前未被打中的局)=0.100  弹数=292
  [评测进度] 80/100  kill(命中/开火)=0.260  direct(直击/开火)=0.120  被命中(挨打/敌开火)=0.608  先发制人(直击前未被打中的局)=0.113  弹数=334
  [评测进度] 90/100  kill(命中/开火)=0.267  direct(直击/开火)=0.118  被命中(挨打/敌开火)=0.607  先发制人(直击前未被打中的局)=0.100  弹数=382
  [评测进度] 100/100  kill(命中/开火)=0.259  direct(直击/开火)=0.113  被命中(挨打/敌开火)=0.608  先发制人(直击前未被打中的局)=0.100  弹数=432
------------------------------------------------------------
[评测] 阶段=stage_turret  局数=100
  kill_rate(命中/开火) = 0.259  hit_rate(直击/开火) = 0.113  中位TTK = 432
  被命中率(挨打/敌开火) = 0.608  先发制人率(直击前未被打中的局/局数) = 0.100
  TTK口径     : 首直击步数；无直击=该局结束步数（评测步限封顶）
  晋级条件 直击/开火 hit_rate≥1.01  当前=0.113  → 指标未达标
  未晋级，继续当前阶段
------------------------------------------------------------
[进度] 10,223,616/100,000,000 (10.2%)  FPS≈1264  阶段=stage_turret  速度=0.00  直行间隔=180  aim=0.100/current  rotate=-0.07  ent=0.00889408  std=1.000
[进度] 10,240,000/100,000,000 (10.2%)  FPS≈1315  阶段=stage_turret  速度=0.00  直行间隔=180  aim=0.100/current  rotate=-0.07  ent=0.00882035  std=1.000
[进度] 10,256,384/100,000,000 (10.3%)  FPS≈1264  阶段=stage_turret  速度=0.00  直行间隔=180  aim=0.100/current  rotate=-0.07  ent=0.00874662  std=1.000
[进度] 10,272,768/100,000,000 (10.3%)  FPS≈1261  阶段=stage_turret  速度=0.00  直行间隔=180  aim=0.100/current  rotate=-0.07  ent=0.0086729  std=1.000
[进度] 10,289,152/100,000,000 (10.3%)  FPS≈1243  阶段=stage_turret  速度=0.00  直行间隔=180  aim=0.100/current  rotate=-0.07  ent=0.00859917  std=1.000
[进度] 10,305,536/100,000,000 (10.3%)  FPS≈1240  阶段=stage_turret  速度=0.00  直行间隔=180  aim=0.100/current  rotate=-0.07  ent=0.00852544  std=0.999
[进度] 10,321,920/100,000,000 (10.3%)  FPS≈1269  阶段=stage_turret  速度=0.00  直行间隔=180  aim=0.100/current  rotate=-0.07  ent=0.00845171  std=0.999
[存盘] 课程元数据 model_t10321920_stage0_stage_turret.curriculum.json  stage=stage_turret  bot=turret v=0.00
[存盘] /home/d0brane/tank/runs/curriculum_turret/20260923_115010/checkpoints/model_t10321920_stage0_stage_turret.zip
[评测] 开始（100 局）…
  [评测进度] 10/100  kill(命中/开火)=0.250  direct(直击/开火)=0.068  被命中(挨打/敌开火)=0.783  先发制人(直击前未被打中的局)=0.000  弹数=44
  [评测进度] 20/100  kill(命中/开火)=0.281  direct(直击/开火)=0.079  被命中(挨打/敌开火)=0.768  先发制人(直击前未被打中的局)=0.000  弹数=89
  [评测进度] 30/100  kill(命中/开火)=0.246  direct(直击/开火)=0.082  被命中(挨打/敌开火)=0.745  先发制人(直击前未被打中的局)=0.000  弹数=134
  [评测进度] 40/100  kill(命中/开火)=0.246  direct(直击/开火)=0.078  被命中(挨打/敌开火)=0.677  先发制人(直击前未被打中的局)=0.050  弹数=179
  [评测进度] 50/100  kill(命中/开火)=0.257  direct(直击/开火)=0.095  被命中(挨打/敌开火)=0.664  先发制人(直击前未被打中的局)=0.040  弹数=222
  [评测进度] 60/100  kill(命中/开火)=0.253  direct(直击/开火)=0.089  被命中(挨打/敌开火)=0.660  先发制人(直击前未被打中的局)=0.067  弹数=269
  [评测进度] 70/100  kill(命中/开火)=0.263  direct(直击/开火)=0.089  被命中(挨打/敌开火)=0.660  先发制人(直击前未被打中的局)=0.071  弹数=316
  [评测进度] 80/100  kill(命中/开火)=0.277  direct(直击/开火)=0.094  被命中(挨打/敌开火)=0.641  先发制人(直击前未被打中的局)=0.062  弹数=361
  [评测进度] 90/100  kill(命中/开火)=0.277  direct(直击/开火)=0.093  被命中(挨打/敌开火)=0.623  先发制人(直击前未被打中的局)=0.067  弹数=408
  [评测进度] 100/100  kill(命中/开火)=0.278  direct(直击/开火)=0.093  被命中(挨打/敌开火)=0.625  先发制人(直击前未被打中的局)=0.060  弹数=453
------------------------------------------------------------
[评测] 阶段=stage_turret  局数=100
  kill_rate(命中/开火) = 0.278  hit_rate(直击/开火) = 0.093  中位TTK = 464
  被命中率(挨打/敌开火) = 0.625  先发制人率(直击前未被打中的局/局数) = 0.060
  TTK口径     : 首直击步数；无直击=该局结束步数（评测步限封顶）
  晋级条件 直击/开火 hit_rate≥1.01  当前=0.093  → 指标未达标
  未晋级，继续当前阶段
------------------------------------------------------------
[进度] 10,338,304/100,000,000 (10.3%)  FPS≈1306  阶段=stage_turret  速度=0.00  直行间隔=180  aim=0.100/current  rotate=-0.07  ent=0.00837798  std=0.999
[进度] 10,354,688/100,000,000 (10.4%)  FPS≈1253  阶段=stage_turret  速度=0.00  直行间隔=180  aim=0.100/current  rotate=-0.07  ent=0.00830426  std=0.999
[进度] 10,371,072/100,000,000 (10.4%)  FPS≈1253  阶段=stage_turret  速度=0.00  直行间隔=180  aim=0.100/current  rotate=-0.07  ent=0.00823053  std=1.000
[进度] 10,387,456/100,000,000 (10.4%)  FPS≈1240  阶段=stage_turret  速度=0.00  直行间隔=180  aim=0.100/current  rotate=-0.07  ent=0.0081568  std=1.000
[进度] 10,403,840/100,000,000 (10.4%)  FPS≈1248  阶段=stage_turret  速度=0.00  直行间隔=180  aim=0.100/current  rotate=-0.07  ent=0.00808307  std=1.000
[进度] 10,420,224/100,000,000 (10.4%)  FPS≈1255  阶段=stage_turret  速度=0.00  直行间隔=180  aim=0.100/current  rotate=-0.07  ent=0.00800934  std=0.999
[进度] 10,436,608/100,000,000 (10.4%)  FPS≈1286  阶段=stage_turret  速度=0.00  直行间隔=180  aim=0.100/current  rotate=-0.07  ent=0.00793562  std=0.997
[存盘] 课程元数据 model_t10436608_stage0_stage_turret.curriculum.json  stage=stage_turret  bot=turret v=0.00
[存盘] /home/d0brane/tank/runs/curriculum_turret/20260923_115010/checkpoints/model_t10436608_stage0_stage_turret.zip
[评测] 开始（100 局）…
  [评测进度] 10/100  kill(命中/开火)=0.239  direct(直击/开火)=0.109  被命中(挨打/敌开火)=0.647  先发制人(直击前未被打中的局)=0.000  弹数=46
  [评测进度] 20/100  kill(命中/开火)=0.273  direct(直击/开火)=0.114  被命中(挨打/敌开火)=0.535  先发制人(直击前未被打中的局)=0.050  弹数=88
  [评测进度] 30/100  kill(命中/开火)=0.294  direct(直击/开火)=0.127  被命中(挨打/敌开火)=0.529  先发制人(直击前未被打中的局)=0.100  弹数=126
  [评测进度] 40/100  kill(命中/开火)=0.287  direct(直击/开火)=0.128  被命中(挨打/敌开火)=0.530  先发制人(直击前未被打中的局)=0.175  弹数=164
  [评测进度] 50/100  kill(命中/开火)=0.287  direct(直击/开火)=0.124  被命中(挨打/敌开火)=0.530  先发制人(直击前未被打中的局)=0.160  弹数=209
  [评测进度] 60/100  kill(命中/开火)=0.276  direct(直击/开火)=0.118  被命中(挨打/敌开火)=0.539  先发制人(直击前未被打中的局)=0.150  弹数=254
  [评测进度] 70/100  kill(命中/开火)=0.264  direct(直击/开火)=0.113  被命中(挨打/敌开火)=0.567  先发制人(直击前未被打中的局)=0.157  弹数=292
  [评测进度] 80/100  kill(命中/开火)=0.262  direct(直击/开火)=0.120  被命中(挨打/敌开火)=0.580  先发制人(直击前未被打中的局)=0.175  弹数=325
  [评测进度] 90/100  kill(命中/开火)=0.252  direct(直击/开火)=0.111  被命中(挨打/敌开火)=0.581  先发制人(直击前未被打中的局)=0.156  弹数=377
  [评测进度] 100/100  kill(命中/开火)=0.257  direct(直击/开火)=0.120  被命中(挨打/敌开火)=0.570  先发制人(直击前未被打中的局)=0.160  弹数=416
------------------------------------------------------------
[评测] 阶段=stage_turret  局数=100
  kill_rate(命中/开火) = 0.257  hit_rate(直击/开火) = 0.120  中位TTK = 434
  被命中率(挨打/敌开火) = 0.570  先发制人率(直击前未被打中的局/局数) = 0.160
  TTK口径     : 首直击步数；无直击=该局结束步数（评测步限封顶）
  晋级条件 直击/开火 hit_rate≥1.01  当前=0.120  → 指标未达标
  未晋级，继续当前阶段
------------------------------------------------------------
[进度] 10,452,992/100,000,000 (10.5%)  FPS≈1278  阶段=stage_turret  速度=0.00  直行间隔=180  aim=0.100/current  rotate=-0.07  ent=0.00786189  std=0.997
[进度] 10,469,376/100,000,000 (10.5%)  FPS≈1282  阶段=stage_turret  速度=0.00  直行间隔=180  aim=0.100/current  rotate=-0.07  ent=0.00778816  std=0.999
[进度] 10,485,760/100,000,000 (10.5%)  FPS≈1269  阶段=stage_turret  速度=0.00  直行间隔=180  aim=0.100/current  rotate=-0.07  ent=0.00771443  std=0.999
[进度] 10,502,144/100,000,000 (10.5%)  FPS≈1276  阶段=stage_turret  速度=0.00  直行间隔=180  aim=0.100/current  rotate=-0.07  ent=0.0076407  std=0.999
[进度] 10,518,528/100,000,000 (10.5%)  FPS≈1296  阶段=stage_turret  速度=0.00  直行间隔=180  aim=0.100/current  rotate=-0.07  ent=0.00756698  std=1.000
[进度] 10,534,912/100,000,000 (10.5%)  FPS≈1267  阶段=stage_turret  速度=0.00  直行间隔=180  aim=0.100/current  rotate=-0.07  ent=0.00749325  std=0.999
[进度] 10,551,296/100,000,000 (10.6%)  FPS≈1267  阶段=stage_turret  速度=0.00  直行间隔=180  aim=0.100/current  rotate=-0.07  ent=0.00741952  std=0.999
[存盘] 课程元数据 model_t10551296_stage0_stage_turret.curriculum.json  stage=stage_turret  bot=turret v=0.00
[存盘] /home/d0brane/tank/runs/curriculum_turret/20260923_115010/checkpoints/model_t10551296_stage0_stage_turret.zip
[评测] 开始（100 局）…
  [评测进度] 10/100  kill(命中/开火)=0.317  direct(直击/开火)=0.171  被命中(挨打/敌开火)=0.422  先发制人(直击前未被打中的局)=0.200  弹数=41
  [评测进度] 20/100  kill(命中/开火)=0.333  direct(直击/开火)=0.208  被命中(挨打/敌开火)=0.500  先发制人(直击前未被打中的局)=0.200  弹数=72
  [评测进度] 30/100  kill(命中/开火)=0.283  direct(直击/开火)=0.150  被命中(挨打/敌开火)=0.548  先发制人(直击前未被打中的局)=0.133  弹数=120
  [评测进度] 40/100  kill(命中/开火)=0.288  direct(直击/开火)=0.135  被命中(挨打/敌开火)=0.557  先发制人(直击前未被打中的局)=0.125  弹数=163
  [评测进度] 50/100  kill(命中/开火)=0.281  direct(直击/开火)=0.143  被命中(挨打/敌开火)=0.568  先发制人(直击前未被打中的局)=0.120  弹数=196
  [评测进度] 60/100  kill(命中/开火)=0.250  direct(直击/开火)=0.123  被命中(挨打/敌开火)=0.569  先发制人(直击前未被打中的局)=0.117  弹数=244
  [评测进度] 70/100  kill(命中/开火)=0.238  direct(直击/开火)=0.112  被命中(挨打/敌开火)=0.566  先发制人(直击前未被打中的局)=0.129  弹数=294
  [评测进度] 80/100  kill(命中/开火)=0.261  direct(直击/开火)=0.117  被命中(挨打/敌开火)=0.582  先发制人(直击前未被打中的局)=0.125  弹数=333
  [评测进度] 90/100  kill(命中/开火)=0.260  direct(直击/开火)=0.117  被命中(挨打/敌开火)=0.599  先发制人(直击前未被打中的局)=0.111  弹数=377
  [评测进度] 100/100  kill(命中/开火)=0.264  direct(直击/开火)=0.117  被命中(挨打/敌开火)=0.588  先发制人(直击前未被打中的局)=0.120  弹数=420
------------------------------------------------------------
[评测] 阶段=stage_turret  局数=100
  kill_rate(命中/开火) = 0.264  hit_rate(直击/开火) = 0.117  中位TTK = 454
  被命中率(挨打/敌开火) = 0.588  先发制人率(直击前未被打中的局/局数) = 0.120
  TTK口径     : 首直击步数；无直击=该局结束步数（评测步限封顶）
  晋级条件 直击/开火 hit_rate≥1.01  当前=0.117  → 指标未达标
  未晋级，继续当前阶段
------------------------------------------------------------
[进度] 10,567,680/100,000,000 (10.6%)  FPS≈1266  阶段=stage_turret  速度=0.00  直行间隔=180  aim=0.100/current  rotate=-0.07  ent=0.00734579  std=0.997
[进度] 10,584,064/100,000,000 (10.6%)  FPS≈1279  阶段=stage_turret  速度=0.00  直行间隔=180  aim=0.100/current  rotate=-0.07  ent=0.00727206  std=0.997
[进度] 10,600,448/100,000,000 (10.6%)  FPS≈1283  阶段=stage_turret  速度=0.00  直行间隔=180  aim=0.100/current  rotate=-0.07  ent=0.00719834  std=0.997
[进度] 10,616,832/100,000,000 (10.6%)  FPS≈1272  阶段=stage_turret  速度=0.00  直行间隔=180  aim=0.100/current  rotate=-0.07  ent=0.00712461  std=0.998
[进度] 10,633,216/100,000,000 (10.6%)  FPS≈1272  阶段=stage_turret  速度=0.00  直行间隔=180  aim=0.100/current  rotate=-0.07  ent=0.00705088  std=0.998
[进度] 10,649,600/100,000,000 (10.6%)  FPS≈1288  阶段=stage_turret  速度=0.00  直行间隔=180  aim=0.100/current  rotate=-0.07  ent=0.00697715  std=0.999
[进度] 10,665,984/100,000,000 (10.7%)  FPS≈1252  阶段=stage_turret  速度=0.00  直行间隔=180  aim=0.100/current  rotate=-0.07  ent=0.00690342  std=1.000
[存盘] 课程元数据 model_t10665984_stage0_stage_turret.curriculum.json  stage=stage_turret  bot=turret v=0.00
[存盘] /home/d0brane/tank/runs/curriculum_turret/20260923_115010/checkpoints/model_t10665984_stage0_stage_turret.zip
[评测] 开始（100 局）…
  [评测进度] 10/100  kill(命中/开火)=0.196  direct(直击/开火)=0.059  被命中(挨打/敌开火)=0.500  先发制人(直击前未被打中的局)=0.100  弹数=51
  [评测进度] 20/100  kill(命中/开火)=0.222  direct(直击/开火)=0.100  被命中(挨打/敌开火)=0.559  先发制人(直击前未被打中的局)=0.100  弹数=90
  [评测进度] 30/100  kill(命中/开火)=0.240  direct(直击/开火)=0.136  被命中(挨打/敌开火)=0.504  先发制人(直击前未被打中的局)=0.200  弹数=125
  [评测进度] 40/100  kill(命中/开火)=0.259  direct(直击/开火)=0.126  被命中(挨打/敌开火)=0.526  先发制人(直击前未被打中的局)=0.150  弹数=174
  [评测进度] 50/100  kill(命中/开火)=0.265  direct(直击/开火)=0.121  被命中(挨打/敌开火)=0.531  先发制人(直击前未被打中的局)=0.160  弹数=215
  [评测进度] 60/100  kill(命中/开火)=0.261  direct(直击/开火)=0.117  被命中(挨打/敌开火)=0.553  先发制人(直击前未被打中的局)=0.150  弹数=257
  [评测进度] 70/100  kill(命中/开火)=0.271  direct(直击/开火)=0.123  被命中(挨打/敌开火)=0.548  先发制人(直击前未被打中的局)=0.171  弹数=292
  [评测进度] 80/100  kill(命中/开火)=0.287  direct(直击/开火)=0.128  被命中(挨打/敌开火)=0.542  先发制人(直击前未被打中的局)=0.163  弹数=335
  [评测进度] 90/100  kill(命中/开火)=0.271  direct(直击/开火)=0.114  被命中(挨打/敌开火)=0.552  先发制人(直击前未被打中的局)=0.156  弹数=387
  [评测进度] 100/100  kill(命中/开火)=0.274  direct(直击/开火)=0.114  被命中(挨打/敌开火)=0.551  先发制人(直击前未被打中的局)=0.160  弹数=430
------------------------------------------------------------
[评测] 阶段=stage_turret  局数=100
  kill_rate(命中/开火) = 0.274  hit_rate(直击/开火) = 0.114  中位TTK = 465
  被命中率(挨打/敌开火) = 0.551  先发制人率(直击前未被打中的局/局数) = 0.160
  TTK口径     : 首直击步数；无直击=该局结束步数（评测步限封顶）
  晋级条件 直击/开火 hit_rate≥1.01  当前=0.114  → 指标未达标
  未晋级，继续当前阶段
------------------------------------------------------------
[进度] 10,682,368/100,000,000 (10.7%)  FPS≈1264  阶段=stage_turret  速度=0.00  直行间隔=180  aim=0.100/current  rotate=-0.07  ent=0.0068297  std=1.000
[进度] 10,698,752/100,000,000 (10.7%)  FPS≈1267  阶段=stage_turret  速度=0.00  直行间隔=180  aim=0.100/current  rotate=-0.07  ent=0.00675597  std=1.000
[进度] 10,715,136/100,000,000 (10.7%)  FPS≈1270  阶段=stage_turret  速度=0.00  直行间隔=180  aim=0.100/current  rotate=-0.07  ent=0.00668224  std=1.000
[进度] 10,731,520/100,000,000 (10.7%)  FPS≈1251  阶段=stage_turret  速度=0.00  直行间隔=180  aim=0.100/current  rotate=-0.07  ent=0.00660851  std=0.999
[进度] 10,747,904/100,000,000 (10.7%)  FPS≈1312  阶段=stage_turret  速度=0.00  直行间隔=180  aim=0.100/current  rotate=-0.07  ent=0.00653478  std=0.999
[进度] 10,764,288/100,000,000 (10.8%)  FPS≈1290  阶段=stage_turret  速度=0.00  直行间隔=180  aim=0.100/current  rotate=-0.07  ent=0.00646106  std=0.998
[进度] 10,780,672/100,000,000 (10.8%)  FPS≈1278  阶段=stage_turret  速度=0.00  直行间隔=180  aim=0.100/current  rotate=-0.07  ent=0.00638733  std=0.998
[存盘] 课程元数据 model_t10780672_stage0_stage_turret.curriculum.json  stage=stage_turret  bot=turret v=0.00
[存盘] /home/d0brane/tank/runs/curriculum_turret/20260923_115010/checkpoints/model_t10780672_stage0_stage_turret.zip
[评测] 开始（100 局）…
  [评测进度] 10/100  kill(命中/开火)=0.205  direct(直击/开火)=0.091  被命中(挨打/敌开火)=0.681  先发制人(直击前未被打中的局)=0.300  弹数=44
  [评测进度] 20/100  kill(命中/开火)=0.244  direct(直击/开火)=0.110  被命中(挨打/敌开火)=0.634  先发制人(直击前未被打中的局)=0.300  弹数=82
  [评测进度] 30/100  kill(命中/开火)=0.242  direct(直击/开火)=0.125  被命中(挨打/敌开火)=0.629  先发制人(直击前未被打中的局)=0.267  弹数=120
  [评测进度] 40/100  kill(命中/开火)=0.244  direct(直击/开火)=0.128  被命中(挨打/敌开火)=0.669  先发制人(直击前未被打中的局)=0.225  弹数=156
  [评测进度] 50/100  kill(命中/开火)=0.247  direct(直击/开火)=0.145  被命中(挨打/敌开火)=0.643  先发制人(直击前未被打中的局)=0.280  弹数=186
  [评测进度] 60/100  kill(命中/开火)=0.258  direct(直击/开火)=0.149  被命中(挨打/敌开火)=0.641  先发制人(直击前未被打中的局)=0.283  弹数=221
  [评测进度] 70/100  kill(命中/开火)=0.257  direct(直击/开火)=0.143  被命中(挨打/敌开火)=0.625  先发制人(直击前未被打中的局)=0.243  弹数=265
  [评测进度] 80/100  kill(命中/开火)=0.253  direct(直击/开火)=0.147  被命中(挨打/敌开火)=0.624  先发制人(直击前未被打中的局)=0.225  弹数=300
  [评测进度] 90/100  kill(命中/开火)=0.272  direct(直击/开火)=0.145  被命中(挨打/敌开火)=0.609  先发制人(直击前未被打中的局)=0.222  弹数=338
  [评测进度] 100/100  kill(命中/开火)=0.273  direct(直击/开火)=0.139  被命中(挨打/敌开火)=0.614  先发制人(直击前未被打中的局)=0.210  弹数=381
------------------------------------------------------------
[评测] 阶段=stage_turret  局数=100
  kill_rate(命中/开火) = 0.273  hit_rate(直击/开火) = 0.139  中位TTK = 411
  被命中率(挨打/敌开火) = 0.614  先发制人率(直击前未被打中的局/局数) = 0.210
  TTK口径     : 首直击步数；无直击=该局结束步数（评测步限封顶）
  晋级条件 直击/开火 hit_rate≥1.01  当前=0.139  → 指标未达标
  未晋级，继续当前阶段
------------------------------------------------------------
[进度] 10,797,056/100,000,000 (10.8%)  FPS≈1295  阶段=stage_turret  速度=0.00  直行间隔=180  aim=0.100/current  rotate=-0.07  ent=0.0063136  std=0.998
[进度] 10,813,440/100,000,000 (10.8%)  FPS≈1263  阶段=stage_turret  速度=0.00  直行间隔=180  aim=0.100/current  rotate=-0.07  ent=0.00623987  std=0.997
[进度] 10,829,824/100,000,000 (10.8%)  FPS≈1269  阶段=stage_turret  速度=0.00  直行间隔=180  aim=0.100/current  rotate=-0.07  ent=0.00616614  std=0.997
[进度] 10,846,208/100,000,000 (10.8%)  FPS≈1252  阶段=stage_turret  速度=0.00  直行间隔=180  aim=0.100/current  rotate=-0.07  ent=0.00609242  std=0.997
[进度] 10,862,592/100,000,000 (10.9%)  FPS≈1274  阶段=stage_turret  速度=0.00  直行间隔=180  aim=0.100/current  rotate=-0.07  ent=0.00601869  std=0.996
[进度] 10,878,976/100,000,000 (10.9%)  FPS≈1291  阶段=stage_turret  速度=0.00  直行间隔=180  aim=0.100/current  rotate=-0.07  ent=0.00594496  std=0.996
[进度] 10,895,360/100,000,000 (10.9%)  FPS≈1269  阶段=stage_turret  速度=0.00  直行间隔=180  aim=0.100/current  rotate=-0.07  ent=0.00587123  std=0.997
[存盘] 课程元数据 model_t10895360_stage0_stage_turret.curriculum.json  stage=stage_turret  bot=turret v=0.00
[存盘] /home/d0brane/tank/runs/curriculum_turret/20260923_115010/checkpoints/model_t10895360_stage0_stage_turret.zip
[评测] 开始（100 局）…
  [评测进度] 10/100  kill(命中/开火)=0.250  direct(直击/开火)=0.075  被命中(挨打/敌开火)=0.583  先发制人(直击前未被打中的局)=0.200  弹数=40
  [评测进度] 20/100  kill(命中/开火)=0.240  direct(直击/开火)=0.107  被命中(挨打/敌开火)=0.570  先发制人(直击前未被打中的局)=0.200  弹数=75
  [评测进度] 30/100  kill(命中/开火)=0.261  direct(直击/开火)=0.092  被命中(挨打/敌开火)=0.536  先发制人(直击前未被打中的局)=0.167  弹数=119
  [评测进度] 40/100  kill(命中/开火)=0.252  direct(直击/开火)=0.110  被命中(挨打/敌开火)=0.546  先发制人(直击前未被打中的局)=0.175  弹数=155
  [评测进度] 50/100  kill(命中/开火)=0.235  direct(直击/开火)=0.102  被命中(挨打/敌开火)=0.574  先发制人(直击前未被打中的局)=0.180  弹数=196
  [评测进度] 60/100  kill(命中/开火)=0.231  direct(直击/开火)=0.101  被命中(挨打/敌开火)=0.583  先发制人(直击前未被打中的局)=0.183  弹数=238
  [评测进度] 70/100  kill(命中/开火)=0.245  direct(直击/开火)=0.119  被命中(挨打/敌开火)=0.581  先发制人(直击前未被打中的局)=0.214  弹数=261
  [评测进度] 80/100  kill(命中/开火)=0.248  direct(直击/开火)=0.114  被命中(挨打/敌开火)=0.585  先发制人(直击前未被打中的局)=0.188  弹数=306
  [评测进度] 90/100  kill(命中/开火)=0.248  direct(直击/开火)=0.121  被命中(挨打/敌开火)=0.590  先发制人(直击前未被打中的局)=0.178  弹数=339
  [评测进度] 100/100  kill(命中/开火)=0.252  direct(直击/开火)=0.129  被命中(挨打/敌开火)=0.586  先发制人(直击前未被打中的局)=0.220  弹数=365
------------------------------------------------------------
[评测] 阶段=stage_turret  局数=100
  kill_rate(命中/开火) = 0.252  hit_rate(直击/开火) = 0.129  中位TTK = 434
  被命中率(挨打/敌开火) = 0.586  先发制人率(直击前未被打中的局/局数) = 0.220
  TTK口径     : 首直击步数；无直击=该局结束步数（评测步限封顶）
  晋级条件 直击/开火 hit_rate≥1.01  当前=0.129  → 指标未达标
  未晋级，继续当前阶段
------------------------------------------------------------
[进度] 10,911,744/100,000,000 (10.9%)  FPS≈1278  阶段=stage_turret  速度=0.00  直行间隔=180  aim=0.100/current  rotate=-0.07  ent=0.0057975  std=0.997
[进度] 10,928,128/100,000,000 (10.9%)  FPS≈1292  阶段=stage_turret  速度=0.00  直行间隔=180  aim=0.100/current  rotate=-0.07  ent=0.00572378  std=0.997
[进度] 10,944,512/100,000,000 (10.9%)  FPS≈1290  阶段=stage_turret  速度=0.00  直行间隔=180  aim=0.100/current  rotate=-0.07  ent=0.00565005  std=0.997
[进度] 10,960,896/100,000,000 (11.0%)  FPS≈1262  阶段=stage_turret  速度=0.00  直行间隔=180  aim=0.100/current  rotate=-0.07  ent=0.00557632  std=0.996
[进度] 10,977,280/100,000,000 (11.0%)  FPS≈1269  阶段=stage_turret  速度=0.00  直行间隔=180  aim=0.100/current  rotate=-0.07  ent=0.00550259  std=0.995
[进度] 10,993,664/100,000,000 (11.0%)  FPS≈1281  阶段=stage_turret  速度=0.00  直行间隔=180  aim=0.100/current  rotate=-0.07  ent=0.00542886  std=0.995
[进度] 11,010,048/100,000,000 (11.0%)  FPS≈1274  阶段=stage_turret  速度=0.00  直行间隔=180  aim=0.100/current  rotate=-0.07  ent=0.00535514  std=0.995
[存盘] 课程元数据 model_t11010048_stage0_stage_turret.curriculum.json  stage=stage_turret  bot=turret v=0.00
[存盘] /home/d0brane/tank/runs/curriculum_turret/20260923_115010/checkpoints/model_t11010048_stage0_stage_turret.zip
[评测] 开始（100 局）…
  [评测进度] 10/100  kill(命中/开火)=0.156  direct(直击/开火)=0.044  被命中(挨打/敌开火)=0.808  先发制人(直击前未被打中的局)=0.000  弹数=45
  [评测进度] 20/100  kill(命中/开火)=0.219  direct(直击/开火)=0.123  被命中(挨打/敌开火)=0.762  先发制人(直击前未被打中的局)=0.100  弹数=73
  [评测进度] 30/100  kill(命中/开火)=0.224  direct(直击/开火)=0.095  被命中(挨打/敌开火)=0.748  先发制人(直击前未被打中的局)=0.100  弹数=116
  [评测进度] 40/100  kill(命中/开火)=0.268  direct(直击/开火)=0.127  被命中(挨打/敌开火)=0.707  先发制人(直击前未被打中的局)=0.150  弹数=142
  [评测进度] 50/100  kill(命中/开火)=0.288  direct(直击/开火)=0.136  被命中(挨打/敌开火)=0.700  先发制人(直击前未被打中的局)=0.140  弹数=177
  [评测进度] 60/100  kill(命中/开火)=0.301  direct(直击/开火)=0.155  被命中(挨打/敌开火)=0.685  先发制人(直击前未被打中的局)=0.183  弹数=206
  [评测进度] 70/100  kill(命中/开火)=0.317  direct(直击/开火)=0.158  被命中(挨打/敌开火)=0.674  先发制人(直击前未被打中的局)=0.200  弹数=240
  [评测进度] 80/100  kill(命中/开火)=0.303  direct(直击/开火)=0.143  被命中(挨打/敌开火)=0.634  先发制人(直击前未被打中的局)=0.188  弹数=287
  [评测进度] 90/100  kill(命中/开火)=0.283  direct(直击/开火)=0.142  被命中(挨打/敌开火)=0.642  先发制人(直击前未被打中的局)=0.178  弹数=325
  [评测进度] 100/100  kill(命中/开火)=0.282  direct(直击/开火)=0.138  被命中(挨打/敌开火)=0.653  先发制人(直击前未被打中的局)=0.160  弹数=362
------------------------------------------------------------
[评测] 阶段=stage_turret  局数=100
  kill_rate(命中/开火) = 0.282  hit_rate(直击/开火) = 0.138  中位TTK = 406
  被命中率(挨打/敌开火) = 0.653  先发制人率(直击前未被打中的局/局数) = 0.160
  TTK口径     : 首直击步数；无直击=该局结束步数（评测步限封顶）
  晋级条件 直击/开火 hit_rate≥1.01  当前=0.138  → 指标未达标
  未晋级，继续当前阶段
------------------------------------------------------------
[进度] 11,026,432/100,000,000 (11.0%)  FPS≈1267  阶段=stage_turret  速度=0.00  直行间隔=180  aim=0.100/current  rotate=-0.07  ent=0.00528141  std=0.995
[进度] 11,042,816/100,000,000 (11.0%)  FPS≈1250  阶段=stage_turret  速度=0.00  直行间隔=180  aim=0.100/current  rotate=-0.07  ent=0.00520768  std=0.995
[进度] 11,059,200/100,000,000 (11.1%)  FPS≈1267  阶段=stage_turret  速度=0.00  直行间隔=180  aim=0.100/current  rotate=-0.07  ent=0.00513395  std=0.996
[进度] 11,075,584/100,000,000 (11.1%)  FPS≈1297  阶段=stage_turret  速度=0.00  直行间隔=180  aim=0.100/current  rotate=-0.07  ent=0.00506022  std=0.995
[进度] 11,091,968/100,000,000 (11.1%)  FPS≈1258  阶段=stage_turret  速度=0.00  直行间隔=180  aim=0.100/current  rotate=-0.07  ent=0.0049865  std=0.996
[进度] 11,108,352/100,000,000 (11.1%)  FPS≈1233  阶段=stage_turret  速度=0.00  直行间隔=180  aim=0.100/current  rotate=-0.07  ent=0.00491277  std=0.995
[进度] 11,124,736/100,000,000 (11.1%)  FPS≈1239  阶段=stage_turret  速度=0.00  直行间隔=180  aim=0.100/current  rotate=-0.07  ent=0.00483904  std=0.996
[存盘] 课程元数据 model_t11124736_stage0_stage_turret.curriculum.json  stage=stage_turret  bot=turret v=0.00
[存盘] /home/d0brane/tank/runs/curriculum_turret/20260923_115010/checkpoints/model_t11124736_stage0_stage_turret.zip
[评测] 开始（100 局）…
  [评测进度] 10/100  kill(命中/开火)=0.256  direct(直击/开火)=0.128  被命中(挨打/敌开火)=0.600  先发制人(直击前未被打中的局)=0.200  弹数=39
  [评测进度] 20/100  kill(命中/开火)=0.257  direct(直击/开火)=0.135  被命中(挨打/敌开火)=0.553  先发制人(直击前未被打中的局)=0.250  弹数=74
  [评测进度] 30/100  kill(命中/开火)=0.273  direct(直击/开火)=0.136  被命中(挨打/敌开火)=0.548  先发制人(直击前未被打中的局)=0.167  弹数=110
  [评测进度] 40/100  kill(命中/开火)=0.296  direct(直击/开火)=0.148  被命中(挨打/敌开火)=0.593  先发制人(直击前未被打中的局)=0.175  弹数=142
  [评测进度] 50/100  kill(命中/开火)=0.274  direct(直击/开火)=0.145  被命中(挨打/敌开火)=0.568  先发制人(直击前未被打中的局)=0.200  弹数=179
  [评测进度] 60/100  kill(命中/开火)=0.274  direct(直击/开火)=0.144  被命中(挨打/敌开火)=0.528  先发制人(直击前未被打中的局)=0.250  弹数=215
  [评测进度] 70/100  kill(命中/开火)=0.266  direct(直击/开火)=0.145  被命中(挨打/敌开火)=0.542  先发制人(直击前未被打中的局)=0.257  弹数=248
  [评测进度] 80/100  kill(命中/开火)=0.264  direct(直击/开火)=0.129  被命中(挨打/敌开火)=0.533  先发制人(直击前未被打中的局)=0.237  弹数=295
  [评测进度] 90/100  kill(命中/开火)=0.265  direct(直击/开火)=0.119  被命中(挨打/敌开火)=0.552  先发制人(直击前未被打中的局)=0.222  弹数=336
  [评测进度] 100/100  kill(命中/开火)=0.285  direct(直击/开火)=0.125  被命中(挨打/敌开火)=0.550  先发制人(直击前未被打中的局)=0.230  弹数=368
------------------------------------------------------------
[评测] 阶段=stage_turret  局数=100
  kill_rate(命中/开火) = 0.285  hit_rate(直击/开火) = 0.125  中位TTK = 454
  被命中率(挨打/敌开火) = 0.550  先发制人率(直击前未被打中的局/局数) = 0.230
  TTK口径     : 首直击步数；无直击=该局结束步数（评测步限封顶）
  晋级条件 直击/开火 hit_rate≥1.01  当前=0.125  → 指标未达标
  未晋级，继续当前阶段
------------------------------------------------------------
[进度] 11,141,120/100,000,000 (11.1%)  FPS≈1233  阶段=stage_turret  速度=0.00  直行间隔=180  aim=0.100/current  rotate=-0.07  ent=0.00476531  std=0.996
[进度] 11,157,504/100,000,000 (11.2%)  FPS≈1261  阶段=stage_turret  速度=0.00  直行间隔=180  aim=0.100/current  rotate=-0.07  ent=0.00469158  std=0.995
[进度] 11,173,888/100,000,000 (11.2%)  FPS≈1216  阶段=stage_turret  速度=0.00  直行间隔=180  aim=0.100/current  rotate=-0.07  ent=0.00461786  std=0.995
[进度] 11,190,272/100,000,000 (11.2%)  FPS≈1291  阶段=stage_turret  速度=0.00  直行间隔=180  aim=0.100/current  rotate=-0.07  ent=0.00454413  std=0.994
[进度] 11,206,656/100,000,000 (11.2%)  FPS≈1268  阶段=stage_turret  速度=0.00  直行间隔=180  aim=0.100/current  rotate=-0.07  ent=0.0044704  std=0.995
[进度] 11,223,040/100,000,000 (11.2%)  FPS≈1265  阶段=stage_turret  速度=0.00  直行间隔=180  aim=0.100/current  rotate=-0.07  ent=0.00439667  std=0.995
[进度] 11,239,424/100,000,000 (11.2%)  FPS≈1287  阶段=stage_turret  速度=0.00  直行间隔=180  aim=0.100/current  rotate=-0.07  ent=0.00432294  std=0.996
[存盘] 课程元数据 model_t11239424_stage0_stage_turret.curriculum.json  stage=stage_turret  bot=turret v=0.00
[存盘] /home/d0brane/tank/runs/curriculum_turret/20260923_115010/checkpoints/model_t11239424_stage0_stage_turret.zip
[评测] 开始（100 局）…
  [评测进度] 10/100  kill(命中/开火)=0.170  direct(直击/开火)=0.043  被命中(挨打/敌开火)=0.667  先发制人(直击前未被打中的局)=0.000  弹数=47
  [评测进度] 20/100  kill(命中/开火)=0.191  direct(直击/开火)=0.067  被命中(挨打/敌开火)=0.648  先发制人(直击前未被打中的局)=0.100  弹数=89
  [评测进度] 30/100  kill(命中/开火)=0.220  direct(直击/开火)=0.089  被命中(挨打/敌开火)=0.660  先发制人(直击前未被打中的局)=0.200  弹数=123
  [评测进度] 40/100  kill(命中/开火)=0.263  direct(直击/开火)=0.112  被命中(挨打/敌开火)=0.672  先发制人(直击前未被打中的局)=0.225  弹数=152
  [评测进度] 50/100  kill(命中/开火)=0.241  direct(直击/开火)=0.103  被命中(挨打/敌开火)=0.686  先发制人(直击前未被打中的局)=0.200  弹数=195
  [评测进度] 60/100  kill(命中/开火)=0.245  direct(直击/开火)=0.109  被命中(挨打/敌开火)=0.663  先发制人(直击前未被打中的局)=0.183  弹数=229
  [评测进度] 70/100  kill(命中/开火)=0.246  direct(直击/开火)=0.109  被命中(挨打/敌开火)=0.640  先发制人(直击前未被打中的局)=0.157  弹数=276
  [评测进度] 80/100  kill(命中/开火)=0.248  direct(直击/开火)=0.116  被命中(挨打/敌开火)=0.635  先发制人(直击前未被打中的局)=0.163  弹数=310
  [评测进度] 90/100  kill(命中/开火)=0.244  direct(直击/开火)=0.109  被命中(挨打/敌开火)=0.637  先发制人(直击前未被打中的局)=0.156  弹数=357
  [评测进度] 100/100  kill(命中/开火)=0.254  direct(直击/开火)=0.109  被命中(挨打/敌开火)=0.627  先发制人(直击前未被打中的局)=0.150  弹数=402
------------------------------------------------------------
[评测] 阶段=stage_turret  局数=100
  kill_rate(命中/开火) = 0.254  hit_rate(直击/开火) = 0.109  中位TTK = 450
  被命中率(挨打/敌开火) = 0.627  先发制人率(直击前未被打中的局/局数) = 0.150
  TTK口径     : 首直击步数；无直击=该局结束步数（评测步限封顶）
  晋级条件 直击/开火 hit_rate≥1.01  当前=0.109  → 指标未达标
  未晋级，继续当前阶段
------------------------------------------------------------
[进度] 11,255,808/100,000,000 (11.3%)  FPS≈1281  阶段=stage_turret  速度=0.00  直行间隔=180  aim=0.100/current  rotate=-0.07  ent=0.00424922  std=0.997
[进度] 11,272,192/100,000,000 (11.3%)  FPS≈1243  阶段=stage_turret  速度=0.00  直行间隔=180  aim=0.100/current  rotate=-0.07  ent=0.00417549  std=0.997
[进度] 11,288,576/100,000,000 (11.3%)  FPS≈1286  阶段=stage_turret  速度=0.00  直行间隔=180  aim=0.100/current  rotate=-0.07  ent=0.00410176  std=0.997
[进度] 11,304,960/100,000,000 (11.3%)  FPS≈1265  阶段=stage_turret  速度=0.00  直行间隔=180  aim=0.100/current  rotate=-0.07  ent=0.00402803  std=0.999
[进度] 11,321,344/100,000,000 (11.3%)  FPS≈1254  阶段=stage_turret  速度=0.00  直行间隔=180  aim=0.100/current  rotate=-0.07  ent=0.0039543  std=0.999
[进度] 11,337,728/100,000,000 (11.3%)  FPS≈1284  阶段=stage_turret  速度=0.00  直行间隔=180  aim=0.100/current  rotate=-0.07  ent=0.00388058  std=0.999
[进度] 11,354,112/100,000,000 (11.4%)  FPS≈1271  阶段=stage_turret  速度=0.00  直行间隔=180  aim=0.100/current  rotate=-0.07  ent=0.00380685  std=0.998
[存盘] 课程元数据 model_t11354112_stage0_stage_turret.curriculum.json  stage=stage_turret  bot=turret v=0.00
[存盘] /home/d0brane/tank/runs/curriculum_turret/20260923_115010/checkpoints/model_t11354112_stage0_stage_turret.zip
[评测] 开始（100 局）…
  [评测进度] 10/100  kill(命中/开火)=0.306  direct(直击/开火)=0.167  被命中(挨打/敌开火)=0.500  先发制人(直击前未被打中的局)=0.300  弹数=36
  [评测进度] 20/100  kill(命中/开火)=0.286  direct(直击/开火)=0.143  被命中(挨打/敌开火)=0.539  先发制人(直击前未被打中的局)=0.250  弹数=77
  [评测进度] 30/100  kill(命中/开火)=0.337  direct(直击/开火)=0.183  被命中(挨打/敌开火)=0.545  先发制人(直击前未被打中的局)=0.233  弹数=104
  [评测进度] 40/100  kill(命中/开火)=0.331  direct(直击/开火)=0.188  被命中(挨打/敌开火)=0.567  先发制人(直击前未被打中的局)=0.225  弹数=133
  [评测进度] 50/100  kill(命中/开火)=0.365  direct(直击/开火)=0.201  被命中(挨打/敌开火)=0.548  先发制人(直击前未被打中的局)=0.260  弹数=159
  [评测进度] 60/100  kill(命中/开火)=0.370  direct(直击/开火)=0.217  被命中(挨打/敌开火)=0.544  先发制人(直击前未被打中的局)=0.267  弹数=184
  [评测进度] 70/100  kill(命中/开火)=0.342  direct(直击/开火)=0.205  被命中(挨打/敌开火)=0.553  先发制人(直击前未被打中的局)=0.257  弹数=219
  [评测进度] 80/100  kill(命中/开火)=0.357  direct(直击/开火)=0.202  被命中(挨打/敌开火)=0.542  先发制人(直击前未被打中的局)=0.237  弹数=252
  [评测进度] 90/100  kill(命中/开火)=0.338  direct(直击/开火)=0.192  被命中(挨打/敌开火)=0.559  先发制人(直击前未被打中的局)=0.233  弹数=287
  [评测进度] 100/100  kill(命中/开火)=0.342  direct(直击/开火)=0.193  被命中(挨打/敌开火)=0.551  先发制人(直击前未被打中的局)=0.250  弹数=316
------------------------------------------------------------
[评测] 阶段=stage_turret  局数=100
  kill_rate(命中/开火) = 0.342  hit_rate(直击/开火) = 0.193  中位TTK = 295
  被命中率(挨打/敌开火) = 0.551  先发制人率(直击前未被打中的局/局数) = 0.250
  TTK口径     : 首直击步数；无直击=该局结束步数（评测步限封顶）
  晋级条件 直击/开火 hit_rate≥1.01  当前=0.193  → 指标未达标
  未晋级，继续当前阶段
------------------------------------------------------------
[进度] 11,370,496/100,000,000 (11.4%)  FPS≈1289  阶段=stage_turret  速度=0.00  直行间隔=180  aim=0.100/current  rotate=-0.07  ent=0.00373312  std=0.998
[进度] 11,386,880/100,000,000 (11.4%)  FPS≈1265  阶段=stage_turret  速度=0.00  直行间隔=180  aim=0.100/current  rotate=-0.07  ent=0.00365939  std=0.999
[进度] 11,403,264/100,000,000 (11.4%)  FPS≈1300  阶段=stage_turret  速度=0.00  直行间隔=180  aim=0.100/current  rotate=-0.07  ent=0.00358566  std=0.999
[进度] 11,419,648/100,000,000 (11.4%)  FPS≈1278  阶段=stage_turret  速度=0.00  直行间隔=180  aim=0.100/current  rotate=-0.07  ent=0.00351194  std=0.998
[进度] 11,436,032/100,000,000 (11.4%)  FPS≈1261  阶段=stage_turret  速度=0.00  直行间隔=180  aim=0.100/current  rotate=-0.07  ent=0.00343821  std=0.998
[进度] 11,452,416/100,000,000 (11.5%)  FPS≈1267  阶段=stage_turret  速度=0.00  直行间隔=180  aim=0.100/current  rotate=-0.07  ent=0.00336448  std=0.997
[进度] 11,468,800/100,000,000 (11.5%)  FPS≈1271  阶段=stage_turret  速度=0.00  直行间隔=180  aim=0.100/current  rotate=-0.07  ent=0.00329075  std=0.997
[存盘] 课程元数据 model_t11468800_stage0_stage_turret.curriculum.json  stage=stage_turret  bot=turret v=0.00
[存盘] /home/d0brane/tank/runs/curriculum_turret/20260923_115010/checkpoints/model_t11468800_stage0_stage_turret.zip
[评测] 开始（100 局）…
  [评测进度] 10/100  kill(命中/开火)=0.444  direct(直击/开火)=0.296  被命中(挨打/敌开火)=0.484  先发制人(直击前未被打中的局)=0.500  弹数=27
  [评测进度] 20/100  kill(命中/开火)=0.371  direct(直击/开火)=0.210  被命中(挨打/敌开火)=0.603  先发制人(直击前未被打中的局)=0.300  弹数=62
  [评测进度] 30/100  kill(命中/开火)=0.337  direct(直击/开火)=0.184  被命中(挨打/敌开火)=0.508  先发制人(直击前未被打中的局)=0.300  弹数=98
  [评测进度] 40/100  kill(命中/开火)=0.358  direct(直击/开火)=0.172  被命中(挨打/敌开火)=0.509  先发制人(直击前未被打中的局)=0.325  弹数=134
  [评测进度] 50/100  kill(命中/开火)=0.374  direct(直击/开火)=0.161  被命中(挨打/敌开火)=0.525  先发制人(直击前未被打中的局)=0.300  弹数=174
  [评测进度] 60/100  kill(命中/开火)=0.362  direct(直击/开火)=0.150  被命中(挨打/敌开火)=0.518  先发制人(直击前未被打中的局)=0.283  弹数=213
  [评测进度] 70/100  kill(命中/开火)=0.347  direct(直击/开火)=0.153  被命中(挨打/敌开火)=0.537  先发制人(直击前未被打中的局)=0.257  弹数=248
  [评测进度] 80/100  kill(命中/开火)=0.340  direct(直击/开火)=0.152  被命中(挨打/敌开火)=0.526  先发制人(直击前未被打中的局)=0.287  弹数=282
  [评测进度] 90/100  kill(命中/开火)=0.332  direct(直击/开火)=0.148  被命中(挨打/敌开火)=0.523  先发制人(直击前未被打中的局)=0.289  弹数=325
  [评测进度] 100/100  kill(命中/开火)=0.327  direct(直击/开火)=0.138  被命中(挨打/敌开火)=0.526  先发制人(直击前未被打中的局)=0.270  弹数=370
------------------------------------------------------------
[评测] 阶段=stage_turret  局数=100
  kill_rate(命中/开火) = 0.327  hit_rate(直击/开火) = 0.138  中位TTK = 439
  被命中率(挨打/敌开火) = 0.526  先发制人率(直击前未被打中的局/局数) = 0.270
  TTK口径     : 首直击步数；无直击=该局结束步数（评测步限封顶）
  晋级条件 直击/开火 hit_rate≥1.01  当前=0.138  → 指标未达标
  未晋级，继续当前阶段
------------------------------------------------------------
[进度] 11,485,184/100,000,000 (11.5%)  FPS≈1276  阶段=stage_turret  速度=0.00  直行间隔=180  aim=0.100/current  rotate=-0.07  ent=0.00321702  std=0.996
[进度] 11,501,568/100,000,000 (11.5%)  FPS≈1220  阶段=stage_turret  速度=0.00  直行间隔=180  aim=0.100/current  rotate=-0.07  ent=0.0031433  std=0.996
[进度] 11,517,952/100,000,000 (11.5%)  FPS≈1288  阶段=stage_turret  速度=0.00  直行间隔=180  aim=0.100/current  rotate=-0.07  ent=0.00306957  std=0.996
[进度] 11,534,336/100,000,000 (11.5%)  FPS≈1282  阶段=stage_turret  速度=0.00  直行间隔=180  aim=0.100/current  rotate=-0.07  ent=0.00299584  std=0.996
[进度] 11,550,720/100,000,000 (11.6%)  FPS≈1302  阶段=stage_turret  速度=0.00  直行间隔=180  aim=0.100/current  rotate=-0.07  ent=0.00292211  std=0.997
[进度] 11,567,104/100,000,000 (11.6%)  FPS≈1272  阶段=stage_turret  速度=0.00  直行间隔=180  aim=0.100/current  rotate=-0.07  ent=0.00284838  std=0.998
[进度] 11,583,488/100,000,000 (11.6%)  FPS≈1271  阶段=stage_turret  速度=0.00  直行间隔=180  aim=0.100/current  rotate=-0.07  ent=0.00277466  std=0.998
[存盘] 课程元数据 model_t11583488_stage0_stage_turret.curriculum.json  stage=stage_turret  bot=turret v=0.00
[存盘] /home/d0brane/tank/runs/curriculum_turret/20260923_115010/checkpoints/model_t11583488_stage0_stage_turret.zip
[评测] 开始（100 局）…
  [评测进度] 10/100  kill(命中/开火)=0.150  direct(直击/开火)=0.075  被命中(挨打/敌开火)=0.531  先发制人(直击前未被打中的局)=0.100  弹数=40
  [评测进度] 20/100  kill(命中/开火)=0.243  direct(直击/开火)=0.157  被命中(挨打/敌开火)=0.512  先发制人(直击前未被打中的局)=0.150  弹数=70
  [评测进度] 30/100  kill(命中/开火)=0.279  direct(直击/开火)=0.163  被命中(挨打/敌开火)=0.541  先发制人(直击前未被打中的局)=0.167  弹数=104
  [评测进度] 40/100  kill(命中/开火)=0.306  direct(直击/开火)=0.202  被命中(挨打/敌开火)=0.545  先发制人(直击前未被打中的局)=0.200  弹数=124
  [评测进度] 50/100  kill(命中/开火)=0.303  direct(直击/开火)=0.206  被命中(挨打/敌开火)=0.567  先发制人(直击前未被打中的局)=0.200  弹数=155
  [评测进度] 60/100  kill(命中/开火)=0.309  direct(直击/开火)=0.191  被命中(挨打/敌开火)=0.586  先发制人(直击前未被打中的局)=0.217  弹数=188
  [评测进度] 70/100  kill(命中/开火)=0.313  direct(直击/开火)=0.196  被命中(挨打/敌开火)=0.561  先发制人(直击前未被打中的局)=0.271  弹数=214
  [评测进度] 80/100  kill(命中/开火)=0.311  direct(直击/开火)=0.187  被命中(挨打/敌开火)=0.572  先发制人(直击前未被打中的局)=0.263  弹数=251
  [评测进度] 90/100  kill(命中/开火)=0.325  direct(直击/开火)=0.204  被命中(挨打/敌开火)=0.561  先发制人(直击前未被打中的局)=0.267  弹数=274
  [评测进度] 100/100  kill(命中/开火)=0.307  direct(直击/开火)=0.195  被命中(挨打/敌开火)=0.556  先发制人(直击前未被打中的局)=0.260  弹数=313
------------------------------------------------------------
[评测] 阶段=stage_turret  局数=100
  kill_rate(命中/开火) = 0.307  hit_rate(直击/开火) = 0.195  中位TTK = 324
  被命中率(挨打/敌开火) = 0.556  先发制人率(直击前未被打中的局/局数) = 0.260
  TTK口径     : 首直击步数；无直击=该局结束步数（评测步限封顶）
  晋级条件 直击/开火 hit_rate≥1.01  当前=0.195  → 指标未达标
  未晋级，继续当前阶段
------------------------------------------------------------
[进度] 11,599,872/100,000,000 (11.6%)  FPS≈1271  阶段=stage_turret  速度=0.00  直行间隔=180  aim=0.100/current  rotate=-0.07  ent=0.00270093  std=0.999
[进度] 11,616,256/100,000,000 (11.6%)  FPS≈1278  阶段=stage_turret  速度=0.00  直行间隔=180  aim=0.100/current  rotate=-0.07  ent=0.0026272  std=0.998
[进度] 11,632,640/100,000,000 (11.6%)  FPS≈1250  阶段=stage_turret  速度=0.00  直行间隔=180  aim=0.100/current  rotate=-0.07  ent=0.00255347  std=0.998
[进度] 11,649,024/100,000,000 (11.6%)  FPS≈1258  阶段=stage_turret  速度=0.00  直行间隔=180  aim=0.100/current  rotate=-0.07  ent=0.00247974  std=0.998
[进度] 11,665,408/100,000,000 (11.7%)  FPS≈1285  阶段=stage_turret  速度=0.00  直行间隔=180  aim=0.100/current  rotate=-0.07  ent=0.00240602  std=0.998
[进度] 11,681,792/100,000,000 (11.7%)  FPS≈1289  阶段=stage_turret  速度=0.00  直行间隔=180  aim=0.100/current  rotate=-0.07  ent=0.00233229  std=0.997
[进度] 11,698,176/100,000,000 (11.7%)  FPS≈1286  阶段=stage_turret  速度=0.00  直行间隔=180  aim=0.100/current  rotate=-0.07  ent=0.00225856  std=0.996
[存盘] 课程元数据 model_t11698176_stage0_stage_turret.curriculum.json  stage=stage_turret  bot=turret v=0.00
[存盘] /home/d0brane/tank/runs/curriculum_turret/20260923_115010/checkpoints/model_t11698176_stage0_stage_turret.zip
[评测] 开始（100 局）…
  [评测进度] 10/100  kill(命中/开火)=0.344  direct(直击/开火)=0.188  被命中(挨打/敌开火)=0.289  先发制人(直击前未被打中的局)=0.300  弹数=32
  [评测进度] 20/100  kill(命中/开火)=0.333  direct(直击/开火)=0.174  被命中(挨打/敌开火)=0.446  先发制人(直击前未被打中的局)=0.300  弹数=69
  [评测进度] 30/100  kill(命中/开火)=0.304  direct(直击/开火)=0.167  被命中(挨打/敌开火)=0.480  先发制人(直击前未被打中的局)=0.300  弹数=102
  [评测进度] 40/100  kill(命中/开火)=0.301  direct(直击/开火)=0.162  被命中(挨打/敌开火)=0.515  先发制人(直击前未被打中的局)=0.250  弹数=136
  [评测进度] 50/100  kill(命中/开火)=0.325  direct(直击/开火)=0.178  被命中(挨打/敌开火)=0.515  先发制人(直击前未被打中的局)=0.260  弹数=163
  [评测进度] 60/100  kill(命中/开火)=0.335  direct(直击/开火)=0.188  被命中(挨打/敌开火)=0.526  先发制人(直击前未被打中的局)=0.250  弹数=191
  [评测进度] 70/100  kill(命中/开火)=0.350  direct(直击/开火)=0.191  被命中(挨打/敌开火)=0.526  先发制人(直击前未被打中的局)=0.229  弹数=220
  [评测进度] 80/100  kill(命中/开火)=0.344  direct(直击/开火)=0.192  被命中(挨打/敌开火)=0.547  先发制人(直击前未被打中的局)=0.200  弹数=250
  [评测进度] 90/100  kill(命中/开火)=0.346  direct(直击/开火)=0.187  被命中(挨打/敌开火)=0.533  先发制人(直击前未被打中的局)=0.211  弹数=283
  [评测进度] 100/100  kill(命中/开火)=0.333  direct(直击/开火)=0.187  被命中(挨打/敌开火)=0.537  先发制人(直击前未被打中的局)=0.200  弹数=315
------------------------------------------------------------
[评测] 阶段=stage_turret  局数=100
  kill_rate(命中/开火) = 0.333  hit_rate(直击/开火) = 0.187  中位TTK = 310
  被命中率(挨打/敌开火) = 0.537  先发制人率(直击前未被打中的局/局数) = 0.200
  TTK口径     : 首直击步数；无直击=该局结束步数（评测步限封顶）
  晋级条件 直击/开火 hit_rate≥1.01  当前=0.187  → 指标未达标
  未晋级，继续当前阶段
------------------------------------------------------------
[进度] 11,714,560/100,000,000 (11.7%)  FPS≈1262  阶段=stage_turret  速度=0.00  直行间隔=180  aim=0.100/current  rotate=-0.07  ent=0.00218483  std=0.997
[进度] 11,730,944/100,000,000 (11.7%)  FPS≈1264  阶段=stage_turret  速度=0.00  直行间隔=180  aim=0.100/current  rotate=-0.07  ent=0.0021111  std=0.996
[进度] 11,747,328/100,000,000 (11.7%)  FPS≈1279  阶段=stage_turret  速度=0.00  直行间隔=180  aim=0.100/current  rotate=-0.07  ent=0.00203738  std=0.995
[进度] 11,763,712/100,000,000 (11.8%)  FPS≈1269  阶段=stage_turret  速度=0.00  直行间隔=180  aim=0.100/current  rotate=-0.07  ent=0.00196365  std=0.996
[进度] 11,780,096/100,000,000 (11.8%)  FPS≈1247  阶段=stage_turret  速度=0.00  直行间隔=180  aim=0.100/current  rotate=-0.07  ent=0.00188992  std=0.996
[进度] 11,796,480/100,000,000 (11.8%)  FPS≈1240  阶段=stage_turret  速度=0.00  直行间隔=180  aim=0.100/current  rotate=-0.07  ent=0.00181619  std=0.998
[进度] 11,812,864/100,000,000 (11.8%)  FPS≈1263  阶段=stage_turret  速度=0.00  直行间隔=180  aim=0.100/current  rotate=-0.07  ent=0.00174246  std=0.999
[存盘] 课程元数据 model_t11812864_stage0_stage_turret.curriculum.json  stage=stage_turret  bot=turret v=0.00
[存盘] /home/d0brane/tank/runs/curriculum_turret/20260923_115010/checkpoints/model_t11812864_stage0_stage_turret.zip
[评测] 开始（100 局）…
  [评测进度] 10/100  kill(命中/开火)=0.414  direct(直击/开火)=0.241  被命中(挨打/敌开火)=0.429  先发制人(直击前未被打中的局)=0.400  弹数=29
  [评测进度] 20/100  kill(命中/开火)=0.357  direct(直击/开火)=0.143  被命中(挨打/敌开火)=0.540  先发制人(直击前未被打中的局)=0.250  弹数=70
  [评测进度] 30/100  kill(命中/开火)=0.360  direct(直击/开火)=0.150  被命中(挨打/敌开火)=0.587  先发制人(直击前未被打中的局)=0.267  弹数=100
  [评测进度] 40/100  kill(命中/开火)=0.324  direct(直击/开火)=0.134  被命中(挨打/敌开火)=0.610  先发制人(直击前未被打中的局)=0.200  弹数=142
  [评测进度] 50/100  kill(命中/开火)=0.331  direct(直击/开火)=0.142  被命中(挨打/敌开火)=0.632  先发制人(直击前未被打中的局)=0.200  弹数=169
  [评测进度] 60/100  kill(命中/开火)=0.325  direct(直击/开火)=0.162  被命中(挨打/敌开火)=0.610  先发制人(直击前未被打中的局)=0.200  弹数=197
  [评测进度] 70/100  kill(命中/开火)=0.341  direct(直击/开火)=0.179  被命中(挨打/敌开火)=0.590  先发制人(直击前未被打中的局)=0.243  弹数=223
  [评测进度] 80/100  kill(命中/开火)=0.340  direct(直击/开火)=0.178  被命中(挨打/敌开火)=0.572  先发制人(直击前未被打中的局)=0.263  弹数=253
  [评测进度] 90/100  kill(命中/开火)=0.342  direct(直击/开火)=0.187  被命中(挨打/敌开火)=0.580  先发制人(直击前未被打中的局)=0.278  弹数=278
  [评测进度] 100/100  kill(命中/开火)=0.326  direct(直击/开火)=0.174  被命中(挨打/敌开火)=0.565  先发制人(直击前未被打中的局)=0.270  弹数=316
------------------------------------------------------------
[评测] 阶段=stage_turret  局数=100
  kill_rate(命中/开火) = 0.326  hit_rate(直击/开火) = 0.174  中位TTK = 344
  被命中率(挨打/敌开火) = 0.565  先发制人率(直击前未被打中的局/局数) = 0.270
  TTK口径     : 首直击步数；无直击=该局结束步数（评测步限封顶）
  晋级条件 直击/开火 hit_rate≥1.01  当前=0.174  → 指标未达标
  未晋级，继续当前阶段
------------------------------------------------------------
[进度] 11,829,248/100,000,000 (11.8%)  FPS≈1300  阶段=stage_turret  速度=0.00  直行间隔=180  aim=0.100/current  rotate=-0.07  ent=0.00166874  std=0.997
[进度] 11,845,632/100,000,000 (11.8%)  FPS≈1290  阶段=stage_turret  速度=0.00  直行间隔=180  aim=0.100/current  rotate=-0.07  ent=0.00159501  std=0.994
[进度] 11,862,016/100,000,000 (11.9%)  FPS≈1272  阶段=stage_turret  速度=0.00  直行间隔=180  aim=0.100/current  rotate=-0.07  ent=0.00152128  std=0.994
[进度] 11,878,400/100,000,000 (11.9%)  FPS≈1283  阶段=stage_turret  速度=0.00  直行间隔=180  aim=0.100/current  rotate=-0.07  ent=0.00144755  std=0.994
[进度] 11,894,784/100,000,000 (11.9%)  FPS≈1299  阶段=stage_turret  速度=0.00  直行间隔=180  aim=0.100/current  rotate=-0.07  ent=0.00137382  std=0.993
[进度] 11,911,168/100,000,000 (11.9%)  FPS≈1256  阶段=stage_turret  速度=0.00  直行间隔=180  aim=0.100/current  rotate=-0.07  ent=0.0013001  std=0.993
[进度] 11,927,552/100,000,000 (11.9%)  FPS≈1263  阶段=stage_turret  速度=0.00  直行间隔=180  aim=0.100/current  rotate=-0.07  ent=0.00122637  std=0.992
[存盘] 课程元数据 model_t11927552_stage0_stage_turret.curriculum.json  stage=stage_turret  bot=turret v=0.00
[存盘] /home/d0brane/tank/runs/curriculum_turret/20260923_115010/checkpoints/model_t11927552_stage0_stage_turret.zip
[评测] 开始（100 局）…
  [评测进度] 10/100  kill(命中/开火)=0.483  direct(直击/开火)=0.207  被命中(挨打/敌开火)=0.528  先发制人(直击前未被打中的局)=0.300  弹数=29
  [评测进度] 20/100  kill(命中/开火)=0.304  direct(直击/开火)=0.130  被命中(挨打/敌开火)=0.557  先发制人(直击前未被打中的局)=0.200  弹数=69
  [评测进度] 30/100  kill(命中/开火)=0.302  direct(直击/开火)=0.132  被命中(挨打/敌开火)=0.591  先发制人(直击前未被打中的局)=0.167  弹数=106
  [评测进度] 40/100  kill(命中/开火)=0.296  direct(直击/开火)=0.148  被命中(挨打/敌开火)=0.556  先发制人(直击前未被打中的局)=0.250  弹数=135
  [评测进度] 50/100  kill(命中/开火)=0.305  direct(直击/开火)=0.150  被命中(挨打/敌开火)=0.517  先发制人(直击前未被打中的局)=0.300  弹数=167
  [评测进度] 60/100  kill(命中/开火)=0.282  direct(直击/开火)=0.144  被命中(挨打/敌开火)=0.542  先发制人(直击前未被打中的局)=0.300  弹数=202
  [评测进度] 70/100  kill(命中/开火)=0.304  direct(直击/开火)=0.134  被命中(挨打/敌开火)=0.524  先发制人(直击前未被打中的局)=0.300  弹数=247
  [评测进度] 80/100  kill(命中/开火)=0.303  direct(直击/开火)=0.129  被命中(挨打/敌开火)=0.514  先发制人(直击前未被打中的局)=0.275  弹数=287
  [评测进度] 90/100  kill(命中/开火)=0.305  direct(直击/开火)=0.131  被命中(挨打/敌开火)=0.529  先发制人(直击前未被打中的局)=0.256  弹数=321
  [评测进度] 100/100  kill(命中/开火)=0.302  direct(直击/开火)=0.136  被命中(挨打/敌开火)=0.536  先发制人(直击前未被打中的局)=0.260  弹数=354
------------------------------------------------------------
[评测] 阶段=stage_turret  局数=100
  kill_rate(命中/开火) = 0.302  hit_rate(直击/开火) = 0.136  中位TTK = 446
  被命中率(挨打/敌开火) = 0.536  先发制人率(直击前未被打中的局/局数) = 0.260
  TTK口径     : 首直击步数；无直击=该局结束步数（评测步限封顶）
  晋级条件 直击/开火 hit_rate≥1.01  当前=0.136  → 指标未达标
  未晋级，继续当前阶段
------------------------------------------------------------
[进度] 11,943,936/100,000,000 (11.9%)  FPS≈1271  阶段=stage_turret  速度=0.00  直行间隔=180  aim=0.100/current  rotate=-0.07  ent=0.00115264  std=0.992
[进度] 11,960,320/100,000,000 (12.0%)  FPS≈1276  阶段=stage_turret  速度=0.00  直行间隔=180  aim=0.100/current  rotate=-0.07  ent=0.00107891  std=0.992
[进度] 11,976,704/100,000,000 (12.0%)  FPS≈1278  阶段=stage_turret  速度=0.00  直行间隔=180  aim=0.100/current  rotate=-0.07  ent=0.00100518  std=0.991
[进度] 11,993,088/100,000,000 (12.0%)  FPS≈1242  阶段=stage_turret  速度=0.00  直行间隔=180  aim=0.100/current  rotate=-0.07  ent=0.001  std=0.991
[进度] 12,009,472/100,000,000 (12.0%)  FPS≈1288  阶段=stage_turret  速度=0.00  直行间隔=180  aim=0.100/current  rotate=-0.07  ent=0.001  std=0.992
[进度] 12,025,856/100,000,000 (12.0%)  FPS≈1268  阶段=stage_turret  速度=0.00  直行间隔=180  aim=0.100/current  rotate=-0.07  ent=0.001  std=0.990
[进度] 12,042,240/100,000,000 (12.0%)  FPS≈1265  阶段=stage_turret  速度=0.00  直行间隔=180  aim=0.100/current  rotate=-0.07  ent=0.001  std=0.991
[存盘] 课程元数据 model_t12042240_stage0_stage_turret.curriculum.json  stage=stage_turret  bot=turret v=0.00
[存盘] /home/d0brane/tank/runs/curriculum_turret/20260923_115010/checkpoints/model_t12042240_stage0_stage_turret.zip
[评测] 开始（100 局）…
  [评测进度] 10/100  kill(命中/开火)=0.314  direct(直击/开火)=0.114  被命中(挨打/敌开火)=0.674  先发制人(直击前未被打中的局)=0.200  弹数=35
  [评测进度] 20/100  kill(命中/开火)=0.361  direct(直击/开火)=0.180  被命中(挨打/敌开火)=0.590  先发制人(直击前未被打中的局)=0.200  弹数=61
  [评测进度] 30/100  kill(命中/开火)=0.296  direct(直击/开火)=0.153  被命中(挨打/敌开火)=0.627  先发制人(直击前未被打中的局)=0.167  弹数=98
  [评测进度] 40/100  kill(命中/开火)=0.288  direct(直击/开火)=0.144  被命中(挨打/敌开火)=0.577  先发制人(直击前未被打中的局)=0.150  弹数=139
  [评测进度] 50/100  kill(命中/开火)=0.301  direct(直击/开火)=0.126  被命中(挨打/敌开火)=0.571  先发制人(直击前未被打中的局)=0.140  弹数=183
  [评测进度] 60/100  kill(命中/开火)=0.296  direct(直击/开火)=0.136  被命中(挨打/敌开火)=0.572  先发制人(直击前未被打中的局)=0.167  弹数=213
  [评测进度] 70/100  kill(命中/开火)=0.296  direct(直击/开火)=0.142  被命中(挨打/敌开火)=0.583  先发制人(直击前未被打中的局)=0.186  弹数=247
  [评测进度] 80/100  kill(命中/开火)=0.277  direct(直击/开火)=0.128  被命中(挨打/敌开火)=0.581  先发制人(直击前未被打中的局)=0.163  弹数=296
  [评测进度] 90/100  kill(命中/开火)=0.287  direct(直击/开火)=0.142  被命中(挨打/敌开火)=0.564  先发制人(直击前未被打中的局)=0.189  弹数=324
  [评测进度] 100/100  kill(命中/开火)=0.278  direct(直击/开火)=0.140  被命中(挨打/敌开火)=0.574  先发制人(直击前未被打中的局)=0.190  弹数=356
------------------------------------------------------------
[评测] 阶段=stage_turret  局数=100
  kill_rate(命中/开火) = 0.278  hit_rate(直击/开火) = 0.140  中位TTK = 450
  被命中率(挨打/敌开火) = 0.574  先发制人率(直击前未被打中的局/局数) = 0.190
  TTK口径     : 首直击步数；无直击=该局结束步数（评测步限封顶）
  晋级条件 直击/开火 hit_rate≥1.01  当前=0.140  → 指标未达标
  未晋级，继续当前阶段
------------------------------------------------------------
[进度] 12,058,624/100,000,000 (12.1%)  FPS≈1266  阶段=stage_turret  速度=0.00  直行间隔=180  aim=0.100/current  rotate=-0.07  ent=0.001  std=0.989
[进度] 12,075,008/100,000,000 (12.1%)  FPS≈1249  阶段=stage_turret  速度=0.00  直行间隔=180  aim=0.100/current  rotate=-0.07  ent=0.001  std=0.990
[进度] 12,091,392/100,000,000 (12.1%)  FPS≈1237  阶段=stage_turret  速度=0.00  直行间隔=180  aim=0.100/current  rotate=-0.07  ent=0.001  std=0.988
[进度] 12,107,776/100,000,000 (12.1%)  FPS≈1267  阶段=stage_turret  速度=0.00  直行间隔=180  aim=0.100/current  rotate=-0.07  ent=0.001  std=0.989
[进度] 12,124,160/100,000,000 (12.1%)  FPS≈1301  阶段=stage_turret  速度=0.00  直行间隔=180  aim=0.100/current  rotate=-0.07  ent=0.001  std=0.989
[进度] 12,140,544/100,000,000 (12.1%)  FPS≈1284  阶段=stage_turret  速度=0.00  直行间隔=180  aim=0.100/current  rotate=-0.07  ent=0.001  std=0.987
[进度] 12,156,928/100,000,000 (12.2%)  FPS≈1275  阶段=stage_turret  速度=0.00  直行间隔=180  aim=0.100/current  rotate=-0.07  ent=0.001  std=0.988
[存盘] 课程元数据 model_t12156928_stage0_stage_turret.curriculum.json  stage=stage_turret  bot=turret v=0.00
[存盘] /home/d0brane/tank/runs/curriculum_turret/20260923_115010/checkpoints/model_t12156928_stage0_stage_turret.zip
[评测] 开始（100 局）…
  [评测进度] 10/100  kill(命中/开火)=0.520  direct(直击/开火)=0.320  被命中(挨打/敌开火)=0.467  先发制人(直击前未被打中的局)=0.500  弹数=25
  [评测进度] 20/100  kill(命中/开火)=0.390  direct(直击/开火)=0.220  被命中(挨打/敌开火)=0.493  先发制人(直击前未被打中的局)=0.350  弹数=59
  [评测进度] 30/100  kill(命中/开火)=0.366  direct(直击/开火)=0.194  被命中(挨打/敌开火)=0.509  先发制人(直击前未被打中的局)=0.300  弹数=93
  [评测进度] 40/100  kill(命中/开火)=0.376  direct(直击/开火)=0.222  被命中(挨打/敌开火)=0.550  先发制人(直击前未被打中的局)=0.275  弹数=117
  [评测进度] 50/100  kill(命中/开火)=0.373  direct(直击/开火)=0.196  被命中(挨打/敌开火)=0.537  先发制人(直击前未被打中的局)=0.240  弹数=158
  [评测进度] 60/100  kill(命中/开火)=0.372  direct(直击/开火)=0.197  被命中(挨打/敌开火)=0.522  先发制人(直击前未被打中的局)=0.267  弹数=188
  [评测进度] 70/100  kill(命中/开火)=0.367  direct(直击/开火)=0.190  被命中(挨打/敌开火)=0.556  先发制人(直击前未被打中的局)=0.257  弹数=221
  [评测进度] 80/100  kill(命中/开火)=0.345  direct(直击/开火)=0.178  被命中(挨打/敌开火)=0.547  先发制人(直击前未被打中的局)=0.250  弹数=258
  [评测进度] 90/100  kill(命中/开火)=0.332  direct(直击/开火)=0.163  被命中(挨打/敌开火)=0.555  先发制人(直击前未被打中的局)=0.233  弹数=301
  [评测进度] 100/100  kill(命中/开火)=0.329  direct(直击/开火)=0.142  被命中(挨打/敌开火)=0.575  先发制人(直击前未被打中的局)=0.210  弹数=353
------------------------------------------------------------
[评测] 阶段=stage_turret  局数=100
  kill_rate(命中/开火) = 0.329  hit_rate(直击/开火) = 0.142  中位TTK = 438
  被命中率(挨打/敌开火) = 0.575  先发制人率(直击前未被打中的局/局数) = 0.210
  TTK口径     : 首直击步数；无直击=该局结束步数（评测步限封顶）
  晋级条件 直击/开火 hit_rate≥1.01  当前=0.142  → 指标未达标
  未晋级，继续当前阶段
------------------------------------------------------------
[进度] 12,173,312/100,000,000 (12.2%)  FPS≈1284  阶段=stage_turret  速度=0.00  直行间隔=180  aim=0.100/current  rotate=-0.07  ent=0.001  std=0.986
[进度] 12,189,696/100,000,000 (12.2%)  FPS≈1286  阶段=stage_turret  速度=0.00  直行间隔=180  aim=0.100/current  rotate=-0.07  ent=0.001  std=0.986
[进度] 12,206,080/100,000,000 (12.2%)  FPS≈1232  阶段=stage_turret  速度=0.00  直行间隔=180  aim=0.100/current  rotate=-0.07  ent=0.001  std=0.986
[进度] 12,222,464/100,000,000 (12.2%)  FPS≈1273  阶段=stage_turret  速度=0.00  直行间隔=180  aim=0.100/current  rotate=-0.07  ent=0.001  std=0.985
[进度] 12,238,848/100,000,000 (12.2%)  FPS≈1291  阶段=stage_turret  速度=0.00  直行间隔=180  aim=0.100/current  rotate=-0.07  ent=0.001  std=0.986
[进度] 12,255,232/100,000,000 (12.3%)  FPS≈1272  阶段=stage_turret  速度=0.00  直行间隔=180  aim=0.100/current  rotate=-0.07  ent=0.001  std=0.987
[进度] 12,271,616/100,000,000 (12.3%)  FPS≈1286  阶段=stage_turret  速度=0.00  直行间隔=180  aim=0.100/current  rotate=-0.07  ent=0.001  std=0.988
[存盘] 课程元数据 model_t12271616_stage0_stage_turret.curriculum.json  stage=stage_turret  bot=turret v=0.00
[存盘] /home/d0brane/tank/runs/curriculum_turret/20260923_115010/checkpoints/model_t12271616_stage0_stage_turret.zip
[评测] 开始（100 局）…
  [评测进度] 10/100  kill(命中/开火)=0.324  direct(直击/开火)=0.147  被命中(挨打/敌开火)=0.452  先发制人(直击前未被打中的局)=0.400  弹数=34
  [评测进度] 20/100  kill(命中/开火)=0.364  direct(直击/开火)=0.218  被命中(挨打/敌开火)=0.493  先发制人(直击前未被打中的局)=0.500  弹数=55
  [评测进度] 30/100  kill(命中/开火)=0.410  direct(直击/开火)=0.244  被命中(挨打/敌开火)=0.532  先发制人(直击前未被打中的局)=0.400  弹数=78
  [评测进度] 40/100  kill(命中/开火)=0.407  direct(直击/开火)=0.250  被命中(挨打/敌开火)=0.569  先发制人(直击前未被打中的局)=0.350  弹数=108
  [评测进度] 50/100  kill(命中/开火)=0.388  direct(直击/开火)=0.230  被命中(挨打/敌开火)=0.560  先发制人(直击前未被打中的局)=0.360  弹数=139
  [评测进度] 60/100  kill(命中/开火)=0.375  direct(直击/开火)=0.226  被命中(挨打/敌开火)=0.554  先发制人(直击前未被打中的局)=0.333  弹数=168
  [评测进度] 70/100  kill(命中/开火)=0.366  direct(直击/开火)=0.213  被命中(挨打/敌开火)=0.561  先发制人(直击前未被打中的局)=0.314  弹数=202
  [评测进度] 80/100  kill(命中/开火)=0.350  direct(直击/开火)=0.201  被命中(挨打/敌开火)=0.582  先发制人(直击前未被打中的局)=0.287  弹数=234
  [评测进度] 90/100  kill(命中/开火)=0.344  direct(直击/开火)=0.193  被命中(挨打/敌开火)=0.571  先发制人(直击前未被打中的局)=0.289  弹数=270
  [评测进度] 100/100  kill(命中/开火)=0.350  direct(直击/开火)=0.193  被命中(挨打/敌开火)=0.571  先发制人(直击前未被打中的局)=0.270  弹数=300
------------------------------------------------------------
[评测] 阶段=stage_turret  局数=100
  kill_rate(命中/开火) = 0.350  hit_rate(直击/开火) = 0.193  中位TTK = 276
  被命中率(挨打/敌开火) = 0.571  先发制人率(直击前未被打中的局/局数) = 0.270
  TTK口径     : 首直击步数；无直击=该局结束步数（评测步限封顶）
  晋级条件 直击/开火 hit_rate≥1.01  当前=0.193  → 指标未达标
  未晋级，继续当前阶段
------------------------------------------------------------
[进度] 12,288,000/100,000,000 (12.3%)  FPS≈1292  阶段=stage_turret  速度=0.00  直行间隔=180  aim=0.100/current  rotate=-0.07  ent=0.001  std=0.987
[进度] 12,304,384/100,000,000 (12.3%)  FPS≈1237  阶段=stage_turret  速度=0.00  直行间隔=180  aim=0.100/current  rotate=-0.07  ent=0.001  std=0.985
[进度] 12,320,768/100,000,000 (12.3%)  FPS≈1269  阶段=stage_turret  速度=0.00  直行间隔=180  aim=0.100/current  rotate=-0.07  ent=0.001  std=0.986
[进度] 12,337,152/100,000,000 (12.3%)  FPS≈1268  阶段=stage_turret  速度=0.00  直行间隔=180  aim=0.100/current  rotate=-0.07  ent=0.001  std=0.985
[进度] 12,353,536/100,000,000 (12.4%)  FPS≈1259  阶段=stage_turret  速度=0.00  直行间隔=180  aim=0.100/current  rotate=-0.07  ent=0.001  std=0.985
[进度] 12,369,920/100,000,000 (12.4%)  FPS≈1223  阶段=stage_turret  速度=0.00  直行间隔=180  aim=0.100/current  rotate=-0.07  ent=0.001  std=0.986
[进度] 12,386,304/100,000,000 (12.4%)  FPS≈1259  阶段=stage_turret  速度=0.00  直行间隔=180  aim=0.100/current  rotate=-0.07  ent=0.001  std=0.985
[存盘] 课程元数据 model_t12386304_stage0_stage_turret.curriculum.json  stage=stage_turret  bot=turret v=0.00
[存盘] /home/d0brane/tank/runs/curriculum_turret/20260923_115010/checkpoints/model_t12386304_stage0_stage_turret.zip
[评测] 开始（100 局）…
  [评测进度] 10/100  kill(命中/开火)=0.225  direct(直击/开火)=0.075  被命中(挨打/敌开火)=0.647  先发制人(直击前未被打中的局)=0.200  弹数=40
  [评测进度] 20/100  kill(命中/开火)=0.214  direct(直击/开火)=0.100  被命中(挨打/敌开火)=0.579  先发制人(直击前未被打中的局)=0.250  弹数=70
  [评测进度] 30/100  kill(命中/开火)=0.212  direct(直击/开火)=0.085  被命中(挨打/敌开火)=0.553  先发制人(直击前未被打中的局)=0.200  弹数=118
  [评测进度] 40/100  kill(命中/开火)=0.260  direct(直击/开火)=0.107  被命中(挨打/敌开火)=0.547  先发制人(直击前未被打中的局)=0.225  弹数=150
  [评测进度] 50/100  kill(命中/开火)=0.265  direct(直击/开火)=0.119  被命中(挨打/敌开火)=0.548  先发制人(直击前未被打中的局)=0.240  弹数=185
  [评测进度] 60/100  kill(命中/开火)=0.284  direct(直击/开火)=0.138  被命中(挨打/敌开火)=0.559  先发制人(直击前未被打中的局)=0.217  弹数=218
  [评测进度] 70/100  kill(命中/开火)=0.279  direct(直击/开火)=0.139  被命中(挨打/敌开火)=0.570  先发制人(直击前未被打中的局)=0.214  弹数=251
  [评测进度] 80/100  kill(命中/开火)=0.278  direct(直击/开火)=0.149  被命中(挨打/敌开火)=0.579  先发制人(直击前未被打中的局)=0.212  弹数=281
  [评测进度] 90/100  kill(命中/开火)=0.271  direct(直击/开火)=0.153  被命中(挨打/敌开火)=0.586  先发制人(直击前未被打中的局)=0.200  弹数=321
  [评测进度] 100/100  kill(命中/开火)=0.280  direct(直击/开火)=0.146  被命中(挨打/敌开火)=0.598  先发制人(直击前未被打中的局)=0.180  弹数=364
------------------------------------------------------------
[评测] 阶段=stage_turret  局数=100
  kill_rate(命中/开火) = 0.280  hit_rate(直击/开火) = 0.146  中位TTK = 428
  被命中率(挨打/敌开火) = 0.598  先发制人率(直击前未被打中的局/局数) = 0.180
  TTK口径     : 首直击步数；无直击=该局结束步数（评测步限封顶）
  晋级条件 直击/开火 hit_rate≥1.01  当前=0.146  → 指标未达标
  未晋级，继续当前阶段
------------------------------------------------------------
[进度] 12,402,688/100,000,000 (12.4%)  FPS≈1251  阶段=stage_turret  速度=0.00  直行间隔=180  aim=0.100/current  rotate=-0.07  ent=0.001  std=0.983
[进度] 12,419,072/100,000,000 (12.4%)  FPS≈1289  阶段=stage_turret  速度=0.00  直行间隔=180  aim=0.100/current  rotate=-0.07  ent=0.001  std=0.983
[进度] 12,435,456/100,000,000 (12.4%)  FPS≈1279  阶段=stage_turret  速度=0.00  直行间隔=180  aim=0.100/current  rotate=-0.07  ent=0.001  std=0.982
[进度] 12,451,840/100,000,000 (12.5%)  FPS≈1305  阶段=stage_turret  速度=0.00  直行间隔=180  aim=0.100/current  rotate=-0.07  ent=0.001  std=0.981
[进度] 12,468,224/100,000,000 (12.5%)  FPS≈1235  阶段=stage_turret  速度=0.00  直行间隔=180  aim=0.100/current  rotate=-0.07  ent=0.001  std=0.979
[进度] 12,484,608/100,000,000 (12.5%)  FPS≈1310  阶段=stage_turret  速度=0.00  直行间隔=180  aim=0.100/current  rotate=-0.07  ent=0.001  std=0.980
[进度] 12,500,992/100,000,000 (12.5%)  FPS≈1295  阶段=stage_turret  速度=0.00  直行间隔=180  aim=0.100/current  rotate=-0.07  ent=0.001  std=0.978
[存盘] 课程元数据 model_t12500992_stage0_stage_turret.curriculum.json  stage=stage_turret  bot=turret v=0.00
[存盘] /home/d0brane/tank/runs/curriculum_turret/20260923_115010/checkpoints/model_t12500992_stage0_stage_turret.zip
[评测] 开始（100 局）…
  [评测进度] 10/100  kill(命中/开火)=0.237  direct(直击/开火)=0.132  被命中(挨打/敌开火)=0.511  先发制人(直击前未被打中的局)=0.200  弹数=38
  [评测进度] 20/100  kill(命中/开火)=0.269  direct(直击/开火)=0.141  被命中(挨打/敌开火)=0.533  先发制人(直击前未被打中的局)=0.200  弹数=78
  [评测进度] 30/100  kill(命中/开火)=0.208  direct(直击/开火)=0.117  被命中(挨打/敌开火)=0.611  先发制人(直击前未被打中的局)=0.133  弹数=120
  [评测进度] 40/100  kill(命中/开火)=0.189  direct(直击/开火)=0.101  被命中(挨打/敌开火)=0.622  先发制人(直击前未被打中的局)=0.125  弹数=159
  [评测进度] 50/100  kill(命中/开火)=0.202  direct(直击/开火)=0.106  被命中(挨打/敌开火)=0.603  先发制人(直击前未被打中的局)=0.140  弹数=198
  [评测进度] 60/100  kill(命中/开火)=0.203  direct(直击/开火)=0.108  被命中(挨打/敌开火)=0.604  先发制人(直击前未被打中的局)=0.167  弹数=232
  [评测进度] 70/100  kill(命中/开火)=0.211  direct(直击/开火)=0.113  被命中(挨打/敌开火)=0.611  先发制人(直击前未被打中的局)=0.186  弹数=265
  [评测进度] 80/100  kill(命中/开火)=0.203  direct(直击/开火)=0.105  被命中(挨打/敌开火)=0.591  先发制人(直击前未被打中的局)=0.163  弹数=315
  [评测进度] 90/100  kill(命中/开火)=0.207  direct(直击/开火)=0.097  被命中(挨打/敌开火)=0.583  先发制人(直击前未被打中的局)=0.156  弹数=362
  [评测进度] 100/100  kill(命中/开火)=0.205  direct(直击/开火)=0.100  被命中(挨打/敌开火)=0.588  先发制人(直击前未被打中的局)=0.160  弹数=400
------------------------------------------------------------
[评测] 阶段=stage_turret  局数=100
  kill_rate(命中/开火) = 0.205  hit_rate(直击/开火) = 0.100  中位TTK = 486
  被命中率(挨打/敌开火) = 0.588  先发制人率(直击前未被打中的局/局数) = 0.160
  TTK口径     : 首直击步数；无直击=该局结束步数（评测步限封顶）
  晋级条件 直击/开火 hit_rate≥1.01  当前=0.100  → 指标未达标
  未晋级，继续当前阶段
------------------------------------------------------------
[进度] 12,517,376/100,000,000 (12.5%)  FPS≈1276  阶段=stage_turret  速度=0.00  直行间隔=180  aim=0.100/current  rotate=-0.07  ent=0.001  std=0.979
[进度] 12,533,760/100,000,000 (12.5%)  FPS≈1251  阶段=stage_turret  速度=0.00  直行间隔=180  aim=0.100/current  rotate=-0.07  ent=0.001  std=0.977
[进度] 12,550,144/100,000,000 (12.6%)  FPS≈1277  阶段=stage_turret  速度=0.00  直行间隔=180  aim=0.100/current  rotate=-0.07  ent=0.001  std=0.978
[进度] 12,566,528/100,000,000 (12.6%)  FPS≈1259  阶段=stage_turret  速度=0.00  直行间隔=180  aim=0.100/current  rotate=-0.07  ent=0.001  std=0.978
[进度] 12,582,912/100,000,000 (12.6%)  FPS≈1250  阶段=stage_turret  速度=0.00  直行间隔=180  aim=0.100/current  rotate=-0.07  ent=0.001  std=0.979
[进度] 12,599,296/100,000,000 (12.6%)  FPS≈1263  阶段=stage_turret  速度=0.00  直行间隔=180  aim=0.100/current  rotate=-0.07  ent=0.001  std=0.978
[进度] 12,615,680/100,000,000 (12.6%)  FPS≈1281  阶段=stage_turret  速度=0.00  直行间隔=180  aim=0.100/current  rotate=-0.07  ent=0.001  std=0.977
[存盘] 课程元数据 model_t12615680_stage0_stage_turret.curriculum.json  stage=stage_turret  bot=turret v=0.00
[存盘] /home/d0brane/tank/runs/curriculum_turret/20260923_115010/checkpoints/model_t12615680_stage0_stage_turret.zip
[评测] 开始（100 局）…
  [评测进度] 10/100  kill(命中/开火)=0.345  direct(直击/开火)=0.207  被命中(挨打/敌开火)=0.528  先发制人(直击前未被打中的局)=0.300  弹数=29
  [评测进度] 20/100  kill(命中/开火)=0.328  direct(直击/开火)=0.164  被命中(挨打/敌开火)=0.570  先发制人(直击前未被打中的局)=0.250  弹数=67
  [评测进度] 30/100  kill(命中/开火)=0.330  direct(直击/开火)=0.186  被命中(挨打/敌开火)=0.562  先发制人(直击前未被打中的局)=0.200  弹数=97
  [评测进度] 40/100  kill(命中/开火)=0.361  direct(直击/开火)=0.205  被命中(挨打/敌开火)=0.519  先发制人(直击前未被打中的局)=0.275  弹数=122
  [评测进度] 50/100  kill(命中/开火)=0.342  direct(直击/开火)=0.180  被命中(挨打/敌开火)=0.556  先发制人(直击前未被打中的局)=0.240  弹数=161
  [评测进度] 60/100  kill(命中/开火)=0.325  direct(直击/开火)=0.162  被命中(挨打/敌开火)=0.570  先发制人(直击前未被打中的局)=0.217  弹数=197
  [评测进度] 70/100  kill(命中/开火)=0.324  direct(直击/开火)=0.173  被命中(挨打/敌开火)=0.564  先发制人(直击前未被打中的局)=0.214  弹数=225
  [评测进度] 80/100  kill(命中/开火)=0.313  direct(直击/开火)=0.166  被命中(挨打/敌开火)=0.580  先发制人(直击前未被打中的局)=0.212  弹数=259
  [评测进度] 90/100  kill(命中/开火)=0.308  direct(直击/开火)=0.163  被命中(挨打/敌开火)=0.580  先发制人(直击前未被打中的局)=0.200  弹数=295
  [评测进度] 100/100  kill(命中/开火)=0.307  direct(直击/开火)=0.168  被命中(挨打/敌开火)=0.583  先发制人(直击前未被打中的局)=0.240  弹数=322
------------------------------------------------------------
[评测] 阶段=stage_turret  局数=100
  kill_rate(命中/开火) = 0.307  hit_rate(直击/开火) = 0.168  中位TTK = 400
  被命中率(挨打/敌开火) = 0.583  先发制人率(直击前未被打中的局/局数) = 0.240
  TTK口径     : 首直击步数；无直击=该局结束步数（评测步限封顶）
  晋级条件 直击/开火 hit_rate≥1.01  当前=0.168  → 指标未达标
  未晋级，继续当前阶段
------------------------------------------------------------
[进度] 12,632,064/100,000,000 (12.6%)  FPS≈1294  阶段=stage_turret  速度=0.00  直行间隔=180  aim=0.100/current  rotate=-0.07  ent=0.001  std=0.977
[进度] 12,648,448/100,000,000 (12.6%)  FPS≈1255  阶段=stage_turret  速度=0.00  直行间隔=180  aim=0.100/current  rotate=-0.07  ent=0.001  std=0.975
[进度] 12,664,832/100,000,000 (12.7%)  FPS≈1231  阶段=stage_turret  速度=0.00  直行间隔=180  aim=0.100/current  rotate=-0.07  ent=0.001  std=0.975
[进度] 12,681,216/100,000,000 (12.7%)  FPS≈1271  阶段=stage_turret  速度=0.00  直行间隔=180  aim=0.100/current  rotate=-0.07  ent=0.001  std=0.975
[进度] 12,697,600/100,000,000 (12.7%)  FPS≈1256  阶段=stage_turret  速度=0.00  直行间隔=180  aim=0.100/current  rotate=-0.07  ent=0.001  std=0.973
[进度] 12,713,984/100,000,000 (12.7%)  FPS≈1260  阶段=stage_turret  速度=0.00  直行间隔=180  aim=0.100/current  rotate=-0.07  ent=0.001  std=0.971
[进度] 12,730,368/100,000,000 (12.7%)  FPS≈1255  阶段=stage_turret  速度=0.00  直行间隔=180  aim=0.100/current  rotate=-0.07  ent=0.001  std=0.973
[存盘] 课程元数据 model_t12730368_stage0_stage_turret.curriculum.json  stage=stage_turret  bot=turret v=0.00
[存盘] /home/d0brane/tank/runs/curriculum_turret/20260923_115010/checkpoints/model_t12730368_stage0_stage_turret.zip
[评测] 开始（100 局）…
  [评测进度] 10/100  kill(命中/开火)=0.189  direct(直击/开火)=0.108  被命中(挨打/敌开火)=0.596  先发制人(直击前未被打中的局)=0.300  弹数=37
  [评测进度] 20/100  kill(命中/开火)=0.203  direct(直击/开火)=0.089  被命中(挨打/敌开火)=0.653  先发制人(直击前未被打中的局)=0.150  弹数=79
  [评测进度] 30/100  kill(命中/开火)=0.276  direct(直击/开火)=0.112  被命中(挨打/敌开火)=0.662  先发制人(直击前未被打中的局)=0.100  弹数=116
  [评测进度] 40/100  kill(命中/开火)=0.270  direct(直击/开火)=0.125  被命中(挨打/敌开火)=0.647  先发制人(直击前未被打中的局)=0.075  弹数=152
  [评测进度] 50/100  kill(命中/开火)=0.295  direct(直击/开火)=0.126  被命中(挨打/敌开火)=0.643  先发制人(直击前未被打中的局)=0.080  弹数=190
  [评测进度] 60/100  kill(命中/开火)=0.285  direct(直击/开火)=0.127  被命中(挨打/敌开火)=0.644  先发制人(直击前未被打中的局)=0.067  弹数=228
  [评测进度] 70/100  kill(命中/开火)=0.294  direct(直击/开火)=0.141  被命中(挨打/敌开火)=0.638  先发制人(直击前未被打中的局)=0.100  弹数=255
  [评测进度] 80/100  kill(命中/开火)=0.304  direct(直击/开火)=0.135  被命中(挨打/敌开火)=0.649  先发制人(直击前未被打中的局)=0.100  弹数=296
  [评测进度] 90/100  kill(命中/开火)=0.290  direct(直击/开火)=0.126  被命中(挨打/敌开火)=0.620  先发制人(直击前未被打中的局)=0.089  弹数=341
  [评测进度] 100/100  kill(命中/开火)=0.290  direct(直击/开火)=0.127  被命中(挨打/敌开火)=0.626  先发制人(直击前未被打中的局)=0.090  弹数=379
------------------------------------------------------------
[评测] 阶段=stage_turret  局数=100
  kill_rate(命中/开火) = 0.290  hit_rate(直击/开火) = 0.127  中位TTK = 414
  被命中率(挨打/敌开火) = 0.626  先发制人率(直击前未被打中的局/局数) = 0.090
  TTK口径     : 首直击步数；无直击=该局结束步数（评测步限封顶）
  晋级条件 直击/开火 hit_rate≥1.01  当前=0.127  → 指标未达标
  未晋级，继续当前阶段
------------------------------------------------------------
[进度] 12,746,752/100,000,000 (12.7%)  FPS≈1265  阶段=stage_turret  速度=0.00  直行间隔=180  aim=0.100/current  rotate=-0.07  ent=0.001  std=0.973
[进度] 12,763,136/100,000,000 (12.8%)  FPS≈1244  阶段=stage_turret  速度=0.00  直行间隔=180  aim=0.100/current  rotate=-0.07  ent=0.001  std=0.972
[进度] 12,779,520/100,000,000 (12.8%)  FPS≈1288  阶段=stage_turret  速度=0.00  直行间隔=180  aim=0.100/current  rotate=-0.07  ent=0.001  std=0.972
[进度] 12,795,904/100,000,000 (12.8%)  FPS≈1241  阶段=stage_turret  速度=0.00  直行间隔=180  aim=0.100/current  rotate=-0.07  ent=0.001  std=0.972
[进度] 12,812,288/100,000,000 (12.8%)  FPS≈1242  阶段=stage_turret  速度=0.00  直行间隔=180  aim=0.100/current  rotate=-0.07  ent=0.001  std=0.973
[进度] 12,828,672/100,000,000 (12.8%)  FPS≈1249  阶段=stage_turret  速度=0.00  直行间隔=180  aim=0.100/current  rotate=-0.07  ent=0.001  std=0.973
[进度] 12,845,056/100,000,000 (12.8%)  FPS≈1290  阶段=stage_turret  速度=0.00  直行间隔=180  aim=0.100/current  rotate=-0.07  ent=0.001  std=0.973
[存盘] 课程元数据 model_t12845056_stage0_stage_turret.curriculum.json  stage=stage_turret  bot=turret v=0.00
[存盘] /home/d0brane/tank/runs/curriculum_turret/20260923_115010/checkpoints/model_t12845056_stage0_stage_turret.zip
[评测] 开始（100 局）…
  [评测进度] 10/100  kill(命中/开火)=0.333  direct(直击/开火)=0.212  被命中(挨打/敌开火)=0.675  先发制人(直击前未被打中的局)=0.100  弹数=33
  [评测进度] 20/100  kill(命中/开火)=0.343  direct(直击/开火)=0.179  被命中(挨打/敌开火)=0.628  先发制人(直击前未被打中的局)=0.050  弹数=67
  [评测进度] 30/100  kill(命中/开火)=0.317  direct(直击/开火)=0.163  被命中(挨打/敌开火)=0.590  先发制人(直击前未被打中的局)=0.100  弹数=104
  [评测进度] 40/100  kill(命中/开火)=0.312  direct(直击/开火)=0.159  被命中(挨打/敌开火)=0.642  先发制人(直击前未被打中的局)=0.125  弹数=138
  [评测进度] 50/100  kill(命中/开火)=0.325  direct(直击/开火)=0.169  被命中(挨打/敌开火)=0.626  先发制人(直击前未被打中的局)=0.120  弹数=166
  [评测进度] 60/100  kill(命中/开火)=0.316  direct(直击/开火)=0.155  被命中(挨打/敌开火)=0.631  先发制人(直击前未被打中的局)=0.133  弹数=206
  [评测进度] 70/100  kill(命中/开火)=0.342  direct(直击/开火)=0.169  被命中(挨打/敌开火)=0.625  先发制人(直击前未被打中的局)=0.143  弹数=231
  [评测进度] 80/100  kill(命中/开火)=0.322  direct(直击/开火)=0.161  被命中(挨打/敌开火)=0.605  先发制人(直击前未被打中的局)=0.138  弹数=267
  [评测进度] 90/100  kill(命中/开火)=0.305  direct(直击/开火)=0.145  被命中(挨打/敌开火)=0.592  先发制人(直击前未被打中的局)=0.133  弹数=311
  [评测进度] 100/100  kill(命中/开火)=0.305  direct(直击/开火)=0.147  被命中(挨打/敌开火)=0.590  先发制人(直击前未被打中的局)=0.130  弹数=348
------------------------------------------------------------
[评测] 阶段=stage_turret  局数=100
  kill_rate(命中/开火) = 0.305  hit_rate(直击/开火) = 0.147  中位TTK = 410
  被命中率(挨打/敌开火) = 0.590  先发制人率(直击前未被打中的局/局数) = 0.130
  TTK口径     : 首直击步数；无直击=该局结束步数（评测步限封顶）
  晋级条件 直击/开火 hit_rate≥1.01  当前=0.147  → 指标未达标
  未晋级，继续当前阶段
------------------------------------------------------------
[进度] 12,861,440/100,000,000 (12.9%)  FPS≈1250  阶段=stage_turret  速度=0.00  直行间隔=180  aim=0.100/current  rotate=-0.07  ent=0.001  std=0.974
[进度] 12,877,824/100,000,000 (12.9%)  FPS≈1269  阶段=stage_turret  速度=0.00  直行间隔=180  aim=0.100/current  rotate=-0.07  ent=0.001  std=0.974
[进度] 12,894,208/100,000,000 (12.9%)  FPS≈1227  阶段=stage_turret  速度=0.00  直行间隔=180  aim=0.100/current  rotate=-0.07  ent=0.001  std=0.975
[进度] 12,910,592/100,000,000 (12.9%)  FPS≈1273  阶段=stage_turret  速度=0.00  直行间隔=180  aim=0.100/current  rotate=-0.07  ent=0.001  std=0.974
[进度] 12,926,976/100,000,000 (12.9%)  FPS≈1271  阶段=stage_turret  速度=0.00  直行间隔=180  aim=0.100/current  rotate=-0.07  ent=0.001  std=0.975
[进度] 12,943,360/100,000,000 (12.9%)  FPS≈1273  阶段=stage_turret  速度=0.00  直行间隔=180  aim=0.100/current  rotate=-0.07  ent=0.001  std=0.974
[进度] 12,959,744/100,000,000 (13.0%)  FPS≈1312  阶段=stage_turret  速度=0.00  直行间隔=180  aim=0.100/current  rotate=-0.07  ent=0.001  std=0.973
[存盘] 课程元数据 model_t12959744_stage0_stage_turret.curriculum.json  stage=stage_turret  bot=turret v=0.00
[存盘] /home/d0brane/tank/runs/curriculum_turret/20260923_115010/checkpoints/model_t12959744_stage0_stage_turret.zip
[评测] 开始（100 局）…
  [评测进度] 10/100  kill(命中/开火)=0.300  direct(直击/开火)=0.167  被命中(挨打/敌开火)=0.568  先发制人(直击前未被打中的局)=0.300  弹数=30
  [评测进度] 20/100  kill(命中/开火)=0.288  direct(直击/开火)=0.167  被命中(挨打/敌开火)=0.646  先发制人(直击前未被打中的局)=0.200  弹数=66
  [评测进度] 30/100  kill(命中/开火)=0.270  direct(直击/开火)=0.126  被命中(挨打/敌开火)=0.689  先发制人(直击前未被打中的局)=0.167  弹数=111
  [评测进度] 40/100  kill(命中/开火)=0.257  direct(直击/开火)=0.132  被命中(挨打/敌开火)=0.678  先发制人(直击前未被打中的局)=0.175  弹数=144
  [评测进度] 50/100  kill(命中/开火)=0.253  direct(直击/开火)=0.132  被命中(挨打/敌开火)=0.619  先发制人(直击前未被打中的局)=0.200  弹数=182
  [评测进度] 60/100  kill(命中/开火)=0.242  direct(直击/开火)=0.128  被命中(挨打/敌开火)=0.603  先发制人(直击前未被打中的局)=0.217  弹数=219
  [评测进度] 70/100  kill(命中/开火)=0.263  direct(直击/开火)=0.129  被命中(挨打/敌开火)=0.596  先发制人(直击前未被打中的局)=0.200  弹数=255
  [评测进度] 80/100  kill(命中/开火)=0.277  direct(直击/开火)=0.130  被命中(挨打/敌开火)=0.590  先发制人(直击前未被打中的局)=0.212  弹数=292
  [评测进度] 90/100  kill(命中/开火)=0.281  direct(直击/开火)=0.144  被命中(挨打/敌开火)=0.589  先发制人(直击前未被打中的局)=0.211  弹数=320
  [评测进度] 100/100  kill(命中/开火)=0.284  direct(直击/开火)=0.148  被命中(挨打/敌开火)=0.592  先发制人(直击前未被打中的局)=0.200  弹数=352
------------------------------------------------------------
[评测] 阶段=stage_turret  局数=100
  kill_rate(命中/开火) = 0.284  hit_rate(直击/开火) = 0.148  中位TTK = 413
  被命中率(挨打/敌开火) = 0.592  先发制人率(直击前未被打中的局/局数) = 0.200
  TTK口径     : 首直击步数；无直击=该局结束步数（评测步限封顶）
  晋级条件 直击/开火 hit_rate≥1.01  当前=0.148  → 指标未达标
  未晋级，继续当前阶段
------------------------------------------------------------
[进度] 12,976,128/100,000,000 (13.0%)  FPS≈1245  阶段=stage_turret  速度=0.00  直行间隔=180  aim=0.100/current  rotate=-0.07  ent=0.001  std=0.973
[进度] 12,992,512/100,000,000 (13.0%)  FPS≈1274  阶段=stage_turret  速度=0.00  直行间隔=180  aim=0.100/current  rotate=-0.07  ent=0.001  std=0.974
[进度] 13,008,896/100,000,000 (13.0%)  FPS≈1274  阶段=stage_turret  速度=0.00  直行间隔=180  aim=0.100/current  rotate=-0.07  ent=0.001  std=0.974
[进度] 13,025,280/100,000,000 (13.0%)  FPS≈1246  阶段=stage_turret  速度=0.00  直行间隔=180  aim=0.100/current  rotate=-0.07  ent=0.001  std=0.974
[进度] 13,041,664/100,000,000 (13.0%)  FPS≈1270  阶段=stage_turret  速度=0.00  直行间隔=180  aim=0.100/current  rotate=-0.07  ent=0.001  std=0.972
[进度] 13,058,048/100,000,000 (13.1%)  FPS≈1238  阶段=stage_turret  速度=0.00  直行间隔=180  aim=0.100/current  rotate=-0.07  ent=0.001  std=0.973
[进度] 13,074,432/100,000,000 (13.1%)  FPS≈1251  阶段=stage_turret  速度=0.00  直行间隔=180  aim=0.100/current  rotate=-0.07  ent=0.001  std=0.970
[存盘] 课程元数据 model_t13074432_stage0_stage_turret.curriculum.json  stage=stage_turret  bot=turret v=0.00
[存盘] /home/d0brane/tank/runs/curriculum_turret/20260923_115010/checkpoints/model_t13074432_stage0_stage_turret.zip
[评测] 开始（100 局）…
  [评测进度] 10/100  kill(命中/开火)=0.385  direct(直击/开火)=0.269  被命中(挨打/敌开火)=0.600  先发制人(直击前未被打中的局)=0.200  弹数=26
  [评测进度] 20/100  kill(命中/开火)=0.299  direct(直击/开火)=0.149  被命中(挨打/敌开火)=0.549  先发制人(直击前未被打中的局)=0.200  弹数=67
  [评测进度] 30/100  kill(命中/开火)=0.297  direct(直击/开火)=0.178  被命中(挨打/敌开火)=0.568  先发制人(直击前未被打中的局)=0.233  弹数=101
  [评测进度] 40/100  kill(命中/开火)=0.301  direct(直击/开火)=0.176  被命中(挨打/敌开火)=0.560  先发制人(直击前未被打中的局)=0.275  弹数=136
  [评测进度] 50/100  kill(命中/开火)=0.323  direct(直击/开火)=0.183  被命中(挨打/敌开火)=0.555  先发制人(直击前未被打中的局)=0.280  弹数=164
  [评测进度] 60/100  kill(命中/开火)=0.335  direct(直击/开火)=0.188  被命中(挨打/敌开火)=0.571  先发制人(直击前未被打中的局)=0.283  弹数=191
  [评测进度] 70/100  kill(命中/开火)=0.343  direct(直击/开火)=0.199  被命中(挨打/敌开火)=0.545  先发制人(直击前未被打中的局)=0.286  弹数=216
  [评测进度] 80/100  kill(命中/开火)=0.315  direct(直击/开火)=0.187  被命中(挨打/敌开火)=0.535  先发制人(直击前未被打中的局)=0.287  弹数=257
  [评测进度] 90/100  kill(命中/开火)=0.320  direct(直击/开火)=0.175  被命中(挨打/敌开火)=0.539  先发制人(直击前未被打中的局)=0.278  弹数=297
  [评测进度] 100/100  kill(命中/开火)=0.331  direct(直击/开火)=0.180  被命中(挨打/敌开火)=0.535  先发制人(直击前未被打中的局)=0.290  弹数=323
------------------------------------------------------------
[评测] 阶段=stage_turret  局数=100
  kill_rate(命中/开火) = 0.331  hit_rate(直击/开火) = 0.180  中位TTK = 280
  被命中率(挨打/敌开火) = 0.535  先发制人率(直击前未被打中的局/局数) = 0.290
  TTK口径     : 首直击步数；无直击=该局结束步数（评测步限封顶）
  晋级条件 直击/开火 hit_rate≥1.01  当前=0.180  → 指标未达标
  未晋级，继续当前阶段
------------------------------------------------------------
[进度] 13,090,816/100,000,000 (13.1%)  FPS≈1292  阶段=stage_turret  速度=0.00  直行间隔=180  aim=0.100/current  rotate=-0.07  ent=0.001  std=0.968
[进度] 13,107,200/100,000,000 (13.1%)  FPS≈1215  阶段=stage_turret  速度=0.00  直行间隔=180  aim=0.100/current  rotate=-0.07  ent=0.001  std=0.969
[进度] 13,123,584/100,000,000 (13.1%)  FPS≈1228  阶段=stage_turret  速度=0.00  直行间隔=180  aim=0.100/current  rotate=-0.07  ent=0.001  std=0.971
[进度] 13,139,968/100,000,000 (13.1%)  FPS≈1235  阶段=stage_turret  速度=0.00  直行间隔=180  aim=0.100/current  rotate=-0.07  ent=0.001  std=0.972
[进度] 13,156,352/100,000,000 (13.2%)  FPS≈1246  阶段=stage_turret  速度=0.00  直行间隔=180  aim=0.100/current  rotate=-0.07  ent=0.001  std=0.970
[进度] 13,172,736/100,000,000 (13.2%)  FPS≈1233  阶段=stage_turret  速度=0.00  直行间隔=180  aim=0.100/current  rotate=-0.07  ent=0.001  std=0.969
[进度] 13,189,120/100,000,000 (13.2%)  FPS≈1273  阶段=stage_turret  速度=0.00  直行间隔=180  aim=0.100/current  rotate=-0.07  ent=0.001  std=0.968
[存盘] 课程元数据 model_t13189120_stage0_stage_turret.curriculum.json  stage=stage_turret  bot=turret v=0.00
[存盘] /home/d0brane/tank/runs/curriculum_turret/20260923_115010/checkpoints/model_t13189120_stage0_stage_turret.zip
[评测] 开始（100 局）…
  [评测进度] 10/100  kill(命中/开火)=0.146  direct(直击/开火)=0.098  被命中(挨打/敌开火)=0.440  先发制人(直击前未被打中的局)=0.200  弹数=41
  [评测进度] 20/100  kill(命中/开火)=0.176  direct(直击/开火)=0.082  被命中(挨打/敌开火)=0.524  先发制人(直击前未被打中的局)=0.150  弹数=85
  [评测进度] 30/100  kill(命中/开火)=0.216  direct(直击/开火)=0.121  被命中(挨打/敌开火)=0.504  先发制人(直击前未被打中的局)=0.167  弹数=116
  [评测进度] 40/100  kill(命中/开火)=0.215  direct(直击/开火)=0.114  被命中(挨打/敌开火)=0.513  先发制人(直击前未被打中的局)=0.150  弹数=158
  [评测进度] 50/100  kill(命中/开火)=0.241  direct(直击/开火)=0.134  被命中(挨打/敌开火)=0.504  先发制人(直击前未被打中的局)=0.160  弹数=187
  [评测进度] 60/100  kill(命中/开火)=0.250  direct(直击/开火)=0.144  被命中(挨打/敌开火)=0.496  先发制人(直击前未被打中的局)=0.217  弹数=216
  [评测进度] 70/100  kill(命中/开火)=0.260  direct(直击/开火)=0.159  被命中(挨打/敌开火)=0.508  先发制人(直击前未被打中的局)=0.243  弹数=246
  [评测进度] 80/100  kill(命中/开火)=0.252  direct(直击/开火)=0.152  被命中(挨打/敌开火)=0.524  先发制人(直击前未被打中的局)=0.225  弹数=282
  [评测进度] 90/100  kill(命中/开火)=0.256  direct(直击/开火)=0.155  被命中(挨打/敌开火)=0.538  先发制人(直击前未被打中的局)=0.222  弹数=317
  [评测进度] 100/100  kill(命中/开火)=0.256  direct(直击/开火)=0.158  被命中(挨打/敌开火)=0.547  先发制人(直击前未被打中的局)=0.210  弹数=348
------------------------------------------------------------
[评测] 阶段=stage_turret  局数=100
  kill_rate(命中/开火) = 0.256  hit_rate(直击/开火) = 0.158  中位TTK = 396
  被命中率(挨打/敌开火) = 0.547  先发制人率(直击前未被打中的局/局数) = 0.210
  TTK口径     : 首直击步数；无直击=该局结束步数（评测步限封顶）
  晋级条件 直击/开火 hit_rate≥1.01  当前=0.158  → 指标未达标
  未晋级，继续当前阶段
------------------------------------------------------------
[进度] 13,205,504/100,000,000 (13.2%)  FPS≈1262  阶段=stage_turret  速度=0.00  直行间隔=180  aim=0.100/current  rotate=-0.07  ent=0.001  std=0.968
[进度] 13,221,888/100,000,000 (13.2%)  FPS≈1225  阶段=stage_turret  速度=0.00  直行间隔=180  aim=0.100/current  rotate=-0.07  ent=0.001  std=0.968
[进度] 13,238,272/100,000,000 (13.2%)  FPS≈1263  阶段=stage_turret  速度=0.00  直行间隔=180  aim=0.100/current  rotate=-0.07  ent=0.001  std=0.969
[进度] 13,254,656/100,000,000 (13.3%)  FPS≈1253  阶段=stage_turret  速度=0.00  直行间隔=180  aim=0.100/current  rotate=-0.07  ent=0.001  std=0.970
[进度] 13,271,040/100,000,000 (13.3%)  FPS≈1252  阶段=stage_turret  速度=0.00  直行间隔=180  aim=0.100/current  rotate=-0.07  ent=0.001  std=0.968
[进度] 13,287,424/100,000,000 (13.3%)  FPS≈1244  阶段=stage_turret  速度=0.00  直行间隔=180  aim=0.100/current  rotate=-0.07  ent=0.001  std=0.967
[进度] 13,303,808/100,000,000 (13.3%)  FPS≈1246  阶段=stage_turret  速度=0.00  直行间隔=180  aim=0.100/current  rotate=-0.07  ent=0.001  std=0.968
[存盘] 课程元数据 model_t13303808_stage0_stage_turret.curriculum.json  stage=stage_turret  bot=turret v=0.00
[存盘] /home/d0brane/tank/runs/curriculum_turret/20260923_115010/checkpoints/model_t13303808_stage0_stage_turret.zip
[评测] 开始（100 局）…
  [评测进度] 10/100  kill(命中/开火)=0.229  direct(直击/开火)=0.171  被命中(挨打/敌开火)=0.561  先发制人(直击前未被打中的局)=0.200  弹数=35
  [评测进度] 20/100  kill(命中/开火)=0.267  direct(直击/开火)=0.147  被命中(挨打/敌开火)=0.545  先发制人(直击前未被打中的局)=0.100  弹数=75
  [评测进度] 30/100  kill(命中/开火)=0.261  direct(直击/开火)=0.134  被命中(挨打/敌开火)=0.529  先发制人(直击前未被打中的局)=0.133  弹数=119
  [评测进度] 40/100  kill(命中/开火)=0.270  direct(直击/开火)=0.145  被命中(挨打/敌开火)=0.531  先发制人(直击前未被打中的局)=0.150  弹数=152
  [评测进度] 50/100  kill(命中/开火)=0.250  direct(直击/开火)=0.138  被命中(挨打/敌开火)=0.502  先发制人(直击前未被打中的局)=0.180  弹数=196
  [评测进度] 60/100  kill(命中/开火)=0.231  direct(直击/开火)=0.130  被命中(挨打/敌开火)=0.502  先发制人(直击前未被打中的局)=0.167  弹数=238
  [评测进度] 70/100  kill(命中/开火)=0.246  direct(直击/开火)=0.140  被命中(挨打/敌开火)=0.497  先发制人(直击前未被打中的局)=0.200  弹数=272
  [评测进度] 80/100  kill(命中/开火)=0.236  direct(直击/开火)=0.134  被命中(挨打/敌开火)=0.530  先发制人(直击前未被打中的局)=0.175  弹数=314
  [评测进度] 90/100  kill(命中/开火)=0.245  direct(直击/开火)=0.125  被命中(挨打/敌开火)=0.540  先发制人(直击前未被打中的局)=0.178  弹数=359
  [评测进度] 100/100  kill(命中/开火)=0.258  direct(直击/开火)=0.125  被命中(挨打/敌开火)=0.529  先发制人(直击前未被打中的局)=0.180  弹数=400
------------------------------------------------------------
[评测] 阶段=stage_turret  局数=100
  kill_rate(命中/开火) = 0.258  hit_rate(直击/开火) = 0.125  中位TTK = 453
  被命中率(挨打/敌开火) = 0.529  先发制人率(直击前未被打中的局/局数) = 0.180
  TTK口径     : 首直击步数；无直击=该局结束步数（评测步限封顶）
  晋级条件 直击/开火 hit_rate≥1.01  当前=0.125  → 指标未达标
  未晋级，继续当前阶段
------------------------------------------------------------
[进度] 13,320,192/100,000,000 (13.3%)  FPS≈1217  阶段=stage_turret  速度=0.00  直行间隔=180  aim=0.100/current  rotate=-0.07  ent=0.001  std=0.967
[进度] 13,336,576/100,000,000 (13.3%)  FPS≈1252  阶段=stage_turret  速度=0.00  直行间隔=180  aim=0.100/current  rotate=-0.07  ent=0.001  std=0.968
[进度] 13,352,960/100,000,000 (13.4%)  FPS≈1258  阶段=stage_turret  速度=0.00  直行间隔=180  aim=0.100/current  rotate=-0.07  ent=0.001  std=0.968
[进度] 13,369,344/100,000,000 (13.4%)  FPS≈1271  阶段=stage_turret  速度=0.00  直行间隔=180  aim=0.100/current  rotate=-0.07  ent=0.001  std=0.970
[进度] 13,385,728/100,000,000 (13.4%)  FPS≈1227  阶段=stage_turret  速度=0.00  直行间隔=180  aim=0.100/current  rotate=-0.07  ent=0.001  std=0.970
[进度] 13,402,112/100,000,000 (13.4%)  FPS≈1226  阶段=stage_turret  速度=0.00  直行间隔=180  aim=0.100/current  rotate=-0.07  ent=0.001  std=0.970
[进度] 13,418,496/100,000,000 (13.4%)  FPS≈1234  阶段=stage_turret  速度=0.00  直行间隔=180  aim=0.100/current  rotate=-0.07  ent=0.001  std=0.968
[存盘] 课程元数据 model_t13418496_stage0_stage_turret.curriculum.json  stage=stage_turret  bot=turret v=0.00
[存盘] /home/d0brane/tank/runs/curriculum_turret/20260923_115010/checkpoints/model_t13418496_stage0_stage_turret.zip
[评测] 开始（100 局）…
  [评测进度] 10/100  kill(命中/开火)=0.289  direct(直击/开火)=0.044  被命中(挨打/敌开火)=0.464  先发制人(直击前未被打中的局)=0.100  弹数=45
  [评测进度] 20/100  kill(命中/开火)=0.304  direct(直击/开火)=0.054  被命中(挨打/敌开火)=0.551  先发制人(直击前未被打中的局)=0.100  弹数=92
  [评测进度] 30/100  kill(命中/开火)=0.273  direct(直击/开火)=0.068  被命中(挨打/敌开火)=0.571  先发制人(直击前未被打中的局)=0.100  弹数=132
  [评测进度] 40/100  kill(命中/开火)=0.275  direct(直击/开火)=0.094  被命中(挨打/敌开火)=0.599  先发制人(直击前未被打中的局)=0.150  弹数=160
  [评测进度] 50/100  kill(命中/开火)=0.299  direct(直击/开火)=0.118  被命中(挨打/敌开火)=0.567  先发制人(直击前未被打中的局)=0.200  弹数=187
  [评测进度] 60/100  kill(命中/开火)=0.311  direct(直击/开火)=0.118  被命中(挨打/敌开火)=0.565  先发制人(直击前未被打中的局)=0.200  弹数=228
  [评测进度] 70/100  kill(命中/开火)=0.301  direct(直击/开火)=0.115  被命中(挨打/敌开火)=0.550  先发制人(直击前未被打中的局)=0.214  弹数=269
  [评测进度] 80/100  kill(命中/开火)=0.302  direct(直击/开火)=0.118  被命中(挨打/敌开火)=0.545  先发制人(直击前未被打中的局)=0.200  弹数=305
  [评测进度] 90/100  kill(命中/开火)=0.288  direct(直击/开火)=0.121  被命中(挨打/敌开火)=0.552  先发制人(直击前未被打中的局)=0.189  弹数=340
  [评测进度] 100/100  kill(命中/开火)=0.298  direct(直击/开火)=0.125  被命中(挨打/敌开火)=0.551  先发制人(直击前未被打中的局)=0.190  弹数=376
------------------------------------------------------------
[评测] 阶段=stage_turret  局数=100
  kill_rate(命中/开火) = 0.298  hit_rate(直击/开火) = 0.125  中位TTK = 468
  被命中率(挨打/敌开火) = 0.551  先发制人率(直击前未被打中的局/局数) = 0.190
  TTK口径     : 首直击步数；无直击=该局结束步数（评测步限封顶）
  晋级条件 直击/开火 hit_rate≥1.01  当前=0.125  → 指标未达标
  未晋级，继续当前阶段
------------------------------------------------------------
[进度] 13,434,880/100,000,000 (13.4%)  FPS≈1228  阶段=stage_turret  速度=0.00  直行间隔=180  aim=0.100/current  rotate=-0.07  ent=0.001  std=0.970
[进度] 13,451,264/100,000,000 (13.5%)  FPS≈1225  阶段=stage_turret  速度=0.00  直行间隔=180  aim=0.100/current  rotate=-0.07  ent=0.001  std=0.970
[进度] 13,467,648/100,000,000 (13.5%)  FPS≈1257  阶段=stage_turret  速度=0.00  直行间隔=180  aim=0.100/current  rotate=-0.07  ent=0.001  std=0.971
[进度] 13,484,032/100,000,000 (13.5%)  FPS≈1278  阶段=stage_turret  速度=0.00  直行间隔=180  aim=0.100/current  rotate=-0.07  ent=0.001  std=0.969
[进度] 13,500,416/100,000,000 (13.5%)  FPS≈1271  阶段=stage_turret  速度=0.00  直行间隔=180  aim=0.100/current  rotate=-0.07  ent=0.001  std=0.966
[进度] 13,516,800/100,000,000 (13.5%)  FPS≈1244  阶段=stage_turret  速度=0.00  直行间隔=180  aim=0.100/current  rotate=-0.07  ent=0.001  std=0.965
[进度] 13,533,184/100,000,000 (13.5%)  FPS≈1220  阶段=stage_turret  速度=0.00  直行间隔=180  aim=0.100/current  rotate=-0.07  ent=0.001  std=0.963
[存盘] 课程元数据 model_t13533184_stage0_stage_turret.curriculum.json  stage=stage_turret  bot=turret v=0.00
[存盘] /home/d0brane/tank/runs/curriculum_turret/20260923_115010/checkpoints/model_t13533184_stage0_stage_turret.zip
[评测] 开始（100 局）…
  [评测进度] 10/100  kill(命中/开火)=0.222  direct(直击/开火)=0.067  被命中(挨打/敌开火)=0.667  先发制人(直击前未被打中的局)=0.000  弹数=45
  [评测进度] 20/100  kill(命中/开火)=0.222  direct(直击/开火)=0.089  被命中(挨打/敌开火)=0.546  先发制人(直击前未被打中的局)=0.100  弹数=90
  [评测进度] 30/100  kill(命中/开火)=0.223  direct(直击/开火)=0.092  被命中(挨打/敌开火)=0.479  先发制人(直击前未被打中的局)=0.133  弹数=130
  [评测进度] 40/100  kill(命中/开火)=0.202  direct(直击/开火)=0.082  被命中(挨打/敌开火)=0.453  先发制人(直击前未被打中的局)=0.100  弹数=183
  [评测进度] 50/100  kill(命中/开火)=0.217  direct(直击/开火)=0.090  被命中(挨打/敌开火)=0.470  先发制人(直击前未被打中的局)=0.140  弹数=221
  [评测进度] 60/100  kill(命中/开火)=0.220  direct(直击/开火)=0.091  被命中(挨打/敌开火)=0.480  先发制人(直击前未被打中的局)=0.133  弹数=264
  [评测进度] 70/100  kill(命中/开火)=0.216  direct(直击/开火)=0.084  被命中(挨打/敌开火)=0.511  先发制人(直击前未被打中的局)=0.129  弹数=310
  [评测进度] 80/100  kill(命中/开火)=0.219  direct(直击/开火)=0.089  被命中(挨打/敌开火)=0.495  先发制人(直击前未被打中的局)=0.150  弹数=347
  [评测进度] 90/100  kill(命中/开火)=0.224  direct(直击/开火)=0.095  被命中(挨打/敌开火)=0.498  先发制人(直击前未被打中的局)=0.156  弹数=388
  [评测进度] 100/100  kill(命中/开火)=0.236  direct(直击/开火)=0.102  被命中(挨打/敌开火)=0.490  先发制人(直击前未被打中的局)=0.180  弹数=423
------------------------------------------------------------
[评测] 阶段=stage_turret  局数=100
  kill_rate(命中/开火) = 0.236  hit_rate(直击/开火) = 0.102  中位TTK = 502
  被命中率(挨打/敌开火) = 0.490  先发制人率(直击前未被打中的局/局数) = 0.180
  TTK口径     : 首直击步数；无直击=该局结束步数（评测步限封顶）
  晋级条件 直击/开火 hit_rate≥1.01  当前=0.102  → 指标未达标
  未晋级，继续当前阶段
------------------------------------------------------------
[进度] 13,549,568/100,000,000 (13.5%)  FPS≈1217  阶段=stage_turret  速度=0.00  直行间隔=180  aim=0.100/current  rotate=-0.07  ent=0.001  std=0.961
[进度] 13,565,952/100,000,000 (13.6%)  FPS≈1244  阶段=stage_turret  速度=0.00  直行间隔=180  aim=0.100/current  rotate=-0.07  ent=0.001  std=0.961
[进度] 13,582,336/100,000,000 (13.6%)  FPS≈1256  阶段=stage_turret  速度=0.00  直行间隔=180  aim=0.100/current  rotate=-0.07  ent=0.001  std=0.962
[进度] 13,598,720/100,000,000 (13.6%)  FPS≈1259  阶段=stage_turret  速度=0.00  直行间隔=180  aim=0.100/current  rotate=-0.07  ent=0.001  std=0.961
[进度] 13,615,104/100,000,000 (13.6%)  FPS≈1237  阶段=stage_turret  速度=0.00  直行间隔=180  aim=0.100/current  rotate=-0.07  ent=0.001  std=0.962
[进度] 13,631,488/100,000,000 (13.6%)  FPS≈1234  阶段=stage_turret  速度=0.00  直行间隔=180  aim=0.100/current  rotate=-0.07  ent=0.001  std=0.962
[进度] 13,647,872/100,000,000 (13.6%)  FPS≈1232  阶段=stage_turret  速度=0.00  直行间隔=180  aim=0.100/current  rotate=-0.07  ent=0.001  std=0.961
[存盘] 课程元数据 model_t13647872_stage0_stage_turret.curriculum.json  stage=stage_turret  bot=turret v=0.00
[存盘] /home/d0brane/tank/runs/curriculum_turret/20260923_115010/checkpoints/model_t13647872_stage0_stage_turret.zip
[评测] 开始（100 局）…
  [评测进度] 10/100  kill(命中/开火)=0.455  direct(直击/开火)=0.364  被命中(挨打/敌开火)=0.429  先发制人(直击前未被打中的局)=0.400  弹数=22
  [评测进度] 20/100  kill(命中/开火)=0.297  direct(直击/开火)=0.149  被命中(挨打/敌开火)=0.447  先发制人(直击前未被打中的局)=0.200  弹数=74
  [评测进度] 30/100  kill(命中/开火)=0.277  direct(直击/开火)=0.134  被命中(挨打/敌开火)=0.422  先发制人(直击前未被打中的局)=0.200  弹数=119
  [评测进度] 40/100  kill(命中/开火)=0.308  direct(直击/开火)=0.161  被命中(挨打/敌开火)=0.457  先发制人(直击前未被打中的局)=0.250  弹数=143
  [评测进度] 50/100  kill(命中/开火)=0.308  direct(直击/开火)=0.180  被命中(挨打/敌开火)=0.482  先发制人(直击前未被打中的局)=0.260  弹数=172
  [评测进度] 60/100  kill(命中/开火)=0.291  direct(直击/开火)=0.150  被命中(挨打/敌开火)=0.488  先发制人(直击前未被打中的局)=0.250  弹数=220
  [评测进度] 70/100  kill(命中/开火)=0.266  direct(直击/开火)=0.137  被命中(挨打/敌开火)=0.488  先发制人(直击前未被打中的局)=0.229  弹数=263
  [评测进度] 80/100  kill(命中/开火)=0.261  direct(直击/开火)=0.139  被命中(挨打/敌开火)=0.493  先发制人(直击前未被打中的局)=0.212  弹数=303
  [评测进度] 90/100  kill(命中/开火)=0.275  direct(直击/开火)=0.151  被命中(挨打/敌开火)=0.496  先发制人(直击前未被打中的局)=0.222  弹数=331
  [评测进度] 100/100  kill(命中/开火)=0.266  direct(直击/开火)=0.139  被命中(挨打/敌开火)=0.485  先发制人(直击前未被打中的局)=0.220  弹数=380
------------------------------------------------------------
[评测] 阶段=stage_turret  局数=100
  kill_rate(命中/开火) = 0.266  hit_rate(直击/开火) = 0.139  中位TTK = 438
  被命中率(挨打/敌开火) = 0.485  先发制人率(直击前未被打中的局/局数) = 0.220
  TTK口径     : 首直击步数；无直击=该局结束步数（评测步限封顶）
  晋级条件 直击/开火 hit_rate≥1.01  当前=0.139  → 指标未达标
  未晋级，继续当前阶段
------------------------------------------------------------
[进度] 13,664,256/100,000,000 (13.7%)  FPS≈1265  阶段=stage_turret  速度=0.00  直行间隔=180  aim=0.100/current  rotate=-0.07  ent=0.001  std=0.960
[进度] 13,680,640/100,000,000 (13.7%)  FPS≈1199  阶段=stage_turret  速度=0.00  直行间隔=180  aim=0.100/current  rotate=-0.07  ent=0.001  std=0.960
[进度] 13,697,024/100,000,000 (13.7%)  FPS≈1246  阶段=stage_turret  速度=0.00  直行间隔=180  aim=0.100/current  rotate=-0.07  ent=0.001  std=0.958
[进度] 13,713,408/100,000,000 (13.7%)  FPS≈1244  阶段=stage_turret  速度=0.00  直行间隔=180  aim=0.100/current  rotate=-0.07  ent=0.001  std=0.957
[进度] 13,729,792/100,000,000 (13.7%)  FPS≈1250  阶段=stage_turret  速度=0.00  直行间隔=180  aim=0.100/current  rotate=-0.07  ent=0.001  std=0.956
[进度] 13,746,176/100,000,000 (13.7%)  FPS≈1247  阶段=stage_turret  速度=0.00  直行间隔=180  aim=0.100/current  rotate=-0.07  ent=0.001  std=0.956
[进度] 13,762,560/100,000,000 (13.8%)  FPS≈1245  阶段=stage_turret  速度=0.00  直行间隔=180  aim=0.100/current  rotate=-0.07  ent=0.001  std=0.956
[存盘] 课程元数据 model_t13762560_stage0_stage_turret.curriculum.json  stage=stage_turret  bot=turret v=0.00
[存盘] /home/d0brane/tank/runs/curriculum_turret/20260923_115010/checkpoints/model_t13762560_stage0_stage_turret.zip
[评测] 开始（100 局）…
  [评测进度] 10/100  kill(命中/开火)=0.178  direct(直击/开火)=0.089  被命中(挨打/敌开火)=0.750  先发制人(直击前未被打中的局)=0.000  弹数=45
  [评测进度] 20/100  kill(命中/开火)=0.200  direct(直击/开火)=0.106  被命中(挨打/敌开火)=0.582  先发制人(直击前未被打中的局)=0.200  弹数=85
  [评测进度] 30/100  kill(命中/开火)=0.250  direct(直击/开火)=0.091  被命中(挨打/敌开火)=0.601  先发制人(直击前未被打中的局)=0.133  弹数=132
  [评测进度] 40/100  kill(命中/开火)=0.246  direct(直击/开火)=0.105  被命中(挨打/敌开火)=0.604  先发制人(直击前未被打中的局)=0.125  弹数=171
  [评测进度] 50/100  kill(命中/开火)=0.288  direct(直击/开火)=0.136  被命中(挨打/敌开火)=0.583  先发制人(直击前未被打中的局)=0.180  弹数=198
  [评测进度] 60/100  kill(命中/开火)=0.291  direct(直击/开火)=0.145  被命中(挨打/敌开火)=0.592  先发制人(直击前未被打中的局)=0.167  弹数=234
  [评测进度] 70/100  kill(命中/开火)=0.290  direct(直击/开火)=0.151  被命中(挨打/敌开火)=0.601  先发制人(直击前未被打中的局)=0.157  弹数=272
  [评测进度] 80/100  kill(命中/开火)=0.282  direct(直击/开火)=0.138  被命中(挨打/敌开火)=0.580  先发制人(直击前未被打中的局)=0.138  弹数=326
  [评测进度] 90/100  kill(命中/开火)=0.273  direct(直击/开火)=0.131  被命中(挨打/敌开火)=0.562  先发制人(直击前未被打中的局)=0.133  弹数=373
  [评测进度] 100/100  kill(命中/开火)=0.267  direct(直击/开火)=0.126  被命中(挨打/敌开火)=0.555  先发制人(直击前未被打中的局)=0.140  弹数=419
------------------------------------------------------------
[评测] 阶段=stage_turret  局数=100
  kill_rate(命中/开火) = 0.267  hit_rate(直击/开火) = 0.126  中位TTK = 460
  被命中率(挨打/敌开火) = 0.555  先发制人率(直击前未被打中的局/局数) = 0.140
  TTK口径     : 首直击步数；无直击=该局结束步数（评测步限封顶）
  晋级条件 直击/开火 hit_rate≥1.01  当前=0.126  → 指标未达标
  未晋级，继续当前阶段
------------------------------------------------------------
[进度] 13,778,944/100,000,000 (13.8%)  FPS≈1209  阶段=stage_turret  速度=0.00  直行间隔=180  aim=0.100/current  rotate=-0.07  ent=0.001  std=0.955
[进度] 13,795,328/100,000,000 (13.8%)  FPS≈1263  阶段=stage_turret  速度=0.00  直行间隔=180  aim=0.100/current  rotate=-0.07  ent=0.001  std=0.955
[进度] 13,811,712/100,000,000 (13.8%)  FPS≈1230  阶段=stage_turret  速度=0.00  直行间隔=180  aim=0.100/current  rotate=-0.07  ent=0.001  std=0.953
[进度] 13,828,096/100,000,000 (13.8%)  FPS≈1232  阶段=stage_turret  速度=0.00  直行间隔=180  aim=0.100/current  rotate=-0.07  ent=0.001  std=0.950
[进度] 13,844,480/100,000,000 (13.8%)  FPS≈1208  阶段=stage_turret  速度=0.00  直行间隔=180  aim=0.100/current  rotate=-0.07  ent=0.001  std=0.950
[进度] 13,860,864/100,000,000 (13.9%)  FPS≈1202  阶段=stage_turret  速度=0.00  直行间隔=180  aim=0.100/current  rotate=-0.07  ent=0.001  std=0.949
[进度] 13,877,248/100,000,000 (13.9%)  FPS≈1234  阶段=stage_turret  速度=0.00  直行间隔=180  aim=0.100/current  rotate=-0.07  ent=0.001  std=0.949
[存盘] 课程元数据 model_t13877248_stage0_stage_turret.curriculum.json  stage=stage_turret  bot=turret v=0.00
[存盘] /home/d0brane/tank/runs/curriculum_turret/20260923_115010/checkpoints/model_t13877248_stage0_stage_turret.zip
[评测] 开始（100 局）…
  [评测进度] 10/100  kill(命中/开火)=0.310  direct(直击/开火)=0.241  被命中(挨打/敌开火)=0.594  先发制人(直击前未被打中的局)=0.200  弹数=29
  [评测进度] 20/100  kill(命中/开火)=0.343  direct(直击/开火)=0.186  被命中(挨打/敌开火)=0.506  先发制人(直击前未被打中的局)=0.150  弹数=70
  [评测进度] 30/100  kill(命中/开火)=0.346  direct(直击/开火)=0.187  被命中(挨打/敌开火)=0.483  先发制人(直击前未被打中的局)=0.200  弹数=107
  [评测进度] 40/100  kill(命中/开火)=0.319  direct(直击/开火)=0.184  被命中(挨打/敌开火)=0.484  先发制人(直击前未被打中的局)=0.175  弹数=141
  [评测进度] 50/100  kill(命中/开火)=0.305  direct(直击/开火)=0.155  被命中(挨打/敌开火)=0.529  先发制人(直击前未被打中的局)=0.180  弹数=187
  [评测进度] 60/100  kill(命中/开火)=0.300  direct(直击/开火)=0.150  被命中(挨打/敌开火)=0.538  先发制人(直击前未被打中的局)=0.183  弹数=227
  [评测进度] 70/100  kill(命中/开火)=0.297  direct(直击/开火)=0.134  被命中(挨打/敌开火)=0.545  先发制人(直击前未被打中的局)=0.171  弹数=276
  [评测进度] 80/100  kill(命中/开火)=0.304  direct(直击/开火)=0.144  被命中(挨打/敌开火)=0.534  先发制人(直击前未被打中的局)=0.175  弹数=306
  [评测进度] 90/100  kill(命中/开火)=0.291  direct(直击/开火)=0.136  被命中(挨打/敌开火)=0.526  先发制人(直击前未被打中的局)=0.167  弹数=354
  [评测进度] 100/100  kill(命中/开火)=0.285  direct(直击/开火)=0.137  被命中(挨打/敌开火)=0.534  先发制人(直击前未被打中的局)=0.170  弹数=386
------------------------------------------------------------
[评测] 阶段=stage_turret  局数=100
  kill_rate(命中/开火) = 0.285  hit_rate(直击/开火) = 0.137  中位TTK = 406
  被命中率(挨打/敌开火) = 0.534  先发制人率(直击前未被打中的局/局数) = 0.170
  TTK口径     : 首直击步数；无直击=该局结束步数（评测步限封顶）
  晋级条件 直击/开火 hit_rate≥1.01  当前=0.137  → 指标未达标
  未晋级，继续当前阶段
------------------------------------------------------------
[进度] 13,893,632/100,000,000 (13.9%)  FPS≈1220  阶段=stage_turret  速度=0.00  直行间隔=180  aim=0.100/current  rotate=-0.07  ent=0.001  std=0.946
[进度] 13,910,016/100,000,000 (13.9%)  FPS≈1242  阶段=stage_turret  速度=0.00  直行间隔=180  aim=0.100/current  rotate=-0.07  ent=0.001  std=0.946
[进度] 13,926,400/100,000,000 (13.9%)  FPS≈1205  阶段=stage_turret  速度=0.00  直行间隔=180  aim=0.100/current  rotate=-0.07  ent=0.001  std=0.946
[进度] 13,942,784/100,000,000 (13.9%)  FPS≈1235  阶段=stage_turret  速度=0.00  直行间隔=180  aim=0.100/current  rotate=-0.07  ent=0.001  std=0.945
[进度] 13,959,168/100,000,000 (14.0%)  FPS≈1280  阶段=stage_turret  速度=0.00  直行间隔=180  aim=0.100/current  rotate=-0.07  ent=0.001  std=0.943
[进度] 13,975,552/100,000,000 (14.0%)  FPS≈1249  阶段=stage_turret  速度=0.00  直行间隔=180  aim=0.100/current  rotate=-0.07  ent=0.001  std=0.944
[进度] 13,991,936/100,000,000 (14.0%)  FPS≈1233  阶段=stage_turret  速度=0.00  直行间隔=180  aim=0.100/current  rotate=-0.07  ent=0.001  std=0.944
[存盘] 课程元数据 model_t13991936_stage0_stage_turret.curriculum.json  stage=stage_turret  bot=turret v=0.00
[存盘] /home/d0brane/tank/runs/curriculum_turret/20260923_115010/checkpoints/model_t13991936_stage0_stage_turret.zip
[评测] 开始（100 局）…
  [评测进度] 10/100  kill(命中/开火)=0.167  direct(直击/开火)=0.062  被命中(挨打/敌开火)=0.537  先发制人(直击前未被打中的局)=0.100  弹数=48
  [评测进度] 20/100  kill(命中/开火)=0.165  direct(直击/开火)=0.077  被命中(挨打/敌开火)=0.495  先发制人(直击前未被打中的局)=0.100  弹数=91
  [评测进度] 30/100  kill(命中/开火)=0.167  direct(直击/开火)=0.083  被命中(挨打/敌开火)=0.555  先发制人(直击前未被打中的局)=0.100  弹数=132
  [评测进度] 40/100  kill(命中/开火)=0.182  direct(直击/开火)=0.080  被命中(挨打/敌开火)=0.533  先发制人(直击前未被打中的局)=0.150  弹数=176
  [评测进度] 50/100  kill(命中/开火)=0.188  direct(直击/开火)=0.090  被命中(挨打/敌开火)=0.553  先发制人(直击前未被打中的局)=0.120  弹数=223
  [评测进度] 60/100  kill(命中/开火)=0.199  direct(直击/开火)=0.088  被命中(挨打/敌开火)=0.552  先发制人(直击前未被打中的局)=0.133  弹数=272
  [评测进度] 70/100  kill(命中/开火)=0.207  direct(直击/开火)=0.089  被命中(挨打/敌开火)=0.557  先发制人(直击前未被打中的局)=0.157  弹数=314
  [评测进度] 80/100  kill(命中/开火)=0.210  direct(直击/开火)=0.082  被命中(挨打/敌开火)=0.554  先发制人(直击前未被打中的局)=0.138  弹数=367
  [评测进度] 90/100  kill(命中/开火)=0.225  direct(直击/开火)=0.089  被命中(挨打/敌开火)=0.545  先发制人(直击前未被打中的局)=0.133  弹数=404
  [评测进度] 100/100  kill(命中/开火)=0.232  direct(直击/开火)=0.094  被命中(挨打/敌开火)=0.524  先发制人(直击前未被打中的局)=0.130  弹数=448
------------------------------------------------------------
[评测] 阶段=stage_turret  局数=100
  kill_rate(命中/开火) = 0.232  hit_rate(直击/开火) = 0.094  中位TTK = 510
  被命中率(挨打/敌开火) = 0.524  先发制人率(直击前未被打中的局/局数) = 0.130
  TTK口径     : 首直击步数；无直击=该局结束步数（评测步限封顶）
  晋级条件 直击/开火 hit_rate≥1.01  当前=0.094  → 指标未达标
  未晋级，继续当前阶段
------------------------------------------------------------
[进度] 14,008,320/100,000,000 (14.0%)  FPS≈1224  阶段=stage_turret  速度=0.00  直行间隔=180  aim=0.100/current  rotate=-0.07  ent=0.001  std=0.944
[进度] 14,024,704/100,000,000 (14.0%)  FPS≈1232  阶段=stage_turret  速度=0.00  直行间隔=180  aim=0.100/current  rotate=-0.07  ent=0.001  std=0.944
[进度] 14,041,088/100,000,000 (14.0%)  FPS≈1265  阶段=stage_turret  速度=0.00  直行间隔=180  aim=0.100/current  rotate=-0.07  ent=0.001  std=0.944
[进度] 14,057,472/100,000,000 (14.1%)  FPS≈1203  阶段=stage_turret  速度=0.00  直行间隔=180  aim=0.100/current  rotate=-0.07  ent=0.001  std=0.944
[进度] 14,073,856/100,000,000 (14.1%)  FPS≈1244  阶段=stage_turret  速度=0.00  直行间隔=180  aim=0.100/current  rotate=-0.07  ent=0.001  std=0.944
[进度] 14,090,240/100,000,000 (14.1%)  FPS≈1226  阶段=stage_turret  速度=0.00  直行间隔=180  aim=0.100/current  rotate=-0.07  ent=0.001  std=0.942
[进度] 14,106,624/100,000,000 (14.1%)  FPS≈1278  阶段=stage_turret  速度=0.00  直行间隔=180  aim=0.100/current  rotate=-0.07  ent=0.001  std=0.941
[存盘] 课程元数据 model_t14106624_stage0_stage_turret.curriculum.json  stage=stage_turret  bot=turret v=0.00
[存盘] /home/d0brane/tank/runs/curriculum_turret/20260923_115010/checkpoints/model_t14106624_stage0_stage_turret.zip
[评测] 开始（100 局）…
  [评测进度] 10/100  kill(命中/开火)=0.289  direct(直击/开火)=0.132  被命中(挨打/敌开火)=0.619  先发制人(直击前未被打中的局)=0.300  弹数=38
  [评测进度] 20/100  kill(命中/开火)=0.284  direct(直击/开火)=0.149  被命中(挨打/敌开火)=0.512  先发制人(直击前未被打中的局)=0.350  弹数=74
  [评测进度] 30/100  kill(命中/开火)=0.262  direct(直击/开火)=0.168  被命中(挨打/敌开火)=0.504  先发制人(直击前未被打中的局)=0.267  弹数=107
  [评测进度] 40/100  kill(命中/开火)=0.290  direct(直击/开火)=0.159  被命中(挨打/敌开火)=0.506  先发制人(直击前未被打中的局)=0.250  弹数=145
  [评测进度] 50/100  kill(命中/开火)=0.257  direct(直击/开火)=0.141  被命中(挨打/敌开火)=0.534  先发制人(直击前未被打中的局)=0.220  弹数=191
  [评测进度] 60/100  kill(命中/开火)=0.247  direct(直击/开火)=0.128  被命中(挨打/敌开火)=0.552  先发制人(直击前未被打中的局)=0.217  弹数=235
  [评测进度] 70/100  kill(命中/开火)=0.237  direct(直击/开火)=0.122  被命中(挨打/敌开火)=0.536  先发制人(直击前未被打中的局)=0.214  弹数=278
  [评测进度] 80/100  kill(命中/开火)=0.254  direct(直击/开火)=0.139  被命中(挨打/敌开火)=0.534  先发制人(直击前未被打中的局)=0.237  弹数=303
  [评测进度] 90/100  kill(命中/开火)=0.262  direct(直击/开火)=0.137  被命中(挨打/敌开火)=0.523  先发制人(直击前未被打中的局)=0.222  弹数=344
  [评测进度] 100/100  kill(命中/开火)=0.274  direct(直击/开火)=0.142  被命中(挨打/敌开火)=0.517  先发制人(直击前未被打中的局)=0.230  弹数=380
------------------------------------------------------------
[评测] 阶段=stage_turret  局数=100
  kill_rate(命中/开火) = 0.274  hit_rate(直击/开火) = 0.142  中位TTK = 414
  被命中率(挨打/敌开火) = 0.517  先发制人率(直击前未被打中的局/局数) = 0.230
  TTK口径     : 首直击步数；无直击=该局结束步数（评测步限封顶）
  晋级条件 直击/开火 hit_rate≥1.01  当前=0.142  → 指标未达标
  未晋级，继续当前阶段
------------------------------------------------------------
[进度] 14,123,008/100,000,000 (14.1%)  FPS≈1240  阶段=stage_turret  速度=0.00  直行间隔=180  aim=0.100/current  rotate=-0.07  ent=0.001  std=0.940
[进度] 14,139,392/100,000,000 (14.1%)  FPS≈1235  阶段=stage_turret  速度=0.00  直行间隔=180  aim=0.100/current  rotate=-0.07  ent=0.001  std=0.939
[进度] 14,155,776/100,000,000 (14.2%)  FPS≈1228  阶段=stage_turret  速度=0.00  直行间隔=180  aim=0.100/current  rotate=-0.07  ent=0.001  std=0.939
[进度] 14,172,160/100,000,000 (14.2%)  FPS≈1246  阶段=stage_turret  速度=0.00  直行间隔=180  aim=0.100/current  rotate=-0.07  ent=0.001  std=0.937
[进度] 14,188,544/100,000,000 (14.2%)  FPS≈1250  阶段=stage_turret  速度=0.00  直行间隔=180  aim=0.100/current  rotate=-0.07  ent=0.001  std=0.935
[进度] 14,204,928/100,000,000 (14.2%)  FPS≈1223  阶段=stage_turret  速度=0.00  直行间隔=180  aim=0.100/current  rotate=-0.07  ent=0.001  std=0.935
[进度] 14,221,312/100,000,000 (14.2%)  FPS≈1236  阶段=stage_turret  速度=0.00  直行间隔=180  aim=0.100/current  rotate=-0.07  ent=0.001  std=0.935
[存盘] 课程元数据 model_t14221312_stage0_stage_turret.curriculum.json  stage=stage_turret  bot=turret v=0.00
[存盘] /home/d0brane/tank/runs/curriculum_turret/20260923_115010/checkpoints/model_t14221312_stage0_stage_turret.zip
[评测] 开始（100 局）…
  [评测进度] 10/100  kill(命中/开火)=0.250  direct(直击/开火)=0.150  被命中(挨打/敌开火)=0.419  先发制人(直击前未被打中的局)=0.300  弹数=40
  [评测进度] 20/100  kill(命中/开火)=0.198  direct(直击/开火)=0.105  被命中(挨打/敌开火)=0.589  先发制人(直击前未被打中的局)=0.200  弹数=86
  [评测进度] 30/100  kill(命中/开火)=0.191  direct(直击/开火)=0.081  被命中(挨打/敌开火)=0.553  先发制人(直击前未被打中的局)=0.167  弹数=136
  [评测进度] 40/100  kill(命中/开火)=0.194  direct(直击/开火)=0.075  被命中(挨打/敌开火)=0.519  先发制人(直击前未被打中的局)=0.150  弹数=186
  [评测进度] 50/100  kill(命中/开火)=0.201  direct(直击/开火)=0.077  被命中(挨打/敌开火)=0.512  先发制人(直击前未被打中的局)=0.120  弹数=234
  [评测进度] 60/100  kill(命中/开火)=0.226  direct(直击/开火)=0.075  被命中(挨打/敌开火)=0.513  先发制人(直击前未被打中的局)=0.133  弹数=279
  [评测进度] 70/100  kill(命中/开火)=0.223  direct(直击/开火)=0.071  被命中(挨打/敌开火)=0.523  先发制人(直击前未被打中的局)=0.114  弹数=336
  [评测进度] 80/100  kill(命中/开火)=0.237  direct(直击/开火)=0.074  被命中(挨打/敌开火)=0.506  先发制人(直击前未被打中的局)=0.138  弹数=379
  [评测进度] 90/100  kill(命中/开火)=0.242  direct(直击/开火)=0.079  被命中(挨打/敌开火)=0.512  先发制人(直击前未被打中的局)=0.156  弹数=417
  [评测进度] 100/100  kill(命中/开火)=0.254  direct(直击/开火)=0.076  被命中(挨打/敌开火)=0.507  先发制人(直击前未被打中的局)=0.140  弹数=473
------------------------------------------------------------
[评测] 阶段=stage_turret  局数=100
  kill_rate(命中/开火) = 0.254  hit_rate(直击/开火) = 0.076  中位TTK = 554
  被命中率(挨打/敌开火) = 0.507  先发制人率(直击前未被打中的局/局数) = 0.140
  TTK口径     : 首直击步数；无直击=该局结束步数（评测步限封顶）
  晋级条件 直击/开火 hit_rate≥1.01  当前=0.076  → 指标未达标
  未晋级，继续当前阶段
------------------------------------------------------------
[进度] 14,237,696/100,000,000 (14.2%)  FPS≈1271  阶段=stage_turret  速度=0.00  直行间隔=180  aim=0.100/current  rotate=-0.07  ent=0.001  std=0.936
[进度] 14,254,080/100,000,000 (14.3%)  FPS≈1224  阶段=stage_turret  速度=0.00  直行间隔=180  aim=0.100/current  rotate=-0.07  ent=0.001  std=0.936
[进度] 14,270,464/100,000,000 (14.3%)  FPS≈1219  阶段=stage_turret  速度=0.00  直行间隔=180  aim=0.100/current  rotate=-0.07  ent=0.001  std=0.935
[进度] 14,286,848/100,000,000 (14.3%)  FPS≈1212  阶段=stage_turret  速度=0.00  直行间隔=180  aim=0.100/current  rotate=-0.07  ent=0.001  std=0.934
[进度] 14,303,232/100,000,000 (14.3%)  FPS≈1245  阶段=stage_turret  速度=0.00  直行间隔=180  aim=0.100/current  rotate=-0.07  ent=0.001  std=0.934
[进度] 14,319,616/100,000,000 (14.3%)  FPS≈1260  阶段=stage_turret  速度=0.00  直行间隔=180  aim=0.100/current  rotate=-0.07  ent=0.001  std=0.934
[进度] 14,336,000/100,000,000 (14.3%)  FPS≈1249  阶段=stage_turret  速度=0.00  直行间隔=180  aim=0.100/current  rotate=-0.07  ent=0.001  std=0.934
[存盘] 课程元数据 model_t14336000_stage0_stage_turret.curriculum.json  stage=stage_turret  bot=turret v=0.00
[存盘] /home/d0brane/tank/runs/curriculum_turret/20260923_115010/checkpoints/model_t14336000_stage0_stage_turret.zip
[评测] 开始（100 局）…
  [评测进度] 10/100  kill(命中/开火)=0.113  direct(直击/开火)=0.019  被命中(挨打/敌开火)=0.600  先发制人(直击前未被打中的局)=0.000  弹数=53
  [评测进度] 20/100  kill(命中/开火)=0.184  direct(直击/开火)=0.049  被命中(挨打/敌开火)=0.548  先发制人(直击前未被打中的局)=0.000  弹数=103
  [评测进度] 30/100  kill(命中/开火)=0.211  direct(直击/开火)=0.068  被命中(挨打/敌开火)=0.528  先发制人(直击前未被打中的局)=0.033  弹数=147
  [评测进度] 40/100  kill(命中/开火)=0.239  direct(直击/开火)=0.087  被命中(挨打/敌开火)=0.544  先发制人(直击前未被打中的局)=0.050  弹数=184
  [评测进度] 50/100  kill(命中/开火)=0.233  direct(直击/开火)=0.084  被命中(挨打/敌开火)=0.535  先发制人(直击前未被打中的局)=0.060  弹数=227
  [评测进度] 60/100  kill(命中/开火)=0.246  direct(直击/开火)=0.092  被命中(挨打/敌开火)=0.548  先发制人(直击前未被打中的局)=0.100  弹数=260
  [评测进度] 70/100  kill(命中/开火)=0.253  direct(直击/开火)=0.095  被命中(挨打/敌开火)=0.529  先发制人(直击前未被打中的局)=0.114  弹数=304
  [评测进度] 80/100  kill(命中/开火)=0.251  direct(直击/开火)=0.091  被命中(挨打/敌开火)=0.559  先发制人(直击前未被打中的局)=0.100  弹数=350
  [评测进度] 90/100  kill(命中/开火)=0.240  direct(直击/开火)=0.088  被命中(挨打/敌开火)=0.559  先发制人(直击前未被打中的局)=0.111  弹数=396
  [评测进度] 100/100  kill(命中/开火)=0.248  direct(直击/开火)=0.092  被命中(挨打/敌开火)=0.565  先发制人(直击前未被打中的局)=0.110  弹数=435
------------------------------------------------------------
[评测] 阶段=stage_turret  局数=100
  kill_rate(命中/开火) = 0.248  hit_rate(直击/开火) = 0.092  中位TTK = 492
  被命中率(挨打/敌开火) = 0.565  先发制人率(直击前未被打中的局/局数) = 0.110
  TTK口径     : 首直击步数；无直击=该局结束步数（评测步限封顶）
  晋级条件 直击/开火 hit_rate≥1.01  当前=0.092  → 指标未达标
  未晋级，继续当前阶段
------------------------------------------------------------
[进度] 14,352,384/100,000,000 (14.4%)  FPS≈1216  阶段=stage_turret  速度=0.00  直行间隔=180  aim=0.100/current  rotate=-0.07  ent=0.001  std=0.934
[进度] 14,368,768/100,000,000 (14.4%)  FPS≈1241  阶段=stage_turret  速度=0.00  直行间隔=180  aim=0.100/current  rotate=-0.07  ent=0.001  std=0.936
[进度] 14,385,152/100,000,000 (14.4%)  FPS≈1235  阶段=stage_turret  速度=0.00  直行间隔=180  aim=0.100/current  rotate=-0.07  ent=0.001  std=0.937
[进度] 14,401,536/100,000,000 (14.4%)  FPS≈1239  阶段=stage_turret  速度=0.00  直行间隔=180  aim=0.100/current  rotate=-0.07  ent=0.001  std=0.936
[进度] 14,417,920/100,000,000 (14.4%)  FPS≈1222  阶段=stage_turret  速度=0.00  直行间隔=180  aim=0.100/current  rotate=-0.07  ent=0.001  std=0.937
[进度] 14,434,304/100,000,000 (14.4%)  FPS≈1216  阶段=stage_turret  速度=0.00  直行间隔=180  aim=0.100/current  rotate=-0.07  ent=0.001  std=0.937
[进度] 14,450,688/100,000,000 (14.5%)  FPS≈1265  阶段=stage_turret  速度=0.00  直行间隔=180  aim=0.100/current  rotate=-0.07  ent=0.001  std=0.938
[存盘] 课程元数据 model_t14450688_stage0_stage_turret.curriculum.json  stage=stage_turret  bot=turret v=0.00
[存盘] /home/d0brane/tank/runs/curriculum_turret/20260923_115010/checkpoints/model_t14450688_stage0_stage_turret.zip
[评测] 开始（100 局）…
  [评测进度] 10/100  kill(命中/开火)=0.256  direct(直击/开火)=0.154  被命中(挨打/敌开火)=0.413  先发制人(直击前未被打中的局)=0.200  弹数=39
  [评测进度] 20/100  kill(命中/开火)=0.194  direct(直击/开火)=0.086  被命中(挨打/敌开火)=0.417  先发制人(直击前未被打中的局)=0.100  弹数=93
  [评测进度] 30/100  kill(命中/开火)=0.229  direct(直击/开火)=0.086  被命中(挨打/敌开火)=0.389  先发制人(直击前未被打中的局)=0.133  弹数=140
  [评测进度] 40/100  kill(命中/开火)=0.261  direct(直击/开火)=0.108  被命中(挨打/敌开火)=0.431  先发制人(直击前未被打中的局)=0.125  弹数=176
  [评测进度] 50/100  kill(命中/开火)=0.239  direct(直击/开火)=0.097  被命中(挨打/敌开火)=0.452  先发制人(直击前未被打中的局)=0.140  弹数=226
  [评测进度] 60/100  kill(命中/开火)=0.250  direct(直击/开火)=0.096  被命中(挨打/敌开火)=0.476  先发制人(直击前未被打中的局)=0.133  弹数=272
  [评测进度] 70/100  kill(命中/开火)=0.245  direct(直击/开火)=0.091  被命中(挨打/敌开火)=0.479  先发制人(直击前未被打中的局)=0.114  弹数=319
  [评测进度] 80/100  kill(命中/开火)=0.237  direct(直击/开火)=0.087  被命中(挨打/敌开火)=0.500  先发制人(直击前未被打中的局)=0.100  弹数=367
  [评测进度] 90/100  kill(命中/开火)=0.239  direct(直击/开火)=0.084  被命中(挨打/敌开火)=0.497  先发制人(直击前未被打中的局)=0.111  弹数=418
  [评测进度] 100/100  kill(命中/开火)=0.225  direct(直击/开火)=0.079  被命中(挨打/敌开火)=0.509  先发制人(直击前未被打中的局)=0.110  弹数=471
------------------------------------------------------------
[评测] 阶段=stage_turret  局数=100
  kill_rate(命中/开火) = 0.225  hit_rate(直击/开火) = 0.079  中位TTK = 552
  被命中率(挨打/敌开火) = 0.509  先发制人率(直击前未被打中的局/局数) = 0.110
  TTK口径     : 首直击步数；无直击=该局结束步数（评测步限封顶）
  晋级条件 直击/开火 hit_rate≥1.01  当前=0.079  → 指标未达标
  未晋级，继续当前阶段
------------------------------------------------------------
[进度] 14,467,072/100,000,000 (14.5%)  FPS≈1226  阶段=stage_turret  速度=0.00  直行间隔=180  aim=0.100/current  rotate=-0.07  ent=0.001  std=0.938
[进度] 14,483,456/100,000,000 (14.5%)  FPS≈1236  阶段=stage_turret  速度=0.00  直行间隔=180  aim=0.100/current  rotate=-0.07  ent=0.001  std=0.938
[进度] 14,499,840/100,000,000 (14.5%)  FPS≈1240  阶段=stage_turret  速度=0.00  直行间隔=180  aim=0.100/current  rotate=-0.07  ent=0.001  std=0.939
[进度] 14,516,224/100,000,000 (14.5%)  FPS≈1184  阶段=stage_turret  速度=0.00  直行间隔=180  aim=0.100/current  rotate=-0.07  ent=0.001  std=0.939
[进度] 14,532,608/100,000,000 (14.5%)  FPS≈1206  阶段=stage_turret  速度=0.00  直行间隔=180  aim=0.100/current  rotate=-0.07  ent=0.001  std=0.938
[进度] 14,548,992/100,000,000 (14.5%)  FPS≈1244  阶段=stage_turret  速度=0.00  直行间隔=180  aim=0.100/current  rotate=-0.07  ent=0.001  std=0.938
[进度] 14,565,376/100,000,000 (14.6%)  FPS≈1246  阶段=stage_turret  速度=0.00  直行间隔=180  aim=0.100/current  rotate=-0.07  ent=0.001  std=0.937
[存盘] 课程元数据 model_t14565376_stage0_stage_turret.curriculum.json  stage=stage_turret  bot=turret v=0.00
[存盘] /home/d0brane/tank/runs/curriculum_turret/20260923_115010/checkpoints/model_t14565376_stage0_stage_turret.zip
[评测] 开始（100 局）…
  [评测进度] 10/100  kill(命中/开火)=0.217  direct(直击/开火)=0.017  被命中(挨打/敌开火)=0.556  先发制人(直击前未被打中的局)=0.000  弹数=60
  [评测进度] 20/100  kill(命中/开火)=0.202  direct(直击/开火)=0.038  被命中(挨打/敌开火)=0.544  先发制人(直击前未被打中的局)=0.050  弹数=104
  [评测进度] 30/100  kill(命中/开火)=0.231  direct(直击/开火)=0.063  被命中(挨打/敌开火)=0.589  先发制人(直击前未被打中的局)=0.033  弹数=143
  [评测进度] 40/100  kill(命中/开火)=0.267  direct(直击/开火)=0.068  被命中(挨打/敌开火)=0.555  先发制人(直击前未被打中的局)=0.050  弹数=191
  [评测进度] 50/100  kill(命中/开火)=0.255  direct(直击/开火)=0.061  被命中(挨打/敌开火)=0.524  先发制人(直击前未被打中的局)=0.040  弹数=247
  [评测进度] 60/100  kill(命中/开火)=0.233  direct(直击/开火)=0.057  被命中(挨打/敌开火)=0.535  先发制人(直击前未被打中的局)=0.033  弹数=296
  [评测进度] 70/100  kill(命中/开火)=0.219  direct(直击/开火)=0.058  被命中(挨打/敌开火)=0.522  先发制人(直击前未被打中的局)=0.029  弹数=347
  [评测进度] 80/100  kill(命中/开火)=0.217  direct(直击/开火)=0.055  被命中(挨打/敌开火)=0.522  先发制人(直击前未被打中的局)=0.050  弹数=401
  [评测进度] 90/100  kill(命中/开火)=0.214  direct(直击/开火)=0.056  被命中(挨打/敌开火)=0.527  先发制人(直击前未被打中的局)=0.067  弹数=448
  [评测进度] 100/100  kill(命中/开火)=0.214  direct(直击/开火)=0.064  被命中(挨打/敌开火)=0.524  先发制人(直击前未被打中的局)=0.090  弹数=485
------------------------------------------------------------
[评测] 阶段=stage_turret  局数=100
  kill_rate(命中/开火) = 0.214  hit_rate(直击/开火) = 0.064  中位TTK = 566
  被命中率(挨打/敌开火) = 0.524  先发制人率(直击前未被打中的局/局数) = 0.090
  TTK口径     : 首直击步数；无直击=该局结束步数（评测步限封顶）
  晋级条件 直击/开火 hit_rate≥1.01  当前=0.064  → 指标未达标
  未晋级，继续当前阶段
------------------------------------------------------------
[进度] 14,581,760/100,000,000 (14.6%)  FPS≈1236  阶段=stage_turret  速度=0.00  直行间隔=180  aim=0.100/current  rotate=-0.07  ent=0.001  std=0.937
[进度] 14,598,144/100,000,000 (14.6%)  FPS≈1203  阶段=stage_turret  速度=0.00  直行间隔=180  aim=0.100/current  rotate=-0.07  ent=0.001  std=0.938
[进度] 14,614,528/100,000,000 (14.6%)  FPS≈1235  阶段=stage_turret  速度=0.00  直行间隔=180  aim=0.100/current  rotate=-0.07  ent=0.001  std=0.938
[进度] 14,630,912/100,000,000 (14.6%)  FPS≈1242  阶段=stage_turret  速度=0.00  直行间隔=180  aim=0.100/current  rotate=-0.07  ent=0.001  std=0.937
[进度] 14,647,296/100,000,000 (14.6%)  FPS≈1226  阶段=stage_turret  速度=0.00  直行间隔=180  aim=0.100/current  rotate=-0.07  ent=0.001  std=0.936
[进度] 14,663,680/100,000,000 (14.7%)  FPS≈1241  阶段=stage_turret  速度=0.00  直行间隔=180  aim=0.100/current  rotate=-0.07  ent=0.001  std=0.934
[进度] 14,680,064/100,000,000 (14.7%)  FPS≈1227  阶段=stage_turret  速度=0.00  直行间隔=180  aim=0.100/current  rotate=-0.07  ent=0.001  std=0.933
[存盘] 课程元数据 model_t14680064_stage0_stage_turret.curriculum.json  stage=stage_turret  bot=turret v=0.00
[存盘] /home/d0brane/tank/runs/curriculum_turret/20260923_115010/checkpoints/model_t14680064_stage0_stage_turret.zip
[评测] 开始（100 局）…
  [评测进度] 10/100  kill(命中/开火)=0.235  direct(直击/开火)=0.078  被命中(挨打/敌开火)=0.411  先发制人(直击前未被打中的局)=0.200  弹数=51
  [评测进度] 20/100  kill(命中/开火)=0.223  direct(直击/开火)=0.106  被命中(挨打/敌开火)=0.485  先发制人(直击前未被打中的局)=0.150  弹数=94
  [评测进度] 30/100  kill(命中/开火)=0.279  direct(直击/开火)=0.107  被命中(挨打/敌开火)=0.483  先发制人(直击前未被打中的局)=0.100  弹数=140
  [评测进度] 40/100  kill(命中/开火)=0.253  direct(直击/开火)=0.097  被命中(挨打/敌开火)=0.493  先发制人(直击前未被打中的局)=0.150  弹数=186
  [评测进度] 50/100  kill(命中/开火)=0.254  direct(直击/开火)=0.101  被命中(挨打/敌开火)=0.496  先发制人(直击前未被打中的局)=0.160  弹数=228
  [评测进度] 60/100  kill(命中/开火)=0.270  direct(直击/开火)=0.104  被命中(挨打/敌开火)=0.461  先发制人(直击前未被打中的局)=0.183  弹数=270
  [评测进度] 70/100  kill(命中/开火)=0.263  direct(直击/开火)=0.103  被命中(挨打/敌开火)=0.473  先发制人(直击前未被打中的局)=0.171  弹数=312
  [评测进度] 80/100  kill(命中/开火)=0.253  direct(直击/开火)=0.095  被命中(挨打/敌开火)=0.490  先发制人(直击前未被打中的局)=0.150  弹数=367
  [评测进度] 90/100  kill(命中/开火)=0.243  direct(直击/开火)=0.093  被命中(挨打/敌开火)=0.479  先发制人(直击前未被打中的局)=0.156  弹数=419
  [评测进度] 100/100  kill(命中/开火)=0.243  direct(直击/开火)=0.092  被命中(挨打/敌开火)=0.465  先发制人(直击前未被打中的局)=0.150  弹数=469
------------------------------------------------------------
[评测] 阶段=stage_turret  局数=100
  kill_rate(命中/开火) = 0.243  hit_rate(直击/开火) = 0.092  中位TTK = 520
  被命中率(挨打/敌开火) = 0.465  先发制人率(直击前未被打中的局/局数) = 0.150
  TTK口径     : 首直击步数；无直击=该局结束步数（评测步限封顶）
  晋级条件 直击/开火 hit_rate≥1.01  当前=0.092  → 指标未达标
  未晋级，继续当前阶段
------------------------------------------------------------
[进度] 14,696,448/100,000,000 (14.7%)  FPS≈1204  阶段=stage_turret  速度=0.00  直行间隔=180  aim=0.100/current  rotate=-0.07  ent=0.001  std=0.934
[进度] 14,712,832/100,000,000 (14.7%)  FPS≈1268  阶段=stage_turret  速度=0.00  直行间隔=180  aim=0.100/current  rotate=-0.07  ent=0.001  std=0.934
[进度] 14,729,216/100,000,000 (14.7%)  FPS≈1224  阶段=stage_turret  速度=0.00  直行间隔=180  aim=0.100/current  rotate=-0.07  ent=0.001  std=0.934
[进度] 14,745,600/100,000,000 (14.7%)  FPS≈1204  阶段=stage_turret  速度=0.00  直行间隔=180  aim=0.100/current  rotate=-0.07  ent=0.001  std=0.933
[进度] 14,761,984/100,000,000 (14.8%)  FPS≈1227  阶段=stage_turret  速度=0.00  直行间隔=180  aim=0.100/current  rotate=-0.07  ent=0.001  std=0.934
[进度] 14,778,368/100,000,000 (14.8%)  FPS≈1225  阶段=stage_turret  速度=0.00  直行间隔=180  aim=0.100/current  rotate=-0.07  ent=0.001  std=0.936
[进度] 14,794,752/100,000,000 (14.8%)  FPS≈1226  阶段=stage_turret  速度=0.00  直行间隔=180  aim=0.100/current  rotate=-0.07  ent=0.001  std=0.936
[存盘] 课程元数据 model_t14794752_stage0_stage_turret.curriculum.json  stage=stage_turret  bot=turret v=0.00
[存盘] /home/d0brane/tank/runs/curriculum_turret/20260923_115010/checkpoints/model_t14794752_stage0_stage_turret.zip
[评测] 开始（100 局）…
  [评测进度] 10/100  kill(命中/开火)=0.208  direct(直击/开火)=0.062  被命中(挨打/敌开火)=0.426  先发制人(直击前未被打中的局)=0.100  弹数=48
  [评测进度] 20/100  kill(命中/开火)=0.196  direct(直击/开火)=0.062  被命中(挨打/敌开火)=0.528  先发制人(直击前未被打中的局)=0.050  弹数=97
  [评测进度] 30/100  kill(命中/开火)=0.197  direct(直击/开火)=0.061  被命中(挨打/敌开火)=0.555  先发制人(直击前未被打中的局)=0.033  弹数=147
  [评测进度] 40/100  kill(命中/开火)=0.200  direct(直击/开火)=0.062  被命中(挨打/敌开火)=0.543  先发制人(直击前未被打中的局)=0.075  弹数=195
  [评测进度] 50/100  kill(命中/开火)=0.195  direct(直击/开火)=0.048  被命中(挨打/敌开火)=0.539  先发制人(直击前未被打中的局)=0.060  弹数=251
  [评测进度] 60/100  kill(命中/开火)=0.191  direct(直击/开火)=0.050  被命中(挨打/敌开火)=0.549  先发制人(直击前未被打中的局)=0.083  弹数=298
  [评测进度] 70/100  kill(命中/开火)=0.196  direct(直击/开火)=0.045  被命中(挨打/敌开火)=0.530  先发制人(直击前未被打中的局)=0.071  弹数=358
  [评测进度] 80/100  kill(命中/开火)=0.201  direct(直击/开火)=0.053  被命中(挨打/敌开火)=0.527  先发制人(直击前未被打中的局)=0.113  弹数=398
  [评测进度] 90/100  kill(命中/开火)=0.208  direct(直击/开火)=0.054  被命中(挨打/敌开火)=0.529  先发制人(直击前未被打中的局)=0.122  弹数=442
  [评测进度] 100/100  kill(命中/开火)=0.210  direct(直击/开火)=0.054  被命中(挨打/敌开火)=0.512  先发制人(直击前未被打中的局)=0.110  弹数=496
------------------------------------------------------------
[评测] 阶段=stage_turret  局数=100
  kill_rate(命中/开火) = 0.210  hit_rate(直击/开火) = 0.054  中位TTK = 574
  被命中率(挨打/敌开火) = 0.512  先发制人率(直击前未被打中的局/局数) = 0.110
  TTK口径     : 首直击步数；无直击=该局结束步数（评测步限封顶）
  晋级条件 直击/开火 hit_rate≥1.01  当前=0.054  → 指标未达标
  未晋级，继续当前阶段
------------------------------------------------------------
[进度] 14,811,136/100,000,000 (14.8%)  FPS≈1217  阶段=stage_turret  速度=0.00  直行间隔=180  aim=0.100/current  rotate=-0.07  ent=0.001  std=0.935
[进度] 14,827,520/100,000,000 (14.8%)  FPS≈1242  阶段=stage_turret  速度=0.00  直行间隔=180  aim=0.100/current  rotate=-0.07  ent=0.001  std=0.933
[进度] 14,843,904/100,000,000 (14.8%)  FPS≈1195  阶段=stage_turret  速度=0.00  直行间隔=180  aim=0.100/current  rotate=-0.07  ent=0.001  std=0.933
[进度] 14,860,288/100,000,000 (14.9%)  FPS≈1205  阶段=stage_turret  速度=0.00  直行间隔=180  aim=0.100/current  rotate=-0.07  ent=0.001  std=0.932
[进度] 14,876,672/100,000,000 (14.9%)  FPS≈1209  阶段=stage_turret  速度=0.00  直行间隔=180  aim=0.100/current  rotate=-0.07  ent=0.001  std=0.929
[进度] 14,893,056/100,000,000 (14.9%)  FPS≈1255  阶段=stage_turret  速度=0.00  直行间隔=180  aim=0.100/current  rotate=-0.07  ent=0.001  std=0.928
[进度] 14,909,440/100,000,000 (14.9%)  FPS≈1231  阶段=stage_turret  速度=0.00  直行间隔=180  aim=0.100/current  rotate=-0.07  ent=0.001  std=0.926
[存盘] 课程元数据 model_t14909440_stage0_stage_turret.curriculum.json  stage=stage_turret  bot=turret v=0.00
[存盘] /home/d0brane/tank/runs/curriculum_turret/20260923_115010/checkpoints/model_t14909440_stage0_stage_turret.zip
[评测] 开始（100 局）…
  [评测进度] 10/100  kill(命中/开火)=0.157  direct(直击/开火)=0.059  被命中(挨打/敌开火)=0.393  先发制人(直击前未被打中的局)=0.000  弹数=51
  [评测进度] 20/100  kill(命中/开火)=0.240  direct(直击/开火)=0.070  被命中(挨打/敌开火)=0.427  先发制人(直击前未被打中的局)=0.050  弹数=100
  [评测进度] 30/100  kill(命中/开火)=0.224  direct(直击/开火)=0.072  被命中(挨打/敌开火)=0.419  先发制人(直击前未被打中的局)=0.100  弹数=152
  [评测进度] 40/100  kill(命中/开火)=0.229  direct(直击/开火)=0.068  被命中(挨打/敌开火)=0.425  先发制人(直击前未被打中的局)=0.100  弹数=205
  [评测进度] 50/100  kill(命中/开火)=0.238  direct(直击/开火)=0.086  被命中(挨打/敌开火)=0.454  先发制人(直击前未被打中的局)=0.080  弹数=244
  [评测进度] 60/100  kill(命中/开火)=0.242  direct(直击/开火)=0.087  被命中(挨打/敌开火)=0.473  先发制人(直击前未被打中的局)=0.083  弹数=289
  [评测进度] 70/100  kill(命中/开火)=0.233  direct(直击/开火)=0.081  被命中(挨打/敌开火)=0.462  先发制人(直击前未被打中的局)=0.071  弹数=347
  [评测进度] 80/100  kill(命中/开火)=0.243  direct(直击/开火)=0.084  被命中(挨打/敌开火)=0.447  先发制人(直击前未被打中的局)=0.087  弹数=391
  [评测进度] 90/100  kill(命中/开火)=0.247  direct(直击/开火)=0.096  被命中(挨打/敌开火)=0.459  先发制人(直击前未被打中的局)=0.089  弹数=429
  [评测进度] 100/100  kill(命中/开火)=0.247  direct(直击/开火)=0.100  被命中(挨打/敌开火)=0.455  先发制人(直击前未被打中的局)=0.110  弹数=469
------------------------------------------------------------
[评测] 阶段=stage_turret  局数=100
  kill_rate(命中/开火) = 0.247  hit_rate(直击/开火) = 0.100  中位TTK = 534
  被命中率(挨打/敌开火) = 0.455  先发制人率(直击前未被打中的局/局数) = 0.110
  TTK口径     : 首直击步数；无直击=该局结束步数（评测步限封顶）
  晋级条件 直击/开火 hit_rate≥1.01  当前=0.100  → 指标未达标
  未晋级，继续当前阶段
------------------------------------------------------------
[进度] 14,925,824/100,000,000 (14.9%)  FPS≈1195  阶段=stage_turret  速度=0.00  直行间隔=180  aim=0.100/current  rotate=-0.07  ent=0.001  std=0.924
[进度] 14,942,208/100,000,000 (14.9%)  FPS≈1201  阶段=stage_turret  速度=0.00  直行间隔=180  aim=0.100/current  rotate=-0.07  ent=0.001  std=0.923
[进度] 14,958,592/100,000,000 (15.0%)  FPS≈1162  阶段=stage_turret  速度=0.00  直行间隔=180  aim=0.100/current  rotate=-0.07  ent=0.001  std=0.922
[进度] 14,974,976/100,000,000 (15.0%)  FPS≈1235  阶段=stage_turret  速度=0.00  直行间隔=180  aim=0.100/current  rotate=-0.07  ent=0.001  std=0.922
[进度] 14,991,360/100,000,000 (15.0%)  FPS≈1209  阶段=stage_turret  速度=0.00  直行间隔=180  aim=0.100/current  rotate=-0.07  ent=0.001  std=0.921
[进度] 15,007,744/100,000,000 (15.0%)  FPS≈1218  阶段=stage_turret  速度=0.00  直行间隔=180  aim=0.100/current  rotate=-0.07  ent=0.001  std=0.922
[进度] 15,024,128/100,000,000 (15.0%)  FPS≈1197  阶段=stage_turret  速度=0.00  直行间隔=180  aim=0.100/current  rotate=-0.07  ent=0.001  std=0.922
[存盘] 课程元数据 model_t15024128_stage0_stage_turret.curriculum.json  stage=stage_turret  bot=turret v=0.00
[存盘] /home/d0brane/tank/runs/curriculum_turret/20260923_115010/checkpoints/model_t15024128_stage0_stage_turret.zip
[评测] 开始（100 局）…
  [评测进度] 10/100  kill(命中/开火)=0.133  direct(直击/开火)=0.067  被命中(挨打/敌开火)=0.551  先发制人(直击前未被打中的局)=0.300  弹数=45
  [评测进度] 20/100  kill(命中/开火)=0.202  direct(直击/开火)=0.107  被命中(挨打/敌开火)=0.516  先发制人(直击前未被打中的局)=0.300  弹数=84
  [评测进度] 30/100  kill(命中/开火)=0.229  direct(直击/开火)=0.115  被命中(挨打/敌开火)=0.525  先发制人(直击前未被打中的局)=0.233  弹数=131
  [评测进度] 40/100  kill(命中/开火)=0.219  direct(直击/开火)=0.091  被命中(挨打/敌开火)=0.515  先发制人(直击前未被打中的局)=0.175  弹数=187
  [评测进度] 50/100  kill(命中/开火)=0.220  direct(直击/开火)=0.093  被命中(挨打/敌开火)=0.536  先发制人(直击前未被打中的局)=0.200  弹数=227
  [评测进度] 60/100  kill(命中/开火)=0.212  direct(直击/开火)=0.097  被命中(挨打/敌开火)=0.527  先发制人(直击前未被打中的局)=0.200  弹数=269
  [评测进度] 70/100  kill(命中/开火)=0.219  direct(直击/开火)=0.103  被命中(挨打/敌开火)=0.530  先发制人(直击前未被打中的局)=0.186  弹数=311
  [评测进度] 80/100  kill(命中/开火)=0.216  direct(直击/开火)=0.093  被命中(挨打/敌开火)=0.533  先发制人(直击前未被打中的局)=0.163  弹数=365
  [评测进度] 90/100  kill(命中/开火)=0.216  direct(直击/开火)=0.095  被命中(挨打/敌开火)=0.538  先发制人(直击前未被打中的局)=0.189  弹数=402
  [评测进度] 100/100  kill(命中/开火)=0.209  direct(直击/开火)=0.091  被命中(挨打/敌开火)=0.536  先发制人(直击前未被打中的局)=0.190  弹数=450
------------------------------------------------------------
[评测] 阶段=stage_turret  局数=100
  kill_rate(命中/开火) = 0.209  hit_rate(直击/开火) = 0.091  中位TTK = 484
  被命中率(挨打/敌开火) = 0.536  先发制人率(直击前未被打中的局/局数) = 0.190
  TTK口径     : 首直击步数；无直击=该局结束步数（评测步限封顶）
  晋级条件 直击/开火 hit_rate≥1.01  当前=0.091  → 指标未达标
  未晋级，继续当前阶段
------------------------------------------------------------
[进度] 15,040,512/100,000,000 (15.0%)  FPS≈1220  阶段=stage_turret  速度=0.00  直行间隔=180  aim=0.100/current  rotate=-0.07  ent=0.001  std=0.921
[进度] 15,056,896/100,000,000 (15.1%)  FPS≈1217  阶段=stage_turret  速度=0.00  直行间隔=180  aim=0.100/current  rotate=-0.07  ent=0.001  std=0.921
[进度] 15,073,280/100,000,000 (15.1%)  FPS≈1229  阶段=stage_turret  速度=0.00  直行间隔=180  aim=0.100/current  rotate=-0.07  ent=0.001  std=0.921
[进度] 15,089,664/100,000,000 (15.1%)  FPS≈1206  阶段=stage_turret  速度=0.00  直行间隔=180  aim=0.100/current  rotate=-0.07  ent=0.001  std=0.921
[进度] 15,106,048/100,000,000 (15.1%)  FPS≈1209  阶段=stage_turret  速度=0.00  直行间隔=180  aim=0.100/current  rotate=-0.07  ent=0.001  std=0.922
[进度] 15,122,432/100,000,000 (15.1%)  FPS≈1266  阶段=stage_turret  速度=0.00  直行间隔=180  aim=0.100/current  rotate=-0.07  ent=0.001  std=0.921
[进度] 15,138,816/100,000,000 (15.1%)  FPS≈1254  阶段=stage_turret  速度=0.00  直行间隔=180  aim=0.100/current  rotate=-0.07  ent=0.001  std=0.920
[存盘] 课程元数据 model_t15138816_stage0_stage_turret.curriculum.json  stage=stage_turret  bot=turret v=0.00
[存盘] /home/d0brane/tank/runs/curriculum_turret/20260923_115010/checkpoints/model_t15138816_stage0_stage_turret.zip
[评测] 开始（100 局）…
  [评测进度] 10/100  kill(命中/开火)=0.128  direct(直击/开火)=0.043  被命中(挨打/敌开火)=0.778  先发制人(直击前未被打中的局)=0.000  弹数=47
  [评测进度] 20/100  kill(命中/开火)=0.198  direct(直击/开火)=0.123  被命中(挨打/敌开火)=0.696  先发制人(直击前未被打中的局)=0.150  弹数=81
  [评测进度] 30/100  kill(命中/开火)=0.226  direct(直击/开火)=0.129  被命中(挨打/敌开火)=0.623  先发制人(直击前未被打中的局)=0.167  弹数=124
  [评测进度] 40/100  kill(命中/开火)=0.247  direct(直击/开火)=0.139  被命中(挨打/敌开火)=0.600  先发制人(直击前未被打中的局)=0.175  弹数=166
  [评测进度] 50/100  kill(命中/开火)=0.230  direct(直击/开火)=0.117  被命中(挨打/敌开火)=0.596  先发制人(直击前未被打中的局)=0.160  弹数=213
  [评测进度] 60/100  kill(命中/开火)=0.245  direct(直击/开火)=0.111  被命中(挨打/敌开火)=0.591  先发制人(直击前未被打中的局)=0.167  弹数=261
  [评测进度] 70/100  kill(命中/开火)=0.221  direct(直击/开火)=0.099  被命中(挨打/敌开火)=0.592  先发制人(直击前未被打中的局)=0.171  弹数=312
  [评测进度] 80/100  kill(命中/开火)=0.224  direct(直击/开火)=0.092  被命中(挨打/敌开火)=0.586  先发制人(直击前未被打中的局)=0.150  弹数=371
  [评测进度] 90/100  kill(命中/开火)=0.216  direct(直击/开火)=0.085  被命中(挨打/敌开火)=0.584  先发制人(直击前未被打中的局)=0.144  弹数=422
  [评测进度] 100/100  kill(命中/开火)=0.211  direct(直击/开火)=0.085  被命中(挨打/敌开火)=0.565  先发制人(直击前未被打中的局)=0.140  弹数=473
------------------------------------------------------------
[评测] 阶段=stage_turret  局数=100
  kill_rate(命中/开火) = 0.211  hit_rate(直击/开火) = 0.085  中位TTK = 510
  被命中率(挨打/敌开火) = 0.565  先发制人率(直击前未被打中的局/局数) = 0.140
  TTK口径     : 首直击步数；无直击=该局结束步数（评测步限封顶）
  晋级条件 直击/开火 hit_rate≥1.01  当前=0.085  → 指标未达标
  未晋级，继续当前阶段
------------------------------------------------------------
[进度] 15,155,200/100,000,000 (15.2%)  FPS≈1194  阶段=stage_turret  速度=0.00  直行间隔=180  aim=0.100/current  rotate=-0.07  ent=0.001  std=0.920
[进度] 15,171,584/100,000,000 (15.2%)  FPS≈1221  阶段=stage_turret  速度=0.00  直行间隔=180  aim=0.100/current  rotate=-0.07  ent=0.001  std=0.919
[进度] 15,187,968/100,000,000 (15.2%)  FPS≈1233  阶段=stage_turret  速度=0.00  直行间隔=180  aim=0.100/current  rotate=-0.07  ent=0.001  std=0.920
[进度] 15,204,352/100,000,000 (15.2%)  FPS≈1236  阶段=stage_turret  速度=0.00  直行间隔=180  aim=0.100/current  rotate=-0.07  ent=0.001  std=0.921
[进度] 15,220,736/100,000,000 (15.2%)  FPS≈1198  阶段=stage_turret  速度=0.00  直行间隔=180  aim=0.100/current  rotate=-0.07  ent=0.001  std=0.920
[进度] 15,237,120/100,000,000 (15.2%)  FPS≈1176  阶段=stage_turret  速度=0.00  直行间隔=180  aim=0.100/current  rotate=-0.07  ent=0.001  std=0.920
[进度] 15,253,504/100,000,000 (15.3%)  FPS≈1217  阶段=stage_turret  速度=0.00  直行间隔=180  aim=0.100/current  rotate=-0.07  ent=0.001  std=0.920
[存盘] 课程元数据 model_t15253504_stage0_stage_turret.curriculum.json  stage=stage_turret  bot=turret v=0.00
[存盘] /home/d0brane/tank/runs/curriculum_turret/20260923_115010/checkpoints/model_t15253504_stage0_stage_turret.zip
[评测] 开始（100 局）…
  [评测进度] 10/100  kill(命中/开火)=0.256  direct(直击/开火)=0.154  被命中(挨打/敌开火)=0.415  先发制人(直击前未被打中的局)=0.200  弹数=39
  [评测进度] 20/100  kill(命中/开火)=0.247  direct(直击/开火)=0.118  被命中(挨打/敌开火)=0.446  先发制人(直击前未被打中的局)=0.200  弹数=85
  [评测进度] 30/100  kill(命中/开火)=0.230  direct(直击/开火)=0.096  被命中(挨打/敌开火)=0.432  先发制人(直击前未被打中的局)=0.200  弹数=135
  [评测进度] 40/100  kill(命中/开火)=0.235  direct(直击/开火)=0.098  被命中(挨打/敌开火)=0.455  先发制人(直击前未被打中的局)=0.175  弹数=183
  [评测进度] 50/100  kill(命中/开火)=0.239  direct(直击/开火)=0.090  被命中(挨打/敌开火)=0.442  先发制人(直击前未被打中的局)=0.180  弹数=234
  [评测进度] 60/100  kill(命中/开火)=0.232  direct(直击/开火)=0.084  被命中(挨打/敌开火)=0.430  先发制人(直击前未被打中的局)=0.183  弹数=285
  [评测进度] 70/100  kill(命中/开火)=0.237  direct(直击/开火)=0.085  被命中(挨打/敌开火)=0.421  先发制人(直击前未被打中的局)=0.171  弹数=329
  [评测进度] 80/100  kill(命中/开火)=0.240  direct(直击/开火)=0.092  被命中(挨打/敌开火)=0.425  先发制人(直击前未被打中的局)=0.188  弹数=371
  [评测进度] 90/100  kill(命中/开火)=0.228  direct(直击/开火)=0.088  被命中(挨打/敌开火)=0.433  先发制人(直击前未被打中的局)=0.189  弹数=421
  [评测进度] 100/100  kill(命中/开火)=0.240  direct(直击/开火)=0.095  被命中(挨打/敌开火)=0.442  先发制人(直击前未被打中的局)=0.180  弹数=455
------------------------------------------------------------
[评测] 阶段=stage_turret  局数=100
  kill_rate(命中/开火) = 0.240  hit_rate(直击/开火) = 0.095  中位TTK = 536
  被命中率(挨打/敌开火) = 0.442  先发制人率(直击前未被打中的局/局数) = 0.180
  TTK口径     : 首直击步数；无直击=该局结束步数（评测步限封顶）
  晋级条件 直击/开火 hit_rate≥1.01  当前=0.095  → 指标未达标
  未晋级，继续当前阶段
------------------------------------------------------------
[进度] 15,269,888/100,000,000 (15.3%)  FPS≈1251  阶段=stage_turret  速度=0.00  直行间隔=180  aim=0.100/current  rotate=-0.07  ent=0.001  std=0.920
[进度] 15,286,272/100,000,000 (15.3%)  FPS≈1258  阶段=stage_turret  速度=0.00  直行间隔=180  aim=0.100/current  rotate=-0.07  ent=0.001  std=0.921
[进度] 15,302,656/100,000,000 (15.3%)  FPS≈1220  阶段=stage_turret  速度=0.00  直行间隔=180  aim=0.100/current  rotate=-0.07  ent=0.001  std=0.920
[进度] 15,319,040/100,000,000 (15.3%)  FPS≈1225  阶段=stage_turret  速度=0.00  直行间隔=180  aim=0.100/current  rotate=-0.07  ent=0.001  std=0.920
[进度] 15,335,424/100,000,000 (15.3%)  FPS≈1249  阶段=stage_turret  速度=0.00  直行间隔=180  aim=0.100/current  rotate=-0.07  ent=0.001  std=0.920
[进度] 15,351,808/100,000,000 (15.4%)  FPS≈1228  阶段=stage_turret  速度=0.00  直行间隔=180  aim=0.100/current  rotate=-0.07  ent=0.001  std=0.920
[进度] 15,368,192/100,000,000 (15.4%)  FPS≈1236  阶段=stage_turret  速度=0.00  直行间隔=180  aim=0.100/current  rotate=-0.07  ent=0.001  std=0.920
[存盘] 课程元数据 model_t15368192_stage0_stage_turret.curriculum.json  stage=stage_turret  bot=turret v=0.00
[存盘] /home/d0brane/tank/runs/curriculum_turret/20260923_115010/checkpoints/model_t15368192_stage0_stage_turret.zip
[评测] 开始（100 局）…
  [评测进度] 10/100  kill(命中/开火)=0.304  direct(直击/开火)=0.087  被命中(挨打/敌开火)=0.353  先发制人(直击前未被打中的局)=0.300  弹数=46
  [评测进度] 20/100  kill(命中/开火)=0.261  direct(直击/开火)=0.087  被命中(挨打/敌开火)=0.420  先发制人(直击前未被打中的局)=0.250  弹数=92
  [评测进度] 30/100  kill(命中/开火)=0.252  direct(直击/开火)=0.089  被命中(挨打/敌开火)=0.354  先发制人(直击前未被打中的局)=0.267  弹数=135
  [评测进度] 40/100  kill(命中/开火)=0.266  direct(直击/开火)=0.082  被命中(挨打/敌开火)=0.422  先发制人(直击前未被打中的局)=0.225  弹数=184
  [评测进度] 50/100  kill(命中/开火)=0.271  direct(直击/开火)=0.100  被命中(挨打/敌开火)=0.429  先发制人(直击前未被打中的局)=0.220  弹数=221
  [评测进度] 60/100  kill(命中/开火)=0.260  direct(直击/开火)=0.095  被命中(挨打/敌开火)=0.441  先发制人(直击前未被打中的局)=0.200  弹数=273
  [评测进度] 70/100  kill(命中/开火)=0.258  direct(直击/开火)=0.092  被命中(挨打/敌开火)=0.426  先发制人(直击前未被打中的局)=0.200  弹数=326
  [评测进度] 80/100  kill(命中/开火)=0.260  direct(直击/开火)=0.092  被命中(挨打/敌开火)=0.427  先发制人(直击前未被打中的局)=0.225  弹数=369
  [评测进度] 90/100  kill(命中/开火)=0.252  direct(直击/开火)=0.089  被命中(挨打/敌开火)=0.446  先发制人(直击前未被打中的局)=0.211  弹数=416
  [评测进度] 100/100  kill(命中/开火)=0.235  direct(直击/开火)=0.084  被命中(挨打/敌开火)=0.454  先发制人(直击前未被打中的局)=0.210  弹数=464
------------------------------------------------------------
[评测] 阶段=stage_turret  局数=100
  kill_rate(命中/开火) = 0.235  hit_rate(直击/开火) = 0.084  中位TTK = 538
  被命中率(挨打/敌开火) = 0.454  先发制人率(直击前未被打中的局/局数) = 0.210
  TTK口径     : 首直击步数；无直击=该局结束步数（评测步限封顶）
  晋级条件 直击/开火 hit_rate≥1.01  当前=0.084  → 指标未达标
  未晋级，继续当前阶段
------------------------------------------------------------
[进度] 15,384,576/100,000,000 (15.4%)  FPS≈1222  阶段=stage_turret  速度=0.00  直行间隔=180  aim=0.100/current  rotate=-0.07  ent=0.001  std=0.919
[进度] 15,400,960/100,000,000 (15.4%)  FPS≈1221  阶段=stage_turret  速度=0.00  直行间隔=180  aim=0.100/current  rotate=-0.07  ent=0.001  std=0.918
[进度] 15,417,344/100,000,000 (15.4%)  FPS≈1243  阶段=stage_turret  速度=0.00  直行间隔=180  aim=0.100/current  rotate=-0.07  ent=0.001  std=0.918
[进度] 15,433,728/100,000,000 (15.4%)  FPS≈1248  阶段=stage_turret  速度=0.00  直行间隔=180  aim=0.100/current  rotate=-0.07  ent=0.001  std=0.918
[进度] 15,450,112/100,000,000 (15.5%)  FPS≈1230  阶段=stage_turret  速度=0.00  直行间隔=180  aim=0.100/current  rotate=-0.07  ent=0.001  std=0.918
[进度] 15,466,496/100,000,000 (15.5%)  FPS≈1243  阶段=stage_turret  速度=0.00  直行间隔=180  aim=0.100/current  rotate=-0.07  ent=0.001  std=0.917
[进度] 15,482,880/100,000,000 (15.5%)  FPS≈1244  阶段=stage_turret  速度=0.00  直行间隔=180  aim=0.100/current  rotate=-0.07  ent=0.001  std=0.918
[存盘] 课程元数据 model_t15482880_stage0_stage_turret.curriculum.json  stage=stage_turret  bot=turret v=0.00
[存盘] /home/d0brane/tank/runs/curriculum_turret/20260923_115010/checkpoints/model_t15482880_stage0_stage_turret.zip
[评测] 开始（100 局）…
  [评测进度] 10/100  kill(命中/开火)=0.271  direct(直击/开火)=0.062  被命中(挨打/敌开火)=0.426  先发制人(直击前未被打中的局)=0.100  弹数=48
  [评测进度] 20/100  kill(命中/开火)=0.295  direct(直击/开火)=0.084  被命中(挨打/敌开火)=0.500  先发制人(直击前未被打中的局)=0.100  弹数=95
  [评测进度] 30/100  kill(命中/开火)=0.260  direct(直击/开火)=0.082  被命中(挨打/敌开火)=0.503  先发制人(直击前未被打中的局)=0.100  弹数=146
  [评测进度] 40/100  kill(命中/开火)=0.263  direct(直击/开火)=0.077  被命中(挨打/敌开火)=0.502  先发制人(直击前未被打中的局)=0.125  弹数=194
  [评测进度] 50/100  kill(命中/开火)=0.270  direct(直击/开火)=0.080  被命中(挨打/敌开火)=0.531  先发制人(直击前未被打中的局)=0.140  弹数=237
  [评测进度] 60/100  kill(命中/开火)=0.286  direct(直击/开火)=0.080  被命中(挨打/敌开火)=0.515  先发制人(直击前未被打中的局)=0.133  弹数=287
  [评测进度] 70/100  kill(命中/开火)=0.269  direct(直击/开火)=0.081  被命中(挨打/敌开火)=0.504  先发制人(直击前未被打中的局)=0.129  弹数=334
  [评测进度] 80/100  kill(命中/开火)=0.272  direct(直击/开火)=0.078  被命中(挨打/敌开火)=0.498  先发制人(直击前未被打中的局)=0.125  弹数=383
  [评测进度] 90/100  kill(命中/开火)=0.272  direct(直击/开火)=0.083  被命中(挨打/敌开火)=0.493  先发制人(直击前未被打中的局)=0.111  弹数=423
  [评测进度] 100/100  kill(命中/开火)=0.271  direct(直击/开火)=0.086  被命中(挨打/敌开火)=0.490  先发制人(直击前未被打中的局)=0.130  弹数=465
------------------------------------------------------------
[评测] 阶段=stage_turret  局数=100
  kill_rate(命中/开火) = 0.271  hit_rate(直击/开火) = 0.086  中位TTK = 542
  被命中率(挨打/敌开火) = 0.490  先发制人率(直击前未被打中的局/局数) = 0.130
  TTK口径     : 首直击步数；无直击=该局结束步数（评测步限封顶）
  晋级条件 直击/开火 hit_rate≥1.01  当前=0.086  → 指标未达标
  未晋级，继续当前阶段
------------------------------------------------------------
[进度] 15,499,264/100,000,000 (15.5%)  FPS≈1199  阶段=stage_turret  速度=0.00  直行间隔=180  aim=0.100/current  rotate=-0.07  ent=0.001  std=0.917
[进度] 15,515,648/100,000,000 (15.5%)  FPS≈1248  阶段=stage_turret  速度=0.00  直行间隔=180  aim=0.100/current  rotate=-0.07  ent=0.001  std=0.915
[进度] 15,532,032/100,000,000 (15.5%)  FPS≈1201  阶段=stage_turret  速度=0.00  直行间隔=180  aim=0.100/current  rotate=-0.07  ent=0.001  std=0.914
[进度] 15,548,416/100,000,000 (15.5%)  FPS≈1218  阶段=stage_turret  速度=0.00  直行间隔=180  aim=0.100/current  rotate=-0.07  ent=0.001  std=0.914
[进度] 15,564,800/100,000,000 (15.6%)  FPS≈1213  阶段=stage_turret  速度=0.00  直行间隔=180  aim=0.100/current  rotate=-0.07  ent=0.001  std=0.914
[进度] 15,581,184/100,000,000 (15.6%)  FPS≈1204  阶段=stage_turret  速度=0.00  直行间隔=180  aim=0.100/current  rotate=-0.07  ent=0.001  std=0.913
[进度] 15,597,568/100,000,000 (15.6%)  FPS≈1215  阶段=stage_turret  速度=0.00  直行间隔=180  aim=0.100/current  rotate=-0.07  ent=0.001  std=0.912
[存盘] 课程元数据 model_t15597568_stage0_stage_turret.curriculum.json  stage=stage_turret  bot=turret v=0.00
[存盘] /home/d0brane/tank/runs/curriculum_turret/20260923_115010/checkpoints/model_t15597568_stage0_stage_turret.zip
[评测] 开始（100 局）…
  [评测进度] 10/100  kill(命中/开火)=0.267  direct(直击/开火)=0.133  被命中(挨打/敌开火)=0.562  先发制人(直击前未被打中的局)=0.100  弹数=45
  [评测进度] 20/100  kill(命中/开火)=0.279  direct(直击/开火)=0.128  被命中(挨打/敌开火)=0.495  先发制人(直击前未被打中的局)=0.150  弹数=86
  [评测进度] 30/100  kill(命中/开火)=0.273  direct(直击/开火)=0.114  被命中(挨打/敌开火)=0.462  先发制人(直击前未被打中的局)=0.167  弹数=132
  [评测进度] 40/100  kill(命中/开火)=0.245  direct(直击/开火)=0.098  被命中(挨打/敌开火)=0.510  先发制人(直击前未被打中的局)=0.125  弹数=184
  [评测进度] 50/100  kill(命中/开火)=0.233  direct(直击/开火)=0.083  被命中(挨打/敌开火)=0.500  先发制人(直击前未被打中的局)=0.120  弹数=240
  [评测进度] 60/100  kill(命中/开火)=0.242  direct(直击/开火)=0.084  被命中(挨打/敌开火)=0.521  先发制人(直击前未被打中的局)=0.133  弹数=285
  [评测进度] 70/100  kill(命中/开火)=0.229  direct(直击/开火)=0.073  被命中(挨打/敌开火)=0.484  先发制人(直击前未被打中的局)=0.114  弹数=341
  [评测进度] 80/100  kill(命中/开火)=0.229  direct(直击/开火)=0.069  被命中(挨打/敌开火)=0.488  先发制人(直击前未被打中的局)=0.125  弹数=393
  [评测进度] 90/100  kill(命中/开火)=0.226  direct(直击/开火)=0.067  被命中(挨打/敌开火)=0.488  先发制人(直击前未被打中的局)=0.122  弹数=447
  [评测进度] 100/100  kill(命中/开火)=0.229  direct(直击/开火)=0.070  被命中(挨打/敌开火)=0.493  先发制人(直击前未被打中的局)=0.110  弹数=498
------------------------------------------------------------
[评测] 阶段=stage_turret  局数=100
  kill_rate(命中/开火) = 0.229  hit_rate(直击/开火) = 0.070  中位TTK = 570
  被命中率(挨打/敌开火) = 0.493  先发制人率(直击前未被打中的局/局数) = 0.110
  TTK口径     : 首直击步数；无直击=该局结束步数（评测步限封顶）
  晋级条件 直击/开火 hit_rate≥1.01  当前=0.070  → 指标未达标
  未晋级，继续当前阶段
------------------------------------------------------------
[进度] 15,613,952/100,000,000 (15.6%)  FPS≈1231  阶段=stage_turret  速度=0.00  直行间隔=180  aim=0.100/current  rotate=-0.07  ent=0.001  std=0.911
[进度] 15,630,336/100,000,000 (15.6%)  FPS≈1271  阶段=stage_turret  速度=0.00  直行间隔=180  aim=0.100/current  rotate=-0.07  ent=0.001  std=0.911
[进度] 15,646,720/100,000,000 (15.6%)  FPS≈1238  阶段=stage_turret  速度=0.00  直行间隔=180  aim=0.100/current  rotate=-0.07  ent=0.001  std=0.911
[进度] 15,663,104/100,000,000 (15.7%)  FPS≈1210  阶段=stage_turret  速度=0.00  直行间隔=180  aim=0.100/current  rotate=-0.07  ent=0.001  std=0.909
[进度] 15,679,488/100,000,000 (15.7%)  FPS≈1230  阶段=stage_turret  速度=0.00  直行间隔=180  aim=0.100/current  rotate=-0.07  ent=0.001  std=0.908
[进度] 15,695,872/100,000,000 (15.7%)  FPS≈1208  阶段=stage_turret  速度=0.00  直行间隔=180  aim=0.100/current  rotate=-0.07  ent=0.001  std=0.907
[进度] 15,712,256/100,000,000 (15.7%)  FPS≈1246  阶段=stage_turret  速度=0.00  直行间隔=180  aim=0.100/current  rotate=-0.07  ent=0.001  std=0.907
[存盘] 课程元数据 model_t15712256_stage0_stage_turret.curriculum.json  stage=stage_turret  bot=turret v=0.00
[存盘] /home/d0brane/tank/runs/curriculum_turret/20260923_115010/checkpoints/model_t15712256_stage0_stage_turret.zip
[评测] 开始（100 局）…
  [评测进度] 10/100  kill(命中/开火)=0.235  direct(直击/开火)=0.059  被命中(挨打/敌开火)=0.518  先发制人(直击前未被打中的局)=0.100  弹数=51
  [评测进度] 20/100  kill(命中/开火)=0.272  direct(直击/开火)=0.087  被命中(挨打/敌开火)=0.455  先发制人(直击前未被打中的局)=0.200  弹数=92
  [评测进度] 30/100  kill(命中/开火)=0.277  direct(直击/开火)=0.088  被命中(挨打/敌开火)=0.458  先发制人(直击前未被打中的局)=0.167  弹数=137
  [评测进度] 40/100  kill(命中/开火)=0.272  direct(直击/开火)=0.067  被命中(挨打/敌开火)=0.475  先发制人(直击前未被打中的局)=0.125  弹数=195
  [评测进度] 50/100  kill(命中/开火)=0.259  direct(直击/开火)=0.071  被命中(挨打/敌开火)=0.479  先发制人(直击前未被打中的局)=0.120  弹数=239
  [评测进度] 60/100  kill(命中/开火)=0.248  direct(直击/开火)=0.069  被命中(挨打/敌开火)=0.508  先发制人(直击前未被打中的局)=0.117  弹数=290
  [评测进度] 70/100  kill(命中/开火)=0.258  direct(直击/开火)=0.071  被命中(挨打/敌开火)=0.496  先发制人(直击前未被打中的局)=0.129  弹数=337
  [评测进度] 80/100  kill(命中/开火)=0.265  direct(直击/开火)=0.073  被命中(挨打/敌开火)=0.482  先发制人(直击前未被打中的局)=0.150  弹数=385
  [评测进度] 90/100  kill(命中/开火)=0.253  direct(直击/开火)=0.066  被命中(挨打/敌开火)=0.481  先发制人(直击前未被打中的局)=0.133  弹数=442
  [评测进度] 100/100  kill(命中/开火)=0.254  direct(直击/开火)=0.067  被命中(挨打/敌开火)=0.472  先发制人(直击前未被打中的局)=0.120  弹数=493
------------------------------------------------------------
[评测] 阶段=stage_turret  局数=100
  kill_rate(命中/开火) = 0.254  hit_rate(直击/开火) = 0.067  中位TTK = 592
  被命中率(挨打/敌开火) = 0.472  先发制人率(直击前未被打中的局/局数) = 0.120
  TTK口径     : 首直击步数；无直击=该局结束步数（评测步限封顶）
  晋级条件 直击/开火 hit_rate≥1.01  当前=0.067  → 指标未达标
  未晋级，继续当前阶段
------------------------------------------------------------
[进度] 15,728,640/100,000,000 (15.7%)  FPS≈1222  阶段=stage_turret  速度=0.00  直行间隔=180  aim=0.100/current  rotate=-0.07  ent=0.001  std=0.908
[进度] 15,745,024/100,000,000 (15.7%)  FPS≈1233  阶段=stage_turret  速度=0.00  直行间隔=180  aim=0.100/current  rotate=-0.07  ent=0.001  std=0.908
[进度] 15,761,408/100,000,000 (15.8%)  FPS≈1240  阶段=stage_turret  速度=0.00  直行间隔=180  aim=0.100/current  rotate=-0.07  ent=0.001  std=0.908
[进度] 15,777,792/100,000,000 (15.8%)  FPS≈1231  阶段=stage_turret  速度=0.00  直行间隔=180  aim=0.100/current  rotate=-0.07  ent=0.001  std=0.907
[进度] 15,794,176/100,000,000 (15.8%)  FPS≈1238  阶段=stage_turret  速度=0.00  直行间隔=180  aim=0.100/current  rotate=-0.07  ent=0.001  std=0.907
[进度] 15,810,560/100,000,000 (15.8%)  FPS≈1196  阶段=stage_turret  速度=0.00  直行间隔=180  aim=0.100/current  rotate=-0.07  ent=0.001  std=0.905
[进度] 15,826,944/100,000,000 (15.8%)  FPS≈1223  阶段=stage_turret  速度=0.00  直行间隔=180  aim=0.100/current  rotate=-0.07  ent=0.001  std=0.903
[存盘] 课程元数据 model_t15826944_stage0_stage_turret.curriculum.json  stage=stage_turret  bot=turret v=0.00
[存盘] /home/d0brane/tank/runs/curriculum_turret/20260923_115010/checkpoints/model_t15826944_stage0_stage_turret.zip
[评测] 开始（100 局）…
  [评测进度] 10/100  kill(命中/开火)=0.250  direct(直击/开火)=0.038  被命中(挨打/敌开火)=0.571  先发制人(直击前未被打中的局)=0.100  弹数=52
  [评测进度] 20/100  kill(命中/开火)=0.233  direct(直击/开火)=0.039  被命中(挨打/敌开火)=0.540  先发制人(直击前未被打中的局)=0.050  弹数=103
  [评测进度] 30/100  kill(命中/开火)=0.216  direct(直击/开火)=0.039  被命中(挨打/敌开火)=0.548  先发制人(直击前未被打中的局)=0.067  弹数=153
  [评测进度] 40/100  kill(命中/开火)=0.222  direct(直击/开火)=0.039  被命中(挨打/敌开火)=0.545  先发制人(直击前未被打中的局)=0.050  弹数=207
  [评测进度] 50/100  kill(命中/开火)=0.225  direct(直击/开火)=0.048  被命中(挨打/敌开火)=0.534  先发制人(直击前未被打中的局)=0.100  弹数=249
  [评测进度] 60/100  kill(命中/开火)=0.228  direct(直击/开火)=0.059  被命中(挨打/敌开火)=0.529  先发制人(直击前未被打中的局)=0.133  弹数=290
  [评测进度] 70/100  kill(命中/开火)=0.215  direct(直击/开火)=0.061  被命中(挨打/敌开火)=0.524  先发制人(直击前未被打中的局)=0.114  弹数=344
  [评测进度] 80/100  kill(命中/开火)=0.231  direct(直击/开火)=0.072  被命中(挨打/敌开火)=0.514  先发制人(直击前未被打中的局)=0.150  弹数=377
  [评测进度] 90/100  kill(命中/开火)=0.229  direct(直击/开火)=0.064  被命中(挨打/敌开火)=0.528  先发制人(直击前未被打中的局)=0.133  弹数=437
  [评测进度] 100/100  kill(命中/开火)=0.222  direct(直击/开火)=0.065  被命中(挨打/敌开火)=0.500  先发制人(直击前未被打中的局)=0.130  弹数=492
------------------------------------------------------------
[评测] 阶段=stage_turret  局数=100
  kill_rate(命中/开火) = 0.222  hit_rate(直击/开火) = 0.065  中位TTK = 550
  被命中率(挨打/敌开火) = 0.500  先发制人率(直击前未被打中的局/局数) = 0.130
  TTK口径     : 首直击步数；无直击=该局结束步数（评测步限封顶）
  晋级条件 直击/开火 hit_rate≥1.01  当前=0.065  → 指标未达标
  未晋级，继续当前阶段
------------------------------------------------------------
[进度] 15,843,328/100,000,000 (15.8%)  FPS≈1176  阶段=stage_turret  速度=0.00  直行间隔=180  aim=0.100/current  rotate=-0.07  ent=0.001  std=0.903
[进度] 15,859,712/100,000,000 (15.9%)  FPS≈1235  阶段=stage_turret  速度=0.00  直行间隔=180  aim=0.100/current  rotate=-0.07  ent=0.001  std=0.903
[进度] 15,876,096/100,000,000 (15.9%)  FPS≈1257  阶段=stage_turret  速度=0.00  直行间隔=180  aim=0.100/current  rotate=-0.07  ent=0.001  std=0.903
[进度] 15,892,480/100,000,000 (15.9%)  FPS≈1237  阶段=stage_turret  速度=0.00  直行间隔=180  aim=0.100/current  rotate=-0.07  ent=0.001  std=0.904
[进度] 15,908,864/100,000,000 (15.9%)  FPS≈1224  阶段=stage_turret  速度=0.00  直行间隔=180  aim=0.100/current  rotate=-0.07  ent=0.001  std=0.905
[进度] 15,925,248/100,000,000 (15.9%)  FPS≈1218  阶段=stage_turret  速度=0.00  直行间隔=180  aim=0.100/current  rotate=-0.07  ent=0.001  std=0.903
[进度] 15,941,632/100,000,000 (15.9%)  FPS≈1216  阶段=stage_turret  速度=0.00  直行间隔=180  aim=0.100/current  rotate=-0.07  ent=0.001  std=0.904
[存盘] 课程元数据 model_t15941632_stage0_stage_turret.curriculum.json  stage=stage_turret  bot=turret v=0.00
[存盘] /home/d0brane/tank/runs/curriculum_turret/20260923_115010/checkpoints/model_t15941632_stage0_stage_turret.zip
[评测] 开始（100 局）…
  [评测进度] 10/100  kill(命中/开火)=0.218  direct(直击/开火)=0.055  被命中(挨打/敌开火)=0.561  先发制人(直击前未被打中的局)=0.100  弹数=55
  [评测进度] 20/100  kill(命中/开火)=0.250  direct(直击/开火)=0.098  被命中(挨打/敌开火)=0.532  先发制人(直击前未被打中的局)=0.200  弹数=92
  [评测进度] 30/100  kill(命中/开火)=0.268  direct(直击/开火)=0.101  被命中(挨打/敌开火)=0.503  先发制人(直击前未被打中的局)=0.233  弹数=138
  [评测进度] 40/100  kill(命中/开火)=0.279  direct(直击/开火)=0.098  被命中(挨打/敌开火)=0.505  先发制人(直击前未被打中的局)=0.225  弹数=183
  [评测进度] 50/100  kill(命中/开火)=0.268  direct(直击/开火)=0.094  被命中(挨打/敌开火)=0.482  先发制人(直击前未被打中的局)=0.180  弹数=235
  [评测进度] 60/100  kill(命中/开火)=0.252  direct(直击/开火)=0.083  被命中(挨打/敌开火)=0.466  先发制人(直击前未被打中的局)=0.150  弹数=290
  [评测进度] 70/100  kill(命中/开火)=0.261  direct(直击/开火)=0.074  被命中(挨打/敌开火)=0.468  先发制人(直击前未被打中的局)=0.143  弹数=349
  [评测进度] 80/100  kill(命中/开火)=0.251  direct(直击/开火)=0.084  被命中(挨打/敌开火)=0.481  先发制人(直击前未被打中的局)=0.125  弹数=394
  [评测进度] 90/100  kill(命中/开火)=0.243  direct(直击/开火)=0.078  被命中(挨打/敌开火)=0.470  先发制人(直击前未被打中的局)=0.122  弹数=449
  [评测进度] 100/100  kill(命中/开火)=0.230  direct(直击/开火)=0.074  被命中(挨打/敌开火)=0.477  先发制人(直击前未被打中的局)=0.120  弹数=499
------------------------------------------------------------
[评测] 阶段=stage_turret  局数=100
  kill_rate(命中/开火) = 0.230  hit_rate(直击/开火) = 0.074  中位TTK = 600
  被命中率(挨打/敌开火) = 0.477  先发制人率(直击前未被打中的局/局数) = 0.120
  TTK口径     : 首直击步数；无直击=该局结束步数（评测步限封顶）
  晋级条件 直击/开火 hit_rate≥1.01  当前=0.074  → 指标未达标
  未晋级，继续当前阶段
------------------------------------------------------------
[进度] 15,958,016/100,000,000 (16.0%)  FPS≈1192  阶段=stage_turret  速度=0.00  直行间隔=180  aim=0.100/current  rotate=-0.07  ent=0.001  std=0.902
[进度] 15,974,400/100,000,000 (16.0%)  FPS≈1216  阶段=stage_turret  速度=0.00  直行间隔=180  aim=0.100/current  rotate=-0.07  ent=0.001  std=0.902
[进度] 15,990,784/100,000,000 (16.0%)  FPS≈1241  阶段=stage_turret  速度=0.00  直行间隔=180  aim=0.100/current  rotate=-0.07  ent=0.001  std=0.903
[进度] 16,007,168/100,000,000 (16.0%)  FPS≈1221  阶段=stage_turret  速度=0.00  直行间隔=180  aim=0.100/current  rotate=-0.07  ent=0.001  std=0.902
[进度] 16,023,552/100,000,000 (16.0%)  FPS≈1248  阶段=stage_turret  速度=0.00  直行间隔=180  aim=0.100/current  rotate=-0.07  ent=0.001  std=0.903
[进度] 16,039,936/100,000,000 (16.0%)  FPS≈1234  阶段=stage_turret  速度=0.00  直行间隔=180  aim=0.100/current  rotate=-0.07  ent=0.001  std=0.901
[进度] 16,056,320/100,000,000 (16.1%)  FPS≈1250  阶段=stage_turret  速度=0.00  直行间隔=180  aim=0.100/current  rotate=-0.07  ent=0.001  std=0.902
[存盘] 课程元数据 model_t16056320_stage0_stage_turret.curriculum.json  stage=stage_turret  bot=turret v=0.00
[存盘] /home/d0brane/tank/runs/curriculum_turret/20260923_115010/checkpoints/model_t16056320_stage0_stage_turret.zip
[评测] 开始（100 局）…
  [评测进度] 10/100  kill(命中/开火)=0.217  direct(直击/开火)=0.065  被命中(挨打/敌开火)=0.583  先发制人(直击前未被打中的局)=0.200  弹数=46
  [评测进度] 20/100  kill(命中/开火)=0.172  direct(直击/开火)=0.051  被命中(挨打/敌开火)=0.590  先发制人(直击前未被打中的局)=0.150  弹数=99
  [评测进度] 30/100  kill(命中/开火)=0.209  direct(直击/开火)=0.090  被命中(挨打/敌开火)=0.553  先发制人(直击前未被打中的局)=0.200  弹数=134
  [评测进度] 40/100  kill(命中/开火)=0.239  direct(直击/开火)=0.089  被命中(挨打/敌开火)=0.542  先发制人(直击前未被打中的局)=0.175  弹数=180
  [评测进度] 50/100  kill(命中/开火)=0.242  direct(直击/开火)=0.082  被命中(挨打/敌开火)=0.523  先发制人(直击前未被打中的局)=0.140  弹数=231
  [评测进度] 60/100  kill(命中/开火)=0.232  direct(直击/开火)=0.087  被命中(挨打/敌开火)=0.517  先发制人(直击前未被打中的局)=0.133  弹数=276
  [评测进度] 70/100  kill(命中/开火)=0.229  direct(直击/开火)=0.080  被命中(挨打/敌开火)=0.507  先发制人(直击前未被打中的局)=0.143  弹数=327
  [评测进度] 80/100  kill(命中/开火)=0.229  direct(直击/开火)=0.085  被命中(挨打/敌开火)=0.512  先发制人(直击前未被打中的局)=0.138  弹数=376
  [评测进度] 90/100  kill(命中/开火)=0.226  direct(直击/开火)=0.083  被命中(挨打/敌开火)=0.503  先发制人(直击前未被打中的局)=0.156  弹数=424
  [评测进度] 100/100  kill(命中/开火)=0.222  direct(直击/开火)=0.080  被命中(挨打/敌开火)=0.502  先发制人(直击前未被打中的局)=0.150  弹数=477
------------------------------------------------------------
[评测] 阶段=stage_turret  局数=100
  kill_rate(命中/开火) = 0.222  hit_rate(直击/开火) = 0.080  中位TTK = 520
  被命中率(挨打/敌开火) = 0.502  先发制人率(直击前未被打中的局/局数) = 0.150
  TTK口径     : 首直击步数；无直击=该局结束步数（评测步限封顶）
  晋级条件 直击/开火 hit_rate≥1.01  当前=0.080  → 指标未达标
  未晋级，继续当前阶段
------------------------------------------------------------
[进度] 16,072,704/100,000,000 (16.1%)  FPS≈1200  阶段=stage_turret  速度=0.00  直行间隔=180  aim=0.100/current  rotate=-0.07  ent=0.001  std=0.902
[进度] 16,089,088/100,000,000 (16.1%)  FPS≈1225  阶段=stage_turret  速度=0.00  直行间隔=180  aim=0.100/current  rotate=-0.07  ent=0.001  std=0.901
[进度] 16,105,472/100,000,000 (16.1%)  FPS≈1176  阶段=stage_turret  速度=0.00  直行间隔=180  aim=0.100/current  rotate=-0.07  ent=0.001  std=0.901
[进度] 16,121,856/100,000,000 (16.1%)  FPS≈1214  阶段=stage_turret  速度=0.00  直行间隔=180  aim=0.100/current  rotate=-0.07  ent=0.001  std=0.901
[进度] 16,138,240/100,000,000 (16.1%)  FPS≈1223  阶段=stage_turret  速度=0.00  直行间隔=180  aim=0.100/current  rotate=-0.07  ent=0.001  std=0.900
[进度] 16,154,624/100,000,000 (16.2%)  FPS≈1226  阶段=stage_turret  速度=0.00  直行间隔=180  aim=0.100/current  rotate=-0.07  ent=0.001  std=0.899
[进度] 16,171,008/100,000,000 (16.2%)  FPS≈1196  阶段=stage_turret  速度=0.00  直行间隔=180  aim=0.100/current  rotate=-0.07  ent=0.001  std=0.899
[存盘] 课程元数据 model_t16171008_stage0_stage_turret.curriculum.json  stage=stage_turret  bot=turret v=0.00
[存盘] /home/d0brane/tank/runs/curriculum_turret/20260923_115010/checkpoints/model_t16171008_stage0_stage_turret.zip
[评测] 开始（100 局）…
  [评测进度] 10/100  kill(命中/开火)=0.261  direct(直击/开火)=0.087  被命中(挨打/敌开火)=0.413  先发制人(直击前未被打中的局)=0.300  弹数=46
  [评测进度] 20/100  kill(命中/开火)=0.189  direct(直击/开火)=0.084  被命中(挨打/敌开火)=0.474  先发制人(直击前未被打中的局)=0.200  弹数=95
  [评测进度] 30/100  kill(命中/开火)=0.189  direct(直击/开火)=0.070  被命中(挨打/敌开火)=0.523  先发制人(直击前未被打中的局)=0.133  弹数=143
  [评测进度] 40/100  kill(命中/开火)=0.205  direct(直击/开火)=0.074  被命中(挨打/敌开火)=0.493  先发制人(直击前未被打中的局)=0.125  弹数=190
  [评测进度] 50/100  kill(命中/开火)=0.222  direct(直击/开火)=0.067  被命中(挨打/敌开火)=0.500  先发制人(直击前未被打中的局)=0.120  弹数=239
  [评测进度] 60/100  kill(命中/开火)=0.219  direct(直击/开火)=0.065  被命中(挨打/敌开火)=0.469  先发制人(直击前未被打中的局)=0.117  弹数=292
  [评测进度] 70/100  kill(命中/开火)=0.237  direct(直击/开火)=0.074  被命中(挨打/敌开火)=0.471  先发制人(直击前未被打中的局)=0.114  弹数=337
  [评测进度] 80/100  kill(命中/开火)=0.227  direct(直击/开火)=0.074  被命中(挨打/敌开火)=0.498  先发制人(直击前未被打中的局)=0.125  弹数=379
  [评测进度] 90/100  kill(命中/开火)=0.229  direct(直击/开火)=0.075  被命中(挨打/敌开火)=0.485  先发制人(直击前未被打中的局)=0.122  弹数=424
  [评测进度] 100/100  kill(命中/开火)=0.229  direct(直击/开火)=0.071  被命中(挨打/敌开火)=0.475  先发制人(直击前未被打中的局)=0.110  弹数=481
------------------------------------------------------------
[评测] 阶段=stage_turret  局数=100
  kill_rate(命中/开火) = 0.229  hit_rate(直击/开火) = 0.071  中位TTK = 573
  被命中率(挨打/敌开火) = 0.475  先发制人率(直击前未被打中的局/局数) = 0.110
  TTK口径     : 首直击步数；无直击=该局结束步数（评测步限封顶）
  晋级条件 直击/开火 hit_rate≥1.01  当前=0.071  → 指标未达标
  未晋级，继续当前阶段
------------------------------------------------------------
[进度] 16,187,392/100,000,000 (16.2%)  FPS≈1213  阶段=stage_turret  速度=0.00  直行间隔=180  aim=0.100/current  rotate=-0.07  ent=0.001  std=0.899
[进度] 16,203,776/100,000,000 (16.2%)  FPS≈1196  阶段=stage_turret  速度=0.00  直行间隔=180  aim=0.100/current  rotate=-0.07  ent=0.001  std=0.898
[进度] 16,220,160/100,000,000 (16.2%)  FPS≈1213  阶段=stage_turret  速度=0.00  直行间隔=180  aim=0.100/current  rotate=-0.07  ent=0.001  std=0.898
[进度] 16,236,544/100,000,000 (16.2%)  FPS≈1217  阶段=stage_turret  速度=0.00  直行间隔=180  aim=0.100/current  rotate=-0.07  ent=0.001  std=0.899
[进度] 16,252,928/100,000,000 (16.3%)  FPS≈1186  阶段=stage_turret  速度=0.00  直行间隔=180  aim=0.100/current  rotate=-0.07  ent=0.001  std=0.898
[进度] 16,269,312/100,000,000 (16.3%)  FPS≈1197  阶段=stage_turret  速度=0.00  直行间隔=180  aim=0.100/current  rotate=-0.07  ent=0.001  std=0.900
[进度] 16,285,696/100,000,000 (16.3%)  FPS≈1241  阶段=stage_turret  速度=0.00  直行间隔=180  aim=0.100/current  rotate=-0.07  ent=0.001  std=0.898
[存盘] 课程元数据 model_t16285696_stage0_stage_turret.curriculum.json  stage=stage_turret  bot=turret v=0.00
[存盘] /home/d0brane/tank/runs/curriculum_turret/20260923_115010/checkpoints/model_t16285696_stage0_stage_turret.zip
[评测] 开始（100 局）…
  [评测进度] 10/100  kill(命中/开火)=0.406  direct(直击/开火)=0.219  被命中(挨打/敌开火)=0.622  先发制人(直击前未被打中的局)=0.300  弹数=32
  [评测进度] 20/100  kill(命中/开火)=0.314  direct(直击/开火)=0.116  被命中(挨打/敌开火)=0.479  先发制人(直击前未被打中的局)=0.200  弹数=86
  [评测进度] 30/100  kill(命中/开火)=0.252  direct(直击/开火)=0.104  被命中(挨打/敌开火)=0.476  先发制人(直击前未被打中的局)=0.167  弹数=135
  [评测进度] 40/100  kill(命中/开火)=0.249  direct(直击/开火)=0.073  被命中(挨打/敌开火)=0.469  先发制人(直击前未被打中的局)=0.125  弹数=193
  [评测进度] 50/100  kill(命中/开火)=0.244  direct(直击/开火)=0.066  被命中(挨打/敌开火)=0.459  先发制人(直击前未被打中的局)=0.140  弹数=242
  [评测进度] 60/100  kill(命中/开火)=0.258  direct(直击/开火)=0.079  被命中(挨打/敌开火)=0.459  先发制人(直击前未被打中的局)=0.167  弹数=279
  [评测进度] 70/100  kill(命中/开火)=0.254  direct(直击/开火)=0.076  被命中(挨打/敌开火)=0.480  先发制人(直击前未被打中的局)=0.186  弹数=327
  [评测进度] 80/100  kill(命中/开火)=0.250  direct(直击/开火)=0.068  被命中(挨打/敌开火)=0.480  先发制人(直击前未被打中的局)=0.163  弹数=384
  [评测进度] 90/100  kill(命中/开火)=0.240  direct(直击/开火)=0.066  被命中(挨打/敌开火)=0.471  先发制人(直击前未被打中的局)=0.156  弹数=437
  [评测进度] 100/100  kill(命中/开火)=0.227  direct(直击/开火)=0.066  被命中(挨打/敌开火)=0.473  先发制人(直击前未被打中的局)=0.150  弹数=485
------------------------------------------------------------
[评测] 阶段=stage_turret  局数=100
  kill_rate(命中/开火) = 0.227  hit_rate(直击/开火) = 0.066  中位TTK = 568
  被命中率(挨打/敌开火) = 0.473  先发制人率(直击前未被打中的局/局数) = 0.150
  TTK口径     : 首直击步数；无直击=该局结束步数（评测步限封顶）
  晋级条件 直击/开火 hit_rate≥1.01  当前=0.066  → 指标未达标
  未晋级，继续当前阶段
------------------------------------------------------------
[进度] 16,302,080/100,000,000 (16.3%)  FPS≈1257  阶段=stage_turret  速度=0.00  直行间隔=180  aim=0.100/current  rotate=-0.07  ent=0.001  std=0.900
[进度] 16,318,464/100,000,000 (16.3%)  FPS≈1213  阶段=stage_turret  速度=0.00  直行间隔=180  aim=0.100/current  rotate=-0.07  ent=0.001  std=0.900
[进度] 16,334,848/100,000,000 (16.3%)  FPS≈1245  阶段=stage_turret  速度=0.00  直行间隔=180  aim=0.100/current  rotate=-0.07  ent=0.001  std=0.900
[进度] 16,351,232/100,000,000 (16.4%)  FPS≈1244  阶段=stage_turret  速度=0.00  直行间隔=180  aim=0.100/current  rotate=-0.07  ent=0.001  std=0.901
[进度] 16,367,616/100,000,000 (16.4%)  FPS≈1228  阶段=stage_turret  速度=0.00  直行间隔=180  aim=0.100/current  rotate=-0.07  ent=0.001  std=0.900
[进度] 16,384,000/100,000,000 (16.4%)  FPS≈1255  阶段=stage_turret  速度=0.00  直行间隔=180  aim=0.100/current  rotate=-0.07  ent=0.001  std=0.900
[进度] 16,400,384/100,000,000 (16.4%)  FPS≈1238  阶段=stage_turret  速度=0.00  直行间隔=180  aim=0.100/current  rotate=-0.07  ent=0.001  std=0.900
[存盘] 课程元数据 model_t16400384_stage0_stage_turret.curriculum.json  stage=stage_turret  bot=turret v=0.00
[存盘] /home/d0brane/tank/runs/curriculum_turret/20260923_115010/checkpoints/model_t16400384_stage0_stage_turret.zip
[评测] 开始（100 局）…
  [评测进度] 10/100  kill(命中/开火)=0.407  direct(直击/开火)=0.296  被命中(挨打/敌开火)=0.517  先发制人(直击前未被打中的局)=0.300  弹数=27
  [评测进度] 20/100  kill(命中/开火)=0.303  direct(直击/开火)=0.145  被命中(挨打/敌开火)=0.506  先发制人(直击前未被打中的局)=0.200  弹数=76
  [评测进度] 30/100  kill(命中/开火)=0.250  direct(直击/开火)=0.113  被命中(挨打/敌开火)=0.466  先发制人(直击前未被打中的局)=0.200  弹数=124
  [评测进度] 40/100  kill(命中/开火)=0.224  direct(直击/开火)=0.098  被命中(挨打/敌开火)=0.425  先发制人(直击前未被打中的局)=0.175  弹数=174
  [评测进度] 50/100  kill(命中/开火)=0.240  direct(直击/开火)=0.111  被命中(挨打/敌开火)=0.437  先发制人(直击前未被打中的局)=0.140  弹数=208
  [评测进度] 60/100  kill(命中/开火)=0.219  direct(直击/开火)=0.109  被命中(挨打/敌开火)=0.445  先发制人(直击前未被打中的局)=0.150  弹数=256
  [评测进度] 70/100  kill(命中/开火)=0.208  direct(直击/开火)=0.099  被命中(挨打/敌开火)=0.455  先发制人(直击前未被打中的局)=0.143  弹数=312
  [评测进度] 80/100  kill(命中/开火)=0.211  direct(直击/开火)=0.098  被命中(挨打/敌开火)=0.458  先发制人(直击前未被打中的局)=0.138  弹数=356
  [评测进度] 90/100  kill(命中/开火)=0.223  direct(直击/开火)=0.101  被命中(挨打/敌开火)=0.457  先发制人(直击前未被打中的局)=0.167  弹数=395
  [评测进度] 100/100  kill(命中/开火)=0.222  direct(直击/开火)=0.102  被命中(挨打/敌开火)=0.460  先发制人(直击前未被打中的局)=0.170  弹数=441
------------------------------------------------------------
[评测] 阶段=stage_turret  局数=100
  kill_rate(命中/开火) = 0.222  hit_rate(直击/开火) = 0.102  中位TTK = 510
  被命中率(挨打/敌开火) = 0.460  先发制人率(直击前未被打中的局/局数) = 0.170
  TTK口径     : 首直击步数；无直击=该局结束步数（评测步限封顶）
  晋级条件 直击/开火 hit_rate≥1.01  当前=0.102  → 指标未达标
  未晋级，继续当前阶段
------------------------------------------------------------
[进度] 16,416,768/100,000,000 (16.4%)  FPS≈1206  阶段=stage_turret  速度=0.00  直行间隔=180  aim=0.100/current  rotate=-0.07  ent=0.001  std=0.899
[进度] 16,433,152/100,000,000 (16.4%)  FPS≈1228  阶段=stage_turret  速度=0.00  直行间隔=180  aim=0.100/current  rotate=-0.07  ent=0.001  std=0.898
[进度] 16,449,536/100,000,000 (16.4%)  FPS≈1232  阶段=stage_turret  速度=0.00  直行间隔=180  aim=0.100/current  rotate=-0.07  ent=0.001  std=0.897
[进度] 16,465,920/100,000,000 (16.5%)  FPS≈1224  阶段=stage_turret  速度=0.00  直行间隔=180  aim=0.100/current  rotate=-0.07  ent=0.001  std=0.896
[进度] 16,482,304/100,000,000 (16.5%)  FPS≈1190  阶段=stage_turret  速度=0.00  直行间隔=180  aim=0.100/current  rotate=-0.07  ent=0.001  std=0.898
[进度] 16,498,688/100,000,000 (16.5%)  FPS≈1201  阶段=stage_turret  速度=0.00  直行间隔=180  aim=0.100/current  rotate=-0.07  ent=0.001  std=0.897
[进度] 16,515,072/100,000,000 (16.5%)  FPS≈1239  阶段=stage_turret  速度=0.00  直行间隔=180  aim=0.100/current  rotate=-0.07  ent=0.001  std=0.896
[存盘] 课程元数据 model_t16515072_stage0_stage_turret.curriculum.json  stage=stage_turret  bot=turret v=0.00
[存盘] /home/d0brane/tank/runs/curriculum_turret/20260923_115010/checkpoints/model_t16515072_stage0_stage_turret.zip
[评测] 开始（100 局）…
  [评测进度] 10/100  kill(命中/开火)=0.333  direct(直击/开火)=0.083  被命中(挨打/敌开火)=0.327  先发制人(直击前未被打中的局)=0.200  弹数=48
  [评测进度] 20/100  kill(命中/开火)=0.245  direct(直击/开火)=0.071  被命中(挨打/敌开火)=0.394  先发制人(直击前未被打中的局)=0.150  弹数=98
  [评测进度] 30/100  kill(命中/开火)=0.236  direct(直击/开火)=0.076  被命中(挨打/敌开火)=0.405  先发制人(直击前未被打中的局)=0.167  弹数=144
  [评测进度] 40/100  kill(命中/开火)=0.234  direct(直击/开火)=0.078  被命中(挨打/敌开火)=0.380  先发制人(直击前未被打中的局)=0.175  弹数=192
  [评测进度] 50/100  kill(命中/开火)=0.239  direct(直击/开火)=0.076  被命中(挨打/敌开火)=0.414  先发制人(直击前未被打中的局)=0.140  弹数=238
  [评测进度] 60/100  kill(命中/开火)=0.253  direct(直击/开火)=0.085  被命中(挨打/敌开火)=0.427  先发制人(直击前未被打中的局)=0.150  弹数=281
  [评测进度] 70/100  kill(命中/开火)=0.240  direct(直击/开火)=0.078  被命中(挨打/敌开火)=0.435  先发制人(直击前未被打中的局)=0.143  弹数=334
  [评测进度] 80/100  kill(命中/开火)=0.237  direct(直击/开火)=0.082  被命中(挨打/敌开火)=0.410  先发制人(直击前未被打中的局)=0.175  弹数=380
  [评测进度] 90/100  kill(命中/开火)=0.237  direct(直击/开火)=0.085  被命中(挨打/敌开火)=0.426  先发制人(直击前未被打中的局)=0.178  弹数=426
  [评测进度] 100/100  kill(命中/开火)=0.231  direct(直击/开火)=0.084  被命中(挨打/敌开火)=0.426  先发制人(直击前未被打中的局)=0.180  弹数=477
------------------------------------------------------------
[评测] 阶段=stage_turret  局数=100
  kill_rate(命中/开火) = 0.231  hit_rate(直击/开火) = 0.084  中位TTK = 530
  被命中率(挨打/敌开火) = 0.426  先发制人率(直击前未被打中的局/局数) = 0.180
  TTK口径     : 首直击步数；无直击=该局结束步数（评测步限封顶）
  晋级条件 直击/开火 hit_rate≥1.01  当前=0.084  → 指标未达标
  未晋级，继续当前阶段
------------------------------------------------------------
[进度] 16,531,456/100,000,000 (16.5%)  FPS≈1170  阶段=stage_turret  速度=0.00  直行间隔=180  aim=0.100/current  rotate=-0.07  ent=0.001  std=0.895
[进度] 16,547,840/100,000,000 (16.5%)  FPS≈1232  阶段=stage_turret  速度=0.00  直行间隔=180  aim=0.100/current  rotate=-0.07  ent=0.001  std=0.894
[进度] 16,564,224/100,000,000 (16.6%)  FPS≈1220  阶段=stage_turret  速度=0.00  直行间隔=180  aim=0.100/current  rotate=-0.07  ent=0.001  std=0.894
[进度] 16,580,608/100,000,000 (16.6%)  FPS≈1247  阶段=stage_turret  速度=0.00  直行间隔=180  aim=0.100/current  rotate=-0.07  ent=0.001  std=0.894
[进度] 16,596,992/100,000,000 (16.6%)  FPS≈1221  阶段=stage_turret  速度=0.00  直行间隔=180  aim=0.100/current  rotate=-0.07  ent=0.001  std=0.894
[进度] 16,613,376/100,000,000 (16.6%)  FPS≈1192  阶段=stage_turret  速度=0.00  直行间隔=180  aim=0.100/current  rotate=-0.07  ent=0.001  std=0.896
[进度] 16,629,760/100,000,000 (16.6%)  FPS≈1229  阶段=stage_turret  速度=0.00  直行间隔=180  aim=0.100/current  rotate=-0.07  ent=0.001  std=0.896
[存盘] 课程元数据 model_t16629760_stage0_stage_turret.curriculum.json  stage=stage_turret  bot=turret v=0.00
[存盘] /home/d0brane/tank/runs/curriculum_turret/20260923_115010/checkpoints/model_t16629760_stage0_stage_turret.zip
[评测] 开始（100 局）…
  [评测进度] 10/100  kill(命中/开火)=0.208  direct(直击/开火)=0.083  被命中(挨打/敌开火)=0.560  先发制人(直击前未被打中的局)=0.200  弹数=48
  [评测进度] 20/100  kill(命中/开火)=0.215  direct(直击/开火)=0.108  被命中(挨打/敌开火)=0.520  先发制人(直击前未被打中的局)=0.150  弹数=93
  [评测进度] 30/100  kill(命中/开火)=0.222  direct(直击/开火)=0.104  被命中(挨打/敌开火)=0.447  先发制人(直击前未被打中的局)=0.200  弹数=144
  [评测进度] 40/100  kill(命中/开火)=0.232  direct(直击/开火)=0.100  被命中(挨打/敌开火)=0.408  先发制人(直击前未被打中的局)=0.200  弹数=190
  [评测进度] 50/100  kill(命中/开火)=0.191  direct(直击/开火)=0.080  被命中(挨打/敌开火)=0.444  先发制人(直击前未被打中的局)=0.160  弹数=251
  [评测进度] 60/100  kill(命中/开火)=0.193  direct(直击/开火)=0.090  被命中(挨打/敌开火)=0.443  先发制人(直击前未被打中的局)=0.183  弹数=290
  [评测进度] 70/100  kill(命中/开火)=0.189  direct(直击/开火)=0.081  被命中(挨打/敌开火)=0.460  先发制人(直击前未被打中的局)=0.171  弹数=344
  [评测进度] 80/100  kill(命中/开火)=0.193  direct(直击/开火)=0.089  被命中(挨打/敌开火)=0.459  先发制人(直击前未被打中的局)=0.188  弹数=383
  [评测进度] 90/100  kill(命中/开火)=0.180  direct(直击/开火)=0.082  被命中(挨打/敌开火)=0.458  先发制人(直击前未被打中的局)=0.178  弹数=438
  [评测进度] 100/100  kill(命中/开火)=0.182  direct(直击/开火)=0.079  被命中(挨打/敌开火)=0.457  先发制人(直击前未被打中的局)=0.160  弹数=495
------------------------------------------------------------
[评测] 阶段=stage_turret  局数=100
  kill_rate(命中/开火) = 0.182  hit_rate(直击/开火) = 0.079  中位TTK = 572
  被命中率(挨打/敌开火) = 0.457  先发制人率(直击前未被打中的局/局数) = 0.160
  TTK口径     : 首直击步数；无直击=该局结束步数（评测步限封顶）
  晋级条件 直击/开火 hit_rate≥1.01  当前=0.079  → 指标未达标
  未晋级，继续当前阶段
------------------------------------------------------------
[进度] 16,646,144/100,000,000 (16.6%)  FPS≈1184  阶段=stage_turret  速度=0.00  直行间隔=180  aim=0.100/current  rotate=-0.07  ent=0.001  std=0.896
[进度] 16,662,528/100,000,000 (16.7%)  FPS≈1195  阶段=stage_turret  速度=0.00  直行间隔=180  aim=0.100/current  rotate=-0.07  ent=0.001  std=0.895
[进度] 16,678,912/100,000,000 (16.7%)  FPS≈1227  阶段=stage_turret  速度=0.00  直行间隔=180  aim=0.100/current  rotate=-0.07  ent=0.001  std=0.895
[进度] 16,695,296/100,000,000 (16.7%)  FPS≈1229  阶段=stage_turret  速度=0.00  直行间隔=180  aim=0.100/current  rotate=-0.07  ent=0.001  std=0.894
[进度] 16,711,680/100,000,000 (16.7%)  FPS≈1230  阶段=stage_turret  速度=0.00  直行间隔=180  aim=0.100/current  rotate=-0.07  ent=0.001  std=0.894
[进度] 16,728,064/100,000,000 (16.7%)  FPS≈1254  阶段=stage_turret  速度=0.00  直行间隔=180  aim=0.100/current  rotate=-0.07  ent=0.001  std=0.892
[进度] 16,744,448/100,000,000 (16.7%)  FPS≈1202  阶段=stage_turret  速度=0.00  直行间隔=180  aim=0.100/current  rotate=-0.07  ent=0.001  std=0.891
[存盘] 课程元数据 model_t16744448_stage0_stage_turret.curriculum.json  stage=stage_turret  bot=turret v=0.00
[存盘] /home/d0brane/tank/runs/curriculum_turret/20260923_115010/checkpoints/model_t16744448_stage0_stage_turret.zip
[评测] 开始（100 局）…
  [评测进度] 10/100  kill(命中/开火)=0.140  direct(直击/开火)=0.060  被命中(挨打/敌开火)=0.647  先发制人(直击前未被打中的局)=0.100  弹数=50
  [评测进度] 20/100  kill(命中/开火)=0.113  direct(直击/开火)=0.062  被命中(挨打/敌开火)=0.520  先发制人(直击前未被打中的局)=0.150  弹数=97
  [评测进度] 30/100  kill(命中/开火)=0.171  direct(直击/开火)=0.079  被命中(挨打/敌开火)=0.490  先发制人(直击前未被打中的局)=0.233  弹数=140
  [评测进度] 40/100  kill(命中/开火)=0.203  direct(直击/开火)=0.088  被命中(挨打/敌开火)=0.481  先发制人(直击前未被打中的局)=0.225  弹数=182
  [评测进度] 50/100  kill(命中/开火)=0.218  direct(直击/开火)=0.090  被命中(挨打/敌开火)=0.480  先发制人(直击前未被打中的局)=0.200  弹数=234
  [评测进度] 60/100  kill(命中/开火)=0.218  direct(直击/开火)=0.084  被命中(挨打/敌开火)=0.483  先发制人(直击前未被打中的局)=0.167  弹数=285
  [评测进度] 70/100  kill(命中/开火)=0.230  direct(直击/开火)=0.102  被命中(挨打/敌开火)=0.462  先发制人(直击前未被打中的局)=0.200  弹数=313
  [评测进度] 80/100  kill(命中/开火)=0.224  direct(直击/开火)=0.095  被命中(挨打/敌开火)=0.448  先发制人(直击前未被打中的局)=0.200  弹数=370
  [评测进度] 90/100  kill(命中/开火)=0.228  direct(直击/开火)=0.100  被命中(挨打/敌开火)=0.463  先发制人(直击前未被打中的局)=0.200  弹数=412
  [评测进度] 100/100  kill(命中/开火)=0.232  direct(直击/开火)=0.095  被命中(挨打/敌开火)=0.452  先发制人(直击前未被打中的局)=0.190  弹数=465
------------------------------------------------------------
[评测] 阶段=stage_turret  局数=100
  kill_rate(命中/开火) = 0.232  hit_rate(直击/开火) = 0.095  中位TTK = 522
  被命中率(挨打/敌开火) = 0.452  先发制人率(直击前未被打中的局/局数) = 0.190
  TTK口径     : 首直击步数；无直击=该局结束步数（评测步限封顶）
  晋级条件 直击/开火 hit_rate≥1.01  当前=0.095  → 指标未达标
  未晋级，继续当前阶段
------------------------------------------------------------
[进度] 16,760,832/100,000,000 (16.8%)  FPS≈1192  阶段=stage_turret  速度=0.00  直行间隔=180  aim=0.100/current  rotate=-0.07  ent=0.001  std=0.892
[进度] 16,777,216/100,000,000 (16.8%)  FPS≈1220  阶段=stage_turret  速度=0.00  直行间隔=180  aim=0.100/current  rotate=-0.07  ent=0.001  std=0.892
[进度] 16,793,600/100,000,000 (16.8%)  FPS≈1212  阶段=stage_turret  速度=0.00  直行间隔=180  aim=0.100/current  rotate=-0.07  ent=0.001  std=0.891
[进度] 16,809,984/100,000,000 (16.8%)  FPS≈1225  阶段=stage_turret  速度=0.00  直行间隔=180  aim=0.100/current  rotate=-0.07  ent=0.001  std=0.891
[进度] 16,826,368/100,000,000 (16.8%)  FPS≈1205  阶段=stage_turret  速度=0.00  直行间隔=180  aim=0.100/current  rotate=-0.07  ent=0.001  std=0.891
[进度] 16,842,752/100,000,000 (16.8%)  FPS≈1171  阶段=stage_turret  速度=0.00  直行间隔=180  aim=0.100/current  rotate=-0.07  ent=0.001  std=0.890
[进度] 16,859,136/100,000,000 (16.9%)  FPS≈1183  阶段=stage_turret  速度=0.00  直行间隔=180  aim=0.100/current  rotate=-0.07  ent=0.001  std=0.891
[存盘] 课程元数据 model_t16859136_stage0_stage_turret.curriculum.json  stage=stage_turret  bot=turret v=0.00
[存盘] /home/d0brane/tank/runs/curriculum_turret/20260923_115010/checkpoints/model_t16859136_stage0_stage_turret.zip
[评测] 开始（100 局）…
  [评测进度] 10/100  kill(命中/开火)=0.325  direct(直击/开火)=0.150  被命中(挨打/敌开火)=0.250  先发制人(直击前未被打中的局)=0.400  弹数=40
  [评测进度] 20/100  kill(命中/开火)=0.239  direct(直击/开火)=0.114  被命中(挨打/敌开火)=0.378  先发制人(直击前未被打中的局)=0.350  弹数=88
  [评测进度] 30/100  kill(命中/开火)=0.243  direct(直击/开火)=0.110  被命中(挨打/敌开火)=0.443  先发制人(直击前未被打中的局)=0.300  弹数=136
  [评测进度] 40/100  kill(命中/开火)=0.236  direct(直击/开火)=0.115  被命中(挨打/敌开火)=0.439  先发制人(直击前未被打中的局)=0.325  弹数=174
  [评测进度] 50/100  kill(命中/开火)=0.232  direct(直击/开火)=0.107  被命中(挨打/敌开火)=0.433  先发制人(直击前未被打中的局)=0.280  弹数=224
  [评测进度] 60/100  kill(命中/开火)=0.228  direct(直击/开火)=0.105  被命中(挨打/敌开火)=0.475  先发制人(直击前未被打中的局)=0.267  弹数=267
  [评测进度] 70/100  kill(命中/开火)=0.216  direct(直击/开火)=0.100  被命中(挨打/敌开火)=0.492  先发制人(直击前未被打中的局)=0.243  弹数=320
  [评测进度] 80/100  kill(命中/开火)=0.218  direct(直击/开火)=0.094  被命中(挨打/敌开火)=0.483  先发制人(直击前未被打中的局)=0.225  弹数=372
  [评测进度] 90/100  kill(命中/开火)=0.213  direct(直击/开火)=0.090  被命中(挨打/敌开火)=0.481  先发制人(直击前未被打中的局)=0.211  弹数=423
  [评测进度] 100/100  kill(命中/开火)=0.224  direct(直击/开火)=0.096  被命中(挨打/敌开火)=0.456  先发制人(直击前未被打中的局)=0.210  弹数=468
------------------------------------------------------------
[评测] 阶段=stage_turret  局数=100
  kill_rate(命中/开火) = 0.224  hit_rate(直击/开火) = 0.096  中位TTK = 546
  被命中率(挨打/敌开火) = 0.456  先发制人率(直击前未被打中的局/局数) = 0.210
  TTK口径     : 首直击步数；无直击=该局结束步数（评测步限封顶）
  晋级条件 直击/开火 hit_rate≥1.01  当前=0.096  → 指标未达标
  未晋级，继续当前阶段
------------------------------------------------------------
[进度] 16,875,520/100,000,000 (16.9%)  FPS≈1228  阶段=stage_turret  速度=0.00  直行间隔=180  aim=0.100/current  rotate=-0.07  ent=0.001  std=0.890
[进度] 16,891,904/100,000,000 (16.9%)  FPS≈1219  阶段=stage_turret  速度=0.00  直行间隔=180  aim=0.100/current  rotate=-0.07  ent=0.001  std=0.889
[进度] 16,908,288/100,000,000 (16.9%)  FPS≈1196  阶段=stage_turret  速度=0.00  直行间隔=180  aim=0.100/current  rotate=-0.07  ent=0.001  std=0.889
[进度] 16,924,672/100,000,000 (16.9%)  FPS≈1219  阶段=stage_turret  速度=0.00  直行间隔=180  aim=0.100/current  rotate=-0.07  ent=0.001  std=0.890
[进度] 16,941,056/100,000,000 (16.9%)  FPS≈1234  阶段=stage_turret  速度=0.00  直行间隔=180  aim=0.100/current  rotate=-0.07  ent=0.001  std=0.889
[进度] 16,957,440/100,000,000 (17.0%)  FPS≈1214  阶段=stage_turret  速度=0.00  直行间隔=180  aim=0.100/current  rotate=-0.07  ent=0.001  std=0.887
[进度] 16,973,824/100,000,000 (17.0%)  FPS≈1234  阶段=stage_turret  速度=0.00  直行间隔=180  aim=0.100/current  rotate=-0.07  ent=0.001  std=0.886
[存盘] 课程元数据 model_t16973824_stage0_stage_turret.curriculum.json  stage=stage_turret  bot=turret v=0.00
[存盘] /home/d0brane/tank/runs/curriculum_turret/20260923_115010/checkpoints/model_t16973824_stage0_stage_turret.zip
[评测] 开始（100 局）…
  [评测进度] 10/100  kill(命中/开火)=0.348  direct(直击/开火)=0.109  被命中(挨打/敌开火)=0.447  先发制人(直击前未被打中的局)=0.200  弹数=46
  [评测进度] 20/100  kill(命中/开火)=0.295  direct(直击/开火)=0.114  被命中(挨打/敌开火)=0.489  先发制人(直击前未被打中的局)=0.200  弹数=88
  [评测进度] 30/100  kill(命中/开火)=0.227  direct(直击/开火)=0.085  被命中(挨打/敌开火)=0.477  先发制人(直击前未被打中的局)=0.200  弹数=141
  [评测进度] 40/100  kill(命中/开火)=0.253  direct(直击/开火)=0.079  被命中(挨打/敌开火)=0.441  先发制人(直击前未被打中的局)=0.200  弹数=190
  [评测进度] 50/100  kill(命中/开火)=0.258  direct(直击/开火)=0.098  被命中(挨打/敌开火)=0.444  先发制人(直击前未被打中的局)=0.200  弹数=225
  [评测进度] 60/100  kill(命中/开火)=0.267  direct(直击/开火)=0.092  被命中(挨打/敌开火)=0.476  先发制人(直击前未被打中的局)=0.167  弹数=273
  [评测进度] 70/100  kill(命中/开火)=0.254  direct(直击/开火)=0.082  被命中(挨打/敌开火)=0.490  先发制人(直击前未被打中的局)=0.143  弹数=331
  [评测进度] 80/100  kill(命中/开火)=0.250  direct(直击/开火)=0.079  被命中(挨打/敌开火)=0.490  先发制人(直击前未被打中的局)=0.138  弹数=380
  [评测进度] 90/100  kill(命中/开火)=0.244  direct(直击/开火)=0.082  被命中(挨打/敌开火)=0.496  先发制人(直击前未被打中的局)=0.144  弹数=427
  [评测进度] 100/100  kill(命中/开火)=0.237  direct(直击/开火)=0.080  被命中(挨打/敌开火)=0.495  先发制人(直击前未被打中的局)=0.150  弹数=473
------------------------------------------------------------
[评测] 阶段=stage_turret  局数=100
  kill_rate(命中/开火) = 0.237  hit_rate(直击/开火) = 0.080  中位TTK = 563
  被命中率(挨打/敌开火) = 0.495  先发制人率(直击前未被打中的局/局数) = 0.150
  TTK口径     : 首直击步数；无直击=该局结束步数（评测步限封顶）
  晋级条件 直击/开火 hit_rate≥1.01  当前=0.080  → 指标未达标
  未晋级，继续当前阶段
------------------------------------------------------------
[进度] 16,990,208/100,000,000 (17.0%)  FPS≈1236  阶段=stage_turret  速度=0.00  直行间隔=180  aim=0.100/current  rotate=-0.07  ent=0.001  std=0.885
[进度] 17,006,592/100,000,000 (17.0%)  FPS≈1212  阶段=stage_turret  速度=0.00  直行间隔=180  aim=0.100/current  rotate=-0.07  ent=0.001  std=0.884
[进度] 17,022,976/100,000,000 (17.0%)  FPS≈1221  阶段=stage_turret  速度=0.00  直行间隔=180  aim=0.100/current  rotate=-0.07  ent=0.001  std=0.885
[进度] 17,039,360/100,000,000 (17.0%)  FPS≈1228  阶段=stage_turret  速度=0.00  直行间隔=180  aim=0.100/current  rotate=-0.07  ent=0.001  std=0.884
[进度] 17,055,744/100,000,000 (17.1%)  FPS≈1240  阶段=stage_turret  速度=0.00  直行间隔=180  aim=0.100/current  rotate=-0.07  ent=0.001  std=0.883
[进度] 17,072,128/100,000,000 (17.1%)  FPS≈1272  阶段=stage_turret  速度=0.00  直行间隔=180  aim=0.100/current  rotate=-0.07  ent=0.001  std=0.883
[进度] 17,088,512/100,000,000 (17.1%)  FPS≈1261  阶段=stage_turret  速度=0.00  直行间隔=180  aim=0.100/current  rotate=-0.07  ent=0.001  std=0.884
[存盘] 课程元数据 model_t17088512_stage0_stage_turret.curriculum.json  stage=stage_turret  bot=turret v=0.00
[存盘] /home/d0brane/tank/runs/curriculum_turret/20260923_115010/checkpoints/model_t17088512_stage0_stage_turret.zip
[评测] 开始（100 局）…
  [评测进度] 10/100  kill(命中/开火)=0.250  direct(直击/开火)=0.077  被命中(挨打/敌开火)=0.273  先发制人(直击前未被打中的局)=0.100  弹数=52
  [评测进度] 20/100  kill(命中/开火)=0.250  direct(直击/开火)=0.104  被命中(挨打/敌开火)=0.343  先发制人(直击前未被打中的局)=0.150  弹数=96
  [评测进度] 30/100  kill(命中/开火)=0.255  direct(直击/开火)=0.087  被命中(挨打/敌开火)=0.352  先发制人(直击前未被打中的局)=0.133  弹数=149
  [评测进度] 40/100  kill(命中/开火)=0.254  direct(直击/开火)=0.088  被命中(挨打/敌开火)=0.343  先发制人(直击前未被打中的局)=0.175  弹数=193
  [评测进度] 50/100  kill(命中/开火)=0.258  direct(直击/开火)=0.089  被命中(挨打/敌开火)=0.375  先发制人(直击前未被打中的局)=0.160  弹数=236
  [评测进度] 60/100  kill(命中/开火)=0.266  direct(直击/开火)=0.094  被命中(挨打/敌开火)=0.421  先发制人(直击前未被打中的局)=0.167  弹数=278
  [评测进度] 70/100  kill(命中/开火)=0.249  direct(直击/开火)=0.087  被命中(挨打/敌开火)=0.425  先发制人(直击前未被打中的局)=0.143  弹数=334
  [评测进度] 80/100  kill(命中/开火)=0.237  direct(直击/开火)=0.084  被命中(挨打/敌开火)=0.432  先发制人(直击前未被打中的局)=0.163  弹数=379
  [评测进度] 90/100  kill(命中/开火)=0.255  direct(直击/开火)=0.090  被命中(挨打/敌开火)=0.441  先发制人(直击前未被打中的局)=0.156  弹数=423
  [评测进度] 100/100  kill(命中/开火)=0.254  direct(直击/开火)=0.090  被命中(挨打/敌开火)=0.457  先发制人(直击前未被打中的局)=0.160  弹数=468
------------------------------------------------------------
[评测] 阶段=stage_turret  局数=100
  kill_rate(命中/开火) = 0.254  hit_rate(直击/开火) = 0.090  中位TTK = 567
  被命中率(挨打/敌开火) = 0.457  先发制人率(直击前未被打中的局/局数) = 0.160
  TTK口径     : 首直击步数；无直击=该局结束步数（评测步限封顶）
  晋级条件 直击/开火 hit_rate≥1.01  当前=0.090  → 指标未达标
  未晋级，继续当前阶段
------------------------------------------------------------
[进度] 17,104,896/100,000,000 (17.1%)  FPS≈1199  阶段=stage_turret  速度=0.00  直行间隔=180  aim=0.100/current  rotate=-0.07  ent=0.001  std=0.883
[进度] 17,121,280/100,000,000 (17.1%)  FPS≈1210  阶段=stage_turret  速度=0.00  直行间隔=180  aim=0.100/current  rotate=-0.07  ent=0.001  std=0.881
[进度] 17,137,664/100,000,000 (17.1%)  FPS≈1216  阶段=stage_turret  速度=0.00  直行间隔=180  aim=0.100/current  rotate=-0.07  ent=0.001  std=0.881
[进度] 17,154,048/100,000,000 (17.2%)  FPS≈1220  阶段=stage_turret  速度=0.00  直行间隔=180  aim=0.100/current  rotate=-0.07  ent=0.001  std=0.880
[进度] 17,170,432/100,000,000 (17.2%)  FPS≈1211  阶段=stage_turret  速度=0.00  直行间隔=180  aim=0.100/current  rotate=-0.07  ent=0.001  std=0.880
[进度] 17,186,816/100,000,000 (17.2%)  FPS≈1242  阶段=stage_turret  速度=0.00  直行间隔=180  aim=0.100/current  rotate=-0.07  ent=0.001  std=0.881
[进度] 17,203,200/100,000,000 (17.2%)  FPS≈1208  阶段=stage_turret  速度=0.00  直行间隔=180  aim=0.100/current  rotate=-0.07  ent=0.001  std=0.881
[存盘] 课程元数据 model_t17203200_stage0_stage_turret.curriculum.json  stage=stage_turret  bot=turret v=0.00
[存盘] /home/d0brane/tank/runs/curriculum_turret/20260923_115010/checkpoints/model_t17203200_stage0_stage_turret.zip
[评测] 开始（100 局）…
  [评测进度] 10/100  kill(命中/开火)=0.344  direct(直击/开火)=0.219  被命中(挨打/敌开火)=0.486  先发制人(直击前未被打中的局)=0.300  弹数=32
  [评测进度] 20/100  kill(命中/开火)=0.279  direct(直击/开火)=0.140  被命中(挨打/敌开火)=0.521  先发制人(直击前未被打中的局)=0.150  弹数=86
  [评测进度] 30/100  kill(命中/开火)=0.238  direct(直击/开火)=0.098  被命中(挨打/敌开火)=0.490  先发制人(直击前未被打中的局)=0.133  弹数=143
  [评测进度] 40/100  kill(命中/开火)=0.229  direct(直击/开火)=0.112  被命中(挨打/敌开火)=0.528  先发制人(直击前未被打中的局)=0.150  弹数=179
  [评测进度] 50/100  kill(命中/开火)=0.229  direct(直击/开火)=0.106  被命中(挨打/敌开火)=0.529  先发制人(直击前未被打中的局)=0.180  弹数=227
  [评测进度] 60/100  kill(命中/开火)=0.248  direct(直击/开火)=0.124  被命中(挨打/敌开火)=0.534  先发制人(直击前未被打中的局)=0.200  弹数=258
  [评测进度] 70/100  kill(命中/开火)=0.242  direct(直击/开火)=0.116  被命中(挨打/敌开火)=0.523  先发制人(直击前未被打中的局)=0.186  弹数=310
  [评测进度] 80/100  kill(命中/开火)=0.228  direct(直击/开火)=0.103  被命中(挨打/敌开火)=0.535  先发制人(直击前未被打中的局)=0.163  弹数=359
  [评测进度] 90/100  kill(命中/开火)=0.234  direct(直击/开火)=0.103  被命中(挨打/敌开火)=0.526  先发制人(直击前未被打中的局)=0.167  弹数=406
  [评测进度] 100/100  kill(命中/开火)=0.239  direct(直击/开火)=0.104  被命中(挨打/敌开火)=0.511  先发制人(直击前未被打中的局)=0.170  弹数=451
------------------------------------------------------------
[评测] 阶段=stage_turret  局数=100
  kill_rate(命中/开火) = 0.239  hit_rate(直击/开火) = 0.104  中位TTK = 528
  被命中率(挨打/敌开火) = 0.511  先发制人率(直击前未被打中的局/局数) = 0.170
  TTK口径     : 首直击步数；无直击=该局结束步数（评测步限封顶）
  晋级条件 直击/开火 hit_rate≥1.01  当前=0.104  → 指标未达标
  未晋级，继续当前阶段
------------------------------------------------------------
[进度] 17,219,584/100,000,000 (17.2%)  FPS≈1229  阶段=stage_turret  速度=0.00  直行间隔=180  aim=0.100/current  rotate=-0.07  ent=0.001  std=0.880
[进度] 17,235,968/100,000,000 (17.2%)  FPS≈1185  阶段=stage_turret  速度=0.00  直行间隔=180  aim=0.100/current  rotate=-0.07  ent=0.001  std=0.880
[进度] 17,252,352/100,000,000 (17.3%)  FPS≈1238  阶段=stage_turret  速度=0.00  直行间隔=180  aim=0.100/current  rotate=-0.07  ent=0.001  std=0.878
[进度] 17,268,736/100,000,000 (17.3%)  FPS≈1250  阶段=stage_turret  速度=0.00  直行间隔=180  aim=0.100/current  rotate=-0.07  ent=0.001  std=0.877
[进度] 17,285,120/100,000,000 (17.3%)  FPS≈1243  阶段=stage_turret  速度=0.00  直行间隔=180  aim=0.100/current  rotate=-0.07  ent=0.001  std=0.877
[进度] 17,301,504/100,000,000 (17.3%)  FPS≈1231  阶段=stage_turret  速度=0.00  直行间隔=180  aim=0.100/current  rotate=-0.07  ent=0.001  std=0.878
[进度] 17,317,888/100,000,000 (17.3%)  FPS≈1245  阶段=stage_turret  速度=0.00  直行间隔=180  aim=0.100/current  rotate=-0.07  ent=0.001  std=0.877
[存盘] 课程元数据 model_t17317888_stage0_stage_turret.curriculum.json  stage=stage_turret  bot=turret v=0.00
[存盘] /home/d0brane/tank/runs/curriculum_turret/20260923_115010/checkpoints/model_t17317888_stage0_stage_turret.zip
[评测] 开始（100 局）…
  [评测进度] 10/100  kill(命中/开火)=0.302  direct(直击/开火)=0.140  被命中(挨打/敌开火)=0.333  先发制人(直击前未被打中的局)=0.200  弹数=43
  [评测进度] 20/100  kill(命中/开火)=0.261  direct(直击/开火)=0.114  被命中(挨打/敌开火)=0.429  先发制人(直击前未被打中的局)=0.150  弹数=88
  [评测进度] 30/100  kill(命中/开火)=0.296  direct(直击/开火)=0.136  被命中(挨打/敌开火)=0.413  先发制人(直击前未被打中的局)=0.200  弹数=125
  [评测进度] 40/100  kill(命中/开火)=0.274  direct(直击/开火)=0.120  被命中(挨打/敌开火)=0.440  先发制人(直击前未被打中的局)=0.225  弹数=175
  [评测进度] 50/100  kill(命中/开火)=0.286  direct(直击/开火)=0.127  被命中(挨打/敌开火)=0.465  先发制人(直击前未被打中的局)=0.220  弹数=213
  [评测进度] 60/100  kill(命中/开火)=0.267  direct(直击/开火)=0.111  被命中(挨打/敌开火)=0.455  先发制人(直击前未被打中的局)=0.183  弹数=270
  [评测进度] 70/100  kill(命中/开火)=0.272  direct(直击/开火)=0.112  被命中(挨打/敌开火)=0.469  先发制人(直击前未被打中的局)=0.171  弹数=312
  [评测进度] 80/100  kill(命中/开火)=0.281  direct(直击/开火)=0.107  被命中(挨打/敌开火)=0.477  先发制人(直击前未被打中的局)=0.163  弹数=363
  [评测进度] 90/100  kill(命中/开火)=0.281  direct(直击/开火)=0.111  被命中(挨打/敌开火)=0.486  先发制人(直击前未被打中的局)=0.156  弹数=406
  [评测进度] 100/100  kill(命中/开火)=0.280  direct(直击/开火)=0.111  被命中(挨打/敌开火)=0.488  先发制人(直击前未被打中的局)=0.150  弹数=450
------------------------------------------------------------
[评测] 阶段=stage_turret  局数=100
  kill_rate(命中/开火) = 0.280  hit_rate(直击/开火) = 0.111  中位TTK = 492
  被命中率(挨打/敌开火) = 0.488  先发制人率(直击前未被打中的局/局数) = 0.150
  TTK口径     : 首直击步数；无直击=该局结束步数（评测步限封顶）
  晋级条件 直击/开火 hit_rate≥1.01  当前=0.111  → 指标未达标
  未晋级，继续当前阶段
------------------------------------------------------------
[进度] 17,334,272/100,000,000 (17.3%)  FPS≈1241  阶段=stage_turret  速度=0.00  直行间隔=180  aim=0.100/current  rotate=-0.07  ent=0.001  std=0.877
[进度] 17,350,656/100,000,000 (17.4%)  FPS≈1230  阶段=stage_turret  速度=0.00  直行间隔=180  aim=0.100/current  rotate=-0.07  ent=0.001  std=0.876
[进度] 17,367,040/100,000,000 (17.4%)  FPS≈1233  阶段=stage_turret  速度=0.00  直行间隔=180  aim=0.100/current  rotate=-0.07  ent=0.001  std=0.875
[进度] 17,383,424/100,000,000 (17.4%)  FPS≈1225  阶段=stage_turret  速度=0.00  直行间隔=180  aim=0.100/current  rotate=-0.07  ent=0.001  std=0.874
[进度] 17,399,808/100,000,000 (17.4%)  FPS≈1225  阶段=stage_turret  速度=0.00  直行间隔=180  aim=0.100/current  rotate=-0.07  ent=0.001  std=0.873
[进度] 17,416,192/100,000,000 (17.4%)  FPS≈1194  阶段=stage_turret  速度=0.00  直行间隔=180  aim=0.100/current  rotate=-0.07  ent=0.001  std=0.872
[进度] 17,432,576/100,000,000 (17.4%)  FPS≈1252  阶段=stage_turret  速度=0.00  直行间隔=180  aim=0.100/current  rotate=-0.07  ent=0.001  std=0.872
[存盘] 课程元数据 model_t17432576_stage0_stage_turret.curriculum.json  stage=stage_turret  bot=turret v=0.00
[存盘] /home/d0brane/tank/runs/curriculum_turret/20260923_115010/checkpoints/model_t17432576_stage0_stage_turret.zip
[评测] 开始（100 局）…
  [评测进度] 10/100  kill(命中/开火)=0.146  direct(直击/开火)=0.083  被命中(挨打/敌开火)=0.327  先发制人(直击前未被打中的局)=0.100  弹数=48
  [评测进度] 20/100  kill(命中/开火)=0.198  direct(直击/开火)=0.099  被命中(挨打/敌开火)=0.414  先发制人(直击前未被打中的局)=0.050  弹数=91
  [评测进度] 30/100  kill(命中/开火)=0.224  direct(直击/开火)=0.120  被命中(挨打/敌开火)=0.422  先发制人(直击前未被打中的局)=0.200  弹数=125
  [评测进度] 40/100  kill(命中/开火)=0.233  direct(直击/开火)=0.122  被命中(挨打/敌开火)=0.418  先发制人(直击前未被打中的局)=0.200  弹数=172
  [评测进度] 50/100  kill(命中/开火)=0.235  direct(直击/开火)=0.120  被命中(挨打/敌开火)=0.416  先发制人(直击前未被打中的局)=0.220  弹数=217
  [评测进度] 60/100  kill(命中/开火)=0.251  direct(直击/开火)=0.116  被命中(挨打/敌开火)=0.428  先发制人(直击前未被打中的局)=0.200  弹数=259
  [评测进度] 70/100  kill(命中/开火)=0.246  direct(直击/开火)=0.110  被命中(挨打/敌开火)=0.442  先发制人(直击前未被打中的局)=0.186  弹数=309
  [评测进度] 80/100  kill(命中/开火)=0.239  direct(直击/开火)=0.108  被命中(挨打/敌开火)=0.441  先发制人(直击前未被打中的局)=0.175  弹数=360
  [评测进度] 90/100  kill(命中/开火)=0.246  direct(直击/开火)=0.115  被命中(挨打/敌开火)=0.440  先发制人(直击前未被打中的局)=0.189  弹数=399
  [评测进度] 100/100  kill(命中/开火)=0.253  direct(直击/开火)=0.120  被命中(挨打/敌开火)=0.436  先发制人(直击前未被打中的局)=0.220  弹数=435
------------------------------------------------------------
[评测] 阶段=stage_turret  局数=100
  kill_rate(命中/开火) = 0.253  hit_rate(直击/开火) = 0.120  中位TTK = 488
  被命中率(挨打/敌开火) = 0.436  先发制人率(直击前未被打中的局/局数) = 0.220
  TTK口径     : 首直击步数；无直击=该局结束步数（评测步限封顶）
  晋级条件 直击/开火 hit_rate≥1.01  当前=0.120  → 指标未达标
  未晋级，继续当前阶段
------------------------------------------------------------
[进度] 17,448,960/100,000,000 (17.4%)  FPS≈1210  阶段=stage_turret  速度=0.00  直行间隔=180  aim=0.100/current  rotate=-0.07  ent=0.001  std=0.872
[进度] 17,465,344/100,000,000 (17.5%)  FPS≈1217  阶段=stage_turret  速度=0.00  直行间隔=180  aim=0.100/current  rotate=-0.07  ent=0.001  std=0.872
[进度] 17,481,728/100,000,000 (17.5%)  FPS≈1256  阶段=stage_turret  速度=0.00  直行间隔=180  aim=0.100/current  rotate=-0.07  ent=0.001  std=0.871
[进度] 17,498,112/100,000,000 (17.5%)  FPS≈1215  阶段=stage_turret  速度=0.00  直行间隔=180  aim=0.100/current  rotate=-0.07  ent=0.001  std=0.870
[进度] 17,514,496/100,000,000 (17.5%)  FPS≈1246  阶段=stage_turret  速度=0.00  直行间隔=180  aim=0.100/current  rotate=-0.07  ent=0.001  std=0.869
[进度] 17,530,880/100,000,000 (17.5%)  FPS≈1249  阶段=stage_turret  速度=0.00  直行间隔=180  aim=0.100/current  rotate=-0.07  ent=0.001  std=0.869
[进度] 17,547,264/100,000,000 (17.5%)  FPS≈1244  阶段=stage_turret  速度=0.00  直行间隔=180  aim=0.100/current  rotate=-0.07  ent=0.001  std=0.868
[存盘] 课程元数据 model_t17547264_stage0_stage_turret.curriculum.json  stage=stage_turret  bot=turret v=0.00
[存盘] /home/d0brane/tank/runs/curriculum_turret/20260923_115010/checkpoints/model_t17547264_stage0_stage_turret.zip
[评测] 开始（100 局）…
  [评测进度] 10/100  kill(命中/开火)=0.279  direct(直击/开火)=0.093  被命中(挨打/敌开火)=0.480  先发制人(直击前未被打中的局)=0.000  弹数=43
  [评测进度] 20/100  kill(命中/开火)=0.278  direct(直击/开火)=0.127  被命中(挨打/敌开火)=0.432  先发制人(直击前未被打中的局)=0.200  弹数=79
  [评测进度] 30/100  kill(命中/开火)=0.293  direct(直击/开火)=0.138  被命中(挨打/敌开火)=0.403  先发制人(直击前未被打中的局)=0.200  弹数=116
  [评测进度] 40/100  kill(命中/开火)=0.316  direct(直击/开火)=0.148  被命中(挨打/敌开火)=0.429  先发制人(直击前未被打中的局)=0.175  弹数=155
  [评测进度] 50/100  kill(命中/开火)=0.335  direct(直击/开火)=0.157  被命中(挨打/敌开火)=0.455  先发制人(直击前未被打中的局)=0.160  弹数=191
  [评测进度] 60/100  kill(命中/开火)=0.318  direct(直击/开火)=0.144  被命中(挨打/敌开火)=0.489  先发制人(直击前未被打中的局)=0.150  弹数=236
  [评测进度] 70/100  kill(命中/开火)=0.304  direct(直击/开火)=0.141  被命中(挨打/敌开火)=0.479  先发制人(直击前未被打中的局)=0.129  弹数=283
  [评测进度] 80/100  kill(命中/开火)=0.283  direct(直击/开火)=0.133  被命中(挨打/敌开火)=0.445  先发制人(直击前未被打中的局)=0.150  弹数=332
  [评测进度] 90/100  kill(命中/开火)=0.280  direct(直击/开火)=0.141  被命中(挨打/敌开火)=0.457  先发制人(直击前未被打中的局)=0.178  弹数=361
  [评测进度] 100/100  kill(命中/开火)=0.293  direct(直击/开火)=0.158  被命中(挨打/敌开火)=0.453  先发制人(直击前未被打中的局)=0.220  弹数=379
------------------------------------------------------------
[评测] 阶段=stage_turret  局数=100
  kill_rate(命中/开火) = 0.293  hit_rate(直击/开火) = 0.158  中位TTK = 352
  被命中率(挨打/敌开火) = 0.453  先发制人率(直击前未被打中的局/局数) = 0.220
  TTK口径     : 首直击步数；无直击=该局结束步数（评测步限封顶）
  晋级条件 直击/开火 hit_rate≥1.01  当前=0.158  → 指标未达标
  未晋级，继续当前阶段
------------------------------------------------------------
[进度] 17,563,648/100,000,000 (17.6%)  FPS≈1251  阶段=stage_turret  速度=0.00  直行间隔=180  aim=0.100/current  rotate=-0.07  ent=0.001  std=0.867
[进度] 17,580,032/100,000,000 (17.6%)  FPS≈1274  阶段=stage_turret  速度=0.00  直行间隔=180  aim=0.100/current  rotate=-0.07  ent=0.001  std=0.867
[进度] 17,596,416/100,000,000 (17.6%)  FPS≈1253  阶段=stage_turret  速度=0.00  直行间隔=180  aim=0.100/current  rotate=-0.07  ent=0.001  std=0.867
[进度] 17,612,800/100,000,000 (17.6%)  FPS≈1221  阶段=stage_turret  速度=0.00  直行间隔=180  aim=0.100/current  rotate=-0.07  ent=0.001  std=0.866
[进度] 17,629,184/100,000,000 (17.6%)  FPS≈1212  阶段=stage_turret  速度=0.00  直行间隔=180  aim=0.100/current  rotate=-0.07  ent=0.001  std=0.864
[进度] 17,645,568/100,000,000 (17.6%)  FPS≈1250  阶段=stage_turret  速度=0.00  直行间隔=180  aim=0.100/current  rotate=-0.07  ent=0.001  std=0.863
[进度] 17,661,952/100,000,000 (17.7%)  FPS≈1254  阶段=stage_turret  速度=0.00  直行间隔=180  aim=0.100/current  rotate=-0.07  ent=0.001  std=0.863
[存盘] 课程元数据 model_t17661952_stage0_stage_turret.curriculum.json  stage=stage_turret  bot=turret v=0.00
[存盘] /home/d0brane/tank/runs/curriculum_turret/20260923_115010/checkpoints/model_t17661952_stage0_stage_turret.zip
[评测] 开始（100 局）…
  [评测进度] 10/100  kill(命中/开火)=0.255  direct(直击/开火)=0.085  被命中(挨打/敌开火)=0.392  先发制人(直击前未被打中的局)=0.100  弹数=47
  [评测进度] 20/100  kill(命中/开火)=0.277  direct(直击/开火)=0.096  被命中(挨打/敌开火)=0.426  先发制人(直击前未被打中的局)=0.150  弹数=94
  [评测进度] 30/100  kill(命中/开火)=0.277  direct(直击/开火)=0.115  被命中(挨打/敌开火)=0.443  先发制人(直击前未被打中的局)=0.200  弹数=130
  [评测进度] 40/100  kill(命中/开火)=0.312  direct(直击/开火)=0.121  被命中(挨打/敌开火)=0.429  先发制人(直击前未被打中的局)=0.200  弹数=173
  [评测进度] 50/100  kill(命中/开火)=0.319  direct(直击/开火)=0.129  被命中(挨打/敌开火)=0.420  先发制人(直击前未被打中的局)=0.200  弹数=210
  [评测进度] 60/100  kill(命中/开火)=0.326  direct(直击/开火)=0.136  被命中(挨打/敌开火)=0.413  先发制人(直击前未被打中的局)=0.217  弹数=242
  [评测进度] 70/100  kill(命中/开火)=0.325  direct(直击/开火)=0.144  被命中(挨打/敌开火)=0.454  先发制人(直击前未被打中的局)=0.214  弹数=271
  [评测进度] 80/100  kill(命中/开火)=0.322  direct(直击/开火)=0.148  被命中(挨打/敌开火)=0.477  先发制人(直击前未被打中的局)=0.200  弹数=311
  [评测进度] 90/100  kill(命中/开火)=0.314  direct(直击/开火)=0.150  被命中(挨打/敌开火)=0.471  先发制人(直击前未被打中的局)=0.200  弹数=347
  [评测进度] 100/100  kill(命中/开火)=0.317  direct(直击/开火)=0.151  被命中(挨打/敌开火)=0.483  先发制人(直击前未被打中的局)=0.190  弹数=385
------------------------------------------------------------
[评测] 阶段=stage_turret  局数=100
  kill_rate(命中/开火) = 0.317  hit_rate(直击/开火) = 0.151  中位TTK = 399
  被命中率(挨打/敌开火) = 0.483  先发制人率(直击前未被打中的局/局数) = 0.190
  TTK口径     : 首直击步数；无直击=该局结束步数（评测步限封顶）
  晋级条件 直击/开火 hit_rate≥1.01  当前=0.151  → 指标未达标
  未晋级，继续当前阶段
------------------------------------------------------------
[进度] 17,678,336/100,000,000 (17.7%)  FPS≈1220  阶段=stage_turret  速度=0.00  直行间隔=180  aim=0.100/current  rotate=-0.07  ent=0.001  std=0.863
[进度] 17,694,720/100,000,000 (17.7%)  FPS≈1246  阶段=stage_turret  速度=0.00  直行间隔=180  aim=0.100/current  rotate=-0.07  ent=0.001  std=0.861
[进度] 17,711,104/100,000,000 (17.7%)  FPS≈1192  阶段=stage_turret  速度=0.00  直行间隔=180  aim=0.100/current  rotate=-0.07  ent=0.001  std=0.862
[进度] 17,727,488/100,000,000 (17.7%)  FPS≈1239  阶段=stage_turret  速度=0.00  直行间隔=180  aim=0.100/current  rotate=-0.07  ent=0.001  std=0.862
[进度] 17,743,872/100,000,000 (17.7%)  FPS≈1250  阶段=stage_turret  速度=0.00  直行间隔=180  aim=0.100/current  rotate=-0.07  ent=0.001  std=0.863
[进度] 17,760,256/100,000,000 (17.8%)  FPS≈1230  阶段=stage_turret  速度=0.00  直行间隔=180  aim=0.100/current  rotate=-0.07  ent=0.001  std=0.862
[进度] 17,776,640/100,000,000 (17.8%)  FPS≈1231  阶段=stage_turret  速度=0.00  直行间隔=180  aim=0.100/current  rotate=-0.07  ent=0.001  std=0.860
[存盘] 课程元数据 model_t17776640_stage0_stage_turret.curriculum.json  stage=stage_turret  bot=turret v=0.00
[存盘] /home/d0brane/tank/runs/curriculum_turret/20260923_115010/checkpoints/model_t17776640_stage0_stage_turret.zip
[评测] 开始（100 局）…
  [评测进度] 10/100  kill(命中/开火)=0.294  direct(直击/开火)=0.176  被命中(挨打/敌开火)=0.556  先发制人(直击前未被打中的局)=0.200  弹数=34
  [评测进度] 20/100  kill(命中/开火)=0.329  direct(直击/开火)=0.134  被命中(挨打/敌开火)=0.534  先发制人(直击前未被打中的局)=0.200  弹数=82
  [评测进度] 30/100  kill(命中/开火)=0.331  direct(直击/开火)=0.153  被命中(挨打/敌开火)=0.523  先发制人(直击前未被打中的局)=0.200  弹数=118
  [评测进度] 40/100  kill(命中/开火)=0.312  direct(直击/开火)=0.153  被命中(挨打/敌开火)=0.503  先发制人(直击前未被打中的局)=0.225  弹数=157
  [评测进度] 50/100  kill(命中/开火)=0.306  direct(直击/开火)=0.167  被命中(挨打/敌开火)=0.485  先发制人(直击前未被打中的局)=0.260  弹数=186
  [评测进度] 60/100  kill(命中/开火)=0.292  direct(直击/开火)=0.148  被命中(挨打/敌开火)=0.504  先发制人(直击前未被打中的局)=0.233  弹数=236
  [评测进度] 70/100  kill(命中/开火)=0.275  direct(直击/开火)=0.132  被命中(挨打/敌开火)=0.492  先发制人(直击前未被打中的局)=0.214  弹数=287
  [评测进度] 80/100  kill(命中/开火)=0.284  direct(直击/开火)=0.134  被命中(挨打/敌开火)=0.499  先发制人(直击前未被打中的局)=0.212  弹数=320
  [评测进度] 90/100  kill(命中/开火)=0.275  direct(直击/开火)=0.123  被命中(挨打/敌开火)=0.494  先发制人(直击前未被打中的局)=0.189  弹数=374
  [评测进度] 100/100  kill(命中/开火)=0.281  direct(直击/开火)=0.135  被命中(挨打/敌开火)=0.490  先发制人(直击前未被打中的局)=0.220  弹数=399
------------------------------------------------------------
[评测] 阶段=stage_turret  局数=100
  kill_rate(命中/开火) = 0.281  hit_rate(直击/开火) = 0.135  中位TTK = 464
  被命中率(挨打/敌开火) = 0.490  先发制人率(直击前未被打中的局/局数) = 0.220
  TTK口径     : 首直击步数；无直击=该局结束步数（评测步限封顶）
  晋级条件 直击/开火 hit_rate≥1.01  当前=0.135  → 指标未达标
  未晋级，继续当前阶段
------------------------------------------------------------
[进度] 17,793,024/100,000,000 (17.8%)  FPS≈1219  阶段=stage_turret  速度=0.00  直行间隔=180  aim=0.100/current  rotate=-0.07  ent=0.001  std=0.859
[进度] 17,809,408/100,000,000 (17.8%)  FPS≈1237  阶段=stage_turret  速度=0.00  直行间隔=180  aim=0.100/current  rotate=-0.07  ent=0.001  std=0.860
[进度] 17,825,792/100,000,000 (17.8%)  FPS≈1226  阶段=stage_turret  速度=0.00  直行间隔=180  aim=0.100/current  rotate=-0.07  ent=0.001  std=0.860
[进度] 17,842,176/100,000,000 (17.8%)  FPS≈1200  阶段=stage_turret  速度=0.00  直行间隔=180  aim=0.100/current  rotate=-0.07  ent=0.001  std=0.859
[进度] 17,858,560/100,000,000 (17.9%)  FPS≈1241  阶段=stage_turret  速度=0.00  直行间隔=180  aim=0.100/current  rotate=-0.07  ent=0.001  std=0.859
[进度] 17,874,944/100,000,000 (17.9%)  FPS≈1219  阶段=stage_turret  速度=0.00  直行间隔=180  aim=0.100/current  rotate=-0.07  ent=0.001  std=0.859
[进度] 17,891,328/100,000,000 (17.9%)  FPS≈1225  阶段=stage_turret  速度=0.00  直行间隔=180  aim=0.100/current  rotate=-0.07  ent=0.001  std=0.859
[存盘] 课程元数据 model_t17891328_stage0_stage_turret.curriculum.json  stage=stage_turret  bot=turret v=0.00
[存盘] /home/d0brane/tank/runs/curriculum_turret/20260923_115010/checkpoints/model_t17891328_stage0_stage_turret.zip
[评测] 开始（100 局）…
  [评测进度] 10/100  kill(命中/开火)=0.333  direct(直击/开火)=0.259  被命中(挨打/敌开火)=0.667  先发制人(直击前未被打中的局)=0.400  弹数=27
  [评测进度] 20/100  kill(命中/开火)=0.317  direct(直击/开火)=0.217  被命中(挨打/敌开火)=0.597  先发制人(直击前未被打中的局)=0.300  弹数=60
  [评测进度] 30/100  kill(命中/开火)=0.330  direct(直击/开火)=0.180  被命中(挨打/敌开火)=0.505  先发制人(直击前未被打中的局)=0.300  弹数=100
  [评测进度] 40/100  kill(命中/开火)=0.328  direct(直击/开火)=0.179  被命中(挨打/敌开火)=0.500  先发制人(直击前未被打中的局)=0.300  弹数=134
  [评测进度] 50/100  kill(命中/开火)=0.295  direct(直击/开火)=0.168  被命中(挨打/敌开火)=0.495  先发制人(直击前未被打中的局)=0.280  弹数=173
  [评测进度] 60/100  kill(命中/开火)=0.300  direct(直击/开火)=0.182  被命中(挨打/敌开火)=0.475  先发制人(直击前未被打中的局)=0.317  弹数=203
  [评测进度] 70/100  kill(命中/开火)=0.301  direct(直击/开火)=0.169  被命中(挨打/敌开火)=0.504  先发制人(直击前未被打中的局)=0.286  弹数=249
  [评测进度] 80/100  kill(命中/开火)=0.296  direct(直击/开火)=0.173  被命中(挨打/敌开火)=0.502  先发制人(直击前未被打中的局)=0.287  弹数=284
  [评测进度] 90/100  kill(命中/开火)=0.290  direct(直击/开火)=0.167  被命中(挨打/敌开火)=0.510  先发制人(直击前未被打中的局)=0.278  弹数=324
  [评测进度] 100/100  kill(命中/开火)=0.304  direct(直击/开火)=0.176  被命中(挨打/敌开火)=0.497  先发制人(直击前未被打中的局)=0.290  弹数=352
------------------------------------------------------------
[评测] 阶段=stage_turret  局数=100
  kill_rate(命中/开火) = 0.304  hit_rate(直击/开火) = 0.176  中位TTK = 310
  被命中率(挨打/敌开火) = 0.497  先发制人率(直击前未被打中的局/局数) = 0.290
  TTK口径     : 首直击步数；无直击=该局结束步数（评测步限封顶）
  晋级条件 直击/开火 hit_rate≥1.01  当前=0.176  → 指标未达标
  未晋级，继续当前阶段
------------------------------------------------------------
[进度] 17,907,712/100,000,000 (17.9%)  FPS≈1226  阶段=stage_turret  速度=0.00  直行间隔=180  aim=0.100/current  rotate=-0.07  ent=0.001  std=0.859
[进度] 17,924,096/100,000,000 (17.9%)  FPS≈1280  阶段=stage_turret  速度=0.00  直行间隔=180  aim=0.100/current  rotate=-0.07  ent=0.001  std=0.858
[进度] 17,940,480/100,000,000 (17.9%)  FPS≈1207  阶段=stage_turret  速度=0.00  直行间隔=180  aim=0.100/current  rotate=-0.07  ent=0.001  std=0.857
[进度] 17,956,864/100,000,000 (18.0%)  FPS≈1237  阶段=stage_turret  速度=0.00  直行间隔=180  aim=0.100/current  rotate=-0.07  ent=0.001  std=0.856
[进度] 17,973,248/100,000,000 (18.0%)  FPS≈1218  阶段=stage_turret  速度=0.00  直行间隔=180  aim=0.100/current  rotate=-0.07  ent=0.001  std=0.856
[进度] 17,989,632/100,000,000 (18.0%)  FPS≈1309  阶段=stage_turret  速度=0.00  直行间隔=180  aim=0.100/current  rotate=-0.07  ent=0.001  std=0.855
[进度] 18,006,016/100,000,000 (18.0%)  FPS≈1213  阶段=stage_turret  速度=0.00  直行间隔=180  aim=0.100/current  rotate=-0.07  ent=0.001  std=0.854
[存盘] 课程元数据 model_t18006016_stage0_stage_turret.curriculum.json  stage=stage_turret  bot=turret v=0.00
[存盘] /home/d0brane/tank/runs/curriculum_turret/20260923_115010/checkpoints/model_t18006016_stage0_stage_turret.zip
[评测] 开始（100 局）…
  [评测进度] 10/100  kill(命中/开火)=0.387  direct(直击/开火)=0.226  被命中(挨打/敌开火)=0.656  先发制人(直击前未被打中的局)=0.200  弹数=31
  [评测进度] 20/100  kill(命中/开火)=0.433  direct(直击/开火)=0.233  被命中(挨打/敌开火)=0.677  先发制人(直击前未被打中的局)=0.200  弹数=60
  [评测进度] 30/100  kill(命中/开火)=0.340  direct(直击/开火)=0.179  被命中(挨打/敌开火)=0.596  先发制人(直击前未被打中的局)=0.200  弹数=106
  [评测进度] 40/100  kill(命中/开火)=0.315  direct(直击/开火)=0.174  被命中(挨打/敌开火)=0.549  先发制人(直击前未被打中的局)=0.175  弹数=149
  [评测进度] 50/100  kill(命中/开火)=0.317  direct(直击/开火)=0.175  被命中(挨打/敌开火)=0.511  先发制人(直击前未被打中的局)=0.220  弹数=183
  [评测进度] 60/100  kill(命中/开火)=0.297  direct(直击/开火)=0.157  被命中(挨打/敌开火)=0.537  先发制人(直击前未被打中的局)=0.183  弹数=229
  [评测进度] 70/100  kill(命中/开火)=0.312  direct(直击/开火)=0.163  被命中(挨打/敌开火)=0.553  先发制人(直击前未被打中的局)=0.214  弹数=263
  [评测进度] 80/100  kill(命中/开火)=0.294  direct(直击/开火)=0.154  被命中(挨打/敌开火)=0.561  先发制人(直击前未被打中的局)=0.212  弹数=306
  [评测进度] 90/100  kill(命中/开火)=0.306  direct(直击/开火)=0.162  被命中(挨打/敌开火)=0.553  先发制人(直击前未被打中的局)=0.211  弹数=340
  [评测进度] 100/100  kill(命中/开火)=0.307  direct(直击/开火)=0.166  被命中(挨打/敌开火)=0.534  先发制人(直击前未被打中的局)=0.210  弹数=374
------------------------------------------------------------
[评测] 阶段=stage_turret  局数=100
  kill_rate(命中/开火) = 0.307  hit_rate(直击/开火) = 0.166  中位TTK = 340
  被命中率(挨打/敌开火) = 0.534  先发制人率(直击前未被打中的局/局数) = 0.210
  TTK口径     : 首直击步数；无直击=该局结束步数（评测步限封顶）
  晋级条件 直击/开火 hit_rate≥1.01  当前=0.166  → 指标未达标
  未晋级，继续当前阶段
------------------------------------------------------------
[进度] 18,022,400/100,000,000 (18.0%)  FPS≈1219  阶段=stage_turret  速度=0.00  直行间隔=180  aim=0.100/current  rotate=-0.07  ent=0.001  std=0.854
[进度] 18,038,784/100,000,000 (18.0%)  FPS≈1203  阶段=stage_turret  速度=0.00  直行间隔=180  aim=0.100/current  rotate=-0.07  ent=0.001  std=0.853
[进度] 18,055,168/100,000,000 (18.1%)  FPS≈1205  阶段=stage_turret  速度=0.00  直行间隔=180  aim=0.100/current  rotate=-0.07  ent=0.001  std=0.853
[进度] 18,071,552/100,000,000 (18.1%)  FPS≈1239  阶段=stage_turret  速度=0.00  直行间隔=180  aim=0.100/current  rotate=-0.07  ent=0.001  std=0.852
[进度] 18,087,936/100,000,000 (18.1%)  FPS≈1222  阶段=stage_turret  速度=0.00  直行间隔=180  aim=0.100/current  rotate=-0.07  ent=0.001  std=0.852
[进度] 18,104,320/100,000,000 (18.1%)  FPS≈1216  阶段=stage_turret  速度=0.00  直行间隔=180  aim=0.100/current  rotate=-0.07  ent=0.001  std=0.852
[进度] 18,120,704/100,000,000 (18.1%)  FPS≈1233  阶段=stage_turret  速度=0.00  直行间隔=180  aim=0.100/current  rotate=-0.07  ent=0.001  std=0.851
[存盘] 课程元数据 model_t18120704_stage0_stage_turret.curriculum.json  stage=stage_turret  bot=turret v=0.00
[存盘] /home/d0brane/tank/runs/curriculum_turret/20260923_115010/checkpoints/model_t18120704_stage0_stage_turret.zip
[评测] 开始（100 局）…
  [评测进度] 10/100  kill(命中/开火)=0.324  direct(直击/开火)=0.206  被命中(挨打/敌开火)=0.444  先发制人(直击前未被打中的局)=0.400  弹数=34
  [评测进度] 20/100  kill(命中/开火)=0.414  direct(直击/开火)=0.259  被命中(挨打/敌开火)=0.556  先发制人(直击前未被打中的局)=0.250  弹数=58
  [评测进度] 30/100  kill(命中/开火)=0.361  direct(直击/开火)=0.216  被命中(挨打/敌开火)=0.476  先发制人(直击前未被打中的局)=0.233  弹数=97
  [评测进度] 40/100  kill(命中/开火)=0.333  direct(直击/开火)=0.199  被命中(挨打/敌开火)=0.490  先发制人(直击前未被打中的局)=0.200  弹数=141
  [评测进度] 50/100  kill(命中/开火)=0.297  direct(直击/开火)=0.173  被命中(挨打/敌开火)=0.493  先发制人(直击前未被打中的局)=0.180  弹数=185
  [评测进度] 60/100  kill(命中/开火)=0.289  direct(直击/开火)=0.167  被命中(挨打/敌开火)=0.490  先发制人(直击前未被打中的局)=0.150  弹数=228
  [评测进度] 70/100  kill(命中/开火)=0.288  direct(直击/开火)=0.161  被命中(挨打/敌开火)=0.491  先发制人(直击前未被打中的局)=0.171  弹数=267
  [评测进度] 80/100  kill(命中/开火)=0.288  direct(直击/开火)=0.155  被命中(挨打/敌开火)=0.479  先发制人(直击前未被打中的局)=0.175  弹数=316
  [评测进度] 90/100  kill(命中/开火)=0.305  direct(直击/开火)=0.161  被命中(挨打/敌开火)=0.477  先发制人(直击前未被打中的局)=0.178  弹数=348
  [评测进度] 100/100  kill(命中/开火)=0.292  direct(直击/开火)=0.159  被命中(挨打/敌开火)=0.479  先发制人(直击前未被打中的局)=0.180  弹数=391
------------------------------------------------------------
[评测] 阶段=stage_turret  局数=100
  kill_rate(命中/开火) = 0.292  hit_rate(直击/开火) = 0.159  中位TTK = 386
  被命中率(挨打/敌开火) = 0.479  先发制人率(直击前未被打中的局/局数) = 0.180
  TTK口径     : 首直击步数；无直击=该局结束步数（评测步限封顶）
  晋级条件 直击/开火 hit_rate≥1.01  当前=0.159  → 指标未达标
  未晋级，继续当前阶段
------------------------------------------------------------
[进度] 18,137,088/100,000,000 (18.1%)  FPS≈1236  阶段=stage_turret  速度=0.00  直行间隔=180  aim=0.100/current  rotate=-0.07  ent=0.001  std=0.851
[进度] 18,153,472/100,000,000 (18.2%)  FPS≈1253  阶段=stage_turret  速度=0.00  直行间隔=180  aim=0.100/current  rotate=-0.07  ent=0.001  std=0.849
[进度] 18,169,856/100,000,000 (18.2%)  FPS≈1216  阶段=stage_turret  速度=0.00  直行间隔=180  aim=0.100/current  rotate=-0.07  ent=0.001  std=0.847
[进度] 18,186,240/100,000,000 (18.2%)  FPS≈1237  阶段=stage_turret  速度=0.00  直行间隔=180  aim=0.100/current  rotate=-0.07  ent=0.001  std=0.846
[进度] 18,202,624/100,000,000 (18.2%)  FPS≈1261  阶段=stage_turret  速度=0.00  直行间隔=180  aim=0.100/current  rotate=-0.07  ent=0.001  std=0.847
[进度] 18,219,008/100,000,000 (18.2%)  FPS≈1231  阶段=stage_turret  速度=0.00  直行间隔=180  aim=0.100/current  rotate=-0.07  ent=0.001  std=0.846
[进度] 18,235,392/100,000,000 (18.2%)  FPS≈1220  阶段=stage_turret  速度=0.00  直行间隔=180  aim=0.100/current  rotate=-0.07  ent=0.001  std=0.846
[存盘] 课程元数据 model_t18235392_stage0_stage_turret.curriculum.json  stage=stage_turret  bot=turret v=0.00
[存盘] /home/d0brane/tank/runs/curriculum_turret/20260923_115010/checkpoints/model_t18235392_stage0_stage_turret.zip
[评测] 开始（100 局）…
  [评测进度] 10/100  kill(命中/开火)=0.429  direct(直击/开火)=0.250  被命中(挨打/敌开火)=0.484  先发制人(直击前未被打中的局)=0.500  弹数=28
  [评测进度] 20/100  kill(命中/开火)=0.318  direct(直击/开火)=0.197  被命中(挨打/敌开火)=0.589  先发制人(直击前未被打中的局)=0.300  弹数=66
  [评测进度] 30/100  kill(命中/开火)=0.276  direct(直击/开火)=0.147  被命中(挨打/敌开火)=0.512  先发制人(直击前未被打中的局)=0.200  弹数=116
  [评测进度] 40/100  kill(命中/开火)=0.282  direct(直击/开火)=0.161  被命中(挨打/敌开火)=0.494  先发制人(直击前未被打中的局)=0.275  弹数=149
  [评测进度] 50/100  kill(命中/开火)=0.272  direct(直击/开火)=0.168  被命中(挨打/敌开火)=0.465  先发制人(直击前未被打中的局)=0.280  弹数=184
  [评测进度] 60/100  kill(命中/开火)=0.260  direct(直击/开火)=0.161  被命中(挨打/敌开火)=0.492  先发制人(直击前未被打中的局)=0.267  弹数=223
  [评测进度] 70/100  kill(命中/开火)=0.270  direct(直击/开火)=0.168  被命中(挨打/敌开火)=0.495  先发制人(直击前未被打中的局)=0.271  弹数=256
  [评测进度] 80/100  kill(命中/开火)=0.284  direct(直击/开火)=0.189  被命中(挨打/敌开火)=0.493  先发制人(直击前未被打中的局)=0.287  弹数=275
  [评测进度] 90/100  kill(命中/开火)=0.273  direct(直击/开火)=0.190  被命中(挨打/敌开火)=0.503  先发制人(直击前未被打中的局)=0.256  弹数=311
  [评测进度] 100/100  kill(命中/开火)=0.287  direct(直击/开火)=0.191  被命中(挨打/敌开火)=0.514  先发制人(直击前未被打中的局)=0.270  弹数=341
------------------------------------------------------------
[评测] 阶段=stage_turret  局数=100
  kill_rate(命中/开火) = 0.287  hit_rate(直击/开火) = 0.191  中位TTK = 201
  被命中率(挨打/敌开火) = 0.514  先发制人率(直击前未被打中的局/局数) = 0.270
  TTK口径     : 首直击步数；无直击=该局结束步数（评测步限封顶）
  晋级条件 直击/开火 hit_rate≥1.01  当前=0.191  → 指标未达标
  未晋级，继续当前阶段
------------------------------------------------------------
[进度] 18,251,776/100,000,000 (18.3%)  FPS≈1230  阶段=stage_turret  速度=0.00  直行间隔=180  aim=0.100/current  rotate=-0.07  ent=0.001  std=0.847
[进度] 18,268,160/100,000,000 (18.3%)  FPS≈1226  阶段=stage_turret  速度=0.00  直行间隔=180  aim=0.100/current  rotate=-0.07  ent=0.001  std=0.845
[进度] 18,284,544/100,000,000 (18.3%)  FPS≈1255  阶段=stage_turret  速度=0.00  直行间隔=180  aim=0.100/current  rotate=-0.07  ent=0.001  std=0.844
[进度] 18,300,928/100,000,000 (18.3%)  FPS≈1222  阶段=stage_turret  速度=0.00  直行间隔=180  aim=0.100/current  rotate=-0.07  ent=0.001  std=0.845
[进度] 18,317,312/100,000,000 (18.3%)  FPS≈1247  阶段=stage_turret  速度=0.00  直行间隔=180  aim=0.100/current  rotate=-0.07  ent=0.001  std=0.845
[进度] 18,333,696/100,000,000 (18.3%)  FPS≈1157  阶段=stage_turret  速度=0.00  直行间隔=180  aim=0.100/current  rotate=-0.07  ent=0.001  std=0.843
[进度] 18,350,080/100,000,000 (18.4%)  FPS≈1237  阶段=stage_turret  速度=0.00  直行间隔=180  aim=0.100/current  rotate=-0.07  ent=0.001  std=0.842
[存盘] 课程元数据 model_t18350080_stage0_stage_turret.curriculum.json  stage=stage_turret  bot=turret v=0.00
[存盘] /home/d0brane/tank/runs/curriculum_turret/20260923_115010/checkpoints/model_t18350080_stage0_stage_turret.zip
[评测] 开始（100 局）…
  [评测进度] 10/100  kill(命中/开火)=0.257  direct(直击/开火)=0.200  被命中(挨打/敌开火)=0.568  先发制人(直击前未被打中的局)=0.200  弹数=35
  [评测进度] 20/100  kill(命中/开火)=0.290  direct(直击/开火)=0.226  被命中(挨打/敌开火)=0.507  先发制人(直击前未被打中的局)=0.350  弹数=62
  [评测进度] 30/100  kill(命中/开火)=0.330  direct(直击/开火)=0.179  被命中(挨打/敌开火)=0.513  先发制人(直击前未被打中的局)=0.300  弹数=106
  [评测进度] 40/100  kill(命中/开火)=0.329  direct(直击/开火)=0.175  被命中(挨打/敌开火)=0.516  先发制人(直击前未被打中的局)=0.250  弹数=143
  [评测进度] 50/100  kill(命中/开火)=0.319  direct(直击/开火)=0.187  被命中(挨打/敌开火)=0.523  先发制人(直击前未被打中的局)=0.220  弹数=182
  [评测进度] 60/100  kill(命中/开火)=0.306  direct(直击/开火)=0.175  被命中(挨打/敌开火)=0.508  先发制人(直击前未被打中的局)=0.200  弹数=229
  [评测进度] 70/100  kill(命中/开火)=0.325  direct(直击/开火)=0.192  被命中(挨打/敌开火)=0.504  先发制人(直击前未被打中的局)=0.229  弹数=255
  [评测进度] 80/100  kill(命中/开火)=0.337  direct(直击/开火)=0.208  被命中(挨打/敌开火)=0.493  先发制人(直击前未被打中的局)=0.237  弹数=279
  [评测进度] 90/100  kill(命中/开火)=0.341  direct(直击/开火)=0.209  被命中(挨打/敌开火)=0.479  先发制人(直击前未被打中的局)=0.244  弹数=311
  [评测进度] 100/100  kill(命中/开火)=0.340  direct(直击/开火)=0.203  被命中(挨打/敌开火)=0.495  先发制人(直击前未被打中的局)=0.230  弹数=350
------------------------------------------------------------
[评测] 阶段=stage_turret  局数=100
  kill_rate(命中/开火) = 0.340  hit_rate(直击/开火) = 0.203  中位TTK = 280
  被命中率(挨打/敌开火) = 0.495  先发制人率(直击前未被打中的局/局数) = 0.230
  TTK口径     : 首直击步数；无直击=该局结束步数（评测步限封顶）
  晋级条件 直击/开火 hit_rate≥1.01  当前=0.203  → 指标未达标
  未晋级，继续当前阶段
------------------------------------------------------------
[进度] 18,366,464/100,000,000 (18.4%)  FPS≈1213  阶段=stage_turret  速度=0.00  直行间隔=180  aim=0.100/current  rotate=-0.07  ent=0.001  std=0.843
[进度] 18,382,848/100,000,000 (18.4%)  FPS≈1240  阶段=stage_turret  速度=0.00  直行间隔=180  aim=0.100/current  rotate=-0.07  ent=0.001  std=0.844
[进度] 18,399,232/100,000,000 (18.4%)  FPS≈1200  阶段=stage_turret  速度=0.00  直行间隔=180  aim=0.100/current  rotate=-0.07  ent=0.001  std=0.843
[进度] 18,415,616/100,000,000 (18.4%)  FPS≈1239  阶段=stage_turret  速度=0.00  直行间隔=180  aim=0.100/current  rotate=-0.07  ent=0.001  std=0.841
[进度] 18,432,000/100,000,000 (18.4%)  FPS≈1255  阶段=stage_turret  速度=0.00  直行间隔=180  aim=0.100/current  rotate=-0.07  ent=0.001  std=0.841
[进度] 18,448,384/100,000,000 (18.4%)  FPS≈1260  阶段=stage_turret  速度=0.00  直行间隔=180  aim=0.100/current  rotate=-0.07  ent=0.001  std=0.840
[进度] 18,464,768/100,000,000 (18.5%)  FPS≈1200  阶段=stage_turret  速度=0.00  直行间隔=180  aim=0.100/current  rotate=-0.07  ent=0.001  std=0.840
[存盘] 课程元数据 model_t18464768_stage0_stage_turret.curriculum.json  stage=stage_turret  bot=turret v=0.00
[存盘] /home/d0brane/tank/runs/curriculum_turret/20260923_115010/checkpoints/model_t18464768_stage0_stage_turret.zip
[评测] 开始（100 局）…
  [评测进度] 10/100  kill(命中/开火)=0.326  direct(直击/开火)=0.116  被命中(挨打/敌开火)=0.565  先发制人(直击前未被打中的局)=0.000  弹数=43
  [评测进度] 20/100  kill(命中/开火)=0.263  direct(直击/开火)=0.095  被命中(挨打/敌开火)=0.490  先发制人(直击前未被打中的局)=0.050  弹数=95
  [评测进度] 30/100  kill(命中/开火)=0.307  direct(直击/开火)=0.126  被命中(挨打/敌开火)=0.474  先发制人(直击前未被打中的局)=0.200  弹数=127
  [评测进度] 40/100  kill(命中/开火)=0.306  direct(直击/开火)=0.144  被命中(挨打/敌开火)=0.448  先发制人(直击前未被打中的局)=0.250  弹数=160
  [评测进度] 50/100  kill(命中/开火)=0.298  direct(直击/开火)=0.152  被命中(挨打/敌开火)=0.435  先发制人(直击前未被打中的局)=0.260  弹数=198
  [评测进度] 60/100  kill(命中/开火)=0.296  direct(直击/开火)=0.150  被命中(挨打/敌开火)=0.432  先发制人(直击前未被打中的局)=0.250  弹数=240
  [评测进度] 70/100  kill(命中/开火)=0.313  direct(直击/开火)=0.168  被命中(挨打/敌开火)=0.438  先发制人(直击前未被打中的局)=0.257  弹数=268
  [评测进度] 80/100  kill(命中/开火)=0.295  direct(直击/开火)=0.162  被命中(挨打/敌开火)=0.446  先发制人(直击前未被打中的局)=0.250  弹数=308
  [评测进度] 90/100  kill(命中/开火)=0.289  direct(直击/开火)=0.160  被命中(挨打/敌开火)=0.451  先发制人(直击前未被打中的局)=0.244  弹数=350
  [评测进度] 100/100  kill(命中/开火)=0.291  direct(直击/开火)=0.158  被命中(挨打/敌开火)=0.437  先发制人(直击前未被打中的局)=0.250  弹数=392
------------------------------------------------------------
[评测] 阶段=stage_turret  局数=100
  kill_rate(命中/开火) = 0.291  hit_rate(直击/开火) = 0.158  中位TTK = 350
  被命中率(挨打/敌开火) = 0.437  先发制人率(直击前未被打中的局/局数) = 0.250
  TTK口径     : 首直击步数；无直击=该局结束步数（评测步限封顶）
  晋级条件 直击/开火 hit_rate≥1.01  当前=0.158  → 指标未达标
  未晋级，继续当前阶段
------------------------------------------------------------
[进度] 18,481,152/100,000,000 (18.5%)  FPS≈1210  阶段=stage_turret  速度=0.00  直行间隔=180  aim=0.100/current  rotate=-0.07  ent=0.001  std=0.840
[进度] 18,497,536/100,000,000 (18.5%)  FPS≈1237  阶段=stage_turret  速度=0.00  直行间隔=180  aim=0.100/current  rotate=-0.07  ent=0.001  std=0.842
[进度] 18,513,920/100,000,000 (18.5%)  FPS≈1252  阶段=stage_turret  速度=0.00  直行间隔=180  aim=0.100/current  rotate=-0.07  ent=0.001  std=0.841
[进度] 18,530,304/100,000,000 (18.5%)  FPS≈1241  阶段=stage_turret  速度=0.00  直行间隔=180  aim=0.100/current  rotate=-0.07  ent=0.001  std=0.839
[进度] 18,546,688/100,000,000 (18.5%)  FPS≈1235  阶段=stage_turret  速度=0.00  直行间隔=180  aim=0.100/current  rotate=-0.07  ent=0.001  std=0.838
[进度] 18,563,072/100,000,000 (18.6%)  FPS≈1221  阶段=stage_turret  速度=0.00  直行间隔=180  aim=0.100/current  rotate=-0.07  ent=0.001  std=0.838
[进度] 18,579,456/100,000,000 (18.6%)  FPS≈1204  阶段=stage_turret  速度=0.00  直行间隔=180  aim=0.100/current  rotate=-0.07  ent=0.001  std=0.837
[存盘] 课程元数据 model_t18579456_stage0_stage_turret.curriculum.json  stage=stage_turret  bot=turret v=0.00
[存盘] /home/d0brane/tank/runs/curriculum_turret/20260923_115010/checkpoints/model_t18579456_stage0_stage_turret.zip
[评测] 开始（100 局）…
  [评测进度] 10/100  kill(命中/开火)=0.357  direct(直击/开火)=0.321  被命中(挨打/敌开火)=0.433  先发制人(直击前未被打中的局)=0.200  弹数=28
  [评测进度] 20/100  kill(命中/开火)=0.304  direct(直击/开火)=0.203  被命中(挨打/敌开火)=0.541  先发制人(直击前未被打中的局)=0.150  弹数=69
  [评测进度] 30/100  kill(命中/开火)=0.360  direct(直击/开火)=0.270  被命中(挨打/敌开火)=0.490  先发制人(直击前未被打中的局)=0.200  弹数=89
  [评测进度] 40/100  kill(命中/开火)=0.361  direct(直击/开火)=0.238  被命中(挨打/敌开火)=0.485  先发制人(直击前未被打中的局)=0.250  弹数=122
  [评测进度] 50/100  kill(命中/开火)=0.356  direct(直击/开火)=0.242  被命中(挨打/敌开火)=0.512  先发制人(直击前未被打中的局)=0.240  弹数=149
  [评测进度] 60/100  kill(命中/开火)=0.354  direct(直击/开火)=0.249  被命中(挨打/敌开火)=0.492  先发制人(直击前未被打中的局)=0.283  弹数=181
  [评测进度] 70/100  kill(命中/开火)=0.343  direct(直击/开火)=0.241  被命中(挨打/敌开火)=0.511  先发制人(直击前未被打中的局)=0.271  弹数=216
  [评测进度] 80/100  kill(命中/开火)=0.348  direct(直击/开火)=0.246  被命中(挨打/敌开火)=0.514  先发制人(直击前未被打中的局)=0.263  弹数=244
  [评测进度] 90/100  kill(命中/开火)=0.353  direct(直击/开火)=0.250  被命中(挨打/敌开火)=0.503  先发制人(直击前未被打中的局)=0.278  弹数=272
  [评测进度] 100/100  kill(命中/开火)=0.351  direct(直击/开火)=0.254  被命中(挨打/敌开火)=0.508  先发制人(直击前未被打中的局)=0.270  弹数=299
------------------------------------------------------------
[评测] 阶段=stage_turret  局数=100
  kill_rate(命中/开火) = 0.351  hit_rate(直击/开火) = 0.254  中位TTK = 193
  被命中率(挨打/敌开火) = 0.508  先发制人率(直击前未被打中的局/局数) = 0.270
  TTK口径     : 首直击步数；无直击=该局结束步数（评测步限封顶）
  晋级条件 直击/开火 hit_rate≥1.01  当前=0.254  → 指标未达标
  未晋级，继续当前阶段
------------------------------------------------------------
[进度] 18,595,840/100,000,000 (18.6%)  FPS≈1241  阶段=stage_turret  速度=0.00  直行间隔=180  aim=0.100/current  rotate=-0.07  ent=0.001  std=0.836
[进度] 18,612,224/100,000,000 (18.6%)  FPS≈1201  阶段=stage_turret  速度=0.00  直行间隔=180  aim=0.100/current  rotate=-0.07  ent=0.001  std=0.836
[进度] 18,628,608/100,000,000 (18.6%)  FPS≈1227  阶段=stage_turret  速度=0.00  直行间隔=180  aim=0.100/current  rotate=-0.07  ent=0.001  std=0.834
[进度] 18,644,992/100,000,000 (18.6%)  FPS≈1215  阶段=stage_turret  速度=0.00  直行间隔=180  aim=0.100/current  rotate=-0.07  ent=0.001  std=0.834
[进度] 18,661,376/100,000,000 (18.7%)  FPS≈1245  阶段=stage_turret  速度=0.00  直行间隔=180  aim=0.100/current  rotate=-0.07  ent=0.001  std=0.835
[进度] 18,677,760/100,000,000 (18.7%)  FPS≈1250  阶段=stage_turret  速度=0.00  直行间隔=180  aim=0.100/current  rotate=-0.07  ent=0.001  std=0.835
[进度] 18,694,144/100,000,000 (18.7%)  FPS≈1231  阶段=stage_turret  速度=0.00  直行间隔=180  aim=0.100/current  rotate=-0.07  ent=0.001  std=0.835
[存盘] 课程元数据 model_t18694144_stage0_stage_turret.curriculum.json  stage=stage_turret  bot=turret v=0.00
[存盘] /home/d0brane/tank/runs/curriculum_turret/20260923_115010/checkpoints/model_t18694144_stage0_stage_turret.zip
[评测] 开始（100 局）…
  [评测进度] 10/100  kill(命中/开火)=0.270  direct(直击/开火)=0.162  被命中(挨打/敌开火)=0.610  先发制人(直击前未被打中的局)=0.300  弹数=37
  [评测进度] 20/100  kill(命中/开火)=0.317  direct(直击/开火)=0.250  被命中(挨打/敌开火)=0.597  先发制人(直击前未被打中的局)=0.350  弹数=60
  [评测进度] 30/100  kill(命中/开火)=0.313  direct(直击/开火)=0.222  被命中(挨打/敌开火)=0.533  先发制人(直击前未被打中的局)=0.300  弹数=99
  [评测进度] 40/100  kill(命中/开火)=0.326  direct(直击/开火)=0.207  被命中(挨打/敌开火)=0.527  先发制人(直击前未被打中的局)=0.300  弹数=135
  [评测进度] 50/100  kill(命中/开火)=0.316  direct(直击/开火)=0.195  被命中(挨打/敌开火)=0.551  先发制人(直击前未被打中的局)=0.280  弹数=174
  [评测进度] 60/100  kill(命中/开火)=0.325  direct(直击/开火)=0.184  被命中(挨打/敌开火)=0.548  先发制人(直击前未被打中的局)=0.300  弹数=212
  [评测进度] 70/100  kill(命中/开火)=0.343  direct(直击/开火)=0.199  被命中(挨打/敌开火)=0.559  先发制人(直击前未被打中的局)=0.314  弹数=236
  [评测进度] 80/100  kill(命中/开火)=0.341  direct(直击/开火)=0.201  被命中(挨打/敌开火)=0.560  先发制人(直击前未被打中的局)=0.300  弹数=273
  [评测进度] 90/100  kill(命中/开火)=0.334  direct(直击/开火)=0.189  被命中(挨打/敌开火)=0.557  先发制人(直击前未被打中的局)=0.278  弹数=317
  [评测进度] 100/100  kill(命中/开火)=0.331  direct(直击/开火)=0.188  被命中(挨打/敌开火)=0.556  先发制人(直击前未被打中的局)=0.270  弹数=356
------------------------------------------------------------
[评测] 阶段=stage_turret  局数=100
  kill_rate(命中/开火) = 0.331  hit_rate(直击/开火) = 0.188  中位TTK = 286
  被命中率(挨打/敌开火) = 0.556  先发制人率(直击前未被打中的局/局数) = 0.270
  TTK口径     : 首直击步数；无直击=该局结束步数（评测步限封顶）
  晋级条件 直击/开火 hit_rate≥1.01  当前=0.188  → 指标未达标
  未晋级，继续当前阶段
------------------------------------------------------------
[进度] 18,710,528/100,000,000 (18.7%)  FPS≈1234  阶段=stage_turret  速度=0.00  直行间隔=180  aim=0.100/current  rotate=-0.07  ent=0.001  std=0.835
[进度] 18,726,912/100,000,000 (18.7%)  FPS≈1241  阶段=stage_turret  速度=0.00  直行间隔=180  aim=0.100/current  rotate=-0.07  ent=0.001  std=0.836
[进度] 18,743,296/100,000,000 (18.7%)  FPS≈1266  阶段=stage_turret  速度=0.00  直行间隔=180  aim=0.100/current  rotate=-0.07  ent=0.001  std=0.835
[进度] 18,759,680/100,000,000 (18.8%)  FPS≈1283  阶段=stage_turret  速度=0.00  直行间隔=180  aim=0.100/current  rotate=-0.07  ent=0.001  std=0.835
[进度] 18,776,064/100,000,000 (18.8%)  FPS≈1226  阶段=stage_turret  速度=0.00  直行间隔=180  aim=0.100/current  rotate=-0.07  ent=0.001  std=0.834
[进度] 18,792,448/100,000,000 (18.8%)  FPS≈1254  阶段=stage_turret  速度=0.00  直行间隔=180  aim=0.100/current  rotate=-0.07  ent=0.001  std=0.834
[进度] 18,808,832/100,000,000 (18.8%)  FPS≈1246  阶段=stage_turret  速度=0.00  直行间隔=180  aim=0.100/current  rotate=-0.07  ent=0.001  std=0.834
[存盘] 课程元数据 model_t18808832_stage0_stage_turret.curriculum.json  stage=stage_turret  bot=turret v=0.00
[存盘] /home/d0brane/tank/runs/curriculum_turret/20260923_115010/checkpoints/model_t18808832_stage0_stage_turret.zip
[评测] 开始（100 局）…
  [评测进度] 10/100  kill(命中/开火)=0.448  direct(直击/开火)=0.241  被命中(挨打/敌开火)=0.656  先发制人(直击前未被打中的局)=0.200  弹数=29
  [评测进度] 20/100  kill(命中/开火)=0.431  direct(直击/开火)=0.215  被命中(挨打/敌开火)=0.606  先发制人(直击前未被打中的局)=0.150  弹数=65
  [评测进度] 30/100  kill(命中/开火)=0.404  direct(直击/开火)=0.212  被命中(挨打/敌开火)=0.604  先发制人(直击前未被打中的局)=0.167  弹数=104
  [评测进度] 40/100  kill(命中/开火)=0.371  direct(直击/开火)=0.207  被命中(挨打/敌开火)=0.595  先发制人(直击前未被打中的局)=0.175  弹数=140
  [评测进度] 50/100  kill(命中/开火)=0.341  direct(直击/开火)=0.178  被命中(挨打/敌开火)=0.608  先发制人(直击前未被打中的局)=0.140  弹数=185
  [评测进度] 60/100  kill(命中/开火)=0.339  direct(直击/开火)=0.181  被命中(挨打/敌开火)=0.606  先发制人(直击前未被打中的局)=0.133  弹数=221
  [评测进度] 70/100  kill(命中/开火)=0.352  direct(直击/开火)=0.190  被命中(挨打/敌开火)=0.584  先发制人(直击前未被打中的局)=0.129  弹数=253
  [评测进度] 80/100  kill(命中/开火)=0.338  direct(直击/开火)=0.175  被命中(挨打/敌开火)=0.566  先发制人(直击前未被打中的局)=0.125  弹数=302
  [评测进度] 90/100  kill(命中/开火)=0.333  direct(直击/开火)=0.180  被命中(挨打/敌开火)=0.573  先发制人(直击前未被打中的局)=0.156  弹数=333
  [评测进度] 100/100  kill(命中/开火)=0.328  direct(直击/开火)=0.172  被命中(挨打/敌开火)=0.561  先发制人(直击前未被打中的局)=0.160  弹数=378
------------------------------------------------------------
[评测] 阶段=stage_turret  局数=100
  kill_rate(命中/开火) = 0.328  hit_rate(直击/开火) = 0.172  中位TTK = 338
  被命中率(挨打/敌开火) = 0.561  先发制人率(直击前未被打中的局/局数) = 0.160
  TTK口径     : 首直击步数；无直击=该局结束步数（评测步限封顶）
  晋级条件 直击/开火 hit_rate≥1.01  当前=0.172  → 指标未达标
  未晋级，继续当前阶段
------------------------------------------------------------
[进度] 18,825,216/100,000,000 (18.8%)  FPS≈1238  阶段=stage_turret  速度=0.00  直行间隔=180  aim=0.100/current  rotate=-0.07  ent=0.001  std=0.834
[进度] 18,841,600/100,000,000 (18.8%)  FPS≈1189  阶段=stage_turret  速度=0.00  直行间隔=180  aim=0.100/current  rotate=-0.07  ent=0.001  std=0.834
[进度] 18,857,984/100,000,000 (18.9%)  FPS≈1224  阶段=stage_turret  速度=0.00  直行间隔=180  aim=0.100/current  rotate=-0.07  ent=0.001  std=0.834
[进度] 18,874,368/100,000,000 (18.9%)  FPS≈1216  阶段=stage_turret  速度=0.00  直行间隔=180  aim=0.100/current  rotate=-0.07  ent=0.001  std=0.833
[进度] 18,890,752/100,000,000 (18.9%)  FPS≈1247  阶段=stage_turret  速度=0.00  直行间隔=180  aim=0.100/current  rotate=-0.07  ent=0.001  std=0.834
[进度] 18,907,136/100,000,000 (18.9%)  FPS≈1213  阶段=stage_turret  速度=0.00  直行间隔=180  aim=0.100/current  rotate=-0.07  ent=0.001  std=0.834
[进度] 18,923,520/100,000,000 (18.9%)  FPS≈1223  阶段=stage_turret  速度=0.00  直行间隔=180  aim=0.100/current  rotate=-0.07  ent=0.001  std=0.834
[存盘] 课程元数据 model_t18923520_stage0_stage_turret.curriculum.json  stage=stage_turret  bot=turret v=0.00
[存盘] /home/d0brane/tank/runs/curriculum_turret/20260923_115010/checkpoints/model_t18923520_stage0_stage_turret.zip
[评测] 开始（100 局）…
  [评测进度] 10/100  kill(命中/开火)=0.343  direct(直击/开火)=0.200  被命中(挨打/敌开火)=0.675  先发制人(直击前未被打中的局)=0.100  弹数=35
  [评测进度] 20/100  kill(命中/开火)=0.312  direct(直击/开火)=0.156  被命中(挨打/敌开火)=0.616  先发制人(直击前未被打中的局)=0.150  弹数=77
  [评测进度] 30/100  kill(命中/开火)=0.292  direct(直击/开火)=0.133  被命中(挨打/敌开火)=0.603  先发制人(直击前未被打中的局)=0.167  弹数=120
  [评测进度] 40/100  kill(命中/开火)=0.300  direct(直击/开火)=0.131  被命中(挨打/敌开火)=0.568  先发制人(直击前未被打中的局)=0.175  弹数=160
  [评测进度] 50/100  kill(命中/开火)=0.297  direct(直击/开火)=0.138  被命中(挨打/敌开火)=0.571  先发制人(直击前未被打中的局)=0.180  弹数=195
  [评测进度] 60/100  kill(命中/开火)=0.295  direct(直击/开火)=0.137  被命中(挨打/敌开火)=0.599  先发制人(直击前未被打中的局)=0.167  弹数=234
  [评测进度] 70/100  kill(命中/开火)=0.303  direct(直击/开火)=0.139  被命中(挨打/敌开火)=0.598  先发制人(直击前未被打中的局)=0.157  弹数=274
  [评测进度] 80/100  kill(命中/开火)=0.287  direct(直击/开火)=0.131  被命中(挨打/敌开火)=0.589  先发制人(直击前未被打中的局)=0.163  弹数=320
  [评测进度] 90/100  kill(命中/开火)=0.292  direct(直击/开火)=0.131  被命中(挨打/敌开火)=0.587  先发制人(直击前未被打中的局)=0.156  弹数=360
  [评测进度] 100/100  kill(命中/开火)=0.280  direct(直击/开火)=0.127  被命中(挨打/敌开火)=0.579  先发制人(直击前未被打中的局)=0.180  弹数=403
------------------------------------------------------------
[评测] 阶段=stage_turret  局数=100
  kill_rate(命中/开火) = 0.280  hit_rate(直击/开火) = 0.127  中位TTK = 392
  被命中率(挨打/敌开火) = 0.579  先发制人率(直击前未被打中的局/局数) = 0.180
  TTK口径     : 首直击步数；无直击=该局结束步数（评测步限封顶）
  晋级条件 直击/开火 hit_rate≥1.01  当前=0.127  → 指标未达标
  未晋级，继续当前阶段
------------------------------------------------------------
[进度] 18,939,904/100,000,000 (18.9%)  FPS≈1209  阶段=stage_turret  速度=0.00  直行间隔=180  aim=0.100/current  rotate=-0.07  ent=0.001  std=0.833
[进度] 18,956,288/100,000,000 (19.0%)  FPS≈1211  阶段=stage_turret  速度=0.00  直行间隔=180  aim=0.100/current  rotate=-0.07  ent=0.001  std=0.835
[进度] 18,972,672/100,000,000 (19.0%)  FPS≈1245  阶段=stage_turret  速度=0.00  直行间隔=180  aim=0.100/current  rotate=-0.07  ent=0.001  std=0.835
[进度] 18,989,056/100,000,000 (19.0%)  FPS≈1211  阶段=stage_turret  速度=0.00  直行间隔=180  aim=0.100/current  rotate=-0.07  ent=0.001  std=0.834
[进度] 19,005,440/100,000,000 (19.0%)  FPS≈1223  阶段=stage_turret  速度=0.00  直行间隔=180  aim=0.100/current  rotate=-0.07  ent=0.001  std=0.834
[进度] 19,021,824/100,000,000 (19.0%)  FPS≈1208  阶段=stage_turret  速度=0.00  直行间隔=180  aim=0.100/current  rotate=-0.07  ent=0.001  std=0.834
[进度] 19,038,208/100,000,000 (19.0%)  FPS≈1253  阶段=stage_turret  速度=0.00  直行间隔=180  aim=0.100/current  rotate=-0.07  ent=0.001  std=0.834
[存盘] 课程元数据 model_t19038208_stage0_stage_turret.curriculum.json  stage=stage_turret  bot=turret v=0.00
[存盘] /home/d0brane/tank/runs/curriculum_turret/20260923_115010/checkpoints/model_t19038208_stage0_stage_turret.zip
[评测] 开始（100 局）…
  [评测进度] 10/100  kill(命中/开火)=0.176  direct(直击/开火)=0.176  被命中(挨打/敌开火)=0.667  先发制人(直击前未被打中的局)=0.300  弹数=34
  [评测进度] 20/100  kill(命中/开火)=0.262  direct(直击/开火)=0.230  被命中(挨打/敌开火)=0.523  先发制人(直击前未被打中的局)=0.350  弹数=61
  [评测进度] 30/100  kill(命中/开火)=0.276  direct(直击/开火)=0.171  被命中(挨打/敌开火)=0.514  先发制人(直击前未被打中的局)=0.300  弹数=105
  [评测进度] 40/100  kill(命中/开火)=0.274  direct(直击/开火)=0.158  被命中(挨打/敌开火)=0.519  先发制人(直击前未被打中的局)=0.275  弹数=146
  [评测进度] 50/100  kill(命中/开火)=0.267  direct(直击/开火)=0.144  被命中(挨打/敌开火)=0.561  先发制人(直击前未被打中的局)=0.240  弹数=187
  [评测进度] 60/100  kill(命中/开火)=0.261  direct(直击/开火)=0.135  被命中(挨打/敌开火)=0.543  先发制人(直击前未被打中的局)=0.250  弹数=230
  [评测进度] 70/100  kill(命中/开火)=0.254  direct(直击/开火)=0.136  被命中(挨打/敌开火)=0.546  先发制人(直击前未被打中的局)=0.214  弹数=272
  [评测进度] 80/100  kill(命中/开火)=0.241  direct(直击/开火)=0.132  被命中(挨打/敌开火)=0.535  先发制人(直击前未被打中的局)=0.200  弹数=319
  [评测进度] 90/100  kill(命中/开火)=0.235  direct(直击/开火)=0.130  被命中(挨打/敌开火)=0.527  先发制人(直击前未被打中的局)=0.189  弹数=361
  [评测进度] 100/100  kill(命中/开火)=0.243  direct(直击/开火)=0.141  被命中(挨打/敌开火)=0.540  先发制人(直击前未被打中的局)=0.180  弹数=391
------------------------------------------------------------
[评测] 阶段=stage_turret  局数=100
  kill_rate(命中/开火) = 0.243  hit_rate(直击/开火) = 0.141  中位TTK = 353
  被命中率(挨打/敌开火) = 0.540  先发制人率(直击前未被打中的局/局数) = 0.180
  TTK口径     : 首直击步数；无直击=该局结束步数（评测步限封顶）
  晋级条件 直击/开火 hit_rate≥1.01  当前=0.141  → 指标未达标
  未晋级，继续当前阶段
------------------------------------------------------------
[进度] 19,054,592/100,000,000 (19.1%)  FPS≈1195  阶段=stage_turret  速度=0.00  直行间隔=180  aim=0.100/current  rotate=-0.07  ent=0.001  std=0.834
[进度] 19,070,976/100,000,000 (19.1%)  FPS≈1240  阶段=stage_turret  速度=0.00  直行间隔=180  aim=0.100/current  rotate=-0.07  ent=0.001  std=0.833
[进度] 19,087,360/100,000,000 (19.1%)  FPS≈1243  阶段=stage_turret  速度=0.00  直行间隔=180  aim=0.100/current  rotate=-0.07  ent=0.001  std=0.834
[进度] 19,103,744/100,000,000 (19.1%)  FPS≈1196  阶段=stage_turret  速度=0.00  直行间隔=180  aim=0.100/current  rotate=-0.07  ent=0.001  std=0.834
[进度] 19,120,128/100,000,000 (19.1%)  FPS≈1226  阶段=stage_turret  速度=0.00  直行间隔=180  aim=0.100/current  rotate=-0.07  ent=0.001  std=0.834
[进度] 19,136,512/100,000,000 (19.1%)  FPS≈1218  阶段=stage_turret  速度=0.00  直行间隔=180  aim=0.100/current  rotate=-0.07  ent=0.001  std=0.833
[进度] 19,152,896/100,000,000 (19.2%)  FPS≈1242  阶段=stage_turret  速度=0.00  直行间隔=180  aim=0.100/current  rotate=-0.07  ent=0.001  std=0.835
[存盘] 课程元数据 model_t19152896_stage0_stage_turret.curriculum.json  stage=stage_turret  bot=turret v=0.00
[存盘] /home/d0brane/tank/runs/curriculum_turret/20260923_115010/checkpoints/model_t19152896_stage0_stage_turret.zip
[评测] 开始（100 局）…
  [评测进度] 10/100  kill(命中/开火)=0.222  direct(直击/开火)=0.111  被命中(挨打/敌开火)=0.633  先发制人(直击前未被打中的局)=0.200  弹数=45
  [评测进度] 20/100  kill(命中/开火)=0.256  direct(直击/开火)=0.116  被命中(挨打/敌开火)=0.606  先发制人(直击前未被打中的局)=0.250  弹数=86
  [评测进度] 30/100  kill(命中/开火)=0.288  direct(直击/开火)=0.171  被命中(挨打/敌开火)=0.579  先发制人(直击前未被打中的局)=0.267  弹数=111
  [评测进度] 40/100  kill(命中/开火)=0.300  direct(直击/开火)=0.173  被命中(挨打/敌开火)=0.537  先发制人(直击前未被打中的局)=0.250  弹数=150
  [评测进度] 50/100  kill(命中/开火)=0.328  direct(直击/开火)=0.167  被命中(挨打/敌开火)=0.519  先发制人(直击前未被打中的局)=0.220  弹数=192
  [评测进度] 60/100  kill(命中/开火)=0.320  direct(直击/开火)=0.165  被命中(挨打/敌开火)=0.526  先发制人(直击前未被打中的局)=0.217  弹数=231
  [评测进度] 70/100  kill(命中/开火)=0.310  direct(直击/开火)=0.164  被命中(挨打/敌开火)=0.539  先发制人(直击前未被打中的局)=0.243  弹数=268
  [评测进度] 80/100  kill(命中/开火)=0.290  direct(直击/开火)=0.156  被命中(挨打/敌开火)=0.543  先发制人(直击前未被打中的局)=0.225  弹数=314
  [评测进度] 90/100  kill(命中/开火)=0.299  direct(直击/开火)=0.165  被命中(挨打/敌开火)=0.533  先发制人(直击前未被打中的局)=0.233  弹数=351
  [评测进度] 100/100  kill(命中/开火)=0.312  direct(直击/开火)=0.171  被命中(挨打/敌开火)=0.524  先发制人(直击前未被打中的局)=0.250  弹数=385
------------------------------------------------------------
[评测] 阶段=stage_turret  局数=100
  kill_rate(命中/开火) = 0.312  hit_rate(直击/开火) = 0.171  中位TTK = 420
  被命中率(挨打/敌开火) = 0.524  先发制人率(直击前未被打中的局/局数) = 0.250
  TTK口径     : 首直击步数；无直击=该局结束步数（评测步限封顶）
  晋级条件 直击/开火 hit_rate≥1.01  当前=0.171  → 指标未达标
  未晋级，继续当前阶段
------------------------------------------------------------
[进度] 19,169,280/100,000,000 (19.2%)  FPS≈1228  阶段=stage_turret  速度=0.00  直行间隔=180  aim=0.100/current  rotate=-0.07  ent=0.001  std=0.834
[进度] 19,185,664/100,000,000 (19.2%)  FPS≈1207  阶段=stage_turret  速度=0.00  直行间隔=180  aim=0.100/current  rotate=-0.07  ent=0.001  std=0.833
[进度] 19,202,048/100,000,000 (19.2%)  FPS≈1224  阶段=stage_turret  速度=0.00  直行间隔=180  aim=0.100/current  rotate=-0.07  ent=0.001  std=0.833
[进度] 19,218,432/100,000,000 (19.2%)  FPS≈1255  阶段=stage_turret  速度=0.00  直行间隔=180  aim=0.100/current  rotate=-0.07  ent=0.001  std=0.831
[进度] 19,234,816/100,000,000 (19.2%)  FPS≈1179  阶段=stage_turret  速度=0.00  直行间隔=180  aim=0.100/current  rotate=-0.07  ent=0.001  std=0.830
[进度] 19,251,200/100,000,000 (19.3%)  FPS≈1210  阶段=stage_turret  速度=0.00  直行间隔=180  aim=0.100/current  rotate=-0.07  ent=0.001  std=0.829
[进度] 19,267,584/100,000,000 (19.3%)  FPS≈1239  阶段=stage_turret  速度=0.00  直行间隔=180  aim=0.100/current  rotate=-0.07  ent=0.001  std=0.828
[存盘] 课程元数据 model_t19267584_stage0_stage_turret.curriculum.json  stage=stage_turret  bot=turret v=0.00
[存盘] /home/d0brane/tank/runs/curriculum_turret/20260923_115010/checkpoints/model_t19267584_stage0_stage_turret.zip
[评测] 开始（100 局）…
  [评测进度] 10/100  kill(命中/开火)=0.302  direct(直击/开火)=0.093  被命中(挨打/敌开火)=0.711  先发制人(直击前未被打中的局)=0.000  弹数=43
  [评测进度] 20/100  kill(命中/开火)=0.377  direct(直击/开火)=0.174  被命中(挨打/敌开火)=0.662  先发制人(直击前未被打中的局)=0.150  弹数=69
  [评测进度] 30/100  kill(命中/开火)=0.340  direct(直击/开火)=0.179  被命中(挨打/敌开火)=0.622  先发制人(直击前未被打中的局)=0.133  弹数=106
  [评测进度] 40/100  kill(命中/开火)=0.321  direct(直击/开火)=0.145  被命中(挨打/敌开火)=0.554  先发制人(直击前未被打中的局)=0.125  弹数=159
  [评测进度] 50/100  kill(命中/开火)=0.317  direct(直击/开火)=0.144  被命中(挨打/敌开火)=0.561  先发制人(直击前未被打中的局)=0.120  弹数=202
  [评测进度] 60/100  kill(命中/开火)=0.315  direct(直击/开火)=0.158  被命中(挨打/敌开火)=0.545  先发制人(直击前未被打中的局)=0.133  弹数=241
  [评测进度] 70/100  kill(命中/开火)=0.310  direct(直击/开火)=0.155  被命中(挨打/敌开火)=0.522  先发制人(直击前未被打中的局)=0.143  弹数=284
  [评测进度] 80/100  kill(命中/开火)=0.311  direct(直击/开火)=0.165  被命中(挨打/敌开火)=0.520  先发制人(直击前未被打中的局)=0.175  弹数=315
  [评测进度] 90/100  kill(命中/开火)=0.319  direct(直击/开火)=0.170  被命中(挨打/敌开火)=0.522  先发制人(直击前未被打中的局)=0.178  弹数=348
  [评测进度] 100/100  kill(命中/开火)=0.326  direct(直击/开火)=0.176  被命中(挨打/敌开火)=0.511  先发制人(直击前未被打中的局)=0.210  弹数=380
------------------------------------------------------------
[评测] 阶段=stage_turret  局数=100
  kill_rate(命中/开火) = 0.326  hit_rate(直击/开火) = 0.176  中位TTK = 366
  被命中率(挨打/敌开火) = 0.511  先发制人率(直击前未被打中的局/局数) = 0.210
  TTK口径     : 首直击步数；无直击=该局结束步数（评测步限封顶）
  晋级条件 直击/开火 hit_rate≥1.01  当前=0.176  → 指标未达标
  未晋级，继续当前阶段
------------------------------------------------------------
[进度] 19,283,968/100,000,000 (19.3%)  FPS≈1187  阶段=stage_turret  速度=0.00  直行间隔=180  aim=0.100/current  rotate=-0.07  ent=0.001  std=0.828
[进度] 19,300,352/100,000,000 (19.3%)  FPS≈1197  阶段=stage_turret  速度=0.00  直行间隔=180  aim=0.100/current  rotate=-0.07  ent=0.001  std=0.827
[进度] 19,316,736/100,000,000 (19.3%)  FPS≈1263  阶段=stage_turret  速度=0.00  直行间隔=180  aim=0.100/current  rotate=-0.07  ent=0.001  std=0.828
[进度] 19,333,120/100,000,000 (19.3%)  FPS≈1263  阶段=stage_turret  速度=0.00  直行间隔=180  aim=0.100/current  rotate=-0.07  ent=0.001  std=0.827
[进度] 19,349,504/100,000,000 (19.3%)  FPS≈1231  阶段=stage_turret  速度=0.00  直行间隔=180  aim=0.100/current  rotate=-0.07  ent=0.001  std=0.826
[进度] 19,365,888/100,000,000 (19.4%)  FPS≈1245  阶段=stage_turret  速度=0.00  直行间隔=180  aim=0.100/current  rotate=-0.07  ent=0.001  std=0.828
[进度] 19,382,272/100,000,000 (19.4%)  FPS≈1243  阶段=stage_turret  速度=0.00  直行间隔=180  aim=0.100/current  rotate=-0.07  ent=0.001  std=0.828
[存盘] 课程元数据 model_t19382272_stage0_stage_turret.curriculum.json  stage=stage_turret  bot=turret v=0.00
[存盘] /home/d0brane/tank/runs/curriculum_turret/20260923_115010/checkpoints/model_t19382272_stage0_stage_turret.zip
[评测] 开始（100 局）…
  [评测进度] 10/100  kill(命中/开火)=0.375  direct(直击/开火)=0.219  被命中(挨打/敌开火)=0.543  先发制人(直击前未被打中的局)=0.200  弹数=32
  [评测进度] 20/100  kill(命中/开火)=0.342  direct(直击/开火)=0.178  被命中(挨打/敌开火)=0.481  先发制人(直击前未被打中的局)=0.150  弹数=73
  [评测进度] 30/100  kill(命中/开火)=0.313  direct(直击/开火)=0.148  被命中(挨打/敌开火)=0.512  先发制人(直击前未被打中的局)=0.200  弹数=115
  [评测进度] 40/100  kill(命中/开火)=0.304  direct(直击/开火)=0.155  被命中(挨打/敌开火)=0.547  先发制人(直击前未被打中的局)=0.225  弹数=148
  [评测进度] 50/100  kill(命中/开火)=0.266  direct(直击/开火)=0.141  被命中(挨打/敌开火)=0.587  先发制人(直击前未被打中的局)=0.180  弹数=192
  [评测进度] 60/100  kill(命中/开火)=0.268  direct(直击/开火)=0.152  被命中(挨打/敌开火)=0.601  先发制人(直击前未被打中的局)=0.183  弹数=224
  [评测进度] 70/100  kill(命中/开火)=0.260  direct(直击/开火)=0.141  被命中(挨打/敌开火)=0.591  先发制人(直击前未被打中的局)=0.171  弹数=269
  [评测进度] 80/100  kill(命中/开火)=0.257  direct(直击/开火)=0.140  被命中(挨打/敌开火)=0.560  先发制人(直击前未被打中的局)=0.200  弹数=307
  [评测进度] 90/100  kill(命中/开火)=0.261  direct(直击/开火)=0.140  被命中(挨打/敌开火)=0.545  先发制人(直击前未被打中的局)=0.200  弹数=349
  [评测进度] 100/100  kill(命中/开火)=0.275  direct(直击/开火)=0.155  被命中(挨打/敌开火)=0.541  先发制人(直击前未被打中的局)=0.210  弹数=374
------------------------------------------------------------
[评测] 阶段=stage_turret  局数=100
  kill_rate(命中/开火) = 0.275  hit_rate(直击/开火) = 0.155  中位TTK = 359
  被命中率(挨打/敌开火) = 0.541  先发制人率(直击前未被打中的局/局数) = 0.210
  TTK口径     : 首直击步数；无直击=该局结束步数（评测步限封顶）
  晋级条件 直击/开火 hit_rate≥1.01  当前=0.155  → 指标未达标
  未晋级，继续当前阶段
------------------------------------------------------------
[进度] 19,398,656/100,000,000 (19.4%)  FPS≈1243  阶段=stage_turret  速度=0.00  直行间隔=180  aim=0.100/current  rotate=-0.07  ent=0.001  std=0.827
[进度] 19,415,040/100,000,000 (19.4%)  FPS≈1213  阶段=stage_turret  速度=0.00  直行间隔=180  aim=0.100/current  rotate=-0.07  ent=0.001  std=0.828
[进度] 19,431,424/100,000,000 (19.4%)  FPS≈1262  阶段=stage_turret  速度=0.00  直行间隔=180  aim=0.100/current  rotate=-0.07  ent=0.001  std=0.826
[进度] 19,447,808/100,000,000 (19.4%)  FPS≈1237  阶段=stage_turret  速度=0.00  直行间隔=180  aim=0.100/current  rotate=-0.07  ent=0.001  std=0.826
[进度] 19,464,192/100,000,000 (19.5%)  FPS≈1171  阶段=stage_turret  速度=0.00  直行间隔=180  aim=0.100/current  rotate=-0.07  ent=0.001  std=0.825
[进度] 19,480,576/100,000,000 (19.5%)  FPS≈1239  阶段=stage_turret  速度=0.00  直行间隔=180  aim=0.100/current  rotate=-0.07  ent=0.001  std=0.825
[进度] 19,496,960/100,000,000 (19.5%)  FPS≈1236  阶段=stage_turret  速度=0.00  直行间隔=180  aim=0.100/current  rotate=-0.07  ent=0.001  std=0.825
[存盘] 课程元数据 model_t19496960_stage0_stage_turret.curriculum.json  stage=stage_turret  bot=turret v=0.00
[存盘] /home/d0brane/tank/runs/curriculum_turret/20260923_115010/checkpoints/model_t19496960_stage0_stage_turret.zip
[评测] 开始（100 局）…
  [评测进度] 10/100  kill(命中/开火)=0.341  direct(直击/开火)=0.171  被命中(挨打/敌开火)=0.477  先发制人(直击前未被打中的局)=0.300  弹数=41
  [评测进度] 20/100  kill(命中/开火)=0.375  direct(直击/开火)=0.250  被命中(挨打/敌开火)=0.418  先发制人(直击前未被打中的局)=0.450  弹数=64
  [评测进度] 30/100  kill(命中/开火)=0.295  direct(直击/开火)=0.190  被命中(挨打/敌开火)=0.477  先发制人(直击前未被打中的局)=0.400  弹数=105
  [评测进度] 40/100  kill(命中/开火)=0.333  direct(直击/开火)=0.233  被命中(挨打/敌开火)=0.434  先发制人(直击前未被打中的局)=0.450  弹数=129
  [评测进度] 50/100  kill(命中/开火)=0.316  direct(直击/开火)=0.198  被命中(挨打/敌开火)=0.460  先发制人(直击前未被打中的局)=0.360  弹数=177
  [评测进度] 60/100  kill(命中/开火)=0.324  direct(直击/开火)=0.208  被命中(挨打/敌开火)=0.468  先发制人(直击前未被打中的局)=0.350  弹数=207
  [评测进度] 70/100  kill(命中/开火)=0.338  direct(直击/开火)=0.219  被命中(挨打/敌开火)=0.460  先发制人(直击前未被打中的局)=0.357  弹数=237
  [评测进度] 80/100  kill(命中/开火)=0.336  direct(直击/开火)=0.218  被命中(挨打/敌开火)=0.441  先发制人(直击前未被打中的局)=0.375  弹数=271
  [评测进度] 90/100  kill(命中/开火)=0.325  direct(直击/开火)=0.213  被命中(挨打/敌开火)=0.463  先发制人(直击前未被打中的局)=0.356  弹数=305
  [评测进度] 100/100  kill(命中/开火)=0.334  direct(直击/开火)=0.216  被命中(挨打/敌开火)=0.458  先发制人(直击前未被打中的局)=0.330  弹数=338
------------------------------------------------------------
[评测] 阶段=stage_turret  局数=100
  kill_rate(命中/开火) = 0.334  hit_rate(直击/开火) = 0.216  中位TTK = 264
  被命中率(挨打/敌开火) = 0.458  先发制人率(直击前未被打中的局/局数) = 0.330
  TTK口径     : 首直击步数；无直击=该局结束步数（评测步限封顶）
  晋级条件 直击/开火 hit_rate≥1.01  当前=0.216  → 指标未达标
  未晋级，继续当前阶段
------------------------------------------------------------
[进度] 19,513,344/100,000,000 (19.5%)  FPS≈1236  阶段=stage_turret  速度=0.00  直行间隔=180  aim=0.100/current  rotate=-0.07  ent=0.001  std=0.824
[进度] 19,529,728/100,000,000 (19.5%)  FPS≈1237  阶段=stage_turret  速度=0.00  直行间隔=180  aim=0.100/current  rotate=-0.07  ent=0.001  std=0.823
[进度] 19,546,112/100,000,000 (19.5%)  FPS≈1201  阶段=stage_turret  速度=0.00  直行间隔=180  aim=0.100/current  rotate=-0.07  ent=0.001  std=0.822
[进度] 19,562,496/100,000,000 (19.6%)  FPS≈1246  阶段=stage_turret  速度=0.00  直行间隔=180  aim=0.100/current  rotate=-0.07  ent=0.001  std=0.822
[进度] 19,578,880/100,000,000 (19.6%)  FPS≈1211  阶段=stage_turret  速度=0.00  直行间隔=180  aim=0.100/current  rotate=-0.07  ent=0.001  std=0.822
[进度] 19,595,264/100,000,000 (19.6%)  FPS≈1224  阶段=stage_turret  速度=0.00  直行间隔=180  aim=0.100/current  rotate=-0.07  ent=0.001  std=0.823
[进度] 19,611,648/100,000,000 (19.6%)  FPS≈1229  阶段=stage_turret  速度=0.00  直行间隔=180  aim=0.100/current  rotate=-0.07  ent=0.001  std=0.821
[存盘] 课程元数据 model_t19611648_stage0_stage_turret.curriculum.json  stage=stage_turret  bot=turret v=0.00
[存盘] /home/d0brane/tank/runs/curriculum_turret/20260923_115010/checkpoints/model_t19611648_stage0_stage_turret.zip
[评测] 开始（100 局）…
  [评测进度] 10/100  kill(命中/开火)=0.278  direct(直击/开火)=0.139  被命中(挨打/敌开火)=0.744  先发制人(直击前未被打中的局)=0.200  弹数=36
  [评测进度] 20/100  kill(命中/开火)=0.289  direct(直击/开火)=0.145  被命中(挨打/敌开火)=0.642  先发制人(直击前未被打中的局)=0.200  弹数=76
  [评测进度] 30/100  kill(命中/开火)=0.351  direct(直击/开火)=0.162  被命中(挨打/敌开火)=0.615  先发制人(直击前未被打中的局)=0.200  弹数=111
  [评测进度] 40/100  kill(命中/开火)=0.364  direct(直击/开火)=0.166  被命中(挨打/敌开火)=0.606  先发制人(直击前未被打中的局)=0.175  弹数=151
  [评测进度] 50/100  kill(命中/开火)=0.365  direct(直击/开火)=0.164  被命中(挨打/敌开火)=0.616  先发制人(直击前未被打中的局)=0.180  弹数=189
  [评测进度] 60/100  kill(命中/开火)=0.326  direct(直击/开火)=0.150  被命中(挨打/敌开火)=0.600  先发制人(直击前未被打中的局)=0.167  弹数=233
  [评测进度] 70/100  kill(命中/开火)=0.319  direct(直击/开火)=0.150  被命中(挨打/敌开火)=0.590  先发制人(直击前未被打中的局)=0.186  弹数=273
  [评测进度] 80/100  kill(命中/开火)=0.318  direct(直击/开火)=0.148  被命中(挨打/敌开火)=0.584  先发制人(直击前未被打中的局)=0.188  弹数=311
  [评测进度] 90/100  kill(命中/开火)=0.338  direct(直击/开火)=0.162  被命中(挨打/敌开火)=0.562  先发制人(直击前未被打中的局)=0.211  弹数=340
  [评测进度] 100/100  kill(命中/开火)=0.340  direct(直击/开火)=0.164  被命中(挨打/敌开火)=0.563  先发制人(直击前未被打中的局)=0.200  弹数=377
------------------------------------------------------------
[评测] 阶段=stage_turret  局数=100
  kill_rate(命中/开火) = 0.340  hit_rate(直击/开火) = 0.164  中位TTK = 400
  被命中率(挨打/敌开火) = 0.563  先发制人率(直击前未被打中的局/局数) = 0.200
  TTK口径     : 首直击步数；无直击=该局结束步数（评测步限封顶）
  晋级条件 直击/开火 hit_rate≥1.01  当前=0.164  → 指标未达标
  未晋级，继续当前阶段
------------------------------------------------------------
[进度] 19,628,032/100,000,000 (19.6%)  FPS≈1241  阶段=stage_turret  速度=0.00  直行间隔=180  aim=0.100/current  rotate=-0.07  ent=0.001  std=0.818
[进度] 19,644,416/100,000,000 (19.6%)  FPS≈1251  阶段=stage_turret  速度=0.00  直行间隔=180  aim=0.100/current  rotate=-0.07  ent=0.001  std=0.818
[进度] 19,660,800/100,000,000 (19.7%)  FPS≈1229  阶段=stage_turret  速度=0.00  直行间隔=180  aim=0.100/current  rotate=-0.07  ent=0.001  std=0.818
[进度] 19,677,184/100,000,000 (19.7%)  FPS≈1232  阶段=stage_turret  速度=0.00  直行间隔=180  aim=0.100/current  rotate=-0.07  ent=0.001  std=0.817
[进度] 19,693,568/100,000,000 (19.7%)  FPS≈1218  阶段=stage_turret  速度=0.00  直行间隔=180  aim=0.100/current  rotate=-0.07  ent=0.001  std=0.815
[进度] 19,709,952/100,000,000 (19.7%)  FPS≈1257  阶段=stage_turret  速度=0.00  直行间隔=180  aim=0.100/current  rotate=-0.07  ent=0.001  std=0.817
[进度] 19,726,336/100,000,000 (19.7%)  FPS≈1211  阶段=stage_turret  速度=0.00  直行间隔=180  aim=0.100/current  rotate=-0.07  ent=0.001  std=0.815
[存盘] 课程元数据 model_t19726336_stage0_stage_turret.curriculum.json  stage=stage_turret  bot=turret v=0.00
[存盘] /home/d0brane/tank/runs/curriculum_turret/20260923_115010/checkpoints/model_t19726336_stage0_stage_turret.zip
[评测] 开始（100 局）…
  [评测进度] 10/100  kill(命中/开火)=0.467  direct(直击/开火)=0.300  被命中(挨打/敌开火)=0.375  先发制人(直击前未被打中的局)=0.300  弹数=30
  [评测进度] 20/100  kill(命中/开火)=0.355  direct(直击/开火)=0.258  被命中(挨打/敌开火)=0.388  先发制人(直击前未被打中的局)=0.350  弹数=62
  [评测进度] 30/100  kill(命中/开火)=0.373  direct(直击/开火)=0.225  被命中(挨打/敌开火)=0.420  先发制人(直击前未被打中的局)=0.233  弹数=102
  [评测进度] 40/100  kill(命中/开火)=0.357  direct(直击/开火)=0.200  被命中(挨打/敌开火)=0.442  先发制人(直击前未被打中的局)=0.225  弹数=140
  [评测进度] 50/100  kill(命中/开火)=0.352  direct(直击/开火)=0.201  被命中(挨打/敌开火)=0.459  先发制人(直击前未被打中的局)=0.240  弹数=179
  [评测进度] 60/100  kill(命中/开火)=0.324  direct(直击/开火)=0.192  被命中(挨打/敌开火)=0.470  先发制人(直击前未被打中的局)=0.233  弹数=219
  [评测进度] 70/100  kill(命中/开火)=0.340  direct(直击/开火)=0.199  被命中(挨打/敌开火)=0.480  先发制人(直击前未被打中的局)=0.214  弹数=256
  [评测进度] 80/100  kill(命中/开火)=0.331  direct(直击/开火)=0.187  被命中(挨打/敌开火)=0.500  先发制人(直击前未被打中的局)=0.200  弹数=299
  [评测进度] 90/100  kill(命中/开火)=0.335  direct(直击/开火)=0.190  被命中(挨打/敌开火)=0.503  先发制人(直击前未被打中的局)=0.189  弹数=331
  [评测进度] 100/100  kill(命中/开火)=0.336  direct(直击/开火)=0.191  被命中(挨打/敌开火)=0.496  先发制人(直击前未被打中的局)=0.200  弹数=366
------------------------------------------------------------
[评测] 阶段=stage_turret  局数=100
  kill_rate(命中/开火) = 0.336  hit_rate(直击/开火) = 0.191  中位TTK = 341
  被命中率(挨打/敌开火) = 0.496  先发制人率(直击前未被打中的局/局数) = 0.200
  TTK口径     : 首直击步数；无直击=该局结束步数（评测步限封顶）
  晋级条件 直击/开火 hit_rate≥1.01  当前=0.191  → 指标未达标
  未晋级，继续当前阶段
------------------------------------------------------------
[进度] 19,742,720/100,000,000 (19.7%)  FPS≈1258  阶段=stage_turret  速度=0.00  直行间隔=180  aim=0.100/current  rotate=-0.07  ent=0.001  std=0.816
[进度] 19,759,104/100,000,000 (19.8%)  FPS≈1187  阶段=stage_turret  速度=0.00  直行间隔=180  aim=0.100/current  rotate=-0.07  ent=0.001  std=0.814
[进度] 19,775,488/100,000,000 (19.8%)  FPS≈1227  阶段=stage_turret  速度=0.00  直行间隔=180  aim=0.100/current  rotate=-0.07  ent=0.001  std=0.813
[进度] 19,791,872/100,000,000 (19.8%)  FPS≈1232  阶段=stage_turret  速度=0.00  直行间隔=180  aim=0.100/current  rotate=-0.07  ent=0.001  std=0.813
[进度] 19,808,256/100,000,000 (19.8%)  FPS≈1250  阶段=stage_turret  速度=0.00  直行间隔=180  aim=0.100/current  rotate=-0.07  ent=0.001  std=0.811
[进度] 19,824,640/100,000,000 (19.8%)  FPS≈1266  阶段=stage_turret  速度=0.00  直行间隔=180  aim=0.100/current  rotate=-0.07  ent=0.001  std=0.810
[进度] 19,841,024/100,000,000 (19.8%)  FPS≈1223  阶段=stage_turret  速度=0.00  直行间隔=180  aim=0.100/current  rotate=-0.07  ent=0.001  std=0.809
[存盘] 课程元数据 model_t19841024_stage0_stage_turret.curriculum.json  stage=stage_turret  bot=turret v=0.00
[存盘] /home/d0brane/tank/runs/curriculum_turret/20260923_115010/checkpoints/model_t19841024_stage0_stage_turret.zip
[评测] 开始（100 局）…
  [评测进度] 10/100  kill(命中/开火)=0.441  direct(直击/开火)=0.206  被命中(挨打/敌开火)=0.474  先发制人(直击前未被打中的局)=0.300  弹数=34
  [评测进度] 20/100  kill(命中/开火)=0.413  direct(直击/开火)=0.238  被命中(挨打/敌开火)=0.557  先发制人(直击前未被打中的局)=0.300  弹数=63
  [评测进度] 30/100  kill(命中/开火)=0.379  direct(直击/开火)=0.232  被命中(挨打/敌开火)=0.519  先发制人(直击前未被打中的局)=0.300  弹数=95
  [评测进度] 40/100  kill(命中/开火)=0.343  direct(直击/开火)=0.201  被命中(挨打/敌开火)=0.520  先发制人(直击前未被打中的局)=0.275  弹数=134
  [评测进度] 50/100  kill(命中/开火)=0.350  direct(直击/开火)=0.209  被命中(挨打/敌开火)=0.506  先发制人(直击前未被打中的局)=0.280  弹数=163
  [评测进度] 60/100  kill(命中/开火)=0.340  direct(直击/开火)=0.208  被命中(挨打/敌开火)=0.532  先发制人(直击前未被打中的局)=0.267  弹数=197
  [评测进度] 70/100  kill(命中/开火)=0.332  direct(直击/开火)=0.203  被命中(挨打/敌开火)=0.520  先发制人(直击前未被打中的局)=0.271  弹数=232
  [评测进度] 80/100  kill(命中/开火)=0.333  direct(直击/开火)=0.213  被命中(挨打/敌开火)=0.516  先发制人(直击前未被打中的局)=0.287  弹数=258
  [评测进度] 90/100  kill(命中/开火)=0.333  direct(直击/开火)=0.216  被命中(挨打/敌开火)=0.522  先发制人(直击前未被打中的局)=0.300  弹数=291
  [评测进度] 100/100  kill(命中/开火)=0.318  direct(直击/开火)=0.204  被命中(挨打/敌开火)=0.508  先发制人(直击前未被打中的局)=0.300  弹数=333
------------------------------------------------------------
[评测] 阶段=stage_turret  局数=100
  kill_rate(命中/开火) = 0.318  hit_rate(直击/开火) = 0.204  中位TTK = 251
  被命中率(挨打/敌开火) = 0.508  先发制人率(直击前未被打中的局/局数) = 0.300
  TTK口径     : 首直击步数；无直击=该局结束步数（评测步限封顶）
  晋级条件 直击/开火 hit_rate≥1.01  当前=0.204  → 指标未达标
  未晋级，继续当前阶段
------------------------------------------------------------
[进度] 19,857,408/100,000,000 (19.9%)  FPS≈1224  阶段=stage_turret  速度=0.00  直行间隔=180  aim=0.100/current  rotate=-0.07  ent=0.001  std=0.809
[进度] 19,873,792/100,000,000 (19.9%)  FPS≈1215  阶段=stage_turret  速度=0.00  直行间隔=180  aim=0.100/current  rotate=-0.07  ent=0.001  std=0.807
[进度] 19,890,176/100,000,000 (19.9%)  FPS≈1270  阶段=stage_turret  速度=0.00  直行间隔=180  aim=0.100/current  rotate=-0.07  ent=0.001  std=0.807
[进度] 19,906,560/100,000,000 (19.9%)  FPS≈1241  阶段=stage_turret  速度=0.00  直行间隔=180  aim=0.100/current  rotate=-0.07  ent=0.001  std=0.808
[进度] 19,922,944/100,000,000 (19.9%)  FPS≈1212  阶段=stage_turret  速度=0.00  直行间隔=180  aim=0.100/current  rotate=-0.07  ent=0.001  std=0.807
[进度] 19,939,328/100,000,000 (19.9%)  FPS≈1207  阶段=stage_turret  速度=0.00  直行间隔=180  aim=0.100/current  rotate=-0.07  ent=0.001  std=0.807
[进度] 19,955,712/100,000,000 (20.0%)  FPS≈1212  阶段=stage_turret  速度=0.00  直行间隔=180  aim=0.100/current  rotate=-0.07  ent=0.001  std=0.808
[存盘] 课程元数据 model_t19955712_stage0_stage_turret.curriculum.json  stage=stage_turret  bot=turret v=0.00
[存盘] /home/d0brane/tank/runs/curriculum_turret/20260923_115010/checkpoints/model_t19955712_stage0_stage_turret.zip
[评测] 开始（100 局）…
  [评测进度] 10/100  kill(命中/开火)=0.382  direct(直击/开火)=0.206  被命中(挨打/敌开火)=0.421  先发制人(直击前未被打中的局)=0.200  弹数=34
  [评测进度] 20/100  kill(命中/开火)=0.410  direct(直击/开火)=0.230  被命中(挨打/敌开火)=0.406  先发制人(直击前未被打中的局)=0.400  弹数=61
  [评测进度] 30/100  kill(命中/开火)=0.323  direct(直击/开火)=0.188  被命中(挨打/敌开火)=0.542  先发制人(直击前未被打中的局)=0.333  弹数=96
  [评测进度] 40/100  kill(命中/开火)=0.331  direct(直击/开火)=0.215  被命中(挨打/敌开火)=0.519  先发制人(直击前未被打中的局)=0.325  弹数=121
  [评测进度] 50/100  kill(命中/开火)=0.305  direct(直击/开火)=0.180  被命中(挨打/敌开火)=0.538  先发制人(直击前未被打中的局)=0.280  弹数=167
  [评测进度] 60/100  kill(命中/开火)=0.320  direct(直击/开火)=0.182  被命中(挨打/敌开火)=0.527  先发制人(直击前未被打中的局)=0.250  弹数=203
  [评测进度] 70/100  kill(命中/开火)=0.328  direct(直击/开火)=0.178  被命中(挨打/敌开火)=0.519  先发制人(直击前未被打中的局)=0.257  弹数=241
  [评测进度] 80/100  kill(命中/开火)=0.311  direct(直击/开火)=0.166  被命中(挨打/敌开火)=0.511  先发制人(直击前未被打中的局)=0.237  弹数=289
  [评测进度] 90/100  kill(命中/开火)=0.304  direct(直击/开火)=0.159  被命中(挨打/敌开火)=0.492  先发制人(直击前未被打中的局)=0.233  弹数=339
  [评测进度] 100/100  kill(命中/开火)=0.311  direct(直击/开火)=0.166  被命中(挨打/敌开火)=0.510  先发制人(直击前未被打中的局)=0.240  弹数=367
------------------------------------------------------------
[评测] 阶段=stage_turret  局数=100
  kill_rate(命中/开火) = 0.311  hit_rate(直击/开火) = 0.166  中位TTK = 376
  被命中率(挨打/敌开火) = 0.510  先发制人率(直击前未被打中的局/局数) = 0.240
  TTK口径     : 首直击步数；无直击=该局结束步数（评测步限封顶）
  晋级条件 直击/开火 hit_rate≥1.01  当前=0.166  → 指标未达标
  未晋级，继续当前阶段
------------------------------------------------------------
[进度] 19,972,096/100,000,000 (20.0%)  FPS≈1194  阶段=stage_turret  速度=0.00  直行间隔=180  aim=0.100/current  rotate=-0.07  ent=0.001  std=0.806
[进度] 19,988,480/100,000,000 (20.0%)  FPS≈1253  阶段=stage_turret  速度=0.00  直行间隔=180  aim=0.100/current  rotate=-0.07  ent=0.001  std=0.807
[进度] 20,004,864/100,000,000 (20.0%)  FPS≈1186  阶段=stage_turret  速度=0.00  直行间隔=180  aim=0.100/current  rotate=-0.07  ent=0.001  std=0.807
[进度] 20,021,248/100,000,000 (20.0%)  FPS≈1239  阶段=stage_turret  速度=0.00  直行间隔=180  aim=0.100/current  rotate=-0.07  ent=0.001  std=0.807
[进度] 20,037,632/100,000,000 (20.0%)  FPS≈1207  阶段=stage_turret  速度=0.00  直行间隔=180  aim=0.100/current  rotate=-0.07  ent=0.001  std=0.807
[进度] 20,054,016/100,000,000 (20.1%)  FPS≈1193  阶段=stage_turret  速度=0.00  直行间隔=180  aim=0.100/current  rotate=-0.07  ent=0.001  std=0.806
[进度] 20,070,400/100,000,000 (20.1%)  FPS≈1280  阶段=stage_turret  速度=0.00  直行间隔=180  aim=0.100/current  rotate=-0.07  ent=0.001  std=0.806
[存盘] 课程元数据 model_t20070400_stage0_stage_turret.curriculum.json  stage=stage_turret  bot=turret v=0.00
[存盘] /home/d0brane/tank/runs/curriculum_turret/20260923_115010/checkpoints/model_t20070400_stage0_stage_turret.zip
[评测] 开始（100 局）…
  [评测进度] 10/100  kill(命中/开火)=0.317  direct(直击/开火)=0.171  被命中(挨打/敌开火)=0.356  先发制人(直击前未被打中的局)=0.200  弹数=41
  [评测进度] 20/100  kill(命中/开火)=0.269  direct(直击/开火)=0.154  被命中(挨打/敌开火)=0.437  先发制人(直击前未被打中的局)=0.200  弹数=78
  [评测进度] 30/100  kill(命中/开火)=0.275  direct(直击/开火)=0.174  被命中(挨打/敌开火)=0.463  先发制人(直击前未被打中的局)=0.267  弹数=109
  [评测进度] 40/100  kill(命中/开火)=0.269  direct(直击/开火)=0.147  被命中(挨打/敌开火)=0.471  先发制人(直击前未被打中的局)=0.225  弹数=156
  [评测进度] 50/100  kill(命中/开火)=0.279  direct(直击/开火)=0.163  被命中(挨打/敌开火)=0.462  先发制人(直击前未被打中的局)=0.240  弹数=190
  [评测进度] 60/100  kill(命中/开火)=0.280  direct(直击/开火)=0.148  被命中(挨打/敌开火)=0.475  先发制人(直击前未被打中的局)=0.217  弹数=236
  [评测进度] 70/100  kill(命中/开火)=0.299  direct(直击/开火)=0.150  被命中(挨打/敌开火)=0.466  先发制人(直击前未被打中的局)=0.229  弹数=274
  [评测进度] 80/100  kill(命中/开火)=0.315  direct(直击/开火)=0.166  被命中(挨打/敌开火)=0.451  先发制人(直击前未被打中的局)=0.237  弹数=302
  [评测进度] 90/100  kill(命中/开火)=0.311  direct(直击/开火)=0.164  被命中(挨打/敌开火)=0.464  先发制人(直击前未被打中的局)=0.244  弹数=341
  [评测进度] 100/100  kill(命中/开火)=0.307  direct(直击/开火)=0.156  被命中(挨打/敌开火)=0.478  先发制人(直击前未被打中的局)=0.240  弹数=384
------------------------------------------------------------
[评测] 阶段=stage_turret  局数=100
  kill_rate(命中/开火) = 0.307  hit_rate(直击/开火) = 0.156  中位TTK = 416
  被命中率(挨打/敌开火) = 0.478  先发制人率(直击前未被打中的局/局数) = 0.240
  TTK口径     : 首直击步数；无直击=该局结束步数（评测步限封顶）
  晋级条件 直击/开火 hit_rate≥1.01  当前=0.156  → 指标未达标
  未晋级，继续当前阶段
------------------------------------------------------------
[进度] 20,086,784/100,000,000 (20.1%)  FPS≈1209  阶段=stage_turret  速度=0.00  直行间隔=180  aim=0.100/current  rotate=-0.07  ent=0.001  std=0.806
[进度] 20,103,168/100,000,000 (20.1%)  FPS≈1263  阶段=stage_turret  速度=0.00  直行间隔=180  aim=0.100/current  rotate=-0.07  ent=0.001  std=0.807
[进度] 20,119,552/100,000,000 (20.1%)  FPS≈1201  阶段=stage_turret  速度=0.00  直行间隔=180  aim=0.100/current  rotate=-0.07  ent=0.001  std=0.805
[进度] 20,135,936/100,000,000 (20.1%)  FPS≈1200  阶段=stage_turret  速度=0.00  直行间隔=180  aim=0.100/current  rotate=-0.07  ent=0.001  std=0.805
[进度] 20,152,320/100,000,000 (20.2%)  FPS≈1223  阶段=stage_turret  速度=0.00  直行间隔=180  aim=0.100/current  rotate=-0.07  ent=0.001  std=0.805
[进度] 20,168,704/100,000,000 (20.2%)  FPS≈1211  阶段=stage_turret  速度=0.00  直行间隔=180  aim=0.100/current  rotate=-0.07  ent=0.001  std=0.806
[进度] 20,185,088/100,000,000 (20.2%)  FPS≈1215  阶段=stage_turret  速度=0.00  直行间隔=180  aim=0.100/current  rotate=-0.07  ent=0.001  std=0.805
[存盘] 课程元数据 model_t20185088_stage0_stage_turret.curriculum.json  stage=stage_turret  bot=turret v=0.00
[存盘] /home/d0brane/tank/runs/curriculum_turret/20260923_115010/checkpoints/model_t20185088_stage0_stage_turret.zip
[评测] 开始（100 局）…
  [评测进度] 10/100  kill(命中/开火)=0.367  direct(直击/开火)=0.233  被命中(挨打/敌开火)=0.387  先发制人(直击前未被打中的局)=0.500  弹数=30
  [评测进度] 20/100  kill(命中/开火)=0.304  direct(直击/开火)=0.174  被命中(挨打/敌开火)=0.458  先发制人(直击前未被打中的局)=0.350  弹数=69
  [评测进度] 30/100  kill(命中/开火)=0.299  direct(直击/开火)=0.168  被命中(挨打/敌开火)=0.496  先发制人(直击前未被打中的局)=0.300  弹数=107
  [评测进度] 40/100  kill(命中/开火)=0.273  direct(直击/开火)=0.136  被命中(挨打/敌开火)=0.542  先发制人(直击前未被打中的局)=0.275  弹数=154
  [评测进度] 50/100  kill(命中/开火)=0.267  direct(直击/开火)=0.138  被命中(挨打/敌开火)=0.523  先发制人(直击前未被打中的局)=0.220  弹数=195
  [评测进度] 60/100  kill(命中/开火)=0.252  direct(直击/开火)=0.139  被命中(挨打/敌开火)=0.529  先发制人(直击前未被打中的局)=0.200  弹数=238
  [评测进度] 70/100  kill(命中/开火)=0.241  direct(直击/开火)=0.133  被命中(挨打/敌开火)=0.503  先发制人(直击前未被打中的局)=0.186  弹数=286
  [评测进度] 80/100  kill(命中/开火)=0.242  direct(直击/开火)=0.127  被命中(挨打/敌开火)=0.512  先发制人(直击前未被打中的局)=0.175  弹数=330
  [评测进度] 90/100  kill(命中/开火)=0.266  direct(直击/开火)=0.140  被命中(挨打/敌开火)=0.509  先发制人(直击前未被打中的局)=0.200  弹数=357
  [评测进度] 100/100  kill(命中/开火)=0.259  direct(直击/开火)=0.144  被命中(挨打/敌开火)=0.518  先发制人(直击前未被打中的局)=0.190  弹数=397
------------------------------------------------------------
[评测] 阶段=stage_turret  局数=100
  kill_rate(命中/开火) = 0.259  hit_rate(直击/开火) = 0.144  中位TTK = 404
  被命中率(挨打/敌开火) = 0.518  先发制人率(直击前未被打中的局/局数) = 0.190
  TTK口径     : 首直击步数；无直击=该局结束步数（评测步限封顶）
  晋级条件 直击/开火 hit_rate≥1.01  当前=0.144  → 指标未达标
  未晋级，继续当前阶段
------------------------------------------------------------
[进度] 20,201,472/100,000,000 (20.2%)  FPS≈1224  阶段=stage_turret  速度=0.00  直行间隔=180  aim=0.100/current  rotate=-0.07  ent=0.001  std=0.805
[进度] 20,217,856/100,000,000 (20.2%)  FPS≈1189  阶段=stage_turret  速度=0.00  直行间隔=180  aim=0.100/current  rotate=-0.07  ent=0.001  std=0.805
[进度] 20,234,240/100,000,000 (20.2%)  FPS≈1262  阶段=stage_turret  速度=0.00  直行间隔=180  aim=0.100/current  rotate=-0.07  ent=0.001  std=0.805
[进度] 20,250,624/100,000,000 (20.3%)  FPS≈1228  阶段=stage_turret  速度=0.00  直行间隔=180  aim=0.100/current  rotate=-0.07  ent=0.001  std=0.806
[进度] 20,267,008/100,000,000 (20.3%)  FPS≈1208  阶段=stage_turret  速度=0.00  直行间隔=180  aim=0.100/current  rotate=-0.07  ent=0.001  std=0.806
[进度] 20,283,392/100,000,000 (20.3%)  FPS≈1285  阶段=stage_turret  速度=0.00  直行间隔=180  aim=0.100/current  rotate=-0.07  ent=0.001  std=0.807
[进度] 20,299,776/100,000,000 (20.3%)  FPS≈1244  阶段=stage_turret  速度=0.00  直行间隔=180  aim=0.100/current  rotate=-0.07  ent=0.001  std=0.806
[存盘] 课程元数据 model_t20299776_stage0_stage_turret.curriculum.json  stage=stage_turret  bot=turret v=0.00
[存盘] /home/d0brane/tank/runs/curriculum_turret/20260923_115010/checkpoints/model_t20299776_stage0_stage_turret.zip
[评测] 开始（100 局）…
  [评测进度] 10/100  kill(命中/开火)=0.140  direct(直击/开火)=0.116  被命中(挨打/敌开火)=0.469  先发制人(直击前未被打中的局)=0.100  弹数=43
  [评测进度] 20/100  kill(命中/开火)=0.195  direct(直击/开火)=0.156  被命中(挨打/敌开火)=0.529  先发制人(直击前未被打中的局)=0.200  弹数=77
  [评测进度] 30/100  kill(命中/开火)=0.188  direct(直击/开火)=0.133  被命中(挨打/敌开火)=0.486  先发制人(直击前未被打中的局)=0.167  弹数=128
  [评测进度] 40/100  kill(命中/开火)=0.227  direct(直击/开火)=0.153  被命中(挨打/敌开火)=0.461  先发制人(直击前未被打中的局)=0.200  弹数=163
  [评测进度] 50/100  kill(命中/开火)=0.236  direct(直击/开火)=0.164  被命中(挨打/敌开火)=0.477  先发制人(直击前未被打中的局)=0.240  弹数=195
  [评测进度] 60/100  kill(命中/开火)=0.229  direct(直击/开火)=0.165  被命中(挨打/敌开火)=0.477  先发制人(直击前未被打中的局)=0.217  弹数=236
  [评测进度] 70/100  kill(命中/开火)=0.241  direct(直击/开火)=0.168  被命中(挨打/敌开火)=0.488  先发制人(直击前未被打中的局)=0.186  弹数=274
  [评测进度] 80/100  kill(命中/开火)=0.258  direct(直击/开火)=0.162  被命中(挨打/敌开火)=0.493  先发制人(直击前未被打中的局)=0.163  弹数=314
  [评测进度] 90/100  kill(命中/开火)=0.254  direct(直击/开火)=0.161  被命中(挨打/敌开火)=0.490  先发制人(直击前未被打中的局)=0.178  弹数=354
  [评测进度] 100/100  kill(命中/开火)=0.254  direct(直击/开火)=0.154  被命中(挨打/敌开火)=0.489  先发制人(直击前未被打中的局)=0.180  弹数=397
------------------------------------------------------------
[评测] 阶段=stage_turret  局数=100
  kill_rate(命中/开火) = 0.254  hit_rate(直击/开火) = 0.154  中位TTK = 396
  被命中率(挨打/敌开火) = 0.489  先发制人率(直击前未被打中的局/局数) = 0.180
  TTK口径     : 首直击步数；无直击=该局结束步数（评测步限封顶）
  晋级条件 直击/开火 hit_rate≥1.01  当前=0.154  → 指标未达标
  未晋级，继续当前阶段
------------------------------------------------------------
[进度] 20,316,160/100,000,000 (20.3%)  FPS≈1239  阶段=stage_turret  速度=0.00  直行间隔=180  aim=0.100/current  rotate=-0.07  ent=0.001  std=0.805
[进度] 20,332,544/100,000,000 (20.3%)  FPS≈1243  阶段=stage_turret  速度=0.00  直行间隔=180  aim=0.100/current  rotate=-0.07  ent=0.001  std=0.805
[进度] 20,348,928/100,000,000 (20.3%)  FPS≈1281  阶段=stage_turret  速度=0.00  直行间隔=180  aim=0.100/current  rotate=-0.07  ent=0.001  std=0.805
[进度] 20,365,312/100,000,000 (20.4%)  FPS≈1230  阶段=stage_turret  速度=0.00  直行间隔=180  aim=0.100/current  rotate=-0.07  ent=0.001  std=0.805
[进度] 20,381,696/100,000,000 (20.4%)  FPS≈1252  阶段=stage_turret  速度=0.00  直行间隔=180  aim=0.100/current  rotate=-0.07  ent=0.001  std=0.806
[进度] 20,398,080/100,000,000 (20.4%)  FPS≈1245  阶段=stage_turret  速度=0.00  直行间隔=180  aim=0.100/current  rotate=-0.07  ent=0.001  std=0.806
[进度] 20,414,464/100,000,000 (20.4%)  FPS≈1271  阶段=stage_turret  速度=0.00  直行间隔=180  aim=0.100/current  rotate=-0.07  ent=0.001  std=0.806
[存盘] 课程元数据 model_t20414464_stage0_stage_turret.curriculum.json  stage=stage_turret  bot=turret v=0.00
[存盘] /home/d0brane/tank/runs/curriculum_turret/20260923_115010/checkpoints/model_t20414464_stage0_stage_turret.zip
[评测] 开始（100 局）…
  [评测进度] 10/100  kill(命中/开火)=0.500  direct(直击/开火)=0.318  被命中(挨打/敌开火)=0.692  先发制人(直击前未被打中的局)=0.300  弹数=22
  [评测进度] 20/100  kill(命中/开火)=0.375  direct(直击/开火)=0.250  被命中(挨打/敌开火)=0.613  先发制人(直击前未被打中的局)=0.350  弹数=56
  [评测进度] 30/100  kill(命中/开火)=0.376  direct(直击/开火)=0.215  被命中(挨打/敌开火)=0.545  先发制人(直击前未被打中的局)=0.333  弹数=93
  [评测进度] 40/100  kill(命中/开火)=0.325  direct(直击/开火)=0.206  被命中(挨打/敌开火)=0.533  先发制人(直击前未被打中的局)=0.325  弹数=126
  [评测进度] 50/100  kill(命中/开火)=0.298  direct(直击/开火)=0.175  被命中(挨打/敌开火)=0.558  先发制人(直击前未被打中的局)=0.260  弹数=171
  [评测进度] 60/100  kill(命中/开火)=0.310  direct(直击/开火)=0.162  被命中(挨打/敌开火)=0.541  先发制人(直击前未被打中的局)=0.250  弹数=216
  [评测进度] 70/100  kill(命中/开火)=0.309  direct(直击/开火)=0.175  被命中(挨打/敌开火)=0.533  先发制人(直击前未被打中的局)=0.286  弹数=246
  [评测进度] 80/100  kill(命中/开火)=0.305  direct(直击/开火)=0.170  被命中(挨打/敌开火)=0.519  先发制人(直击前未被打中的局)=0.287  弹数=282
  [评测进度] 90/100  kill(命中/开火)=0.290  direct(直击/开火)=0.160  被命中(挨打/敌开火)=0.543  先发制人(直击前未被打中的局)=0.278  弹数=324
  [评测进度] 100/100  kill(命中/开火)=0.289  direct(直击/开火)=0.166  被命中(挨打/敌开火)=0.533  先发制人(直击前未被打中的局)=0.300  弹数=356
------------------------------------------------------------
[评测] 阶段=stage_turret  局数=100
  kill_rate(命中/开火) = 0.289  hit_rate(直击/开火) = 0.166  中位TTK = 390
  被命中率(挨打/敌开火) = 0.533  先发制人率(直击前未被打中的局/局数) = 0.300
  TTK口径     : 首直击步数；无直击=该局结束步数（评测步限封顶）
  晋级条件 直击/开火 hit_rate≥1.01  当前=0.166  → 指标未达标
  未晋级，继续当前阶段
------------------------------------------------------------
[进度] 20,430,848/100,000,000 (20.4%)  FPS≈1263  阶段=stage_turret  速度=0.00  直行间隔=180  aim=0.100/current  rotate=-0.07  ent=0.001  std=0.806
[进度] 20,447,232/100,000,000 (20.4%)  FPS≈1234  阶段=stage_turret  速度=0.00  直行间隔=180  aim=0.100/current  rotate=-0.07  ent=0.001  std=0.807
[进度] 20,463,616/100,000,000 (20.5%)  FPS≈1180  阶段=stage_turret  速度=0.00  直行间隔=180  aim=0.100/current  rotate=-0.07  ent=0.001  std=0.808
[进度] 20,480,000/100,000,000 (20.5%)  FPS≈1223  阶段=stage_turret  速度=0.00  直行间隔=180  aim=0.100/current  rotate=-0.07  ent=0.001  std=0.806
[进度] 20,496,384/100,000,000 (20.5%)  FPS≈1218  阶段=stage_turret  速度=0.00  直行间隔=180  aim=0.100/current  rotate=-0.07  ent=0.001  std=0.807
[进度] 20,512,768/100,000,000 (20.5%)  FPS≈1237  阶段=stage_turret  速度=0.00  直行间隔=180  aim=0.100/current  rotate=-0.07  ent=0.001  std=0.806
[进度] 20,529,152/100,000,000 (20.5%)  FPS≈1224  阶段=stage_turret  速度=0.00  直行间隔=180  aim=0.100/current  rotate=-0.07  ent=0.001  std=0.806
[存盘] 课程元数据 model_t20529152_stage0_stage_turret.curriculum.json  stage=stage_turret  bot=turret v=0.00
[存盘] /home/d0brane/tank/runs/curriculum_turret/20260923_115010/checkpoints/model_t20529152_stage0_stage_turret.zip
[评测] 开始（100 局）…
  [评测进度] 10/100  kill(命中/开火)=0.333  direct(直击/开火)=0.182  被命中(挨打/敌开火)=0.757  先发制人(直击前未被打中的局)=0.200  弹数=33
  [评测进度] 20/100  kill(命中/开火)=0.294  direct(直击/开火)=0.176  被命中(挨打/敌开火)=0.560  先发制人(直击前未被打中的局)=0.250  弹数=68
  [评测进度] 30/100  kill(命中/开火)=0.278  direct(直击/开火)=0.157  被命中(挨打/敌开火)=0.528  先发制人(直击前未被打中的局)=0.233  弹数=108
  [评测进度] 40/100  kill(命中/开火)=0.274  direct(直击/开火)=0.164  被命中(挨打/敌开火)=0.530  先发制人(直击前未被打中的局)=0.225  弹数=146
  [评测进度] 50/100  kill(命中/开火)=0.283  direct(直击/开火)=0.167  被命中(挨打/敌开火)=0.553  先发制人(直击前未被打中的局)=0.240  弹数=180
  [评测进度] 60/100  kill(命中/开火)=0.309  direct(直击/开火)=0.191  被命中(挨打/敌开火)=0.525  先发制人(直击前未被打中的局)=0.300  弹数=204
  [评测进度] 70/100  kill(命中/开火)=0.293  direct(直击/开火)=0.177  被命中(挨打/敌开火)=0.509  先发制人(直击前未被打中的局)=0.300  弹数=249
  [评测进度] 80/100  kill(命中/开火)=0.296  direct(直击/开火)=0.180  被命中(挨打/敌开火)=0.515  先发制人(直击前未被打中的局)=0.300  弹数=284
  [评测进度] 90/100  kill(命中/开火)=0.289  direct(直击/开火)=0.169  被命中(挨打/敌开火)=0.514  先发制人(直击前未被打中的局)=0.300  弹数=325
  [评测进度] 100/100  kill(命中/开火)=0.303  direct(直击/开火)=0.172  被命中(挨打/敌开火)=0.514  先发制人(直击前未被打中的局)=0.280  弹数=366
------------------------------------------------------------
[评测] 阶段=stage_turret  局数=100
  kill_rate(命中/开火) = 0.303  hit_rate(直击/开火) = 0.172  中位TTK = 376
  被命中率(挨打/敌开火) = 0.514  先发制人率(直击前未被打中的局/局数) = 0.280
  TTK口径     : 首直击步数；无直击=该局结束步数（评测步限封顶）
  晋级条件 直击/开火 hit_rate≥1.01  当前=0.172  → 指标未达标
  未晋级，继续当前阶段
------------------------------------------------------------
[进度] 20,545,536/100,000,000 (20.5%)  FPS≈1279  阶段=stage_turret  速度=0.00  直行间隔=180  aim=0.100/current  rotate=-0.07  ent=0.001  std=0.806
[进度] 20,561,920/100,000,000 (20.6%)  FPS≈1253  阶段=stage_turret  速度=0.00  直行间隔=180  aim=0.100/current  rotate=-0.07  ent=0.001  std=0.805
[进度] 20,578,304/100,000,000 (20.6%)  FPS≈1198  阶段=stage_turret  速度=0.00  直行间隔=180  aim=0.100/current  rotate=-0.07  ent=0.001  std=0.805
[进度] 20,594,688/100,000,000 (20.6%)  FPS≈1190  阶段=stage_turret  速度=0.00  直行间隔=180  aim=0.100/current  rotate=-0.07  ent=0.001  std=0.806
[进度] 20,611,072/100,000,000 (20.6%)  FPS≈1213  阶段=stage_turret  速度=0.00  直行间隔=180  aim=0.100/current  rotate=-0.07  ent=0.001  std=0.807
[进度] 20,627,456/100,000,000 (20.6%)  FPS≈1219  阶段=stage_turret  速度=0.00  直行间隔=180  aim=0.100/current  rotate=-0.07  ent=0.001  std=0.808
[进度] 20,643,840/100,000,000 (20.6%)  FPS≈1220  阶段=stage_turret  速度=0.00  直行间隔=180  aim=0.100/current  rotate=-0.07  ent=0.001  std=0.808
[存盘] 课程元数据 model_t20643840_stage0_stage_turret.curriculum.json  stage=stage_turret  bot=turret v=0.00
[存盘] /home/d0brane/tank/runs/curriculum_turret/20260923_115010/checkpoints/model_t20643840_stage0_stage_turret.zip
[评测] 开始（100 局）…
  [评测进度] 10/100  kill(命中/开火)=0.323  direct(直击/开火)=0.226  被命中(挨打/敌开火)=0.514  先发制人(直击前未被打中的局)=0.200  弹数=31
  [评测进度] 20/100  kill(命中/开火)=0.328  direct(直击/开火)=0.230  被命中(挨打/敌开火)=0.623  先发制人(直击前未被打中的局)=0.250  弹数=61
  [评测进度] 30/100  kill(命中/开火)=0.264  direct(直击/开火)=0.170  被命中(挨打/敌开火)=0.521  先发制人(直击前未被打中的局)=0.233  弹数=106
  [评测进度] 40/100  kill(命中/开火)=0.299  direct(直击/开火)=0.194  被命中(挨打/敌开火)=0.507  先发制人(直击前未被打中的局)=0.300  弹数=134
  [评测进度] 50/100  kill(命中/开火)=0.275  direct(直击/开火)=0.170  被命中(挨打/敌开火)=0.515  先发制人(直击前未被打中的局)=0.240  弹数=182
  [评测进度] 60/100  kill(命中/开火)=0.293  direct(直击/开火)=0.164  被命中(挨打/敌开火)=0.516  先发制人(直击前未被打中的局)=0.217  弹数=225
  [评测进度] 70/100  kill(命中/开火)=0.297  direct(直击/开火)=0.164  被命中(挨打/敌开火)=0.498  先发制人(直击前未被打中的局)=0.214  弹数=269
  [评测进度] 80/100  kill(命中/开火)=0.303  direct(直击/开火)=0.168  被命中(挨打/敌开火)=0.506  先发制人(直击前未被打中的局)=0.225  弹数=304
  [评测进度] 90/100  kill(命中/开火)=0.301  direct(直击/开火)=0.173  被命中(挨打/敌开火)=0.500  先发制人(直击前未被打中的局)=0.233  弹数=336
  [评测进度] 100/100  kill(命中/开火)=0.311  direct(直击/开火)=0.182  被命中(挨打/敌开火)=0.496  先发制人(直击前未被打中的局)=0.260  弹数=363
------------------------------------------------------------
[评测] 阶段=stage_turret  局数=100
  kill_rate(命中/开火) = 0.311  hit_rate(直击/开火) = 0.182  中位TTK = 336
  被命中率(挨打/敌开火) = 0.496  先发制人率(直击前未被打中的局/局数) = 0.260
  TTK口径     : 首直击步数；无直击=该局结束步数（评测步限封顶）
  晋级条件 直击/开火 hit_rate≥1.01  当前=0.182  → 指标未达标
  未晋级，继续当前阶段
------------------------------------------------------------
[进度] 20,660,224/100,000,000 (20.7%)  FPS≈1216  阶段=stage_turret  速度=0.00  直行间隔=180  aim=0.100/current  rotate=-0.07  ent=0.001  std=0.807
[进度] 20,676,608/100,000,000 (20.7%)  FPS≈1228  阶段=stage_turret  速度=0.00  直行间隔=180  aim=0.100/current  rotate=-0.07  ent=0.001  std=0.807
[进度] 20,692,992/100,000,000 (20.7%)  FPS≈1219  阶段=stage_turret  速度=0.00  直行间隔=180  aim=0.100/current  rotate=-0.07  ent=0.001  std=0.806
[进度] 20,709,376/100,000,000 (20.7%)  FPS≈1208  阶段=stage_turret  速度=0.00  直行间隔=180  aim=0.100/current  rotate=-0.07  ent=0.001  std=0.806
[进度] 20,725,760/100,000,000 (20.7%)  FPS≈1193  阶段=stage_turret  速度=0.00  直行间隔=180  aim=0.100/current  rotate=-0.07  ent=0.001  std=0.803
[进度] 20,742,144/100,000,000 (20.7%)  FPS≈1252  阶段=stage_turret  速度=0.00  直行间隔=180  aim=0.100/current  rotate=-0.07  ent=0.001  std=0.803
[进度] 20,758,528/100,000,000 (20.8%)  FPS≈1240  阶段=stage_turret  速度=0.00  直行间隔=180  aim=0.100/current  rotate=-0.07  ent=0.001  std=0.802
[存盘] 课程元数据 model_t20758528_stage0_stage_turret.curriculum.json  stage=stage_turret  bot=turret v=0.00
[存盘] /home/d0brane/tank/runs/curriculum_turret/20260923_115010/checkpoints/model_t20758528_stage0_stage_turret.zip
[评测] 开始（100 局）…
  [评测进度] 10/100  kill(命中/开火)=0.262  direct(直击/开火)=0.119  被命中(挨打/敌开火)=0.543  先发制人(直击前未被打中的局)=0.200  弹数=42
  [评测进度] 20/100  kill(命中/开火)=0.338  direct(直击/开火)=0.182  被命中(挨打/敌开火)=0.541  先发制人(直击前未被打中的局)=0.200  弹数=77
  [评测进度] 30/100  kill(命中/开火)=0.310  direct(直击/开火)=0.186  被命中(挨打/敌开火)=0.536  先发制人(直击前未被打中的局)=0.233  弹数=113
  [评测进度] 40/100  kill(命中/开火)=0.285  direct(直击/开火)=0.165  被命中(挨打/敌开火)=0.523  先发制人(直击前未被打中的局)=0.200  弹数=158
  [评测进度] 50/100  kill(命中/开火)=0.292  direct(直击/开火)=0.159  被命中(挨打/敌开火)=0.534  先发制人(直击前未被打中的局)=0.200  弹数=195
  [评测进度] 60/100  kill(命中/开火)=0.297  direct(直击/开火)=0.166  被命中(挨打/敌开火)=0.539  先发制人(直击前未被打中的局)=0.217  弹数=229
  [评测进度] 70/100  kill(命中/开火)=0.326  direct(直击/开火)=0.174  被命中(挨打/敌开火)=0.517  先发制人(直击前未被打中的局)=0.257  弹数=264
  [评测进度] 80/100  kill(命中/开火)=0.291  direct(直击/开火)=0.155  被命中(挨打/敌开火)=0.542  先发制人(直击前未被打中的局)=0.237  弹数=309
  [评测进度] 90/100  kill(命中/开火)=0.309  direct(直击/开火)=0.163  被命中(挨打/敌开火)=0.541  先发制人(直击前未被打中的局)=0.244  弹数=337
  [评测进度] 100/100  kill(命中/开火)=0.291  direct(直击/开火)=0.152  被命中(挨打/敌开火)=0.552  先发制人(直击前未被打中的局)=0.230  弹数=382
------------------------------------------------------------
[评测] 阶段=stage_turret  局数=100
  kill_rate(命中/开火) = 0.291  hit_rate(直击/开火) = 0.152  中位TTK = 411
  被命中率(挨打/敌开火) = 0.552  先发制人率(直击前未被打中的局/局数) = 0.230
  TTK口径     : 首直击步数；无直击=该局结束步数（评测步限封顶）
  晋级条件 直击/开火 hit_rate≥1.01  当前=0.152  → 指标未达标
  未晋级，继续当前阶段
------------------------------------------------------------
[进度] 20,774,912/100,000,000 (20.8%)  FPS≈1233  阶段=stage_turret  速度=0.00  直行间隔=180  aim=0.100/current  rotate=-0.07  ent=0.001  std=0.802
[进度] 20,791,296/100,000,000 (20.8%)  FPS≈1279  阶段=stage_turret  速度=0.00  直行间隔=180  aim=0.100/current  rotate=-0.07  ent=0.001  std=0.801
[进度] 20,807,680/100,000,000 (20.8%)  FPS≈1237  阶段=stage_turret  速度=0.00  直行间隔=180  aim=0.100/current  rotate=-0.07  ent=0.001  std=0.801
[进度] 20,824,064/100,000,000 (20.8%)  FPS≈1246  阶段=stage_turret  速度=0.00  直行间隔=180  aim=0.100/current  rotate=-0.07  ent=0.001  std=0.800
[进度] 20,840,448/100,000,000 (20.8%)  FPS≈1236  阶段=stage_turret  速度=0.00  直行间隔=180  aim=0.100/current  rotate=-0.07  ent=0.001  std=0.802
[进度] 20,856,832/100,000,000 (20.9%)  FPS≈1230  阶段=stage_turret  速度=0.00  直行间隔=180  aim=0.100/current  rotate=-0.07  ent=0.001  std=0.802
[进度] 20,873,216/100,000,000 (20.9%)  FPS≈1237  阶段=stage_turret  速度=0.00  直行间隔=180  aim=0.100/current  rotate=-0.07  ent=0.001  std=0.802
[存盘] 课程元数据 model_t20873216_stage0_stage_turret.curriculum.json  stage=stage_turret  bot=turret v=0.00
[存盘] /home/d0brane/tank/runs/curriculum_turret/20260923_115010/checkpoints/model_t20873216_stage0_stage_turret.zip
[评测] 开始（100 局）…
  [评测进度] 10/100  kill(命中/开火)=0.162  direct(直击/开火)=0.162  被命中(挨打/敌开火)=0.525  先发制人(直击前未被打中的局)=0.100  弹数=37
  [评测进度] 20/100  kill(命中/开火)=0.200  direct(直击/开火)=0.147  被命中(挨打/敌开火)=0.488  先发制人(直击前未被打中的局)=0.150  弹数=75
  [评测进度] 30/100  kill(命中/开火)=0.200  direct(直击/开火)=0.130  被命中(挨打/敌开火)=0.550  先发制人(直击前未被打中的局)=0.167  弹数=115
  [评测进度] 40/100  kill(命中/开火)=0.200  direct(直击/开火)=0.115  被命中(挨打/敌开火)=0.519  先发制人(直击前未被打中的局)=0.150  弹数=165
  [评测进度] 50/100  kill(命中/开火)=0.205  direct(直击/开火)=0.117  被命中(挨打/敌开火)=0.559  先发制人(直击前未被打中的局)=0.140  弹数=205
  [评测进度] 60/100  kill(命中/开火)=0.230  direct(直击/开火)=0.140  被命中(挨打/敌开火)=0.543  先发制人(直击前未被打中的局)=0.200  弹数=235
  [评测进度] 70/100  kill(命中/开火)=0.237  direct(直击/开火)=0.156  被命中(挨打/敌开火)=0.542  先发制人(直击前未被打中的局)=0.229  弹数=262
  [评测进度] 80/100  kill(命中/开火)=0.230  direct(直击/开火)=0.148  被命中(挨打/敌开火)=0.555  先发制人(直击前未被打中的局)=0.212  弹数=305
  [评测进度] 90/100  kill(命中/开火)=0.240  direct(直击/开火)=0.157  被命中(挨打/敌开火)=0.548  先发制人(直击前未被打中的局)=0.222  弹数=338
  [评测进度] 100/100  kill(命中/开火)=0.242  direct(直击/开火)=0.156  被命中(挨打/敌开火)=0.541  先发制人(直击前未被打中的局)=0.230  弹数=372
------------------------------------------------------------
[评测] 阶段=stage_turret  局数=100
  kill_rate(命中/开火) = 0.242  hit_rate(直击/开火) = 0.156  中位TTK = 376
  被命中率(挨打/敌开火) = 0.541  先发制人率(直击前未被打中的局/局数) = 0.230
  TTK口径     : 首直击步数；无直击=该局结束步数（评测步限封顶）
  晋级条件 直击/开火 hit_rate≥1.01  当前=0.156  → 指标未达标
  未晋级，继续当前阶段
------------------------------------------------------------
[进度] 20,889,600/100,000,000 (20.9%)  FPS≈1223  阶段=stage_turret  速度=0.00  直行间隔=180  aim=0.100/current  rotate=-0.07  ent=0.001  std=0.801
[进度] 20,905,984/100,000,000 (20.9%)  FPS≈1270  阶段=stage_turret  速度=0.00  直行间隔=180  aim=0.100/current  rotate=-0.07  ent=0.001  std=0.799
[进度] 20,922,368/100,000,000 (20.9%)  FPS≈1231  阶段=stage_turret  速度=0.00  直行间隔=180  aim=0.100/current  rotate=-0.07  ent=0.001  std=0.799
[进度] 20,938,752/100,000,000 (20.9%)  FPS≈1236  阶段=stage_turret  速度=0.00  直行间隔=180  aim=0.100/current  rotate=-0.07  ent=0.001  std=0.798
[进度] 20,955,136/100,000,000 (21.0%)  FPS≈1261  阶段=stage_turret  速度=0.00  直行间隔=180  aim=0.100/current  rotate=-0.07  ent=0.001  std=0.797
[进度] 20,971,520/100,000,000 (21.0%)  FPS≈1250  阶段=stage_turret  速度=0.00  直行间隔=180  aim=0.100/current  rotate=-0.07  ent=0.001  std=0.796
[进度] 20,987,904/100,000,000 (21.0%)  FPS≈1232  阶段=stage_turret  速度=0.00  直行间隔=180  aim=0.100/current  rotate=-0.07  ent=0.001  std=0.795
[存盘] 课程元数据 model_t20987904_stage0_stage_turret.curriculum.json  stage=stage_turret  bot=turret v=0.00
[存盘] /home/d0brane/tank/runs/curriculum_turret/20260923_115010/checkpoints/model_t20987904_stage0_stage_turret.zip
[评测] 开始（100 局）…
  [评测进度] 10/100  kill(命中/开火)=0.279  direct(直击/开火)=0.093  被命中(挨打/敌开火)=0.583  先发制人(直击前未被打中的局)=0.100  弹数=43
  [评测进度] 20/100  kill(命中/开火)=0.253  direct(直击/开火)=0.080  被命中(挨打/敌开火)=0.536  先发制人(直击前未被打中的局)=0.150  弹数=87
  [评测进度] 30/100  kill(命中/开火)=0.266  direct(直击/开火)=0.113  被命中(挨打/敌开火)=0.522  先发制人(直击前未被打中的局)=0.200  弹数=124
  [评测进度] 40/100  kill(命中/开火)=0.292  direct(直击/开火)=0.143  被命中(挨打/敌开火)=0.538  先发制人(直击前未被打中的局)=0.225  弹数=154
  [评测进度] 50/100  kill(命中/开火)=0.308  direct(直击/开火)=0.165  被命中(挨打/敌开火)=0.497  先发制人(直击前未被打中的局)=0.280  弹数=182
  [评测进度] 60/100  kill(命中/开火)=0.278  direct(直击/开火)=0.150  被命中(挨打/敌开火)=0.516  先发制人(直击前未被打中的局)=0.250  弹数=227
  [评测进度] 70/100  kill(命中/开火)=0.298  direct(直击/开火)=0.153  被命中(挨打/敌开火)=0.521  先发制人(直击前未被打中的局)=0.257  弹数=262
  [评测进度] 80/100  kill(命中/开火)=0.289  direct(直击/开火)=0.137  被命中(挨打/敌开火)=0.522  先发制人(直击前未被打中的局)=0.237  弹数=315
  [评测进度] 90/100  kill(命中/开火)=0.286  direct(直击/开火)=0.145  被命中(挨打/敌开火)=0.528  先发制人(直击前未被打中的局)=0.244  弹数=346
  [评测进度] 100/100  kill(命中/开火)=0.266  direct(直击/开火)=0.133  被命中(挨打/敌开火)=0.549  先发制人(直击前未被打中的局)=0.220  弹数=399
------------------------------------------------------------
[评测] 阶段=stage_turret  局数=100
  kill_rate(命中/开火) = 0.266  hit_rate(直击/开火) = 0.133  中位TTK = 430
  被命中率(挨打/敌开火) = 0.549  先发制人率(直击前未被打中的局/局数) = 0.220
  TTK口径     : 首直击步数；无直击=该局结束步数（评测步限封顶）
  晋级条件 直击/开火 hit_rate≥1.01  当前=0.133  → 指标未达标
  未晋级，继续当前阶段
------------------------------------------------------------
[进度] 21,004,288/100,000,000 (21.0%)  FPS≈1247  阶段=stage_turret  速度=0.00  直行间隔=180  aim=0.100/current  rotate=-0.07  ent=0.001  std=0.794
[进度] 21,020,672/100,000,000 (21.0%)  FPS≈1228  阶段=stage_turret  速度=0.00  直行间隔=180  aim=0.100/current  rotate=-0.07  ent=0.001  std=0.795
[进度] 21,037,056/100,000,000 (21.0%)  FPS≈1250  阶段=stage_turret  速度=0.00  直行间隔=180  aim=0.100/current  rotate=-0.07  ent=0.001  std=0.795
[进度] 21,053,440/100,000,000 (21.1%)  FPS≈1292  阶段=stage_turret  速度=0.00  直行间隔=180  aim=0.100/current  rotate=-0.07  ent=0.001  std=0.795
[进度] 21,069,824/100,000,000 (21.1%)  FPS≈1263  阶段=stage_turret  速度=0.00  直行间隔=180  aim=0.100/current  rotate=-0.07  ent=0.001  std=0.795
[进度] 21,086,208/100,000,000 (21.1%)  FPS≈1209  阶段=stage_turret  速度=0.00  直行间隔=180  aim=0.100/current  rotate=-0.07  ent=0.001  std=0.796
[进度] 21,102,592/100,000,000 (21.1%)  FPS≈1209  阶段=stage_turret  速度=0.00  直行间隔=180  aim=0.100/current  rotate=-0.07  ent=0.001  std=0.797
[存盘] 课程元数据 model_t21102592_stage0_stage_turret.curriculum.json  stage=stage_turret  bot=turret v=0.00
[存盘] /home/d0brane/tank/runs/curriculum_turret/20260923_115010/checkpoints/model_t21102592_stage0_stage_turret.zip
[评测] 开始（100 局）…
  [评测进度] 10/100  kill(命中/开火)=0.282  direct(直击/开火)=0.154  被命中(挨打/敌开火)=0.429  先发制人(直击前未被打中的局)=0.200  弹数=39
  [评测进度] 20/100  kill(命中/开火)=0.324  direct(直击/开火)=0.197  被命中(挨打/敌开火)=0.500  先发制人(直击前未被打中的局)=0.200  弹数=71
  [评测进度] 30/100  kill(命中/开火)=0.277  direct(直击/开火)=0.161  被命中(挨打/敌开火)=0.554  先发制人(直击前未被打中的局)=0.200  弹数=112
  [评测进度] 40/100  kill(命中/开火)=0.264  direct(直击/开火)=0.138  被命中(挨打/敌开火)=0.534  先发制人(直击前未被打中的局)=0.175  弹数=159
  [评测进度] 50/100  kill(命中/开火)=0.288  direct(直击/开火)=0.152  被命中(挨打/敌开火)=0.531  先发制人(直击前未被打中的局)=0.160  弹数=191
  [评测进度] 60/100  kill(命中/开火)=0.304  direct(直击/开火)=0.154  被命中(挨打/敌开火)=0.514  先发制人(直击前未被打中的局)=0.167  弹数=227
  [评测进度] 70/100  kill(命中/开火)=0.318  direct(直击/开火)=0.169  被命中(挨打/敌开火)=0.504  先发制人(直击前未被打中的局)=0.214  弹数=255
  [评测进度] 80/100  kill(命中/开火)=0.326  direct(直击/开火)=0.172  被命中(挨打/敌开火)=0.506  先发制人(直击前未被打中的局)=0.225  弹数=291
  [评测进度] 90/100  kill(命中/开火)=0.319  direct(直击/开火)=0.163  被命中(挨打/敌开火)=0.523  先发制人(直击前未被打中的局)=0.222  弹数=332
  [评测进度] 100/100  kill(命中/开火)=0.331  direct(直击/开火)=0.166  被命中(挨打/敌开火)=0.525  先发制人(直击前未被打中的局)=0.250  弹数=362
------------------------------------------------------------
[评测] 阶段=stage_turret  局数=100
  kill_rate(命中/开火) = 0.331  hit_rate(直击/开火) = 0.166  中位TTK = 350
  被命中率(挨打/敌开火) = 0.525  先发制人率(直击前未被打中的局/局数) = 0.250
  TTK口径     : 首直击步数；无直击=该局结束步数（评测步限封顶）
  晋级条件 直击/开火 hit_rate≥1.01  当前=0.166  → 指标未达标
  未晋级，继续当前阶段
------------------------------------------------------------
[进度] 21,118,976/100,000,000 (21.1%)  FPS≈1195  阶段=stage_turret  速度=0.00  直行间隔=180  aim=0.100/current  rotate=-0.07  ent=0.001  std=0.797
[进度] 21,135,360/100,000,000 (21.1%)  FPS≈1249  阶段=stage_turret  速度=0.00  直行间隔=180  aim=0.100/current  rotate=-0.07  ent=0.001  std=0.798
[进度] 21,151,744/100,000,000 (21.2%)  FPS≈1220  阶段=stage_turret  速度=0.00  直行间隔=180  aim=0.100/current  rotate=-0.07  ent=0.001  std=0.798
[进度] 21,168,128/100,000,000 (21.2%)  FPS≈1219  阶段=stage_turret  速度=0.00  直行间隔=180  aim=0.100/current  rotate=-0.07  ent=0.001  std=0.799
[进度] 21,184,512/100,000,000 (21.2%)  FPS≈1201  阶段=stage_turret  速度=0.00  直行间隔=180  aim=0.100/current  rotate=-0.07  ent=0.001  std=0.799
[进度] 21,200,896/100,000,000 (21.2%)  FPS≈1244  阶段=stage_turret  速度=0.00  直行间隔=180  aim=0.100/current  rotate=-0.07  ent=0.001  std=0.798
[进度] 21,217,280/100,000,000 (21.2%)  FPS≈1238  阶段=stage_turret  速度=0.00  直行间隔=180  aim=0.100/current  rotate=-0.07  ent=0.001  std=0.797
[存盘] 课程元数据 model_t21217280_stage0_stage_turret.curriculum.json  stage=stage_turret  bot=turret v=0.00
[存盘] /home/d0brane/tank/runs/curriculum_turret/20260923_115010/checkpoints/model_t21217280_stage0_stage_turret.zip
[评测] 开始（100 局）…
  [评测进度] 10/100  kill(命中/开火)=0.387  direct(直击/开火)=0.226  被命中(挨打/敌开火)=0.432  先发制人(直击前未被打中的局)=0.300  弹数=31
  [评测进度] 20/100  kill(命中/开火)=0.324  direct(直击/开火)=0.221  被命中(挨打/敌开火)=0.455  先发制人(直击前未被打中的局)=0.200  弹数=68
  [评测进度] 30/100  kill(命中/开火)=0.330  direct(直击/开火)=0.237  被命中(挨打/敌开火)=0.477  先发制人(直击前未被打中的局)=0.233  弹数=97
  [评测进度] 40/100  kill(命中/开火)=0.309  direct(直击/开火)=0.201  被命中(挨打/敌开火)=0.477  先发制人(直击前未被打中的局)=0.225  弹数=139
  [评测进度] 50/100  kill(命中/开火)=0.320  direct(直击/开火)=0.197  被命中(挨打/敌开火)=0.480  先发制人(直击前未被打中的局)=0.220  弹数=178
  [评测进度] 60/100  kill(命中/开火)=0.333  direct(直击/开火)=0.213  被命中(挨打/敌开火)=0.478  先发制人(直击前未被打中的局)=0.217  弹数=207
  [评测进度] 70/100  kill(命中/开火)=0.313  direct(直击/开火)=0.206  被命中(挨打/敌开火)=0.487  先发制人(直击前未被打中的局)=0.200  弹数=243
  [评测进度] 80/100  kill(命中/开火)=0.293  direct(直击/开火)=0.183  被命中(挨打/敌开火)=0.492  先发制人(直击前未被打中的局)=0.200  弹数=290
  [评测进度] 90/100  kill(命中/开火)=0.303  direct(直击/开火)=0.192  被命中(挨打/敌开火)=0.490  先发制人(直击前未被打中的局)=0.233  弹数=317
  [评测进度] 100/100  kill(命中/开火)=0.312  direct(直击/开火)=0.199  被命中(挨打/敌开火)=0.479  先发制人(直击前未被打中的局)=0.240  弹数=346
------------------------------------------------------------
[评测] 阶段=stage_turret  局数=100
  kill_rate(命中/开火) = 0.312  hit_rate(直击/开火) = 0.199  中位TTK = 302
  被命中率(挨打/敌开火) = 0.479  先发制人率(直击前未被打中的局/局数) = 0.240
  TTK口径     : 首直击步数；无直击=该局结束步数（评测步限封顶）
  晋级条件 直击/开火 hit_rate≥1.01  当前=0.199  → 指标未达标
  未晋级，继续当前阶段
------------------------------------------------------------
[进度] 21,233,664/100,000,000 (21.2%)  FPS≈1235  阶段=stage_turret  速度=0.00  直行间隔=180  aim=0.100/current  rotate=-0.07  ent=0.001  std=0.798
[进度] 21,250,048/100,000,000 (21.3%)  FPS≈1237  阶段=stage_turret  速度=0.00  直行间隔=180  aim=0.100/current  rotate=-0.07  ent=0.001  std=0.797
[进度] 21,266,432/100,000,000 (21.3%)  FPS≈1243  阶段=stage_turret  速度=0.00  直行间隔=180  aim=0.100/current  rotate=-0.07  ent=0.001  std=0.798
[进度] 21,282,816/100,000,000 (21.3%)  FPS≈1239  阶段=stage_turret  速度=0.00  直行间隔=180  aim=0.100/current  rotate=-0.07  ent=0.001  std=0.798
[进度] 21,299,200/100,000,000 (21.3%)  FPS≈1210  阶段=stage_turret  速度=0.00  直行间隔=180  aim=0.100/current  rotate=-0.07  ent=0.001  std=0.799
[进度] 21,315,584/100,000,000 (21.3%)  FPS≈1272  阶段=stage_turret  速度=0.00  直行间隔=180  aim=0.100/current  rotate=-0.07  ent=0.001  std=0.798
[进度] 21,331,968/100,000,000 (21.3%)  FPS≈1236  阶段=stage_turret  速度=0.00  直行间隔=180  aim=0.100/current  rotate=-0.07  ent=0.001  std=0.797
[存盘] 课程元数据 model_t21331968_stage0_stage_turret.curriculum.json  stage=stage_turret  bot=turret v=0.00
[存盘] /home/d0brane/tank/runs/curriculum_turret/20260923_115010/checkpoints/model_t21331968_stage0_stage_turret.zip
[评测] 开始（100 局）…
  [评测进度] 10/100  kill(命中/开火)=0.367  direct(直击/开火)=0.267  被命中(挨打/敌开火)=0.562  先发制人(直击前未被打中的局)=0.500  弹数=30
  [评测进度] 20/100  kill(命中/开火)=0.345  direct(直击/开火)=0.276  被命中(挨打/敌开火)=0.565  先发制人(直击前未被打中的局)=0.450  弹数=58
  [评测进度] 30/100  kill(命中/开火)=0.378  direct(直击/开火)=0.305  被命中(挨打/敌开火)=0.557  先发制人(直击前未被打中的局)=0.433  弹数=82
  [评测进度] 40/100  kill(命中/开火)=0.328  direct(直击/开火)=0.227  被命中(挨打/敌开火)=0.583  先发制人(直击前未被打中的局)=0.350  弹数=128
  [评测进度] 50/100  kill(命中/开火)=0.305  direct(直击/开火)=0.216  被命中(挨打/敌开火)=0.570  先发制人(直击前未被打中的局)=0.320  弹数=167
  [评测进度] 60/100  kill(命中/开火)=0.288  direct(直击/开火)=0.205  被命中(挨打/敌开火)=0.552  先发制人(直击前未被打中的局)=0.300  弹数=205
  [评测进度] 70/100  kill(命中/开火)=0.276  direct(直击/开火)=0.201  被命中(挨打/敌开火)=0.570  先发制人(直击前未被打中的局)=0.257  弹数=239
  [评测进度] 80/100  kill(命中/开火)=0.276  direct(直击/开火)=0.194  被命中(挨打/敌开火)=0.561  先发制人(直击前未被打中的局)=0.237  弹数=279
  [评测进度] 90/100  kill(命中/开火)=0.267  direct(直击/开火)=0.190  被命中(挨打/敌开火)=0.560  先发制人(直击前未被打中的局)=0.233  弹数=315
  [评测进度] 100/100  kill(命中/开火)=0.263  direct(直击/开火)=0.183  被命中(挨打/敌开火)=0.565  先发制人(直击前未被打中的局)=0.210  弹数=361
------------------------------------------------------------
[评测] 阶段=stage_turret  局数=100
  kill_rate(命中/开火) = 0.263  hit_rate(直击/开火) = 0.183  中位TTK = 382
  被命中率(挨打/敌开火) = 0.565  先发制人率(直击前未被打中的局/局数) = 0.210
  TTK口径     : 首直击步数；无直击=该局结束步数（评测步限封顶）
  晋级条件 直击/开火 hit_rate≥1.01  当前=0.183  → 指标未达标
  未晋级，继续当前阶段
------------------------------------------------------------
[进度] 21,348,352/100,000,000 (21.3%)  FPS≈1235  阶段=stage_turret  速度=0.00  直行间隔=180  aim=0.100/current  rotate=-0.07  ent=0.001  std=0.797
[进度] 21,364,736/100,000,000 (21.4%)  FPS≈1249  阶段=stage_turret  速度=0.00  直行间隔=180  aim=0.100/current  rotate=-0.07  ent=0.001  std=0.796
[进度] 21,381,120/100,000,000 (21.4%)  FPS≈1177  阶段=stage_turret  速度=0.00  直行间隔=180  aim=0.100/current  rotate=-0.07  ent=0.001  std=0.796
[进度] 21,397,504/100,000,000 (21.4%)  FPS≈1198  阶段=stage_turret  速度=0.00  直行间隔=180  aim=0.100/current  rotate=-0.07  ent=0.001  std=0.795
[进度] 21,413,888/100,000,000 (21.4%)  FPS≈1210  阶段=stage_turret  速度=0.00  直行间隔=180  aim=0.100/current  rotate=-0.07  ent=0.001  std=0.796
[进度] 21,430,272/100,000,000 (21.4%)  FPS≈1212  阶段=stage_turret  速度=0.00  直行间隔=180  aim=0.100/current  rotate=-0.07  ent=0.001  std=0.794
[进度] 21,446,656/100,000,000 (21.4%)  FPS≈1220  阶段=stage_turret  速度=0.00  直行间隔=180  aim=0.100/current  rotate=-0.07  ent=0.001  std=0.793
[存盘] 课程元数据 model_t21446656_stage0_stage_turret.curriculum.json  stage=stage_turret  bot=turret v=0.00
[存盘] /home/d0brane/tank/runs/curriculum_turret/20260923_115010/checkpoints/model_t21446656_stage0_stage_turret.zip
[评测] 开始（100 局）…
  [评测进度] 10/100  kill(命中/开火)=0.257  direct(直击/开火)=0.143  被命中(挨打/敌开火)=0.476  先发制人(直击前未被打中的局)=0.400  弹数=35
  [评测进度] 20/100  kill(命中/开火)=0.264  direct(直击/开火)=0.153  被命中(挨打/敌开火)=0.488  先发制人(直击前未被打中的局)=0.300  弹数=72
  [评测进度] 30/100  kill(命中/开火)=0.295  direct(直击/开火)=0.171  被命中(挨打/敌开火)=0.500  先发制人(直击前未被打中的局)=0.333  弹数=105
  [评测进度] 40/100  kill(命中/开火)=0.311  direct(直击/开火)=0.162  被命中(挨打/敌开火)=0.518  先发制人(直击前未被打中的局)=0.275  弹数=148
  [评测进度] 50/100  kill(命中/开火)=0.305  direct(直击/开火)=0.163  被命中(挨打/敌开火)=0.486  先发制人(直击前未被打中的局)=0.260  弹数=190
  [评测进度] 60/100  kill(命中/开火)=0.308  direct(直击/开火)=0.174  被命中(挨打/敌开火)=0.486  先发制人(直击前未被打中的局)=0.250  弹数=224
  [评测进度] 70/100  kill(命中/开火)=0.300  direct(直击/开火)=0.179  被命中(挨打/敌开火)=0.496  先发制人(直击前未被打中的局)=0.243  弹数=257
  [评测进度] 80/100  kill(命中/开火)=0.295  direct(直击/开火)=0.176  被命中(挨打/敌开火)=0.512  先发制人(直击前未被打中的局)=0.250  弹数=295
  [评测进度] 90/100  kill(命中/开火)=0.289  direct(直击/开火)=0.179  被命中(挨打/敌开火)=0.501  先发制人(直击前未被打中的局)=0.256  弹数=329
  [评测进度] 100/100  kill(命中/开火)=0.283  direct(直击/开火)=0.173  被命中(挨打/敌开火)=0.510  先发制人(直击前未被打中的局)=0.240  弹数=371
------------------------------------------------------------
[评测] 阶段=stage_turret  局数=100
  kill_rate(命中/开火) = 0.283  hit_rate(直击/开火) = 0.173  中位TTK = 350
  被命中率(挨打/敌开火) = 0.510  先发制人率(直击前未被打中的局/局数) = 0.240
  TTK口径     : 首直击步数；无直击=该局结束步数（评测步限封顶）
  晋级条件 直击/开火 hit_rate≥1.01  当前=0.173  → 指标未达标
  未晋级，继续当前阶段
------------------------------------------------------------
[进度] 21,463,040/100,000,000 (21.5%)  FPS≈1220  阶段=stage_turret  速度=0.00  直行间隔=180  aim=0.100/current  rotate=-0.07  ent=0.001  std=0.794
[进度] 21,479,424/100,000,000 (21.5%)  FPS≈1215  阶段=stage_turret  速度=0.00  直行间隔=180  aim=0.100/current  rotate=-0.07  ent=0.001  std=0.793
[进度] 21,495,808/100,000,000 (21.5%)  FPS≈1246  阶段=stage_turret  速度=0.00  直行间隔=180  aim=0.100/current  rotate=-0.07  ent=0.001  std=0.793
[进度] 21,512,192/100,000,000 (21.5%)  FPS≈1253  阶段=stage_turret  速度=0.00  直行间隔=180  aim=0.100/current  rotate=-0.07  ent=0.001  std=0.791
[进度] 21,528,576/100,000,000 (21.5%)  FPS≈1253  阶段=stage_turret  速度=0.00  直行间隔=180  aim=0.100/current  rotate=-0.07  ent=0.001  std=0.790
[进度] 21,544,960/100,000,000 (21.5%)  FPS≈1241  阶段=stage_turret  速度=0.00  直行间隔=180  aim=0.100/current  rotate=-0.07  ent=0.001  std=0.788
[进度] 21,561,344/100,000,000 (21.6%)  FPS≈1255  阶段=stage_turret  速度=0.00  直行间隔=180  aim=0.100/current  rotate=-0.07  ent=0.001  std=0.790
[存盘] 课程元数据 model_t21561344_stage0_stage_turret.curriculum.json  stage=stage_turret  bot=turret v=0.00
[存盘] /home/d0brane/tank/runs/curriculum_turret/20260923_115010/checkpoints/model_t21561344_stage0_stage_turret.zip
[评测] 开始（100 局）…
  [评测进度] 10/100  kill(命中/开火)=0.350  direct(直击/开火)=0.150  被命中(挨打/敌开火)=0.457  先发制人(直击前未被打中的局)=0.100  弹数=40
  [评测进度] 20/100  kill(命中/开火)=0.320  direct(直击/开火)=0.147  被命中(挨打/敌开火)=0.459  先发制人(直击前未被打中的局)=0.250  弹数=75
  [评测进度] 30/100  kill(命中/开火)=0.292  direct(直击/开火)=0.159  被命中(挨打/敌开火)=0.456  先发制人(直击前未被打中的局)=0.300  弹数=113
  [评测进度] 40/100  kill(命中/开火)=0.294  direct(直击/开火)=0.144  被命中(挨打/敌开火)=0.472  先发制人(直击前未被打中的局)=0.225  弹数=160
  [评测进度] 50/100  kill(命中/开火)=0.302  direct(直击/开火)=0.161  被命中(挨打/敌开火)=0.493  先发制人(直击前未被打中的局)=0.220  弹数=192
  [评测进度] 60/100  kill(命中/开火)=0.320  direct(直击/开火)=0.167  被命中(挨打/敌开火)=0.486  先发制人(直击前未被打中的局)=0.200  弹数=228
  [评测进度] 70/100  kill(命中/开火)=0.333  direct(直击/开火)=0.174  被命中(挨打/敌开火)=0.498  先发制人(直击前未被打中的局)=0.200  弹数=264
  [评测进度] 80/100  kill(命中/开火)=0.347  direct(直击/开火)=0.191  被命中(挨打/敌开火)=0.503  先发制人(直击前未被打中的局)=0.237  弹数=288
  [评测进度] 90/100  kill(命中/开火)=0.334  direct(直击/开火)=0.176  被命中(挨打/敌开火)=0.516  先发制人(直击前未被打中的局)=0.233  弹数=335
  [评测进度] 100/100  kill(命中/开火)=0.327  direct(直击/开火)=0.173  被命中(挨打/敌开火)=0.496  先发制人(直击前未被打中的局)=0.240  弹数=376
------------------------------------------------------------
[评测] 阶段=stage_turret  局数=100
  kill_rate(命中/开火) = 0.327  hit_rate(直击/开火) = 0.173  中位TTK = 399
  被命中率(挨打/敌开火) = 0.496  先发制人率(直击前未被打中的局/局数) = 0.240
  TTK口径     : 首直击步数；无直击=该局结束步数（评测步限封顶）
  晋级条件 直击/开火 hit_rate≥1.01  当前=0.173  → 指标未达标
  未晋级，继续当前阶段
------------------------------------------------------------
[进度] 21,577,728/100,000,000 (21.6%)  FPS≈1228  阶段=stage_turret  速度=0.00  直行间隔=180  aim=0.100/current  rotate=-0.07  ent=0.001  std=0.789
[进度] 21,594,112/100,000,000 (21.6%)  FPS≈1225  阶段=stage_turret  速度=0.00  直行间隔=180  aim=0.100/current  rotate=-0.07  ent=0.001  std=0.789
[进度] 21,610,496/100,000,000 (21.6%)  FPS≈1250  阶段=stage_turret  速度=0.00  直行间隔=180  aim=0.100/current  rotate=-0.07  ent=0.001  std=0.788
[进度] 21,626,880/100,000,000 (21.6%)  FPS≈1242  阶段=stage_turret  速度=0.00  直行间隔=180  aim=0.100/current  rotate=-0.07  ent=0.001  std=0.787
[进度] 21,643,264/100,000,000 (21.6%)  FPS≈1265  阶段=stage_turret  速度=0.00  直行间隔=180  aim=0.100/current  rotate=-0.07  ent=0.001  std=0.788
[进度] 21,659,648/100,000,000 (21.7%)  FPS≈1243  阶段=stage_turret  速度=0.00  直行间隔=180  aim=0.100/current  rotate=-0.07  ent=0.001  std=0.787
[进度] 21,676,032/100,000,000 (21.7%)  FPS≈1239  阶段=stage_turret  速度=0.00  直行间隔=180  aim=0.100/current  rotate=-0.07  ent=0.001  std=0.787
[存盘] 课程元数据 model_t21676032_stage0_stage_turret.curriculum.json  stage=stage_turret  bot=turret v=0.00
[存盘] /home/d0brane/tank/runs/curriculum_turret/20260923_115010/checkpoints/model_t21676032_stage0_stage_turret.zip
[评测] 开始（100 局）…
  [评测进度] 10/100  kill(命中/开火)=0.244  direct(直击/开火)=0.111  被命中(挨打/敌开火)=0.521  先发制人(直击前未被打中的局)=0.200  弹数=45
  [评测进度] 20/100  kill(命中/开火)=0.316  direct(直击/开火)=0.171  被命中(挨打/敌开火)=0.451  先发制人(直击前未被打中的局)=0.250  弹数=76
  [评测进度] 30/100  kill(命中/开火)=0.340  direct(直击/开火)=0.227  被命中(挨打/敌开火)=0.423  先发制人(直击前未被打中的局)=0.300  弹数=97
  [评测进度] 40/100  kill(命中/开火)=0.311  direct(直击/开火)=0.205  被命中(挨打/敌开火)=0.490  先发制人(直击前未被打中的局)=0.300  弹数=132
  [评测进度] 50/100  kill(命中/开火)=0.280  direct(直击/开火)=0.165  被命中(挨打/敌开火)=0.480  先发制人(直击前未被打中的局)=0.240  弹数=182
  [评测进度] 60/100  kill(命中/开火)=0.304  direct(直击/开火)=0.182  被命中(挨打/敌开火)=0.459  先发制人(直击前未被打中的局)=0.283  弹数=214
  [评测进度] 70/100  kill(命中/开火)=0.300  direct(直击/开火)=0.183  被命中(挨打/敌开火)=0.453  先发制人(直击前未被打中的局)=0.257  弹数=257
  [评测进度] 80/100  kill(命中/开火)=0.291  direct(直击/开火)=0.176  被命中(挨打/敌开火)=0.476  先发制人(直击前未被打中的局)=0.225  弹数=296
  [评测进度] 90/100  kill(命中/开火)=0.284  direct(直击/开火)=0.164  被命中(挨打/敌开火)=0.482  先发制人(直击前未被打中的局)=0.211  弹数=342
  [评测进度] 100/100  kill(命中/开火)=0.281  direct(直击/开火)=0.164  被命中(挨打/敌开火)=0.495  先发制人(直击前未被打中的局)=0.220  弹数=377
------------------------------------------------------------
[评测] 阶段=stage_turret  局数=100
  kill_rate(命中/开火) = 0.281  hit_rate(直击/开火) = 0.164  中位TTK = 378
  被命中率(挨打/敌开火) = 0.495  先发制人率(直击前未被打中的局/局数) = 0.220
  TTK口径     : 首直击步数；无直击=该局结束步数（评测步限封顶）
  晋级条件 直击/开火 hit_rate≥1.01  当前=0.164  → 指标未达标
  未晋级，继续当前阶段
------------------------------------------------------------
[进度] 21,692,416/100,000,000 (21.7%)  FPS≈1243  阶段=stage_turret  速度=0.00  直行间隔=180  aim=0.100/current  rotate=-0.07  ent=0.001  std=0.786
[进度] 21,708,800/100,000,000 (21.7%)  FPS≈1251  阶段=stage_turret  速度=0.00  直行间隔=180  aim=0.100/current  rotate=-0.07  ent=0.001  std=0.785
[进度] 21,725,184/100,000,000 (21.7%)  FPS≈1212  阶段=stage_turret  速度=0.00  直行间隔=180  aim=0.100/current  rotate=-0.07  ent=0.001  std=0.784
[进度] 21,741,568/100,000,000 (21.7%)  FPS≈1243  阶段=stage_turret  速度=0.00  直行间隔=180  aim=0.100/current  rotate=-0.07  ent=0.001  std=0.783
[进度] 21,757,952/100,000,000 (21.8%)  FPS≈1230  阶段=stage_turret  速度=0.00  直行间隔=180  aim=0.100/current  rotate=-0.07  ent=0.001  std=0.782
[进度] 21,774,336/100,000,000 (21.8%)  FPS≈1238  阶段=stage_turret  速度=0.00  直行间隔=180  aim=0.100/current  rotate=-0.07  ent=0.001  std=0.782
[进度] 21,790,720/100,000,000 (21.8%)  FPS≈1241  阶段=stage_turret  速度=0.00  直行间隔=180  aim=0.100/current  rotate=-0.07  ent=0.001  std=0.780
[存盘] 课程元数据 model_t21790720_stage0_stage_turret.curriculum.json  stage=stage_turret  bot=turret v=0.00
[存盘] /home/d0brane/tank/runs/curriculum_turret/20260923_115010/checkpoints/model_t21790720_stage0_stage_turret.zip
[评测] 开始（100 局）…
  [评测进度] 10/100  kill(命中/开火)=0.353  direct(直击/开火)=0.176  被命中(挨打/敌开火)=0.512  先发制人(直击前未被打中的局)=0.000  弹数=34
  [评测进度] 20/100  kill(命中/开火)=0.303  direct(直击/开火)=0.182  被命中(挨打/敌开火)=0.513  先发制人(直击前未被打中的局)=0.100  弹数=66
  [评测进度] 30/100  kill(命中/开火)=0.303  direct(直击/开火)=0.126  被命中(挨打/敌开火)=0.504  先发制人(直击前未被打中的局)=0.067  弹数=119
  [评测进度] 40/100  kill(命中/开火)=0.320  direct(直击/开火)=0.160  被命中(挨打/敌开火)=0.455  先发制人(直击前未被打中的局)=0.175  弹数=150
  [评测进度] 50/100  kill(命中/开火)=0.326  direct(直击/开火)=0.166  被命中(挨打/敌开火)=0.466  先发制人(直击前未被打中的局)=0.200  弹数=187
  [评测进度] 60/100  kill(命中/开火)=0.313  direct(直击/开火)=0.157  被命中(挨打/敌开火)=0.506  先发制人(直击前未被打中的局)=0.183  弹数=230
  [评测进度] 70/100  kill(命中/开火)=0.306  direct(直击/开火)=0.151  被命中(挨打/敌开火)=0.510  先发制人(直击前未被打中的局)=0.171  弹数=271
  [评测进度] 80/100  kill(命中/开火)=0.312  direct(直击/开火)=0.161  被命中(挨打/敌开火)=0.502  先发制人(直击前未被打中的局)=0.188  弹数=304
  [评测进度] 90/100  kill(命中/开火)=0.312  direct(直击/开火)=0.166  被命中(挨打/敌开火)=0.514  先发制人(直击前未被打中的局)=0.200  弹数=337
  [评测进度] 100/100  kill(命中/开火)=0.308  direct(直击/开火)=0.162  被命中(挨打/敌开火)=0.542  先发制人(直击前未被打中的局)=0.190  弹数=377
------------------------------------------------------------
[评测] 阶段=stage_turret  局数=100
  kill_rate(命中/开火) = 0.308  hit_rate(直击/开火) = 0.162  中位TTK = 385
  被命中率(挨打/敌开火) = 0.542  先发制人率(直击前未被打中的局/局数) = 0.190
  TTK口径     : 首直击步数；无直击=该局结束步数（评测步限封顶）
  晋级条件 直击/开火 hit_rate≥1.01  当前=0.162  → 指标未达标
  未晋级，继续当前阶段
------------------------------------------------------------
[进度] 21,807,104/100,000,000 (21.8%)  FPS≈1246  阶段=stage_turret  速度=0.00  直行间隔=180  aim=0.100/current  rotate=-0.07  ent=0.001  std=0.779
[进度] 21,823,488/100,000,000 (21.8%)  FPS≈1257  阶段=stage_turret  速度=0.00  直行间隔=180  aim=0.100/current  rotate=-0.07  ent=0.001  std=0.779
[进度] 21,839,872/100,000,000 (21.8%)  FPS≈1209  阶段=stage_turret  速度=0.00  直行间隔=180  aim=0.100/current  rotate=-0.07  ent=0.001  std=0.778
[进度] 21,856,256/100,000,000 (21.9%)  FPS≈1230  阶段=stage_turret  速度=0.00  直行间隔=180  aim=0.100/current  rotate=-0.07  ent=0.001  std=0.777
[进度] 21,872,640/100,000,000 (21.9%)  FPS≈1231  阶段=stage_turret  速度=0.00  直行间隔=180  aim=0.100/current  rotate=-0.07  ent=0.001  std=0.778
[进度] 21,889,024/100,000,000 (21.9%)  FPS≈1217  阶段=stage_turret  速度=0.00  直行间隔=180  aim=0.100/current  rotate=-0.07  ent=0.001  std=0.776
[进度] 21,905,408/100,000,000 (21.9%)  FPS≈1237  阶段=stage_turret  速度=0.00  直行间隔=180  aim=0.100/current  rotate=-0.07  ent=0.001  std=0.776
[存盘] 课程元数据 model_t21905408_stage0_stage_turret.curriculum.json  stage=stage_turret  bot=turret v=0.00
[存盘] /home/d0brane/tank/runs/curriculum_turret/20260923_115010/checkpoints/model_t21905408_stage0_stage_turret.zip
[评测] 开始（100 局）…
  [评测进度] 10/100  kill(命中/开火)=0.289  direct(直击/开火)=0.133  被命中(挨打/敌开火)=0.500  先发制人(直击前未被打中的局)=0.000  弹数=45
  [评测进度] 20/100  kill(命中/开火)=0.303  direct(直击/开火)=0.171  被命中(挨打/敌开火)=0.550  先发制人(直击前未被打中的局)=0.150  弹数=76
  [评测进度] 30/100  kill(命中/开火)=0.275  direct(直击/开火)=0.142  被命中(挨打/敌开火)=0.619  先发制人(直击前未被打中的局)=0.167  弹数=120
  [评测进度] 40/100  kill(命中/开火)=0.299  direct(直击/开火)=0.153  被命中(挨打/敌开火)=0.625  先发制人(直击前未被打中的局)=0.125  弹数=157
  [评测进度] 50/100  kill(命中/开火)=0.283  direct(直击/开火)=0.152  被命中(挨打/敌开火)=0.598  先发制人(直击前未被打中的局)=0.100  弹数=198
  [评测进度] 60/100  kill(命中/开火)=0.261  direct(直击/开火)=0.141  被命中(挨打/敌开火)=0.600  先发制人(直击前未被打中的局)=0.117  弹数=241
  [评测进度] 70/100  kill(命中/开火)=0.277  direct(直击/开火)=0.159  被命中(挨打/敌开火)=0.575  先发制人(直击前未被打中的局)=0.157  弹数=271
  [评测进度] 80/100  kill(命中/开火)=0.273  direct(直击/开火)=0.161  被命中(挨打/敌开火)=0.551  先发制人(直击前未被打中的局)=0.175  弹数=311
  [评测进度] 90/100  kill(命中/开火)=0.260  direct(直击/开火)=0.144  被命中(挨打/敌开火)=0.565  先发制人(直击前未被打中的局)=0.156  弹数=362
  [评测进度] 100/100  kill(命中/开火)=0.259  direct(直击/开火)=0.142  被命中(挨打/敌开火)=0.567  先发制人(直击前未被打中的局)=0.150  弹数=401
------------------------------------------------------------
[评测] 阶段=stage_turret  局数=100
  kill_rate(命中/开火) = 0.259  hit_rate(直击/开火) = 0.142  中位TTK = 401
  被命中率(挨打/敌开火) = 0.567  先发制人率(直击前未被打中的局/局数) = 0.150
  TTK口径     : 首直击步数；无直击=该局结束步数（评测步限封顶）
  晋级条件 直击/开火 hit_rate≥1.01  当前=0.142  → 指标未达标
  未晋级，继续当前阶段
------------------------------------------------------------
[进度] 21,921,792/100,000,000 (21.9%)  FPS≈1242  阶段=stage_turret  速度=0.00  直行间隔=180  aim=0.100/current  rotate=-0.07  ent=0.001  std=0.774
[进度] 21,938,176/100,000,000 (21.9%)  FPS≈1223  阶段=stage_turret  速度=0.00  直行间隔=180  aim=0.100/current  rotate=-0.07  ent=0.001  std=0.774
[进度] 21,954,560/100,000,000 (22.0%)  FPS≈1242  阶段=stage_turret  速度=0.00  直行间隔=180  aim=0.100/current  rotate=-0.07  ent=0.001  std=0.773
[进度] 21,970,944/100,000,000 (22.0%)  FPS≈1233  阶段=stage_turret  速度=0.00  直行间隔=180  aim=0.100/current  rotate=-0.07  ent=0.001  std=0.774
[进度] 21,987,328/100,000,000 (22.0%)  FPS≈1224  阶段=stage_turret  速度=0.00  直行间隔=180  aim=0.100/current  rotate=-0.07  ent=0.001  std=0.773
[进度] 22,003,712/100,000,000 (22.0%)  FPS≈1217  阶段=stage_turret  速度=0.00  直行间隔=180  aim=0.100/current  rotate=-0.07  ent=0.001  std=0.770
[进度] 22,020,096/100,000,000 (22.0%)  FPS≈1225  阶段=stage_turret  速度=0.00  直行间隔=180  aim=0.100/current  rotate=-0.07  ent=0.001  std=0.771
[存盘] 课程元数据 model_t22020096_stage0_stage_turret.curriculum.json  stage=stage_turret  bot=turret v=0.00
[存盘] /home/d0brane/tank/runs/curriculum_turret/20260923_115010/checkpoints/model_t22020096_stage0_stage_turret.zip
[评测] 开始（100 局）…
  [评测进度] 10/100  kill(命中/开火)=0.312  direct(直击/开火)=0.188  被命中(挨打/敌开火)=0.647  先发制人(直击前未被打中的局)=0.300  弹数=32
  [评测进度] 20/100  kill(命中/开火)=0.292  direct(直击/开火)=0.153  被命中(挨打/敌开火)=0.562  先发制人(直击前未被打中的局)=0.300  弹数=72
  [评测进度] 30/100  kill(命中/开火)=0.304  direct(直击/开火)=0.176  被命中(挨打/敌开火)=0.602  先发制人(直击前未被打中的局)=0.333  弹数=102
  [评测进度] 40/100  kill(命中/开火)=0.292  direct(直击/开火)=0.167  被命中(挨打/敌开火)=0.560  先发制人(直击前未被打中的局)=0.275  弹数=144
  [评测进度] 50/100  kill(命中/开火)=0.278  direct(直击/开火)=0.160  被命中(挨打/敌开火)=0.572  先发制人(直击前未被打中的局)=0.240  弹数=187
  [评测进度] 60/100  kill(命中/开火)=0.292  direct(直击/开火)=0.176  被命中(挨打/敌开火)=0.544  先发制人(直击前未被打中的局)=0.283  弹数=216
  [评测进度] 70/100  kill(命中/开火)=0.303  direct(直击/开火)=0.179  被命中(挨打/敌开火)=0.527  先发制人(直击前未被打中的局)=0.286  弹数=251
  [评测进度] 80/100  kill(命中/开火)=0.322  direct(直击/开火)=0.184  被命中(挨打/敌开火)=0.537  先发制人(直击前未被打中的局)=0.263  弹数=283
  [评测进度] 90/100  kill(命中/开火)=0.335  direct(直击/开火)=0.187  被命中(挨打/敌开火)=0.517  先发制人(直击前未被打中的局)=0.289  弹数=316
  [评测进度] 100/100  kill(命中/开火)=0.335  direct(直击/开火)=0.192  被命中(挨打/敌开火)=0.528  先发制人(直击前未被打中的局)=0.290  弹数=349
------------------------------------------------------------
[评测] 阶段=stage_turret  局数=100
  kill_rate(命中/开火) = 0.335  hit_rate(直击/开火) = 0.192  中位TTK = 322
  被命中率(挨打/敌开火) = 0.528  先发制人率(直击前未被打中的局/局数) = 0.290
  TTK口径     : 首直击步数；无直击=该局结束步数（评测步限封顶）
  晋级条件 直击/开火 hit_rate≥1.01  当前=0.192  → 指标未达标
  未晋级，继续当前阶段
------------------------------------------------------------
[进度] 22,036,480/100,000,000 (22.0%)  FPS≈1212  阶段=stage_turret  速度=0.00  直行间隔=180  aim=0.100/current  rotate=-0.07  ent=0.001  std=0.771
[进度] 22,052,864/100,000,000 (22.1%)  FPS≈1174  阶段=stage_turret  速度=0.00  直行间隔=180  aim=0.100/current  rotate=-0.07  ent=0.001  std=0.772
[进度] 22,069,248/100,000,000 (22.1%)  FPS≈1228  阶段=stage_turret  速度=0.00  直行间隔=180  aim=0.100/current  rotate=-0.07  ent=0.001  std=0.771
[进度] 22,085,632/100,000,000 (22.1%)  FPS≈1255  阶段=stage_turret  速度=0.00  直行间隔=180  aim=0.100/current  rotate=-0.07  ent=0.001  std=0.772
[进度] 22,102,016/100,000,000 (22.1%)  FPS≈1255  阶段=stage_turret  速度=0.00  直行间隔=180  aim=0.100/current  rotate=-0.07  ent=0.001  std=0.772
[进度] 22,118,400/100,000,000 (22.1%)  FPS≈1246  阶段=stage_turret  速度=0.00  直行间隔=180  aim=0.100/current  rotate=-0.07  ent=0.001  std=0.772
[进度] 22,134,784/100,000,000 (22.1%)  FPS≈1250  阶段=stage_turret  速度=0.00  直行间隔=180  aim=0.100/current  rotate=-0.07  ent=0.001  std=0.770
[存盘] 课程元数据 model_t22134784_stage0_stage_turret.curriculum.json  stage=stage_turret  bot=turret v=0.00
[存盘] /home/d0brane/tank/runs/curriculum_turret/20260923_115010/checkpoints/model_t22134784_stage0_stage_turret.zip
[评测] 开始（100 局）…
  [评测进度] 10/100  kill(命中/开火)=0.265  direct(直击/开火)=0.102  被命中(挨打/敌开火)=0.577  先发制人(直击前未被打中的局)=0.000  弹数=49
  [评测进度] 20/100  kill(命中/开火)=0.267  direct(直击/开火)=0.122  被命中(挨打/敌开火)=0.591  先发制人(直击前未被打中的局)=0.100  弹数=90
  [评测进度] 30/100  kill(命中/开火)=0.294  direct(直击/开火)=0.143  被命中(挨打/敌开火)=0.557  先发制人(直击前未被打中的局)=0.167  弹数=126
  [评测进度] 40/100  kill(命中/开火)=0.297  direct(直击/开火)=0.140  被命中(挨打/敌开火)=0.538  先发制人(直击前未被打中的局)=0.150  弹数=172
  [评测进度] 50/100  kill(命中/开火)=0.285  direct(直击/开火)=0.140  被命中(挨打/敌开火)=0.542  先发制人(直击前未被打中的局)=0.140  弹数=214
  [评测进度] 60/100  kill(命中/开火)=0.295  direct(直击/开火)=0.138  被命中(挨打/敌开火)=0.525  先发制人(直击前未被打中的局)=0.117  弹数=261
  [评测进度] 70/100  kill(命中/开火)=0.282  direct(直击/开火)=0.140  被命中(挨打/敌开火)=0.531  先发制人(直击前未被打中的局)=0.157  弹数=301
  [评测进度] 80/100  kill(命中/开火)=0.280  direct(直击/开火)=0.133  被命中(挨打/敌开火)=0.511  先发制人(直击前未被打中的局)=0.175  弹数=346
  [评测进度] 90/100  kill(命中/开火)=0.280  direct(直击/开火)=0.131  被命中(挨打/敌开火)=0.493  先发制人(直击前未被打中的局)=0.156  弹数=396
  [评测进度] 100/100  kill(命中/开火)=0.286  direct(直击/开火)=0.129  被命中(挨打/敌开火)=0.484  先发制人(直击前未被打中的局)=0.170  弹数=441
------------------------------------------------------------
[评测] 阶段=stage_turret  局数=100
  kill_rate(命中/开火) = 0.286  hit_rate(直击/开火) = 0.129  中位TTK = 482
  被命中率(挨打/敌开火) = 0.484  先发制人率(直击前未被打中的局/局数) = 0.170
  TTK口径     : 首直击步数；无直击=该局结束步数（评测步限封顶）
  晋级条件 直击/开火 hit_rate≥1.01  当前=0.129  → 指标未达标
  未晋级，继续当前阶段
------------------------------------------------------------
[进度] 22,151,168/100,000,000 (22.2%)  FPS≈1177  阶段=stage_turret  速度=0.00  直行间隔=180  aim=0.100/current  rotate=-0.07  ent=0.001  std=0.771
[进度] 22,167,552/100,000,000 (22.2%)  FPS≈1226  阶段=stage_turret  速度=0.00  直行间隔=180  aim=0.100/current  rotate=-0.07  ent=0.001  std=0.770
[进度] 22,183,936/100,000,000 (22.2%)  FPS≈1213  阶段=stage_turret  速度=0.00  直行间隔=180  aim=0.100/current  rotate=-0.07  ent=0.001  std=0.770
[进度] 22,200,320/100,000,000 (22.2%)  FPS≈1261  阶段=stage_turret  速度=0.00  直行间隔=180  aim=0.100/current  rotate=-0.07  ent=0.001  std=0.770
[进度] 22,216,704/100,000,000 (22.2%)  FPS≈1239  阶段=stage_turret  速度=0.00  直行间隔=180  aim=0.100/current  rotate=-0.07  ent=0.001  std=0.769
[进度] 22,233,088/100,000,000 (22.2%)  FPS≈1252  阶段=stage_turret  速度=0.00  直行间隔=180  aim=0.100/current  rotate=-0.07  ent=0.001  std=0.769
[进度] 22,249,472/100,000,000 (22.2%)  FPS≈1240  阶段=stage_turret  速度=0.00  直行间隔=180  aim=0.100/current  rotate=-0.07  ent=0.001  std=0.769
[存盘] 课程元数据 model_t22249472_stage0_stage_turret.curriculum.json  stage=stage_turret  bot=turret v=0.00
[存盘] /home/d0brane/tank/runs/curriculum_turret/20260923_115010/checkpoints/model_t22249472_stage0_stage_turret.zip
[评测] 开始（100 局）…
  [评测进度] 10/100  kill(命中/开火)=0.273  direct(直击/开火)=0.212  被命中(挨打/敌开火)=0.500  先发制人(直击前未被打中的局)=0.400  弹数=33
  [评测进度] 20/100  kill(命中/开火)=0.218  direct(直击/开火)=0.141  被命中(挨打/敌开火)=0.553  先发制人(直击前未被打中的局)=0.250  弹数=78
  [评测进度] 30/100  kill(命中/开火)=0.207  direct(直击/开火)=0.140  被命中(挨打/敌开火)=0.444  先发制人(直击前未被打中的局)=0.300  弹数=121
  [评测进度] 40/100  kill(命中/开火)=0.220  direct(直击/开火)=0.119  被命中(挨打/敌开火)=0.468  先发制人(直击前未被打中的局)=0.225  弹数=168
  [评测进度] 50/100  kill(命中/开火)=0.243  direct(直击/开火)=0.119  被命中(挨打/敌开火)=0.483  先发制人(直击前未被打中的局)=0.200  弹数=210
  [评测进度] 60/100  kill(命中/开火)=0.254  direct(直击/开火)=0.121  被命中(挨打/敌开火)=0.467  先发制人(直击前未被打中的局)=0.233  弹数=248
  [评测进度] 70/100  kill(命中/开火)=0.261  direct(直击/开火)=0.132  被命中(挨打/敌开火)=0.463  先发制人(直击前未被打中的局)=0.257  弹数=280
  [评测进度] 80/100  kill(命中/开火)=0.269  direct(直击/开火)=0.130  被命中(挨打/敌开火)=0.463  先发制人(直击前未被打中的局)=0.237  弹数=331
  [评测进度] 90/100  kill(命中/开火)=0.273  direct(直击/开火)=0.134  被命中(挨打/敌开火)=0.469  先发制人(直击前未被打中的局)=0.256  弹数=366
  [评测进度] 100/100  kill(命中/开火)=0.259  direct(直击/开火)=0.120  被命中(挨打/敌开火)=0.472  先发制人(直击前未被打中的局)=0.230  弹数=424
------------------------------------------------------------
[评测] 阶段=stage_turret  局数=100
  kill_rate(命中/开火) = 0.259  hit_rate(直击/开火) = 0.120  中位TTK = 487
  被命中率(挨打/敌开火) = 0.472  先发制人率(直击前未被打中的局/局数) = 0.230
  TTK口径     : 首直击步数；无直击=该局结束步数（评测步限封顶）
  晋级条件 直击/开火 hit_rate≥1.01  当前=0.120  → 指标未达标
  未晋级，继续当前阶段
------------------------------------------------------------
[进度] 22,265,856/100,000,000 (22.3%)  FPS≈1198  阶段=stage_turret  速度=0.00  直行间隔=180  aim=0.100/current  rotate=-0.07  ent=0.001  std=0.770
[进度] 22,282,240/100,000,000 (22.3%)  FPS≈1208  阶段=stage_turret  速度=0.00  直行间隔=180  aim=0.100/current  rotate=-0.07  ent=0.001  std=0.770
[进度] 22,298,624/100,000,000 (22.3%)  FPS≈1199  阶段=stage_turret  速度=0.00  直行间隔=180  aim=0.100/current  rotate=-0.07  ent=0.001  std=0.769
[进度] 22,315,008/100,000,000 (22.3%)  FPS≈1240  阶段=stage_turret  速度=0.00  直行间隔=180  aim=0.100/current  rotate=-0.07  ent=0.001  std=0.766
[进度] 22,331,392/100,000,000 (22.3%)  FPS≈1192  阶段=stage_turret  速度=0.00  直行间隔=180  aim=0.100/current  rotate=-0.07  ent=0.001  std=0.767
[进度] 22,347,776/100,000,000 (22.3%)  FPS≈1238  阶段=stage_turret  速度=0.00  直行间隔=180  aim=0.100/current  rotate=-0.07  ent=0.001  std=0.767
[进度] 22,364,160/100,000,000 (22.4%)  FPS≈1242  阶段=stage_turret  速度=0.00  直行间隔=180  aim=0.100/current  rotate=-0.07  ent=0.001  std=0.767
[存盘] 课程元数据 model_t22364160_stage0_stage_turret.curriculum.json  stage=stage_turret  bot=turret v=0.00
[存盘] /home/d0brane/tank/runs/curriculum_turret/20260923_115010/checkpoints/model_t22364160_stage0_stage_turret.zip
[评测] 开始（100 局）…
  [评测进度] 10/100  kill(命中/开火)=0.275  direct(直击/开火)=0.059  被命中(挨打/敌开火)=0.407  先发制人(直击前未被打中的局)=0.100  弹数=51
  [评测进度] 20/100  kill(命中/开火)=0.276  direct(直击/开火)=0.057  被命中(挨打/敌开火)=0.466  先发制人(直击前未被打中的局)=0.100  弹数=105
  [评测进度] 30/100  kill(命中/开火)=0.296  direct(直击/开火)=0.089  被命中(挨打/敌开火)=0.500  先发制人(直击前未被打中的局)=0.167  弹数=135
  [评测进度] 40/100  kill(命中/开火)=0.290  direct(直击/开火)=0.107  被命中(挨打/敌开火)=0.511  先发制人(直击前未被打中的局)=0.150  弹数=169
  [评测进度] 50/100  kill(命中/开火)=0.292  direct(直击/开火)=0.118  被命中(挨打/敌开火)=0.498  先发制人(直击前未被打中的局)=0.180  弹数=212
  [评测进度] 60/100  kill(命中/开火)=0.285  direct(直击/开火)=0.119  被命中(挨打/敌开火)=0.521  先发制人(直击前未被打中的局)=0.150  弹数=253
  [评测进度] 70/100  kill(命中/开火)=0.278  direct(直击/开火)=0.111  被命中(挨打/敌开火)=0.524  先发制人(直击前未被打中的局)=0.143  弹数=306
  [评测进度] 80/100  kill(命中/开火)=0.265  direct(直击/开火)=0.107  被命中(挨打/敌开火)=0.510  先发制人(直击前未被打中的局)=0.138  弹数=355
  [评测进度] 90/100  kill(命中/开火)=0.269  direct(直击/开火)=0.113  被命中(挨打/敌开火)=0.498  先发制人(直击前未被打中的局)=0.167  弹数=390
  [评测进度] 100/100  kill(命中/开火)=0.284  direct(直击/开火)=0.117  被命中(挨打/敌开火)=0.490  先发制人(直击前未被打中的局)=0.190  弹数=426
------------------------------------------------------------
[评测] 阶段=stage_turret  局数=100
  kill_rate(命中/开火) = 0.284  hit_rate(直击/开火) = 0.117  中位TTK = 502
  被命中率(挨打/敌开火) = 0.490  先发制人率(直击前未被打中的局/局数) = 0.190
  TTK口径     : 首直击步数；无直击=该局结束步数（评测步限封顶）
  晋级条件 直击/开火 hit_rate≥1.01  当前=0.117  → 指标未达标
  未晋级，继续当前阶段
------------------------------------------------------------
[进度] 22,380,544/100,000,000 (22.4%)  FPS≈1226  阶段=stage_turret  速度=0.00  直行间隔=180  aim=0.100/current  rotate=-0.07  ent=0.001  std=0.767
[进度] 22,396,928/100,000,000 (22.4%)  FPS≈1225  阶段=stage_turret  速度=0.00  直行间隔=180  aim=0.100/current  rotate=-0.07  ent=0.001  std=0.766
[进度] 22,413,312/100,000,000 (22.4%)  FPS≈1207  阶段=stage_turret  速度=0.00  直行间隔=180  aim=0.100/current  rotate=-0.07  ent=0.001  std=0.765
[进度] 22,429,696/100,000,000 (22.4%)  FPS≈1244  阶段=stage_turret  速度=0.00  直行间隔=180  aim=0.100/current  rotate=-0.07  ent=0.001  std=0.764
[进度] 22,446,080/100,000,000 (22.4%)  FPS≈1261  阶段=stage_turret  速度=0.00  直行间隔=180  aim=0.100/current  rotate=-0.07  ent=0.001  std=0.764
[进度] 22,462,464/100,000,000 (22.5%)  FPS≈1238  阶段=stage_turret  速度=0.00  直行间隔=180  aim=0.100/current  rotate=-0.07  ent=0.001  std=0.764
[进度] 22,478,848/100,000,000 (22.5%)  FPS≈1239  阶段=stage_turret  速度=0.00  直行间隔=180  aim=0.100/current  rotate=-0.07  ent=0.001  std=0.764
[存盘] 课程元数据 model_t22478848_stage0_stage_turret.curriculum.json  stage=stage_turret  bot=turret v=0.00
[存盘] /home/d0brane/tank/runs/curriculum_turret/20260923_115010/checkpoints/model_t22478848_stage0_stage_turret.zip
[评测] 开始（100 局）…
  [评测进度] 10/100  kill(命中/开火)=0.405  direct(直击/开火)=0.143  被命中(挨打/敌开火)=0.442  先发制人(直击前未被打中的局)=0.200  弹数=42
  [评测进度] 20/100  kill(命中/开火)=0.403  direct(直击/开火)=0.182  被命中(挨打/敌开火)=0.475  先发制人(直击前未被打中的局)=0.200  弹数=77
  [评测进度] 30/100  kill(命中/开火)=0.387  direct(直击/开火)=0.160  被命中(挨打/敌开火)=0.433  先发制人(直击前未被打中的局)=0.233  弹数=119
  [评测进度] 40/100  kill(命中/开火)=0.377  direct(直击/开火)=0.151  被命中(挨打/敌开火)=0.430  先发制人(直击前未被打中的局)=0.200  弹数=159
  [评测进度] 50/100  kill(命中/开火)=0.358  direct(直击/开火)=0.144  被命中(挨打/敌开火)=0.442  先发制人(直击前未被打中的局)=0.180  弹数=201
  [评测进度] 60/100  kill(命中/开火)=0.347  direct(直击/开火)=0.145  被命中(挨打/敌开火)=0.435  先发制人(直击前未被打中的局)=0.167  弹数=242
  [评测进度] 70/100  kill(命中/开火)=0.355  direct(直击/开火)=0.161  被命中(挨打/敌开火)=0.439  先发制人(直击前未被打中的局)=0.186  弹数=273
  [评测进度] 80/100  kill(命中/开火)=0.366  direct(直击/开火)=0.168  被命中(挨打/敌开火)=0.429  先发制人(直击前未被打中的局)=0.212  弹数=309
  [评测进度] 90/100  kill(命中/开火)=0.346  direct(直击/开火)=0.160  被命中(挨打/敌开火)=0.455  先发制人(直击前未被打中的局)=0.222  弹数=350
  [评测进度] 100/100  kill(命中/开火)=0.342  direct(直击/开火)=0.156  被命中(挨打/敌开火)=0.450  先发制人(直击前未被打中的局)=0.210  弹数=398
------------------------------------------------------------
[评测] 阶段=stage_turret  局数=100
  kill_rate(命中/开火) = 0.342  hit_rate(直击/开火) = 0.156  中位TTK = 424
  被命中率(挨打/敌开火) = 0.450  先发制人率(直击前未被打中的局/局数) = 0.210
  TTK口径     : 首直击步数；无直击=该局结束步数（评测步限封顶）
  晋级条件 直击/开火 hit_rate≥1.01  当前=0.156  → 指标未达标
  未晋级，继续当前阶段
------------------------------------------------------------
[进度] 22,495,232/100,000,000 (22.5%)  FPS≈1217  阶段=stage_turret  速度=0.00  直行间隔=180  aim=0.100/current  rotate=-0.07  ent=0.001  std=0.764
[进度] 22,511,616/100,000,000 (22.5%)  FPS≈1222  阶段=stage_turret  速度=0.00  直行间隔=180  aim=0.100/current  rotate=-0.07  ent=0.001  std=0.763
[进度] 22,528,000/100,000,000 (22.5%)  FPS≈1220  阶段=stage_turret  速度=0.00  直行间隔=180  aim=0.100/current  rotate=-0.07  ent=0.001  std=0.763
[进度] 22,544,384/100,000,000 (22.5%)  FPS≈1211  阶段=stage_turret  速度=0.00  直行间隔=180  aim=0.100/current  rotate=-0.07  ent=0.001  std=0.762
[进度] 22,560,768/100,000,000 (22.6%)  FPS≈1187  阶段=stage_turret  速度=0.00  直行间隔=180  aim=0.100/current  rotate=-0.07  ent=0.001  std=0.760
[进度] 22,577,152/100,000,000 (22.6%)  FPS≈1189  阶段=stage_turret  速度=0.00  直行间隔=180  aim=0.100/current  rotate=-0.07  ent=0.001  std=0.760
[进度] 22,593,536/100,000,000 (22.6%)  FPS≈1172  阶段=stage_turret  速度=0.00  直行间隔=180  aim=0.100/current  rotate=-0.07  ent=0.001  std=0.760
[存盘] 课程元数据 model_t22593536_stage0_stage_turret.curriculum.json  stage=stage_turret  bot=turret v=0.00
[存盘] /home/d0brane/tank/runs/curriculum_turret/20260923_115010/checkpoints/model_t22593536_stage0_stage_turret.zip
[评测] 开始（100 局）…
  [评测进度] 10/100  kill(命中/开火)=0.205  direct(直击/开火)=0.091  被命中(挨打/敌开火)=0.674  先发制人(直击前未被打中的局)=0.100  弹数=44
  [评测进度] 20/100  kill(命中/开火)=0.210  direct(直击/开火)=0.123  被命中(挨打/敌开火)=0.535  先发制人(直击前未被打中的局)=0.250  弹数=81
  [评测进度] 30/100  kill(命中/开火)=0.227  direct(直击/开火)=0.102  被命中(挨打/敌开火)=0.507  先发制人(直击前未被打中的局)=0.267  弹数=128
  [评测进度] 40/100  kill(命中/开火)=0.242  direct(直击/开火)=0.121  被命中(挨打/敌开火)=0.503  先发制人(直击前未被打中的局)=0.225  弹数=165
  [评测进度] 50/100  kill(命中/开火)=0.264  direct(直击/开火)=0.115  被命中(挨打/敌开火)=0.493  先发制人(直击前未被打中的局)=0.220  弹数=208
  [评测进度] 60/100  kill(命中/开火)=0.268  direct(直击/开火)=0.118  被命中(挨打/敌开火)=0.521  先发制人(直击前未被打中的局)=0.233  弹数=246
  [评测进度] 70/100  kill(命中/开火)=0.279  direct(直击/开火)=0.127  被命中(挨打/敌开火)=0.510  先发制人(直击前未被打中的局)=0.243  弹数=276
  [评测进度] 80/100  kill(命中/开火)=0.271  direct(直击/开火)=0.131  被命中(挨打/敌开火)=0.507  先发制人(直击前未被打中的局)=0.250  弹数=314
  [评测进度] 90/100  kill(命中/开火)=0.275  direct(直击/开火)=0.142  被命中(挨打/敌开火)=0.519  先发制人(直击前未被打中的局)=0.256  弹数=345
  [评测进度] 100/100  kill(命中/开火)=0.270  direct(直击/开火)=0.137  被命中(挨打/敌开火)=0.507  先发制人(直击前未被打中的局)=0.240  弹数=393
------------------------------------------------------------
[评测] 阶段=stage_turret  局数=100
  kill_rate(命中/开火) = 0.270  hit_rate(直击/开火) = 0.137  中位TTK = 432
  被命中率(挨打/敌开火) = 0.507  先发制人率(直击前未被打中的局/局数) = 0.240
  TTK口径     : 首直击步数；无直击=该局结束步数（评测步限封顶）
  晋级条件 直击/开火 hit_rate≥1.01  当前=0.137  → 指标未达标
  未晋级，继续当前阶段
------------------------------------------------------------
[进度] 22,609,920/100,000,000 (22.6%)  FPS≈1219  阶段=stage_turret  速度=0.00  直行间隔=180  aim=0.100/current  rotate=-0.07  ent=0.001  std=0.759
[进度] 22,626,304/100,000,000 (22.6%)  FPS≈1242  阶段=stage_turret  速度=0.00  直行间隔=180  aim=0.100/current  rotate=-0.07  ent=0.001  std=0.759
[进度] 22,642,688/100,000,000 (22.6%)  FPS≈1216  阶段=stage_turret  速度=0.00  直行间隔=180  aim=0.100/current  rotate=-0.07  ent=0.001  std=0.757
[进度] 22,659,072/100,000,000 (22.7%)  FPS≈1187  阶段=stage_turret  速度=0.00  直行间隔=180  aim=0.100/current  rotate=-0.07  ent=0.001  std=0.757
[进度] 22,675,456/100,000,000 (22.7%)  FPS≈1206  阶段=stage_turret  速度=0.00  直行间隔=180  aim=0.100/current  rotate=-0.07  ent=0.001  std=0.757
[进度] 22,691,840/100,000,000 (22.7%)  FPS≈1223  阶段=stage_turret  速度=0.00  直行间隔=180  aim=0.100/current  rotate=-0.07  ent=0.001  std=0.758
[进度] 22,708,224/100,000,000 (22.7%)  FPS≈1214  阶段=stage_turret  速度=0.00  直行间隔=180  aim=0.100/current  rotate=-0.07  ent=0.001  std=0.757
[存盘] 课程元数据 model_t22708224_stage0_stage_turret.curriculum.json  stage=stage_turret  bot=turret v=0.00
[存盘] /home/d0brane/tank/runs/curriculum_turret/20260923_115010/checkpoints/model_t22708224_stage0_stage_turret.zip
[评测] 开始（100 局）…
  [评测进度] 10/100  kill(命中/开火)=0.359  direct(直击/开火)=0.154  被命中(挨打/敌开火)=0.537  先发制人(直击前未被打中的局)=0.300  弹数=39
  [评测进度] 20/100  kill(命中/开火)=0.234  direct(直击/开火)=0.085  被命中(挨打/敌开火)=0.515  先发制人(直击前未被打中的局)=0.150  弹数=94
  [评测进度] 30/100  kill(命中/开火)=0.254  direct(直击/开火)=0.109  被命中(挨打/敌开火)=0.503  先发制人(直击前未被打中的局)=0.167  弹数=138
  [评测进度] 40/100  kill(命中/开火)=0.251  direct(直击/开火)=0.112  被命中(挨打/敌开火)=0.518  先发制人(直击前未被打中的局)=0.200  弹数=179
  [评测进度] 50/100  kill(命中/开火)=0.240  direct(直击/开火)=0.113  被命中(挨打/敌开火)=0.530  先发制人(直击前未被打中的局)=0.180  弹数=221
  [评测进度] 60/100  kill(命中/开火)=0.217  direct(直击/开火)=0.097  被命中(挨打/敌开火)=0.534  先发制人(直击前未被打中的局)=0.150  弹数=277
  [评测进度] 70/100  kill(命中/开火)=0.217  direct(直击/开火)=0.095  被命中(挨打/敌开火)=0.540  先发制人(直击前未被打中的局)=0.129  弹数=327
  [评测进度] 80/100  kill(命中/开火)=0.220  direct(直击/开火)=0.102  被命中(挨打/敌开火)=0.540  先发制人(直击前未被打中的局)=0.125  弹数=363
  [评测进度] 90/100  kill(命中/开火)=0.232  direct(直击/开火)=0.103  被命中(挨打/敌开火)=0.524  先发制人(直击前未被打中的局)=0.122  弹数=409
  [评测进度] 100/100  kill(命中/开火)=0.241  direct(直击/开火)=0.108  被命中(挨打/敌开火)=0.521  先发制人(直击前未被打中的局)=0.140  弹数=444
------------------------------------------------------------
[评测] 阶段=stage_turret  局数=100
  kill_rate(命中/开火) = 0.241  hit_rate(直击/开火) = 0.108  中位TTK = 500
  被命中率(挨打/敌开火) = 0.521  先发制人率(直击前未被打中的局/局数) = 0.140
  TTK口径     : 首直击步数；无直击=该局结束步数（评测步限封顶）
  晋级条件 直击/开火 hit_rate≥1.01  当前=0.108  → 指标未达标
  未晋级，继续当前阶段
------------------------------------------------------------
[进度] 22,724,608/100,000,000 (22.7%)  FPS≈1164  阶段=stage_turret  速度=0.00  直行间隔=180  aim=0.100/current  rotate=-0.07  ent=0.001  std=0.756
[进度] 22,740,992/100,000,000 (22.7%)  FPS≈1208  阶段=stage_turret  速度=0.00  直行间隔=180  aim=0.100/current  rotate=-0.07  ent=0.001  std=0.756
[进度] 22,757,376/100,000,000 (22.8%)  FPS≈1235  阶段=stage_turret  速度=0.00  直行间隔=180  aim=0.100/current  rotate=-0.07  ent=0.001  std=0.756
[进度] 22,773,760/100,000,000 (22.8%)  FPS≈1212  阶段=stage_turret  速度=0.00  直行间隔=180  aim=0.100/current  rotate=-0.07  ent=0.001  std=0.755
[进度] 22,790,144/100,000,000 (22.8%)  FPS≈1235  阶段=stage_turret  速度=0.00  直行间隔=180  aim=0.100/current  rotate=-0.07  ent=0.001  std=0.755
[进度] 22,806,528/100,000,000 (22.8%)  FPS≈1181  阶段=stage_turret  速度=0.00  直行间隔=180  aim=0.100/current  rotate=-0.07  ent=0.001  std=0.755
[进度] 22,822,912/100,000,000 (22.8%)  FPS≈1212  阶段=stage_turret  速度=0.00  直行间隔=180  aim=0.100/current  rotate=-0.07  ent=0.001  std=0.755
[存盘] 课程元数据 model_t22822912_stage0_stage_turret.curriculum.json  stage=stage_turret  bot=turret v=0.00
[存盘] /home/d0brane/tank/runs/curriculum_turret/20260923_115010/checkpoints/model_t22822912_stage0_stage_turret.zip
[评测] 开始（100 局）…
  [评测进度] 10/100  kill(命中/开火)=0.220  direct(直击/开火)=0.146  被命中(挨打/敌开火)=0.500  先发制人(直击前未被打中的局)=0.300  弹数=41
  [评测进度] 20/100  kill(命中/开火)=0.289  direct(直击/开火)=0.133  被命中(挨打/敌开火)=0.424  先发制人(直击前未被打中的局)=0.300  弹数=83
  [评测进度] 30/100  kill(命中/开火)=0.264  direct(直击/开火)=0.132  被命中(挨打/敌开火)=0.462  先发制人(直击前未被打中的局)=0.200  弹数=129
  [评测进度] 40/100  kill(命中/开火)=0.281  direct(直击/开火)=0.144  被命中(挨打/敌开火)=0.449  先发制人(直击前未被打中的局)=0.150  弹数=167
  [评测进度] 50/100  kill(命中/开火)=0.276  direct(直击/开火)=0.138  被命中(挨打/敌开火)=0.474  先发制人(直击前未被打中的局)=0.160  弹数=210
  [评测进度] 60/100  kill(命中/开火)=0.271  direct(直击/开火)=0.133  被命中(挨打/敌开火)=0.463  先发制人(直击前未被打中的局)=0.167  弹数=255
  [评测进度] 70/100  kill(命中/开火)=0.268  direct(直击/开火)=0.132  被命中(挨打/敌开火)=0.492  先发制人(直击前未被打中的局)=0.143  弹数=295
  [评测进度] 80/100  kill(命中/开火)=0.290  direct(直击/开火)=0.151  被命中(挨打/敌开火)=0.481  先发制人(直击前未被打中的局)=0.212  弹数=317
  [评测进度] 90/100  kill(命中/开火)=0.288  direct(直击/开火)=0.145  被命中(挨打/敌开火)=0.465  先发制人(直击前未被打中的局)=0.200  弹数=365
  [评测进度] 100/100  kill(命中/开火)=0.287  direct(直击/开火)=0.141  被命中(挨打/敌开火)=0.459  先发制人(直击前未被打中的局)=0.200  弹数=411
------------------------------------------------------------
[评测] 阶段=stage_turret  局数=100
  kill_rate(命中/开火) = 0.287  hit_rate(直击/开火) = 0.141  中位TTK = 446
  被命中率(挨打/敌开火) = 0.459  先发制人率(直击前未被打中的局/局数) = 0.200
  TTK口径     : 首直击步数；无直击=该局结束步数（评测步限封顶）
  晋级条件 直击/开火 hit_rate≥1.01  当前=0.141  → 指标未达标
  未晋级，继续当前阶段
------------------------------------------------------------
[进度] 22,839,296/100,000,000 (22.8%)  FPS≈1208  阶段=stage_turret  速度=0.00  直行间隔=180  aim=0.100/current  rotate=-0.07  ent=0.001  std=0.754
[进度] 22,855,680/100,000,000 (22.9%)  FPS≈1216  阶段=stage_turret  速度=0.00  直行间隔=180  aim=0.100/current  rotate=-0.07  ent=0.001  std=0.754
[进度] 22,872,064/100,000,000 (22.9%)  FPS≈1186  阶段=stage_turret  速度=0.00  直行间隔=180  aim=0.100/current  rotate=-0.07  ent=0.001  std=0.754
[进度] 22,888,448/100,000,000 (22.9%)  FPS≈1253  阶段=stage_turret  速度=0.00  直行间隔=180  aim=0.100/current  rotate=-0.07  ent=0.001  std=0.753
[进度] 22,904,832/100,000,000 (22.9%)  FPS≈1251  阶段=stage_turret  速度=0.00  直行间隔=180  aim=0.100/current  rotate=-0.07  ent=0.001  std=0.753
[进度] 22,921,216/100,000,000 (22.9%)  FPS≈1186  阶段=stage_turret  速度=0.00  直行间隔=180  aim=0.100/current  rotate=-0.07  ent=0.001  std=0.754
[进度] 22,937,600/100,000,000 (22.9%)  FPS≈1197  阶段=stage_turret  速度=0.00  直行间隔=180  aim=0.100/current  rotate=-0.07  ent=0.001  std=0.754
[存盘] 课程元数据 model_t22937600_stage0_stage_turret.curriculum.json  stage=stage_turret  bot=turret v=0.00
[存盘] /home/d0brane/tank/runs/curriculum_turret/20260923_115010/checkpoints/model_t22937600_stage0_stage_turret.zip
[评测] 开始（100 局）…
  [评测进度] 10/100  kill(命中/开火)=0.310  direct(直击/开火)=0.119  被命中(挨打/敌开火)=0.489  先发制人(直击前未被打中的局)=0.100  弹数=42
  [评测进度] 20/100  kill(命中/开火)=0.383  direct(直击/开火)=0.136  被命中(挨打/敌开火)=0.494  先发制人(直击前未被打中的局)=0.200  弹数=81
  [评测进度] 30/100  kill(命中/开火)=0.317  direct(直击/开火)=0.127  被命中(挨打/敌开火)=0.533  先发制人(直击前未被打中的局)=0.167  弹数=126
  [评测进度] 40/100  kill(命中/开火)=0.302  direct(直击/开火)=0.122  被命中(挨打/敌开火)=0.497  先发制人(直击前未被打中的局)=0.175  弹数=172
  [评测进度] 50/100  kill(命中/开火)=0.286  direct(直击/开火)=0.111  被命中(挨打/敌开火)=0.517  先发制人(直击前未被打中的局)=0.140  弹数=217
  [评测进度] 60/100  kill(命中/开火)=0.265  direct(直击/开火)=0.106  被命中(挨打/敌开火)=0.509  先发制人(直击前未被打中的局)=0.150  弹数=264
  [评测进度] 70/100  kill(命中/开火)=0.261  direct(直击/开火)=0.108  被命中(挨打/敌开火)=0.512  先发制人(直击前未被打中的局)=0.157  弹数=306
  [评测进度] 80/100  kill(命中/开火)=0.264  direct(直击/开火)=0.109  被命中(挨打/敌开火)=0.485  先发制人(直击前未被打中的局)=0.175  弹数=349
  [评测进度] 90/100  kill(命中/开火)=0.255  direct(直击/开火)=0.111  被命中(挨打/敌开火)=0.500  先发制人(直击前未被打中的局)=0.167  弹数=388
  [评测进度] 100/100  kill(命中/开火)=0.257  direct(直击/开火)=0.106  被命中(挨打/敌开火)=0.497  先发制人(直击前未被打中的局)=0.180  弹数=436
------------------------------------------------------------
[评测] 阶段=stage_turret  局数=100
  kill_rate(命中/开火) = 0.257  hit_rate(直击/开火) = 0.106  中位TTK = 466
  被命中率(挨打/敌开火) = 0.497  先发制人率(直击前未被打中的局/局数) = 0.180
  TTK口径     : 首直击步数；无直击=该局结束步数（评测步限封顶）
  晋级条件 直击/开火 hit_rate≥1.01  当前=0.106  → 指标未达标
  未晋级，继续当前阶段
------------------------------------------------------------
[进度] 22,953,984/100,000,000 (23.0%)  FPS≈1240  阶段=stage_turret  速度=0.00  直行间隔=180  aim=0.100/current  rotate=-0.07  ent=0.001  std=0.755
[进度] 22,970,368/100,000,000 (23.0%)  FPS≈1237  阶段=stage_turret  速度=0.00  直行间隔=180  aim=0.100/current  rotate=-0.07  ent=0.001  std=0.755
[进度] 22,986,752/100,000,000 (23.0%)  FPS≈1224  阶段=stage_turret  速度=0.00  直行间隔=180  aim=0.100/current  rotate=-0.07  ent=0.001  std=0.754
[进度] 23,003,136/100,000,000 (23.0%)  FPS≈1207  阶段=stage_turret  速度=0.00  直行间隔=180  aim=0.100/current  rotate=-0.07  ent=0.001  std=0.753
[进度] 23,019,520/100,000,000 (23.0%)  FPS≈1265  阶段=stage_turret  速度=0.00  直行间隔=180  aim=0.100/current  rotate=-0.07  ent=0.001  std=0.753
[进度] 23,035,904/100,000,000 (23.0%)  FPS≈1199  阶段=stage_turret  速度=0.00  直行间隔=180  aim=0.100/current  rotate=-0.07  ent=0.001  std=0.751
[进度] 23,052,288/100,000,000 (23.1%)  FPS≈1189  阶段=stage_turret  速度=0.00  直行间隔=180  aim=0.100/current  rotate=-0.07  ent=0.001  std=0.751
[存盘] 课程元数据 model_t23052288_stage0_stage_turret.curriculum.json  stage=stage_turret  bot=turret v=0.00
[存盘] /home/d0brane/tank/runs/curriculum_turret/20260923_115010/checkpoints/model_t23052288_stage0_stage_turret.zip
[评测] 开始（100 局）…
  [评测进度] 10/100  kill(命中/开火)=0.227  direct(直击/开火)=0.114  被命中(挨打/敌开火)=0.468  先发制人(直击前未被打中的局)=0.100  弹数=44
  [评测进度] 20/100  kill(命中/开火)=0.293  direct(直击/开火)=0.173  被命中(挨打/敌开火)=0.531  先发制人(直击前未被打中的局)=0.100  弹数=75
  [评测进度] 30/100  kill(命中/开火)=0.293  direct(直击/开火)=0.155  被命中(挨打/敌开火)=0.460  先发制人(直击前未被打中的局)=0.167  弹数=116
  [评测进度] 40/100  kill(命中/开火)=0.285  direct(直击/开火)=0.139  被命中(挨打/敌开火)=0.468  先发制人(直击前未被打中的局)=0.175  弹数=158
  [评测进度] 50/100  kill(命中/开火)=0.254  direct(直击/开火)=0.132  被命中(挨打/敌开火)=0.473  先发制人(直击前未被打中的局)=0.160  弹数=205
  [评测进度] 60/100  kill(命中/开火)=0.257  direct(直击/开火)=0.143  被命中(挨打/敌开火)=0.492  先发制人(直击前未被打中的局)=0.167  弹数=237
  [评测进度] 70/100  kill(命中/开火)=0.263  direct(直击/开火)=0.147  被命中(挨打/敌开火)=0.477  先发制人(直击前未被打中的局)=0.157  弹数=278
  [评测进度] 80/100  kill(命中/开火)=0.271  direct(直击/开火)=0.146  被命中(挨打/敌开火)=0.474  先发制人(直击前未被打中的局)=0.163  弹数=321
  [评测进度] 90/100  kill(命中/开火)=0.271  direct(直击/开火)=0.140  被命中(挨打/敌开火)=0.472  先发制人(直击前未被打中的局)=0.178  弹数=365
  [评测进度] 100/100  kill(命中/开火)=0.265  direct(直击/开火)=0.136  被命中(挨打/敌开火)=0.469  先发制人(直击前未被打中的局)=0.180  弹数=411
------------------------------------------------------------
[评测] 阶段=stage_turret  局数=100
  kill_rate(命中/开火) = 0.265  hit_rate(直击/开火) = 0.136  中位TTK = 430
  被命中率(挨打/敌开火) = 0.469  先发制人率(直击前未被打中的局/局数) = 0.180
  TTK口径     : 首直击步数；无直击=该局结束步数（评测步限封顶）
  晋级条件 直击/开火 hit_rate≥1.01  当前=0.136  → 指标未达标
  未晋级，继续当前阶段
------------------------------------------------------------
[进度] 23,068,672/100,000,000 (23.1%)  FPS≈1229  阶段=stage_turret  速度=0.00  直行间隔=180  aim=0.100/current  rotate=-0.07  ent=0.001  std=0.752
[进度] 23,085,056/100,000,000 (23.1%)  FPS≈1270  阶段=stage_turret  速度=0.00  直行间隔=180  aim=0.100/current  rotate=-0.07  ent=0.001  std=0.751
[进度] 23,101,440/100,000,000 (23.1%)  FPS≈1225  阶段=stage_turret  速度=0.00  直行间隔=180  aim=0.100/current  rotate=-0.07  ent=0.001  std=0.750
[进度] 23,117,824/100,000,000 (23.1%)  FPS≈1244  阶段=stage_turret  速度=0.00  直行间隔=180  aim=0.100/current  rotate=-0.07  ent=0.001  std=0.749
[进度] 23,134,208/100,000,000 (23.1%)  FPS≈1255  阶段=stage_turret  速度=0.00  直行间隔=180  aim=0.100/current  rotate=-0.07  ent=0.001  std=0.748
[进度] 23,150,592/100,000,000 (23.2%)  FPS≈1232  阶段=stage_turret  速度=0.00  直行间隔=180  aim=0.100/current  rotate=-0.07  ent=0.001  std=0.747
[进度] 23,166,976/100,000,000 (23.2%)  FPS≈1237  阶段=stage_turret  速度=0.00  直行间隔=180  aim=0.100/current  rotate=-0.07  ent=0.001  std=0.746
[存盘] 课程元数据 model_t23166976_stage0_stage_turret.curriculum.json  stage=stage_turret  bot=turret v=0.00
[存盘] /home/d0brane/tank/runs/curriculum_turret/20260923_115010/checkpoints/model_t23166976_stage0_stage_turret.zip
[评测] 开始（100 局）…
  [评测进度] 10/100  kill(命中/开火)=0.257  direct(直击/开火)=0.171  被命中(挨打/敌开火)=0.474  先发制人(直击前未被打中的局)=0.300  弹数=35
  [评测进度] 20/100  kill(命中/开火)=0.284  direct(直击/开火)=0.160  被命中(挨打/敌开火)=0.398  先发制人(直击前未被打中的局)=0.200  弹数=81
  [评测进度] 30/100  kill(命中/开火)=0.273  direct(直击/开火)=0.141  被命中(挨打/敌开火)=0.367  先发制人(直击前未被打中的局)=0.200  弹数=128
  [评测进度] 40/100  kill(命中/开火)=0.253  direct(直击/开火)=0.135  被命中(挨打/敌开火)=0.441  先发制人(直击前未被打中的局)=0.150  弹数=170
  [评测进度] 50/100  kill(命中/开火)=0.255  direct(直击/开火)=0.147  被命中(挨打/敌开火)=0.437  先发制人(直击前未被打中的局)=0.180  弹数=204
  [评测进度] 60/100  kill(命中/开火)=0.263  direct(直击/开火)=0.142  被命中(挨打/敌开火)=0.440  先发制人(直击前未被打中的局)=0.183  弹数=247
  [评测进度] 70/100  kill(命中/开火)=0.295  direct(直击/开火)=0.172  被命中(挨打/敌开火)=0.444  先发制人(直击前未被打中的局)=0.243  弹数=261
  [评测进度] 80/100  kill(命中/开火)=0.303  direct(直击/开火)=0.184  被命中(挨打/敌开火)=0.440  先发制人(直击前未被打中的局)=0.263  弹数=294
  [评测进度] 90/100  kill(命中/开火)=0.311  direct(直击/开火)=0.191  被命中(挨打/敌开火)=0.452  先发制人(直击前未被打中的局)=0.244  弹数=325
  [评测进度] 100/100  kill(命中/开火)=0.312  direct(直击/开火)=0.184  被命中(挨打/敌开火)=0.441  先发制人(直击前未被打中的局)=0.260  弹数=365
------------------------------------------------------------
[评测] 阶段=stage_turret  局数=100
  kill_rate(命中/开火) = 0.312  hit_rate(直击/开火) = 0.184  中位TTK = 330
  被命中率(挨打/敌开火) = 0.441  先发制人率(直击前未被打中的局/局数) = 0.260
  TTK口径     : 首直击步数；无直击=该局结束步数（评测步限封顶）
  晋级条件 直击/开火 hit_rate≥1.01  当前=0.184  → 指标未达标
  未晋级，继续当前阶段
------------------------------------------------------------
[进度] 23,183,360/100,000,000 (23.2%)  FPS≈1211  阶段=stage_turret  速度=0.00  直行间隔=180  aim=0.100/current  rotate=-0.07  ent=0.001  std=0.746
[进度] 23,199,744/100,000,000 (23.2%)  FPS≈1187  阶段=stage_turret  速度=0.00  直行间隔=180  aim=0.100/current  rotate=-0.07  ent=0.001  std=0.744
[进度] 23,216,128/100,000,000 (23.2%)  FPS≈1219  阶段=stage_turret  速度=0.00  直行间隔=180  aim=0.100/current  rotate=-0.07  ent=0.001  std=0.743
[进度] 23,232,512/100,000,000 (23.2%)  FPS≈1233  阶段=stage_turret  速度=0.00  直行间隔=180  aim=0.100/current  rotate=-0.07  ent=0.001  std=0.743
[进度] 23,248,896/100,000,000 (23.2%)  FPS≈1250  阶段=stage_turret  速度=0.00  直行间隔=180  aim=0.100/current  rotate=-0.07  ent=0.001  std=0.743
[进度] 23,265,280/100,000,000 (23.3%)  FPS≈1225  阶段=stage_turret  速度=0.00  直行间隔=180  aim=0.100/current  rotate=-0.07  ent=0.001  std=0.742
[进度] 23,281,664/100,000,000 (23.3%)  FPS≈1209  阶段=stage_turret  速度=0.00  直行间隔=180  aim=0.100/current  rotate=-0.07  ent=0.001  std=0.740
[存盘] 课程元数据 model_t23281664_stage0_stage_turret.curriculum.json  stage=stage_turret  bot=turret v=0.00
[存盘] /home/d0brane/tank/runs/curriculum_turret/20260923_115010/checkpoints/model_t23281664_stage0_stage_turret.zip
[评测] 开始（100 局）…
  [评测进度] 10/100  kill(命中/开火)=0.175  direct(直击/开火)=0.150  被命中(挨打/敌开火)=0.558  先发制人(直击前未被打中的局)=0.300  弹数=40
  [评测进度] 20/100  kill(命中/开火)=0.253  direct(直击/开火)=0.152  被命中(挨打/敌开火)=0.558  先发制人(直击前未被打中的局)=0.200  弹数=79
  [评测进度] 30/100  kill(命中/开火)=0.266  direct(直击/开火)=0.183  被命中(挨打/敌开火)=0.526  先发制人(直击前未被打中的局)=0.300  弹数=109
  [评测进度] 40/100  kill(命中/开火)=0.222  direct(直击/开火)=0.163  被命中(挨打/敌开火)=0.560  先发制人(直击前未被打中的局)=0.225  弹数=153
  [评测进度] 50/100  kill(命中/开火)=0.243  direct(直击/开火)=0.139  被命中(挨打/敌开火)=0.548  先发制人(直击前未被打中的局)=0.220  弹数=202
  [评测进度] 60/100  kill(命中/开火)=0.266  direct(直击/开火)=0.143  被命中(挨打/敌开火)=0.535  先发制人(直击前未被打中的局)=0.217  弹数=237
  [评测进度] 70/100  kill(命中/开火)=0.288  direct(直击/开火)=0.161  被命中(挨打/敌开火)=0.516  先发制人(直击前未被打中的局)=0.243  弹数=267
  [评测进度] 80/100  kill(命中/开火)=0.281  direct(直击/开火)=0.157  被命中(挨打/敌开火)=0.502  先发制人(直击前未被打中的局)=0.250  弹数=306
  [评测进度] 90/100  kill(命中/开火)=0.302  direct(直击/开火)=0.158  被命中(挨打/敌开火)=0.500  先发制人(直击前未被打中的局)=0.256  弹数=341
  [评测进度] 100/100  kill(命中/开火)=0.299  direct(直击/开火)=0.153  被命中(挨打/敌开火)=0.489  先发制人(直击前未被打中的局)=0.250  弹数=385
------------------------------------------------------------
[评测] 阶段=stage_turret  局数=100
  kill_rate(命中/开火) = 0.299  hit_rate(直击/开火) = 0.153  中位TTK = 366
  被命中率(挨打/敌开火) = 0.489  先发制人率(直击前未被打中的局/局数) = 0.250
  TTK口径     : 首直击步数；无直击=该局结束步数（评测步限封顶）
  晋级条件 直击/开火 hit_rate≥1.01  当前=0.153  → 指标未达标
  未晋级，继续当前阶段
------------------------------------------------------------
[进度] 23,298,048/100,000,000 (23.3%)  FPS≈1226  阶段=stage_turret  速度=0.00  直行间隔=180  aim=0.100/current  rotate=-0.07  ent=0.001  std=0.740
[进度] 23,314,432/100,000,000 (23.3%)  FPS≈1184  阶段=stage_turret  速度=0.00  直行间隔=180  aim=0.100/current  rotate=-0.07  ent=0.001  std=0.739
[进度] 23,330,816/100,000,000 (23.3%)  FPS≈1253  阶段=stage_turret  速度=0.00  直行间隔=180  aim=0.100/current  rotate=-0.07  ent=0.001  std=0.739
[进度] 23,347,200/100,000,000 (23.3%)  FPS≈1242  阶段=stage_turret  速度=0.00  直行间隔=180  aim=0.100/current  rotate=-0.07  ent=0.001  std=0.739
[进度] 23,363,584/100,000,000 (23.4%)  FPS≈1239  阶段=stage_turret  速度=0.00  直行间隔=180  aim=0.100/current  rotate=-0.07  ent=0.001  std=0.738
[进度] 23,379,968/100,000,000 (23.4%)  FPS≈1216  阶段=stage_turret  速度=0.00  直行间隔=180  aim=0.100/current  rotate=-0.07  ent=0.001  std=0.739
[进度] 23,396,352/100,000,000 (23.4%)  FPS≈1240  阶段=stage_turret  速度=0.00  直行间隔=180  aim=0.100/current  rotate=-0.07  ent=0.001  std=0.738
[存盘] 课程元数据 model_t23396352_stage0_stage_turret.curriculum.json  stage=stage_turret  bot=turret v=0.00
[存盘] /home/d0brane/tank/runs/curriculum_turret/20260923_115010/checkpoints/model_t23396352_stage0_stage_turret.zip
[评测] 开始（100 局）…
  [评测进度] 10/100  kill(命中/开火)=0.186  direct(直击/开火)=0.093  被命中(挨打/敌开火)=0.574  先发制人(直击前未被打中的局)=0.100  弹数=43
  [评测进度] 20/100  kill(命中/开火)=0.213  direct(直击/开火)=0.074  被命中(挨打/敌开火)=0.524  先发制人(直击前未被打中的局)=0.050  弹数=94
  [评测进度] 30/100  kill(命中/开火)=0.252  direct(直击/开火)=0.118  被命中(挨打/敌开火)=0.525  先发制人(直击前未被打中的局)=0.100  弹数=127
  [评测进度] 40/100  kill(命中/开火)=0.263  direct(直击/开火)=0.114  被命中(挨打/敌开火)=0.503  先发制人(直击前未被打中的局)=0.125  弹数=167
  [评测进度] 50/100  kill(命中/开火)=0.274  direct(直击/开火)=0.108  被命中(挨打/敌开火)=0.504  先发制人(直击前未被打中的局)=0.120  弹数=212
  [评测进度] 60/100  kill(命中/开火)=0.285  direct(直击/开火)=0.118  被命中(挨打/敌开火)=0.528  先发制人(直击前未被打中的局)=0.117  弹数=246
  [评测进度] 70/100  kill(命中/开火)=0.296  direct(直击/开火)=0.129  被命中(挨打/敌开火)=0.505  先发制人(直击前未被打中的局)=0.157  弹数=280
  [评测进度] 80/100  kill(命中/开火)=0.305  direct(直击/开火)=0.135  被命中(挨打/敌开火)=0.481  先发制人(直击前未被打中的局)=0.188  弹数=318
  [评测进度] 90/100  kill(命中/开火)=0.297  direct(直击/开火)=0.140  被命中(挨打/敌开火)=0.483  先发制人(直击前未被打中的局)=0.178  弹数=357
  [评测进度] 100/100  kill(命中/开火)=0.312  direct(直击/开火)=0.157  被命中(挨打/敌开火)=0.482  先发制人(直击前未被打中的局)=0.220  弹数=375
------------------------------------------------------------
[评测] 阶段=stage_turret  局数=100
  kill_rate(命中/开火) = 0.312  hit_rate(直击/开火) = 0.157  中位TTK = 330
  被命中率(挨打/敌开火) = 0.482  先发制人率(直击前未被打中的局/局数) = 0.220
  TTK口径     : 首直击步数；无直击=该局结束步数（评测步限封顶）
  晋级条件 直击/开火 hit_rate≥1.01  当前=0.157  → 指标未达标
  未晋级，继续当前阶段
------------------------------------------------------------
[进度] 23,412,736/100,000,000 (23.4%)  FPS≈1214  阶段=stage_turret  速度=0.00  直行间隔=180  aim=0.100/current  rotate=-0.07  ent=0.001  std=0.737
[进度] 23,429,120/100,000,000 (23.4%)  FPS≈1228  阶段=stage_turret  速度=0.00  直行间隔=180  aim=0.100/current  rotate=-0.07  ent=0.001  std=0.738
[进度] 23,445,504/100,000,000 (23.4%)  FPS≈1199  阶段=stage_turret  速度=0.00  直行间隔=180  aim=0.100/current  rotate=-0.07  ent=0.001  std=0.738
[进度] 23,461,888/100,000,000 (23.5%)  FPS≈1223  阶段=stage_turret  速度=0.00  直行间隔=180  aim=0.100/current  rotate=-0.07  ent=0.001  std=0.738
[进度] 23,478,272/100,000,000 (23.5%)  FPS≈1178  阶段=stage_turret  速度=0.00  直行间隔=180  aim=0.100/current  rotate=-0.07  ent=0.001  std=0.738
[进度] 23,494,656/100,000,000 (23.5%)  FPS≈1237  阶段=stage_turret  速度=0.00  直行间隔=180  aim=0.100/current  rotate=-0.07  ent=0.001  std=0.737
[进度] 23,511,040/100,000,000 (23.5%)  FPS≈1237  阶段=stage_turret  速度=0.00  直行间隔=180  aim=0.100/current  rotate=-0.07  ent=0.001  std=0.737
[存盘] 课程元数据 model_t23511040_stage0_stage_turret.curriculum.json  stage=stage_turret  bot=turret v=0.00
[存盘] /home/d0brane/tank/runs/curriculum_turret/20260923_115010/checkpoints/model_t23511040_stage0_stage_turret.zip
[评测] 开始（100 局）…
  [评测进度] 10/100  kill(命中/开火)=0.310  direct(直击/开火)=0.143  被命中(挨打/敌开火)=0.479  先发制人(直击前未被打中的局)=0.100  弹数=42
  [评测进度] 20/100  kill(命中/开火)=0.310  direct(直击/开火)=0.161  被命中(挨打/敌开火)=0.423  先发制人(直击前未被打中的局)=0.150  弹数=87
  [评测进度] 30/100  kill(命中/开火)=0.269  direct(直击/开火)=0.138  被命中(挨打/敌开火)=0.483  先发制人(直击前未被打中的局)=0.133  弹数=130
  [评测进度] 40/100  kill(命中/开火)=0.247  direct(直击/开火)=0.121  被命中(挨打/敌开火)=0.484  先发制人(直击前未被打中的局)=0.175  弹数=174
  [评测进度] 50/100  kill(命中/开火)=0.262  direct(直击/开火)=0.121  被命中(挨打/敌开火)=0.449  先发制人(直击前未被打中的局)=0.200  弹数=214
  [评测进度] 60/100  kill(命中/开火)=0.261  direct(直击/开火)=0.126  被命中(挨打/敌开火)=0.448  先发制人(直击前未被打中的局)=0.217  弹数=253
  [评测进度] 70/100  kill(命中/开火)=0.250  direct(直击/开火)=0.117  被命中(挨打/敌开火)=0.480  先发制人(直击前未被打中的局)=0.186  弹数=300
  [评测进度] 80/100  kill(命中/开火)=0.255  direct(直击/开火)=0.120  被命中(挨打/敌开火)=0.487  先发制人(直击前未被打中的局)=0.188  弹数=341
  [评测进度] 90/100  kill(命中/开火)=0.254  direct(直击/开火)=0.116  被命中(挨打/敌开火)=0.487  先发制人(直击前未被打中的局)=0.178  弹数=389
  [评测进度] 100/100  kill(命中/开火)=0.256  direct(直击/开火)=0.117  被命中(挨打/敌开火)=0.493  先发制人(直击前未被打中的局)=0.190  弹数=429
------------------------------------------------------------
[评测] 阶段=stage_turret  局数=100
  kill_rate(命中/开火) = 0.256  hit_rate(直击/开火) = 0.117  中位TTK = 454
  被命中率(挨打/敌开火) = 0.493  先发制人率(直击前未被打中的局/局数) = 0.190
  TTK口径     : 首直击步数；无直击=该局结束步数（评测步限封顶）
  晋级条件 直击/开火 hit_rate≥1.01  当前=0.117  → 指标未达标
  未晋级，继续当前阶段
------------------------------------------------------------
[进度] 23,527,424/100,000,000 (23.5%)  FPS≈1234  阶段=stage_turret  速度=0.00  直行间隔=180  aim=0.100/current  rotate=-0.07  ent=0.001  std=0.737
[进度] 23,543,808/100,000,000 (23.5%)  FPS≈1209  阶段=stage_turret  速度=0.00  直行间隔=180  aim=0.100/current  rotate=-0.07  ent=0.001  std=0.737
[进度] 23,560,192/100,000,000 (23.6%)  FPS≈1215  阶段=stage_turret  速度=0.00  直行间隔=180  aim=0.100/current  rotate=-0.07  ent=0.001  std=0.736
[进度] 23,576,576/100,000,000 (23.6%)  FPS≈1210  阶段=stage_turret  速度=0.00  直行间隔=180  aim=0.100/current  rotate=-0.07  ent=0.001  std=0.737
[进度] 23,592,960/100,000,000 (23.6%)  FPS≈1206  阶段=stage_turret  速度=0.00  直行间隔=180  aim=0.100/current  rotate=-0.07  ent=0.001  std=0.737
[进度] 23,609,344/100,000,000 (23.6%)  FPS≈1235  阶段=stage_turret  速度=0.00  直行间隔=180  aim=0.100/current  rotate=-0.07  ent=0.001  std=0.737
[进度] 23,625,728/100,000,000 (23.6%)  FPS≈1228  阶段=stage_turret  速度=0.00  直行间隔=180  aim=0.100/current  rotate=-0.07  ent=0.001  std=0.736
[存盘] 课程元数据 model_t23625728_stage0_stage_turret.curriculum.json  stage=stage_turret  bot=turret v=0.00
[存盘] /home/d0brane/tank/runs/curriculum_turret/20260923_115010/checkpoints/model_t23625728_stage0_stage_turret.zip
[评测] 开始（100 局）…
  [评测进度] 10/100  kill(命中/开火)=0.255  direct(直击/开火)=0.078  被命中(挨打/敌开火)=0.400  先发制人(直击前未被打中的局)=0.200  弹数=51
  [评测进度] 20/100  kill(命中/开火)=0.290  direct(直击/开火)=0.086  被命中(挨打/敌开火)=0.510  先发制人(直击前未被打中的局)=0.150  弹数=93
  [评测进度] 30/100  kill(命中/开火)=0.254  direct(直击/开火)=0.077  被命中(挨打/敌开火)=0.569  先发制人(直击前未被打中的局)=0.100  弹数=142
  [评测进度] 40/100  kill(命中/开火)=0.278  direct(直击/开火)=0.094  被命中(挨打/敌开火)=0.544  先发制人(直击前未被打中的局)=0.125  弹数=180
  [评测进度] 50/100  kill(命中/开火)=0.264  direct(直击/开火)=0.100  被命中(挨打/敌开火)=0.546  先发制人(直击前未被打中的局)=0.140  弹数=220
  [评测进度] 60/100  kill(命中/开火)=0.268  direct(直击/开火)=0.116  被命中(挨打/敌开火)=0.563  先发制人(直击前未被打中的局)=0.133  弹数=250
  [评测进度] 70/100  kill(命中/开火)=0.264  direct(直击/开火)=0.120  被命中(挨打/敌开火)=0.536  先发制人(直击前未被打中的局)=0.143  弹数=292
  [评测进度] 80/100  kill(命中/开火)=0.262  direct(直击/开火)=0.118  被命中(挨打/敌开火)=0.514  先发制人(直击前未被打中的局)=0.150  弹数=340
  [评测进度] 90/100  kill(命中/开火)=0.266  direct(直击/开火)=0.125  被命中(挨打/敌开火)=0.532  先发制人(直击前未被打中的局)=0.167  弹数=376
  [评测进度] 100/100  kill(命中/开火)=0.262  direct(直击/开火)=0.123  被命中(挨打/敌开火)=0.524  先发制人(直击前未被打中的局)=0.160  弹数=424
------------------------------------------------------------
[评测] 阶段=stage_turret  局数=100
  kill_rate(命中/开火) = 0.262  hit_rate(直击/开火) = 0.123  中位TTK = 429
  被命中率(挨打/敌开火) = 0.524  先发制人率(直击前未被打中的局/局数) = 0.160
  TTK口径     : 首直击步数；无直击=该局结束步数（评测步限封顶）
  晋级条件 直击/开火 hit_rate≥1.01  当前=0.123  → 指标未达标
  未晋级，继续当前阶段
------------------------------------------------------------
[进度] 23,642,112/100,000,000 (23.6%)  FPS≈1187  阶段=stage_turret  速度=0.00  直行间隔=180  aim=0.100/current  rotate=-0.07  ent=0.001  std=0.737
[进度] 23,658,496/100,000,000 (23.7%)  FPS≈1193  阶段=stage_turret  速度=0.00  直行间隔=180  aim=0.100/current  rotate=-0.07  ent=0.001  std=0.736
[进度] 23,674,880/100,000,000 (23.7%)  FPS≈1193  阶段=stage_turret  速度=0.00  直行间隔=180  aim=0.100/current  rotate=-0.07  ent=0.001  std=0.737
[进度] 23,691,264/100,000,000 (23.7%)  FPS≈1187  阶段=stage_turret  速度=0.00  直行间隔=180  aim=0.100/current  rotate=-0.07  ent=0.001  std=0.738
[进度] 23,707,648/100,000,000 (23.7%)  FPS≈1238  阶段=stage_turret  速度=0.00  直行间隔=180  aim=0.100/current  rotate=-0.07  ent=0.001  std=0.737
[进度] 23,724,032/100,000,000 (23.7%)  FPS≈1221  阶段=stage_turret  速度=0.00  直行间隔=180  aim=0.100/current  rotate=-0.07  ent=0.001  std=0.737
[进度] 23,740,416/100,000,000 (23.7%)  FPS≈1229  阶段=stage_turret  速度=0.00  直行间隔=180  aim=0.100/current  rotate=-0.07  ent=0.001  std=0.737
[存盘] 课程元数据 model_t23740416_stage0_stage_turret.curriculum.json  stage=stage_turret  bot=turret v=0.00
[存盘] /home/d0brane/tank/runs/curriculum_turret/20260923_115010/checkpoints/model_t23740416_stage0_stage_turret.zip
[评测] 开始（100 局）…
  [评测进度] 10/100  kill(命中/开火)=0.333  direct(直击/开火)=0.259  被命中(挨打/敌开火)=0.552  先发制人(直击前未被打中的局)=0.600  弹数=27
  [评测进度] 20/100  kill(命中/开火)=0.306  direct(直击/开火)=0.167  被命中(挨打/敌开火)=0.526  先发制人(直击前未被打中的局)=0.500  弹数=72
  [评测进度] 30/100  kill(命中/开火)=0.284  direct(直击/开火)=0.183  被命中(挨打/敌开火)=0.570  先发制人(直击前未被打中的局)=0.400  弹数=109
  [评测进度] 40/100  kill(命中/开火)=0.297  direct(直击/开火)=0.182  被命中(挨打/敌开火)=0.522  先发制人(直击前未被打中的局)=0.375  弹数=148
  [评测进度] 50/100  kill(命中/开火)=0.299  direct(直击/开火)=0.157  被命中(挨打/敌开火)=0.521  先发制人(直击前未被打中的局)=0.300  弹数=197
  [评测进度] 60/100  kill(命中/开火)=0.305  direct(直击/开火)=0.165  被命中(挨打/敌开火)=0.530  先发制人(直击前未被打中的局)=0.283  弹数=236
  [评测进度] 70/100  kill(命中/开火)=0.292  direct(直击/开火)=0.146  被命中(挨打/敌开火)=0.528  先发制人(直击前未被打中的局)=0.243  弹数=288
  [评测进度] 80/100  kill(命中/开火)=0.302  direct(直击/开火)=0.152  被命中(挨打/敌开火)=0.530  先发制人(直击前未被打中的局)=0.237  弹数=328
  [评测进度] 90/100  kill(命中/开火)=0.300  direct(直击/开火)=0.157  被命中(挨打/敌开火)=0.534  先发制人(直击前未被打中的局)=0.244  弹数=363
  [评测进度] 100/100  kill(命中/开火)=0.308  direct(直击/开火)=0.159  被命中(挨打/敌开火)=0.536  先发制人(直击前未被打中的局)=0.220  弹数=402
------------------------------------------------------------
[评测] 阶段=stage_turret  局数=100
  kill_rate(命中/开火) = 0.308  hit_rate(直击/开火) = 0.159  中位TTK = 398
  被命中率(挨打/敌开火) = 0.536  先发制人率(直击前未被打中的局/局数) = 0.220
  TTK口径     : 首直击步数；无直击=该局结束步数（评测步限封顶）
  晋级条件 直击/开火 hit_rate≥1.01  当前=0.159  → 指标未达标
  未晋级，继续当前阶段
------------------------------------------------------------
[进度] 23,756,800/100,000,000 (23.8%)  FPS≈1205  阶段=stage_turret  速度=0.00  直行间隔=180  aim=0.100/current  rotate=-0.07  ent=0.001  std=0.736
[进度] 23,773,184/100,000,000 (23.8%)  FPS≈1221  阶段=stage_turret  速度=0.00  直行间隔=180  aim=0.100/current  rotate=-0.07  ent=0.001  std=0.735
[进度] 23,789,568/100,000,000 (23.8%)  FPS≈1244  阶段=stage_turret  速度=0.00  直行间隔=180  aim=0.100/current  rotate=-0.07  ent=0.001  std=0.735
[进度] 23,805,952/100,000,000 (23.8%)  FPS≈1229  阶段=stage_turret  速度=0.00  直行间隔=180  aim=0.100/current  rotate=-0.07  ent=0.001  std=0.736
[进度] 23,822,336/100,000,000 (23.8%)  FPS≈1238  阶段=stage_turret  速度=0.00  直行间隔=180  aim=0.100/current  rotate=-0.07  ent=0.001  std=0.736
[进度] 23,838,720/100,000,000 (23.8%)  FPS≈1200  阶段=stage_turret  速度=0.00  直行间隔=180  aim=0.100/current  rotate=-0.07  ent=0.001  std=0.736
[进度] 23,855,104/100,000,000 (23.9%)  FPS≈1226  阶段=stage_turret  速度=0.00  直行间隔=180  aim=0.100/current  rotate=-0.07  ent=0.001  std=0.736
[存盘] 课程元数据 model_t23855104_stage0_stage_turret.curriculum.json  stage=stage_turret  bot=turret v=0.00
[存盘] /home/d0brane/tank/runs/curriculum_turret/20260923_115010/checkpoints/model_t23855104_stage0_stage_turret.zip
[评测] 开始（100 局）…
  [评测进度] 10/100  kill(命中/开火)=0.220  direct(直击/开火)=0.060  被命中(挨打/敌开火)=0.731  先发制人(直击前未被打中的局)=0.100  弹数=50
  [评测进度] 20/100  kill(命中/开火)=0.250  direct(直击/开火)=0.109  被命中(挨打/敌开火)=0.557  先发制人(直击前未被打中的局)=0.200  弹数=92
  [评测进度] 30/100  kill(命中/开火)=0.241  direct(直击/开火)=0.090  被命中(挨打/敌开火)=0.572  先发制人(直击前未被打中的局)=0.200  弹数=145
  [评测进度] 40/100  kill(命中/开火)=0.245  direct(直击/开火)=0.103  被命中(挨打/敌开火)=0.552  先发制人(直击前未被打中的局)=0.225  弹数=184
  [评测进度] 50/100  kill(命中/开火)=0.247  direct(直击/开火)=0.101  被命中(挨打/敌开火)=0.525  先发制人(直击前未被打中的局)=0.220  弹数=227
  [评测进度] 60/100  kill(命中/开火)=0.246  direct(直击/开火)=0.114  被命中(挨打/敌开火)=0.527  先发制人(直击前未被打中的局)=0.217  弹数=264
  [评测进度] 70/100  kill(命中/开火)=0.252  direct(直击/开火)=0.123  被命中(挨打/敌开火)=0.517  先发制人(直击前未被打中的局)=0.214  弹数=301
  [评测进度] 80/100  kill(命中/开火)=0.254  direct(直击/开火)=0.133  被命中(挨打/敌开火)=0.528  先发制人(直击前未被打中的局)=0.200  弹数=339
  [评测进度] 90/100  kill(命中/开火)=0.234  direct(直击/开火)=0.116  被命中(挨打/敌开火)=0.525  先发制人(直击前未被打中的局)=0.178  弹数=398
  [评测进度] 100/100  kill(命中/开火)=0.231  direct(直击/开火)=0.114  被命中(挨打/敌开火)=0.519  先发制人(直击前未被打中的局)=0.180  弹数=446
------------------------------------------------------------
[评测] 阶段=stage_turret  局数=100
  kill_rate(命中/开火) = 0.231  hit_rate(直击/开火) = 0.114  中位TTK = 496
  被命中率(挨打/敌开火) = 0.519  先发制人率(直击前未被打中的局/局数) = 0.180
  TTK口径     : 首直击步数；无直击=该局结束步数（评测步限封顶）
  晋级条件 直击/开火 hit_rate≥1.01  当前=0.114  → 指标未达标
  未晋级，继续当前阶段
------------------------------------------------------------
[进度] 23,871,488/100,000,000 (23.9%)  FPS≈1232  阶段=stage_turret  速度=0.00  直行间隔=180  aim=0.100/current  rotate=-0.07  ent=0.001  std=0.735
[进度] 23,887,872/100,000,000 (23.9%)  FPS≈1244  阶段=stage_turret  速度=0.00  直行间隔=180  aim=0.100/current  rotate=-0.07  ent=0.001  std=0.735
[进度] 23,904,256/100,000,000 (23.9%)  FPS≈1255  阶段=stage_turret  速度=0.00  直行间隔=180  aim=0.100/current  rotate=-0.07  ent=0.001  std=0.735
[进度] 23,920,640/100,000,000 (23.9%)  FPS≈1208  阶段=stage_turret  速度=0.00  直行间隔=180  aim=0.100/current  rotate=-0.07  ent=0.001  std=0.733
[进度] 23,937,024/100,000,000 (23.9%)  FPS≈1202  阶段=stage_turret  速度=0.00  直行间隔=180  aim=0.100/current  rotate=-0.07  ent=0.001  std=0.734
[进度] 23,953,408/100,000,000 (24.0%)  FPS≈1220  阶段=stage_turret  速度=0.00  直行间隔=180  aim=0.100/current  rotate=-0.07  ent=0.001  std=0.734
[进度] 23,969,792/100,000,000 (24.0%)  FPS≈1241  阶段=stage_turret  速度=0.00  直行间隔=180  aim=0.100/current  rotate=-0.07  ent=0.001  std=0.734
[存盘] 课程元数据 model_t23969792_stage0_stage_turret.curriculum.json  stage=stage_turret  bot=turret v=0.00
[存盘] /home/d0brane/tank/runs/curriculum_turret/20260923_115010/checkpoints/model_t23969792_stage0_stage_turret.zip
[评测] 开始（100 局）…
  [评测进度] 10/100  kill(命中/开火)=0.167  direct(直击/开火)=0.083  被命中(挨打/敌开火)=0.481  先发制人(直击前未被打中的局)=0.100  弹数=48
  [评测进度] 20/100  kill(命中/开火)=0.211  direct(直击/开火)=0.089  被命中(挨打/敌开火)=0.521  先发制人(直击前未被打中的局)=0.200  弹数=90
  [评测进度] 30/100  kill(命中/开火)=0.244  direct(直击/开火)=0.122  被命中(挨打/敌开火)=0.500  先发制人(直击前未被打中的局)=0.200  弹数=123
  [评测进度] 40/100  kill(命中/开火)=0.262  direct(直击/开火)=0.140  被命中(挨打/敌开火)=0.458  先发制人(直击前未被打中的局)=0.200  弹数=164
  [评测进度] 50/100  kill(命中/开火)=0.257  direct(直击/开火)=0.136  被命中(挨打/敌开火)=0.458  先发制人(直击前未被打中的局)=0.220  弹数=206
  [评测进度] 60/100  kill(命中/开火)=0.263  direct(直击/开火)=0.122  被命中(挨打/敌开火)=0.482  先发制人(直击前未被打中的局)=0.200  弹数=255
  [评测进度] 70/100  kill(命中/开火)=0.251  direct(直击/开火)=0.120  被命中(挨打/敌开火)=0.468  先发制人(直击前未被打中的局)=0.229  弹数=299
  [评测进度] 80/100  kill(命中/开火)=0.257  direct(直击/开火)=0.125  被命中(挨打/敌开火)=0.458  先发制人(直击前未被打中的局)=0.237  弹数=335
  [评测进度] 90/100  kill(命中/开火)=0.254  direct(直击/开火)=0.131  被命中(挨打/敌开火)=0.455  先发制人(直击前未被打中的局)=0.244  弹数=374
  [评测进度] 100/100  kill(命中/开火)=0.254  direct(直击/开火)=0.139  被命中(挨打/敌开火)=0.467  先发制人(直击前未被打中的局)=0.240  弹数=409
------------------------------------------------------------
[评测] 阶段=stage_turret  局数=100
  kill_rate(命中/开火) = 0.254  hit_rate(直击/开火) = 0.139  中位TTK = 412
  被命中率(挨打/敌开火) = 0.467  先发制人率(直击前未被打中的局/局数) = 0.240
  TTK口径     : 首直击步数；无直击=该局结束步数（评测步限封顶）
  晋级条件 直击/开火 hit_rate≥1.01  当前=0.139  → 指标未达标
  未晋级，继续当前阶段
------------------------------------------------------------
[进度] 23,986,176/100,000,000 (24.0%)  FPS≈1144  阶段=stage_turret  速度=0.00  直行间隔=180  aim=0.100/current  rotate=-0.07  ent=0.001  std=0.734
[进度] 24,002,560/100,000,000 (24.0%)  FPS≈1174  阶段=stage_turret  速度=0.00  直行间隔=180  aim=0.100/current  rotate=-0.07  ent=0.001  std=0.734
[进度] 24,018,944/100,000,000 (24.0%)  FPS≈1125  阶段=stage_turret  速度=0.00  直行间隔=180  aim=0.100/current  rotate=-0.07  ent=0.001  std=0.732
[进度] 24,035,328/100,000,000 (24.0%)  FPS≈1058  阶段=stage_turret  速度=0.00  直行间隔=180  aim=0.100/current  rotate=-0.07  ent=0.001  std=0.733
[进度] 24,051,712/100,000,000 (24.1%)  FPS≈984  阶段=stage_turret  速度=0.00  直行间隔=180  aim=0.100/current  rotate=-0.07  ent=0.001  std=0.733
已终止
