[续训] 新时间戳 run（自 20260922_222630）→ 20260922_225205；起点已存为 named/model_0（0号模型）
============================================================
瞄准课程 PPO 训练（断点续训）
============================================================
  配置文件     : configs/train/curriculum_aim.yaml
  本次运行目录 : runs/curriculum_aim/20260922_225205
  续训权重     : runs/curriculum_aim/20260922_225205/named/model_0.zip
  已训步数     : 7,913,472 → 目标 100,000,000
  设备         : cpu
  总步数       : 100,000,000
  并行环境     : 8
  帧堆叠       : 选择性 3 步距=3 depth=7 lags=[6, 3, 0]（开火/子弹仅当前） + 确定性均值×3 → 输入维 101
  评测间隔     : 每 100,000 步 / 100 局（单局≤600步）
  存盘间隔     : 每 100,000 步 → runs/curriculum_aim/20260922_225205/checkpoints/
  晋级存盘     : 每次晋级 → runs/curriculum_aim/20260922_225205/promotions/
------------------------------------------------------------
  当前阶段     : stage2_linear (2/3)
  对手         : mode=linear  speed=1.00
  奖励         : aim=0.1 mode=lead  kill=60.0  rotate=-0.07
  转向阶梯     : phase=3/0  levels=[-0.07]  推进条件 hit_rate>1.01  末档再达标=否
------------------------------------------------------------
  TensorBoard  : tensorboard --logdir runs/curriculum_aim
  浏览器打开   : http://localhost:6006
============================================================
[续训] 覆盖超参 learning_rate=0.0001  ent_coef=0.01
[进度] 7,929,856/100,000,000 (7.9%)  FPS≈1716  阶段=stage2_linear  速度=1.00  直行间隔=180  aim=0.100/lead  rotate=-0.07
[进度] 7,946,240/100,000,000 (7.9%)  FPS≈1547  阶段=stage2_linear  速度=1.00  直行间隔=180  aim=0.100/lead  rotate=-0.07
[进度] 7,962,624/100,000,000 (8.0%)  FPS≈1525  阶段=stage2_linear  速度=1.00  直行间隔=180  aim=0.100/lead  rotate=-0.07
[进度] 7,979,008/100,000,000 (8.0%)  FPS≈1552  阶段=stage2_linear  速度=1.00  直行间隔=180  aim=0.100/lead  rotate=-0.07
[进度] 7,995,392/100,000,000 (8.0%)  FPS≈1548  阶段=stage2_linear  速度=1.00  直行间隔=180  aim=0.100/lead  rotate=-0.07
[进度] 8,011,776/100,000,000 (8.0%)  FPS≈1534  阶段=stage2_linear  速度=1.00  直行间隔=180  aim=0.100/lead  rotate=-0.07
[进度] 8,028,160/100,000,000 (8.0%)  FPS≈1463  阶段=stage2_linear  速度=1.00  直行间隔=180  aim=0.100/lead  rotate=-0.07
[存盘] 课程元数据 model_t8028160_stage1_stage2_linear.curriculum.json  stage=stage2_linear  bot=linear v=1.00
[存盘] runs/curriculum_aim/20260922_225205/checkpoints/model_t8028160_stage1_stage2_linear.zip
[评测] 开始（100 局）…
  [评测进度] 10/100  kill(命中/开火)=0.390  direct(直击/开火)=0.171  弹数=41
  [评测进度] 20/100  kill(命中/开火)=0.369  direct(直击/开火)=0.155  弹数=84
  [评测进度] 30/100  kill(命中/开火)=0.415  direct(直击/开火)=0.178  弹数=118
  [评测进度] 40/100  kill(命中/开火)=0.419  direct(直击/开火)=0.194  弹数=155
  [评测进度] 50/100  kill(命中/开火)=0.413  direct(直击/开火)=0.196  弹数=189
  [评测进度] 60/100  kill(命中/开火)=0.391  direct(直击/开火)=0.205  弹数=220
  [评测进度] 70/100  kill(命中/开火)=0.379  direct(直击/开火)=0.193  弹数=264
  [评测进度] 80/100  kill(命中/开火)=0.370  direct(直击/开火)=0.199  弹数=297
  [评测进度] 90/100  kill(命中/开火)=0.375  direct(直击/开火)=0.193  弹数=336
  [评测进度] 100/100  kill(命中/开火)=0.363  direct(直击/开火)=0.188  弹数=377
------------------------------------------------------------
[评测] 阶段=stage2_linear  局数=100
  kill_rate(命中/开火) = 0.363  hit_rate(直击/开火) = 0.188  中位TTK = 359
  TTK口径     : 首直击步数；无直击=该局结束步数（评测步限封顶）
  晋级条件 直击/开火 hit_rate≥0.06  当前=0.188  → 指标达标
  附加门槛 : 需对手速度≥1.00（当前=1.00）
  转向阶梯中 : phase=3  rotate=-0.07  （此期间不晋级下一阶段，只按 hit_rate 下调转向）
  未晋级阶段：转向阶梯进行中（属预期）
------------------------------------------------------------
[进度] 8,044,544/100,000,000 (8.0%)  FPS≈1602  阶段=stage2_linear  速度=1.00  直行间隔=180  aim=0.100/lead  rotate=-0.07
[进度] 8,060,928/100,000,000 (8.1%)  FPS≈1532  阶段=stage2_linear  速度=1.00  直行间隔=180  aim=0.100/lead  rotate=-0.07
[进度] 8,077,312/100,000,000 (8.1%)  FPS≈1511  阶段=stage2_linear  速度=1.00  直行间隔=180  aim=0.100/lead  rotate=-0.07
[进度] 8,093,696/100,000,000 (8.1%)  FPS≈1510  阶段=stage2_linear  速度=1.00  直行间隔=180  aim=0.100/lead  rotate=-0.07
[进度] 8,110,080/100,000,000 (8.1%)  FPS≈1507  阶段=stage2_linear  速度=1.00  直行间隔=180  aim=0.100/lead  rotate=-0.07
[进度] 8,126,464/100,000,000 (8.1%)  FPS≈1468  阶段=stage2_linear  速度=1.00  直行间隔=180  aim=0.100/lead  rotate=-0.07
[进度] 8,142,848/100,000,000 (8.1%)  FPS≈1461  阶段=stage2_linear  速度=1.00  直行间隔=180  aim=0.100/lead  rotate=-0.07
[存盘] 课程元数据 model_t8142848_stage1_stage2_linear.curriculum.json  stage=stage2_linear  bot=linear v=1.00
[存盘] runs/curriculum_aim/20260922_225205/checkpoints/model_t8142848_stage1_stage2_linear.zip
[评测] 开始（100 局）…
  [评测进度] 10/100  kill(命中/开火)=0.447  direct(直击/开火)=0.237  弹数=38
  [评测进度] 20/100  kill(命中/开火)=0.439  direct(直击/开火)=0.288  弹数=66
  [评测进度] 30/100  kill(命中/开火)=0.368  direct(直击/开火)=0.236  弹数=106
  [评测进度] 40/100  kill(命中/开火)=0.366  direct(直击/开火)=0.221  弹数=145
  [评测进度] 50/100  kill(命中/开火)=0.346  direct(直击/开火)=0.202  弹数=188
  [评测进度] 60/100  kill(命中/开火)=0.357  direct(直击/开火)=0.203  弹数=227
  [评测进度] 70/100  kill(命中/开火)=0.368  direct(直击/开火)=0.213  弹数=258
  [评测进度] 80/100  kill(命中/开火)=0.364  direct(直击/开火)=0.216  弹数=291
  [评测进度] 90/100  kill(命中/开火)=0.369  direct(直击/开火)=0.222  弹数=325
  [评测进度] 100/100  kill(命中/开火)=0.347  direct(直击/开火)=0.208  弹数=375
------------------------------------------------------------
[评测] 阶段=stage2_linear  局数=100
  kill_rate(命中/开火) = 0.347  hit_rate(直击/开火) = 0.208  中位TTK = 322
  TTK口径     : 首直击步数；无直击=该局结束步数（评测步限封顶）
  晋级条件 直击/开火 hit_rate≥0.06  当前=0.208  → 指标达标
  附加门槛 : 需对手速度≥1.00（当前=1.00）
  转向阶梯中 : phase=3  rotate=-0.07  （此期间不晋级下一阶段，只按 hit_rate 下调转向）
  未晋级阶段：转向阶梯进行中（属预期）
------------------------------------------------------------
[进度] 8,159,232/100,000,000 (8.2%)  FPS≈1430  阶段=stage2_linear  速度=1.00  直行间隔=180  aim=0.100/lead  rotate=-0.07
[进度] 8,175,616/100,000,000 (8.2%)  FPS≈1449  阶段=stage2_linear  速度=1.00  直行间隔=180  aim=0.100/lead  rotate=-0.07
[进度] 8,192,000/100,000,000 (8.2%)  FPS≈1429  阶段=stage2_linear  速度=1.00  直行间隔=180  aim=0.100/lead  rotate=-0.07
[进度] 8,208,384/100,000,000 (8.2%)  FPS≈1507  阶段=stage2_linear  速度=1.00  直行间隔=180  aim=0.100/lead  rotate=-0.07
[进度] 8,224,768/100,000,000 (8.2%)  FPS≈1508  阶段=stage2_linear  速度=1.00  直行间隔=180  aim=0.100/lead  rotate=-0.07
[进度] 8,241,152/100,000,000 (8.2%)  FPS≈1479  阶段=stage2_linear  速度=1.00  直行间隔=180  aim=0.100/lead  rotate=-0.07
[进度] 8,257,536/100,000,000 (8.3%)  FPS≈1480  阶段=stage2_linear  速度=1.00  直行间隔=180  aim=0.100/lead  rotate=-0.07
[存盘] 课程元数据 model_t8257536_stage1_stage2_linear.curriculum.json  stage=stage2_linear  bot=linear v=1.00
[存盘] runs/curriculum_aim/20260922_225205/checkpoints/model_t8257536_stage1_stage2_linear.zip
[评测] 开始（100 局）…
  [评测进度] 10/100  kill(命中/开火)=0.455  direct(直击/开火)=0.273  弹数=33
  [评测进度] 20/100  kill(命中/开火)=0.406  direct(直击/开火)=0.266  弹数=64
  [评测进度] 30/100  kill(命中/开火)=0.388  direct(直击/开火)=0.255  弹数=98
  [评测进度] 40/100  kill(命中/开火)=0.340  direct(直击/开火)=0.208  弹数=144
  [评测进度] 50/100  kill(命中/开火)=0.355  direct(直击/开火)=0.231  弹数=169
  [评测进度] 60/100  kill(命中/开火)=0.361  direct(直击/开火)=0.224  弹数=205
  [评测进度] 70/100  kill(命中/开火)=0.346  direct(直击/开火)=0.224  弹数=237
  [评测进度] 80/100  kill(命中/开火)=0.361  direct(直击/开火)=0.232  弹数=263
  [评测进度] 90/100  kill(命中/开火)=0.360  direct(直击/开火)=0.229  弹数=297
  [评测进度] 100/100  kill(命中/开火)=0.353  direct(直击/开火)=0.222  弹数=334
------------------------------------------------------------
[评测] 阶段=stage2_linear  局数=100
  kill_rate(命中/开火) = 0.353  hit_rate(直击/开火) = 0.222  中位TTK = 260
  TTK口径     : 首直击步数；无直击=该局结束步数（评测步限封顶）
  晋级条件 直击/开火 hit_rate≥0.06  当前=0.222  → 指标达标
  附加门槛 : 需对手速度≥1.00（当前=1.00）
  转向阶梯中 : phase=3  rotate=-0.07  （此期间不晋级下一阶段，只按 hit_rate 下调转向）
  未晋级阶段：转向阶梯进行中（属预期）
------------------------------------------------------------
[进度] 8,273,920/100,000,000 (8.3%)  FPS≈1547  阶段=stage2_linear  速度=1.00  直行间隔=180  aim=0.100/lead  rotate=-0.07
[进度] 8,290,304/100,000,000 (8.3%)  FPS≈1508  阶段=stage2_linear  速度=1.00  直行间隔=180  aim=0.100/lead  rotate=-0.07
[进度] 8,306,688/100,000,000 (8.3%)  FPS≈1508  阶段=stage2_linear  速度=1.00  直行间隔=180  aim=0.100/lead  rotate=-0.07
[进度] 8,323,072/100,000,000 (8.3%)  FPS≈1586  阶段=stage2_linear  速度=1.00  直行间隔=180  aim=0.100/lead  rotate=-0.07
[进度] 8,339,456/100,000,000 (8.3%)  FPS≈1555  阶段=stage2_linear  速度=1.00  直行间隔=180  aim=0.100/lead  rotate=-0.07
[进度] 8,355,840/100,000,000 (8.4%)  FPS≈1534  阶段=stage2_linear  速度=1.00  直行间隔=180  aim=0.100/lead  rotate=-0.07
[进度] 8,372,224/100,000,000 (8.4%)  FPS≈1533  阶段=stage2_linear  速度=1.00  直行间隔=180  aim=0.100/lead  rotate=-0.07
[存盘] 课程元数据 model_t8372224_stage1_stage2_linear.curriculum.json  stage=stage2_linear  bot=linear v=1.00
[存盘] runs/curriculum_aim/20260922_225205/checkpoints/model_t8372224_stage1_stage2_linear.zip
[评测] 开始（100 局）…
  [评测进度] 10/100  kill(命中/开火)=0.333  direct(直击/开火)=0.143  弹数=42
  [评测进度] 20/100  kill(命中/开火)=0.329  direct(直击/开火)=0.184  弹数=76
  [评测进度] 30/100  kill(命中/开火)=0.304  direct(直击/开火)=0.179  弹数=112
  [评测进度] 40/100  kill(命中/开火)=0.313  direct(直击/开火)=0.184  弹数=147
  [评测进度] 50/100  kill(命中/开火)=0.312  direct(直击/开火)=0.175  弹数=189
  [评测进度] 60/100  kill(命中/开火)=0.311  direct(直击/开火)=0.171  弹数=228
  [评测进度] 70/100  kill(命中/开火)=0.312  direct(直击/开火)=0.164  弹数=269
  [评测进度] 80/100  kill(命中/开火)=0.302  direct(直击/开火)=0.161  弹数=311
  [评测进度] 90/100  kill(命中/开火)=0.306  direct(直击/开火)=0.157  弹数=356
  [评测进度] 100/100  kill(命中/开火)=0.309  direct(直击/开火)=0.163  弹数=392
------------------------------------------------------------
[评测] 阶段=stage2_linear  局数=100
  kill_rate(命中/开火) = 0.309  hit_rate(直击/开火) = 0.163  中位TTK = 435
  TTK口径     : 首直击步数；无直击=该局结束步数（评测步限封顶）
  晋级条件 直击/开火 hit_rate≥0.06  当前=0.163  → 指标达标
  附加门槛 : 需对手速度≥1.00（当前=1.00）
  转向阶梯中 : phase=3  rotate=-0.07  （此期间不晋级下一阶段，只按 hit_rate 下调转向）
  未晋级阶段：转向阶梯进行中（属预期）
------------------------------------------------------------
[进度] 8,388,608/100,000,000 (8.4%)  FPS≈1536  阶段=stage2_linear  速度=1.00  直行间隔=180  aim=0.100/lead  rotate=-0.07
[进度] 8,404,992/100,000,000 (8.4%)  FPS≈1615  阶段=stage2_linear  速度=1.00  直行间隔=180  aim=0.100/lead  rotate=-0.07
[进度] 8,421,376/100,000,000 (8.4%)  FPS≈1550  阶段=stage2_linear  速度=1.00  直行间隔=180  aim=0.100/lead  rotate=-0.07
[进度] 8,437,760/100,000,000 (8.4%)  FPS≈1568  阶段=stage2_linear  速度=1.00  直行间隔=180  aim=0.100/lead  rotate=-0.07
[进度] 8,454,144/100,000,000 (8.5%)  FPS≈1490  阶段=stage2_linear  速度=1.00  直行间隔=180  aim=0.100/lead  rotate=-0.07
[进度] 8,470,528/100,000,000 (8.5%)  FPS≈1529  阶段=stage2_linear  速度=1.00  直行间隔=180  aim=0.100/lead  rotate=-0.07
[进度] 8,486,912/100,000,000 (8.5%)  FPS≈1467  阶段=stage2_linear  速度=1.00  直行间隔=180  aim=0.100/lead  rotate=-0.07
[存盘] 课程元数据 model_t8486912_stage1_stage2_linear.curriculum.json  stage=stage2_linear  bot=linear v=1.00
[存盘] runs/curriculum_aim/20260922_225205/checkpoints/model_t8486912_stage1_stage2_linear.zip
[评测] 开始（100 局）…
  [评测进度] 10/100  kill(命中/开火)=0.395  direct(直击/开火)=0.184  弹数=38
  [评测进度] 20/100  kill(命中/开火)=0.415  direct(直击/开火)=0.246  弹数=65
  [评测进度] 30/100  kill(命中/开火)=0.355  direct(直击/开火)=0.178  弹数=107
  [评测进度] 40/100  kill(命中/开火)=0.314  direct(直击/开火)=0.175  弹数=137
  [评测进度] 50/100  kill(命中/开火)=0.321  direct(直击/开火)=0.179  弹数=168
  [评测进度] 60/100  kill(命中/开火)=0.333  direct(直击/开火)=0.174  弹数=201
  [评测进度] 70/100  kill(命中/开火)=0.317  direct(直击/开火)=0.167  弹数=240
  [评测进度] 80/100  kill(命中/开火)=0.318  direct(直击/开火)=0.161  弹数=280
  [评测进度] 90/100  kill(命中/开火)=0.317  direct(直击/开火)=0.167  弹数=312
  [评测进度] 100/100  kill(命中/开火)=0.327  direct(直击/开火)=0.176  弹数=336
------------------------------------------------------------
[评测] 阶段=stage2_linear  局数=100
  kill_rate(命中/开火) = 0.327  hit_rate(直击/开火) = 0.176  中位TTK = 426
  TTK口径     : 首直击步数；无直击=该局结束步数（评测步限封顶）
  晋级条件 直击/开火 hit_rate≥0.06  当前=0.176  → 指标达标
  附加门槛 : 需对手速度≥1.00（当前=1.00）
  转向阶梯中 : phase=3  rotate=-0.07  （此期间不晋级下一阶段，只按 hit_rate 下调转向）
  未晋级阶段：转向阶梯进行中（属预期）
------------------------------------------------------------
[进度] 8,503,296/100,000,000 (8.5%)  FPS≈1539  阶段=stage2_linear  速度=1.00  直行间隔=180  aim=0.100/lead  rotate=-0.07
[进度] 8,519,680/100,000,000 (8.5%)  FPS≈1321  阶段=stage2_linear  速度=1.00  直行间隔=180  aim=0.100/lead  rotate=-0.07
[进度] 8,536,064/100,000,000 (8.5%)  FPS≈1383  阶段=stage2_linear  速度=1.00  直行间隔=180  aim=0.100/lead  rotate=-0.07
[进度] 8,552,448/100,000,000 (8.6%)  FPS≈1386  阶段=stage2_linear  速度=1.00  直行间隔=180  aim=0.100/lead  rotate=-0.07
[进度] 8,568,832/100,000,000 (8.6%)  FPS≈1394  阶段=stage2_linear  速度=1.00  直行间隔=180  aim=0.100/lead  rotate=-0.07
[进度] 8,585,216/100,000,000 (8.6%)  FPS≈1425  阶段=stage2_linear  速度=1.00  直行间隔=180  aim=0.100/lead  rotate=-0.07
[进度] 8,601,600/100,000,000 (8.6%)  FPS≈1586  阶段=stage2_linear  速度=1.00  直行间隔=180  aim=0.100/lead  rotate=-0.07
[存盘] 课程元数据 model_t8601600_stage1_stage2_linear.curriculum.json  stage=stage2_linear  bot=linear v=1.00
[存盘] runs/curriculum_aim/20260922_225205/checkpoints/model_t8601600_stage1_stage2_linear.zip
[评测] 开始（100 局）…
  [评测进度] 10/100  kill(命中/开火)=0.308  direct(直击/开火)=0.154  弹数=39
  [评测进度] 20/100  kill(命中/开火)=0.267  direct(直击/开火)=0.160  弹数=75
  [评测进度] 30/100  kill(命中/开火)=0.259  direct(直击/开火)=0.143  弹数=112
  [评测进度] 40/100  kill(命中/开火)=0.287  direct(直击/开火)=0.140  弹数=150
  [评测进度] 50/100  kill(命中/开火)=0.309  direct(直击/开火)=0.149  弹数=181
  [评测进度] 60/100  kill(命中/开火)=0.302  direct(直击/开火)=0.142  弹数=225
  [评测进度] 70/100  kill(命中/开火)=0.319  direct(直击/开火)=0.163  弹数=251
  [评测进度] 80/100  kill(命中/开火)=0.312  direct(直击/开火)=0.144  弹数=298
  [评测进度] 90/100  kill(命中/开火)=0.313  direct(直击/开火)=0.146  弹数=335
  [评测进度] 100/100  kill(命中/开火)=0.319  direct(直击/开火)=0.151  弹数=370
------------------------------------------------------------
[评测] 阶段=stage2_linear  局数=100
  kill_rate(命中/开火) = 0.319  hit_rate(直击/开火) = 0.151  中位TTK = 483
  TTK口径     : 首直击步数；无直击=该局结束步数（评测步限封顶）
  晋级条件 直击/开火 hit_rate≥0.06  当前=0.151  → 指标达标
  附加门槛 : 需对手速度≥1.00（当前=1.00）
  转向阶梯中 : phase=3  rotate=-0.07  （此期间不晋级下一阶段，只按 hit_rate 下调转向）
  未晋级阶段：转向阶梯进行中（属预期）
------------------------------------------------------------
[进度] 8,617,984/100,000,000 (8.6%)  FPS≈1634  阶段=stage2_linear  速度=1.00  直行间隔=180  aim=0.100/lead  rotate=-0.07
[进度] 8,634,368/100,000,000 (8.6%)  FPS≈1475  阶段=stage2_linear  速度=1.00  直行间隔=180  aim=0.100/lead  rotate=-0.07
[进度] 8,650,752/100,000,000 (8.7%)  FPS≈1521  阶段=stage2_linear  速度=1.00  直行间隔=180  aim=0.100/lead  rotate=-0.07
[进度] 8,667,136/100,000,000 (8.7%)  FPS≈1364  阶段=stage2_linear  速度=1.00  直行间隔=180  aim=0.100/lead  rotate=-0.07
[进度] 8,683,520/100,000,000 (8.7%)  FPS≈1404  阶段=stage2_linear  速度=1.00  直行间隔=180  aim=0.100/lead  rotate=-0.07
[进度] 8,699,904/100,000,000 (8.7%)  FPS≈1528  阶段=stage2_linear  速度=1.00  直行间隔=180  aim=0.100/lead  rotate=-0.07
[进度] 8,716,288/100,000,000 (8.7%)  FPS≈1246  阶段=stage2_linear  速度=1.00  直行间隔=180  aim=0.100/lead  rotate=-0.07
[存盘] 课程元数据 model_t8716288_stage1_stage2_linear.curriculum.json  stage=stage2_linear  bot=linear v=1.00
[存盘] runs/curriculum_aim/20260922_225205/checkpoints/model_t8716288_stage1_stage2_linear.zip
[评测] 开始（100 局）…
  [评测进度] 10/100  kill(命中/开火)=0.226  direct(直击/开火)=0.161  弹数=31
  [评测进度] 20/100  kill(命中/开火)=0.295  direct(直击/开火)=0.197  弹数=61
  [评测进度] 30/100  kill(命中/开火)=0.292  direct(直击/开火)=0.167  弹数=96
  [评测进度] 40/100  kill(命中/开火)=0.318  direct(直击/开火)=0.186  弹数=129
  [评测进度] 50/100  kill(命中/开火)=0.318  direct(直击/开火)=0.159  弹数=170
  [评测进度] 60/100  kill(命中/开火)=0.322  direct(直击/开火)=0.159  弹数=208
  [评测进度] 70/100  kill(命中/开火)=0.340  direct(直击/开火)=0.164  弹数=244
  [评测进度] 80/100  kill(命中/开火)=0.332  direct(直击/开火)=0.161  弹数=280
  [评测进度] 90/100  kill(命中/开火)=0.321  direct(直击/开火)=0.160  弹数=312
  [评测进度] 100/100  kill(命中/开火)=0.312  direct(直击/开火)=0.163  弹数=343
------------------------------------------------------------
[评测] 阶段=stage2_linear  局数=100
  kill_rate(命中/开火) = 0.312  hit_rate(直击/开火) = 0.163  中位TTK = 500
  TTK口径     : 首直击步数；无直击=该局结束步数（评测步限封顶）
  晋级条件 直击/开火 hit_rate≥0.06  当前=0.163  → 指标达标
  附加门槛 : 需对手速度≥1.00（当前=1.00）
  转向阶梯中 : phase=3  rotate=-0.07  （此期间不晋级下一阶段，只按 hit_rate 下调转向）
  未晋级阶段：转向阶梯进行中（属预期）
------------------------------------------------------------
[进度] 8,732,672/100,000,000 (8.7%)  FPS≈1439  阶段=stage2_linear  速度=1.00  直行间隔=180  aim=0.100/lead  rotate=-0.07
[进度] 8,749,056/100,000,000 (8.7%)  FPS≈1440  阶段=stage2_linear  速度=1.00  直行间隔=180  aim=0.100/lead  rotate=-0.07
[进度] 8,765,440/100,000,000 (8.8%)  FPS≈1450  阶段=stage2_linear  速度=1.00  直行间隔=180  aim=0.100/lead  rotate=-0.07
[进度] 8,781,824/100,000,000 (8.8%)  FPS≈1530  阶段=stage2_linear  速度=1.00  直行间隔=180  aim=0.100/lead  rotate=-0.07
[进度] 8,798,208/100,000,000 (8.8%)  FPS≈1236  阶段=stage2_linear  速度=1.00  直行间隔=180  aim=0.100/lead  rotate=-0.07
[进度] 8,814,592/100,000,000 (8.8%)  FPS≈1372  阶段=stage2_linear  速度=1.00  直行间隔=180  aim=0.100/lead  rotate=-0.07
[进度] 8,830,976/100,000,000 (8.8%)  FPS≈1496  阶段=stage2_linear  速度=1.00  直行间隔=180  aim=0.100/lead  rotate=-0.07
[存盘] 课程元数据 model_t8830976_stage1_stage2_linear.curriculum.json  stage=stage2_linear  bot=linear v=1.00
[存盘] runs/curriculum_aim/20260922_225205/checkpoints/model_t8830976_stage1_stage2_linear.zip
[评测] 开始（100 局）…
  [评测进度] 10/100  kill(命中/开火)=0.237  direct(直击/开火)=0.158  弹数=38
  [评测进度] 20/100  kill(命中/开火)=0.315  direct(直击/开火)=0.164  弹数=73
  [评测进度] 30/100  kill(命中/开火)=0.330  direct(直击/开火)=0.175  弹数=103
  [评测进度] 40/100  kill(命中/开火)=0.323  direct(直击/开火)=0.192  弹数=130
  [评测进度] 50/100  kill(命中/开火)=0.327  direct(直击/开火)=0.208  弹数=159
  [评测进度] 60/100  kill(命中/开火)=0.319  direct(直击/开火)=0.207  弹数=188
  [评测进度] 70/100  kill(命中/开火)=0.312  direct(直击/开火)=0.211  弹数=218
  [评测进度] 80/100  kill(命中/开火)=0.313  direct(直击/开火)=0.214  弹数=243
  [评测进度] 90/100  kill(命中/开火)=0.297  direct(直击/开火)=0.187  弹数=283
  [评测进度] 100/100  kill(命中/开火)=0.300  direct(直击/开火)=0.195  弹数=313
------------------------------------------------------------
[评测] 阶段=stage2_linear  局数=100
  kill_rate(命中/开火) = 0.300  hit_rate(直击/开火) = 0.195  中位TTK = 442
  TTK口径     : 首直击步数；无直击=该局结束步数（评测步限封顶）
  晋级条件 直击/开火 hit_rate≥0.06  当前=0.195  → 指标达标
  附加门槛 : 需对手速度≥1.00（当前=1.00）
  转向阶梯中 : phase=3  rotate=-0.07  （此期间不晋级下一阶段，只按 hit_rate 下调转向）
  未晋级阶段：转向阶梯进行中（属预期）
------------------------------------------------------------
[进度] 8,847,360/100,000,000 (8.8%)  FPS≈1398  阶段=stage2_linear  速度=1.00  直行间隔=180  aim=0.100/lead  rotate=-0.07
[进度] 8,863,744/100,000,000 (8.9%)  FPS≈1376  阶段=stage2_linear  速度=1.00  直行间隔=180  aim=0.100/lead  rotate=-0.07
[进度] 8,880,128/100,000,000 (8.9%)  FPS≈1284  阶段=stage2_linear  速度=1.00  直行间隔=180  aim=0.100/lead  rotate=-0.07
[进度] 8,896,512/100,000,000 (8.9%)  FPS≈1441  阶段=stage2_linear  速度=1.00  直行间隔=180  aim=0.100/lead  rotate=-0.07
[进度] 8,912,896/100,000,000 (8.9%)  FPS≈1368  阶段=stage2_linear  速度=1.00  直行间隔=180  aim=0.100/lead  rotate=-0.07
[进度] 8,929,280/100,000,000 (8.9%)  FPS≈1445  阶段=stage2_linear  速度=1.00  直行间隔=180  aim=0.100/lead  rotate=-0.07
[进度] 8,945,664/100,000,000 (8.9%)  FPS≈1366  阶段=stage2_linear  速度=1.00  直行间隔=180  aim=0.100/lead  rotate=-0.07
[存盘] 课程元数据 model_t8945664_stage1_stage2_linear.curriculum.json  stage=stage2_linear  bot=linear v=1.00
[存盘] runs/curriculum_aim/20260922_225205/checkpoints/model_t8945664_stage1_stage2_linear.zip
[评测] 开始（100 局）…
  [评测进度] 10/100  kill(命中/开火)=0.387  direct(直击/开火)=0.194  弹数=31
  [评测进度] 20/100  kill(命中/开火)=0.375  direct(直击/开火)=0.188  弹数=64
  [评测进度] 30/100  kill(命中/开火)=0.343  direct(直击/开火)=0.172  弹数=99
  [评测进度] 40/100  kill(命中/开火)=0.350  direct(直击/开火)=0.168  弹数=137
  [评测进度] 50/100  kill(命中/开火)=0.357  direct(直击/开火)=0.173  弹数=168
  [评测进度] 60/100  kill(命中/开火)=0.345  direct(直击/开火)=0.160  弹数=206
  [评测进度] 70/100  kill(命中/开火)=0.368  direct(直击/开火)=0.171  弹数=234
  [评测进度] 80/100  kill(命中/开火)=0.369  direct(直击/开火)=0.179  弹数=263
  [评测进度] 90/100  kill(命中/开火)=0.369  direct(直击/开火)=0.184  弹数=293
  [评测进度] 100/100  kill(命中/开火)=0.366  direct(直击/开火)=0.190  弹数=331
------------------------------------------------------------
[评测] 阶段=stage2_linear  局数=100
  kill_rate(命中/开火) = 0.366  hit_rate(直击/开火) = 0.190  中位TTK = 374
  TTK口径     : 首直击步数；无直击=该局结束步数（评测步限封顶）
  晋级条件 直击/开火 hit_rate≥0.06  当前=0.190  → 指标达标
  附加门槛 : 需对手速度≥1.00（当前=1.00）
  转向阶梯中 : phase=3  rotate=-0.07  （此期间不晋级下一阶段，只按 hit_rate 下调转向）
  未晋级阶段：转向阶梯进行中（属预期）
------------------------------------------------------------
[进度] 8,962,048/100,000,000 (9.0%)  FPS≈1504  阶段=stage2_linear  速度=1.00  直行间隔=180  aim=0.100/lead  rotate=-0.07
[进度] 8,978,432/100,000,000 (9.0%)  FPS≈1411  阶段=stage2_linear  速度=1.00  直行间隔=180  aim=0.100/lead  rotate=-0.07
[进度] 8,994,816/100,000,000 (9.0%)  FPS≈1469  阶段=stage2_linear  速度=1.00  直行间隔=180  aim=0.100/lead  rotate=-0.07
[进度] 9,011,200/100,000,000 (9.0%)  FPS≈1427  阶段=stage2_linear  速度=1.00  直行间隔=180  aim=0.100/lead  rotate=-0.07
[进度] 9,027,584/100,000,000 (9.0%)  FPS≈1267  阶段=stage2_linear  速度=1.00  直行间隔=180  aim=0.100/lead  rotate=-0.07
[进度] 9,043,968/100,000,000 (9.0%)  FPS≈1381  阶段=stage2_linear  速度=1.00  直行间隔=180  aim=0.100/lead  rotate=-0.07
[进度] 9,060,352/100,000,000 (9.1%)  FPS≈1393  阶段=stage2_linear  速度=1.00  直行间隔=180  aim=0.100/lead  rotate=-0.07
[存盘] 课程元数据 model_t9060352_stage1_stage2_linear.curriculum.json  stage=stage2_linear  bot=linear v=1.00
[存盘] runs/curriculum_aim/20260922_225205/checkpoints/model_t9060352_stage1_stage2_linear.zip
[评测] 开始（100 局）…
  [评测进度] 10/100  kill(命中/开火)=0.229  direct(直击/开火)=0.171  弹数=35
  [评测进度] 20/100  kill(命中/开火)=0.243  direct(直击/开火)=0.149  弹数=74
  [评测进度] 30/100  kill(命中/开火)=0.288  direct(直击/开火)=0.183  弹数=104
  [评测进度] 40/100  kill(命中/开火)=0.275  direct(直击/开火)=0.181  弹数=138
  [评测进度] 50/100  kill(命中/开火)=0.278  direct(直击/开火)=0.170  弹数=176
  [评测进度] 60/100  kill(命中/开火)=0.265  direct(直击/开火)=0.163  弹数=215
  [评测进度] 70/100  kill(命中/开火)=0.272  direct(直击/开火)=0.160  弹数=250
  [评测进度] 80/100  kill(命中/开火)=0.274  direct(直击/开火)=0.165  弹数=285
  [评测进度] 90/100  kill(命中/开火)=0.277  direct(直击/开火)=0.158  弹数=329
  [评测进度] 100/100  kill(命中/开火)=0.289  direct(直击/开火)=0.167  弹数=360
------------------------------------------------------------
[评测] 阶段=stage2_linear  局数=100
  kill_rate(命中/开火) = 0.289  hit_rate(直击/开火) = 0.167  中位TTK = 424
  TTK口径     : 首直击步数；无直击=该局结束步数（评测步限封顶）
  晋级条件 直击/开火 hit_rate≥0.06  当前=0.167  → 指标达标
  附加门槛 : 需对手速度≥1.00（当前=1.00）
  转向阶梯中 : phase=3  rotate=-0.07  （此期间不晋级下一阶段，只按 hit_rate 下调转向）
  未晋级阶段：转向阶梯进行中（属预期）
------------------------------------------------------------
[进度] 9,076,736/100,000,000 (9.1%)  FPS≈1302  阶段=stage2_linear  速度=1.00  直行间隔=180  aim=0.100/lead  rotate=-0.07
[进度] 9,093,120/100,000,000 (9.1%)  FPS≈1374  阶段=stage2_linear  速度=1.00  直行间隔=180  aim=0.100/lead  rotate=-0.07
[进度] 9,109,504/100,000,000 (9.1%)  FPS≈1380  阶段=stage2_linear  速度=1.00  直行间隔=180  aim=0.100/lead  rotate=-0.07
[进度] 9,125,888/100,000,000 (9.1%)  FPS≈1272  阶段=stage2_linear  速度=1.00  直行间隔=180  aim=0.100/lead  rotate=-0.07
[进度] 9,142,272/100,000,000 (9.1%)  FPS≈1415  阶段=stage2_linear  速度=1.00  直行间隔=180  aim=0.100/lead  rotate=-0.07
[进度] 9,158,656/100,000,000 (9.2%)  FPS≈1328  阶段=stage2_linear  速度=1.00  直行间隔=180  aim=0.100/lead  rotate=-0.07
[进度] 9,175,040/100,000,000 (9.2%)  FPS≈1438  阶段=stage2_linear  速度=1.00  直行间隔=180  aim=0.100/lead  rotate=-0.07
[存盘] 课程元数据 model_t9175040_stage1_stage2_linear.curriculum.json  stage=stage2_linear  bot=linear v=1.00
[存盘] runs/curriculum_aim/20260922_225205/checkpoints/model_t9175040_stage1_stage2_linear.zip
[评测] 开始（100 局）…
  [评测进度] 10/100  kill(命中/开火)=0.205  direct(直击/开火)=0.000  弹数=39
  [评测进度] 20/100  kill(命中/开火)=0.208  direct(直击/开火)=0.056  弹数=72
  [评测进度] 30/100  kill(命中/开火)=0.245  direct(直击/开火)=0.094  弹数=106
  [评测进度] 40/100  kill(命中/开火)=0.248  direct(直击/开火)=0.109  弹数=137
  [评测进度] 50/100  kill(命中/开火)=0.227  direct(直击/开火)=0.105  弹数=172
  [评测进度] 60/100  kill(命中/开火)=0.250  direct(直击/开火)=0.113  弹数=204
  [评测进度] 70/100  kill(命中/开火)=0.250  direct(直击/开火)=0.106  弹数=236
  [评测进度] 80/100  kill(命中/开火)=0.267  direct(直击/开火)=0.105  弹数=266
  [评测进度] 90/100  kill(命中/开火)=0.274  direct(直击/开火)=0.099  弹数=303
  [评测进度] 100/100  kill(命中/开火)=0.267  direct(直击/开火)=0.089  弹数=337
------------------------------------------------------------
[评测] 阶段=stage2_linear  局数=100
  kill_rate(命中/开火) = 0.267  hit_rate(直击/开火) = 0.089  中位TTK = 600
  TTK口径     : 首直击步数；无直击=该局结束步数（评测步限封顶）
  晋级条件 直击/开火 hit_rate≥0.06  当前=0.089  → 指标达标
  附加门槛 : 需对手速度≥1.00（当前=1.00）
  转向阶梯中 : phase=3  rotate=-0.07  （此期间不晋级下一阶段，只按 hit_rate 下调转向）
  未晋级阶段：转向阶梯进行中（属预期）
------------------------------------------------------------
[进度] 9,191,424/100,000,000 (9.2%)  FPS≈1537  阶段=stage2_linear  速度=1.00  直行间隔=180  aim=0.100/lead  rotate=-0.07
[进度] 9,207,808/100,000,000 (9.2%)  FPS≈1559  阶段=stage2_linear  速度=1.00  直行间隔=180  aim=0.100/lead  rotate=-0.07
[进度] 9,224,192/100,000,000 (9.2%)  FPS≈1393  阶段=stage2_linear  速度=1.00  直行间隔=180  aim=0.100/lead  rotate=-0.07
[进度] 9,240,576/100,000,000 (9.2%)  FPS≈1353  阶段=stage2_linear  速度=1.00  直行间隔=180  aim=0.100/lead  rotate=-0.07
[进度] 9,256,960/100,000,000 (9.3%)  FPS≈1421  阶段=stage2_linear  速度=1.00  直行间隔=180  aim=0.100/lead  rotate=-0.07
[进度] 9,273,344/100,000,000 (9.3%)  FPS≈1281  阶段=stage2_linear  速度=1.00  直行间隔=180  aim=0.100/lead  rotate=-0.07
[进度] 9,289,728/100,000,000 (9.3%)  FPS≈1466  阶段=stage2_linear  速度=1.00  直行间隔=180  aim=0.100/lead  rotate=-0.07
[存盘] 课程元数据 model_t9289728_stage1_stage2_linear.curriculum.json  stage=stage2_linear  bot=linear v=1.00
[存盘] runs/curriculum_aim/20260922_225205/checkpoints/model_t9289728_stage1_stage2_linear.zip
[评测] 开始（100 局）…
  [评测进度] 10/100  kill(命中/开火)=0.394  direct(直击/开火)=0.152  弹数=33
  [评测进度] 20/100  kill(命中/开火)=0.419  direct(直击/开火)=0.194  弹数=62
  [评测进度] 30/100  kill(命中/开火)=0.400  direct(直击/开火)=0.189  弹数=95
  [评测进度] 40/100  kill(命中/开火)=0.408  direct(直击/开火)=0.208  弹数=125
  [评测进度] 50/100  kill(命中/开火)=0.403  direct(直击/开火)=0.221  弹数=154
  [评测进度] 60/100  kill(命中/开火)=0.392  direct(直击/开火)=0.221  弹数=181
  [评测进度] 70/100  kill(命中/开火)=0.395  direct(直击/开火)=0.214  弹数=210
  [评测进度] 80/100  kill(命中/开火)=0.390  direct(直击/开火)=0.212  弹数=236
  [评测进度] 90/100  kill(命中/开火)=0.392  direct(直击/开火)=0.224  弹数=263
  [评测进度] 100/100  kill(命中/开火)=0.391  direct(直击/开火)=0.218  弹数=284
------------------------------------------------------------
[评测] 阶段=stage2_linear  局数=100
  kill_rate(命中/开火) = 0.391  hit_rate(直击/开火) = 0.218  中位TTK = 486
  TTK口径     : 首直击步数；无直击=该局结束步数（评测步限封顶）
  晋级条件 直击/开火 hit_rate≥0.06  当前=0.218  → 指标达标
  附加门槛 : 需对手速度≥1.00（当前=1.00）
  转向阶梯中 : phase=3  rotate=-0.07  （此期间不晋级下一阶段，只按 hit_rate 下调转向）
  未晋级阶段：转向阶梯进行中（属预期）
------------------------------------------------------------
[进度] 9,306,112/100,000,000 (9.3%)  FPS≈1272  阶段=stage2_linear  速度=1.00  直行间隔=180  aim=0.100/lead  rotate=-0.07
[进度] 9,322,496/100,000,000 (9.3%)  FPS≈1340  阶段=stage2_linear  速度=1.00  直行间隔=180  aim=0.100/lead  rotate=-0.07
[进度] 9,338,880/100,000,000 (9.3%)  FPS≈1253  阶段=stage2_linear  速度=1.00  直行间隔=180  aim=0.100/lead  rotate=-0.07
[进度] 9,355,264/100,000,000 (9.4%)  FPS≈1416  阶段=stage2_linear  速度=1.00  直行间隔=180  aim=0.100/lead  rotate=-0.07
[进度] 9,371,648/100,000,000 (9.4%)  FPS≈1504  阶段=stage2_linear  速度=1.00  直行间隔=180  aim=0.100/lead  rotate=-0.07
[进度] 9,388,032/100,000,000 (9.4%)  FPS≈1320  阶段=stage2_linear  速度=1.00  直行间隔=180  aim=0.100/lead  rotate=-0.07
[进度] 9,404,416/100,000,000 (9.4%)  FPS≈1290  阶段=stage2_linear  速度=1.00  直行间隔=180  aim=0.100/lead  rotate=-0.07
[存盘] 课程元数据 model_t9404416_stage1_stage2_linear.curriculum.json  stage=stage2_linear  bot=linear v=1.00
[存盘] runs/curriculum_aim/20260922_225205/checkpoints/model_t9404416_stage1_stage2_linear.zip
[评测] 开始（100 局）…
  [评测进度] 10/100  kill(命中/开火)=0.375  direct(直击/开火)=0.094  弹数=32
  [评测进度] 20/100  kill(命中/开火)=0.333  direct(直击/开火)=0.117  弹数=60
  [评测进度] 30/100  kill(命中/开火)=0.350  direct(直击/开火)=0.163  弹数=80
  [评测进度] 40/100  kill(命中/开火)=0.351  direct(直击/开火)=0.153  弹数=111
  [评测进度] 50/100  kill(命中/开火)=0.360  direct(直击/开火)=0.144  弹数=139
  [评测进度] 60/100  kill(命中/开火)=0.339  direct(直击/开火)=0.143  弹数=168
  [评测进度] 70/100  kill(命中/开火)=0.346  direct(直击/开火)=0.154  弹数=188
  [评测进度] 80/100  kill(命中/开火)=0.355  direct(直击/开火)=0.168  弹数=220
  [评测进度] 90/100  kill(命中/开火)=0.353  direct(直击/开火)=0.173  弹数=249
  [评测进度] 100/100  kill(命中/开火)=0.352  direct(直击/开火)=0.172  弹数=273
------------------------------------------------------------
[评测] 阶段=stage2_linear  局数=100
  kill_rate(命中/开火) = 0.352  hit_rate(直击/开火) = 0.172  中位TTK = 600
  TTK口径     : 首直击步数；无直击=该局结束步数（评测步限封顶）
  晋级条件 直击/开火 hit_rate≥0.06  当前=0.172  → 指标达标
  附加门槛 : 需对手速度≥1.00（当前=1.00）
  转向阶梯中 : phase=3  rotate=-0.07  （此期间不晋级下一阶段，只按 hit_rate 下调转向）
  未晋级阶段：转向阶梯进行中（属预期）
------------------------------------------------------------
[进度] 9,420,800/100,000,000 (9.4%)  FPS≈1426  阶段=stage2_linear  速度=1.00  直行间隔=180  aim=0.100/lead  rotate=-0.07
[进度] 9,437,184/100,000,000 (9.4%)  FPS≈1358  阶段=stage2_linear  速度=1.00  直行间隔=180  aim=0.100/lead  rotate=-0.07
[进度] 9,453,568/100,000,000 (9.5%)  FPS≈1436  阶段=stage2_linear  速度=1.00  直行间隔=180  aim=0.100/lead  rotate=-0.07
[进度] 9,469,952/100,000,000 (9.5%)  FPS≈1513  阶段=stage2_linear  速度=1.00  直行间隔=180  aim=0.100/lead  rotate=-0.07
[进度] 9,486,336/100,000,000 (9.5%)  FPS≈1299  阶段=stage2_linear  速度=1.00  直行间隔=180  aim=0.100/lead  rotate=-0.07
[进度] 9,502,720/100,000,000 (9.5%)  FPS≈1393  阶段=stage2_linear  速度=1.00  直行间隔=180  aim=0.100/lead  rotate=-0.07
[进度] 9,519,104/100,000,000 (9.5%)  FPS≈1243  阶段=stage2_linear  速度=1.00  直行间隔=180  aim=0.100/lead  rotate=-0.07
[存盘] 课程元数据 model_t9519104_stage1_stage2_linear.curriculum.json  stage=stage2_linear  bot=linear v=1.00
[存盘] runs/curriculum_aim/20260922_225205/checkpoints/model_t9519104_stage1_stage2_linear.zip
[评测] 开始（100 局）…
  [评测进度] 10/100  kill(命中/开火)=0.242  direct(直击/开火)=0.121  弹数=33
  [评测进度] 20/100  kill(命中/开火)=0.317  direct(直击/开火)=0.167  弹数=60
  [评测进度] 30/100  kill(命中/开火)=0.305  direct(直击/开火)=0.158  弹数=95
  [评测进度] 40/100  kill(命中/开火)=0.328  direct(直击/开火)=0.172  弹数=122
  [评测进度] 50/100  kill(命中/开火)=0.333  direct(直击/开火)=0.170  弹数=153
  [评测进度] 60/100  kill(命中/开火)=0.342  direct(直击/开火)=0.163  弹数=190
  [评测进度] 70/100  kill(命中/开火)=0.335  direct(直击/开火)=0.165  弹数=218
  [评测进度] 80/100  kill(命中/开火)=0.331  direct(直击/开火)=0.150  弹数=260
  [评测进度] 90/100  kill(命中/开火)=0.325  direct(直击/开火)=0.139  弹数=302
  [评测进度] 100/100  kill(命中/开火)=0.329  direct(直击/开火)=0.139  弹数=331
------------------------------------------------------------
[评测] 阶段=stage2_linear  局数=100
  kill_rate(命中/开火) = 0.329  hit_rate(直击/开火) = 0.139  中位TTK = 600
  TTK口径     : 首直击步数；无直击=该局结束步数（评测步限封顶）
  晋级条件 直击/开火 hit_rate≥0.06  当前=0.139  → 指标达标
  附加门槛 : 需对手速度≥1.00（当前=1.00）
  转向阶梯中 : phase=3  rotate=-0.07  （此期间不晋级下一阶段，只按 hit_rate 下调转向）
  未晋级阶段：转向阶梯进行中（属预期）
------------------------------------------------------------
[进度] 9,535,488/100,000,000 (9.5%)  FPS≈1452  阶段=stage2_linear  速度=1.00  直行间隔=180  aim=0.100/lead  rotate=-0.07
[进度] 9,551,872/100,000,000 (9.6%)  FPS≈1408  阶段=stage2_linear  速度=1.00  直行间隔=180  aim=0.100/lead  rotate=-0.07
[进度] 9,568,256/100,000,000 (9.6%)  FPS≈1312  阶段=stage2_linear  速度=1.00  直行间隔=180  aim=0.100/lead  rotate=-0.07
[进度] 9,584,640/100,000,000 (9.6%)  FPS≈1404  阶段=stage2_linear  速度=1.00  直行间隔=180  aim=0.100/lead  rotate=-0.07
[进度] 9,601,024/100,000,000 (9.6%)  FPS≈1522  阶段=stage2_linear  速度=1.00  直行间隔=180  aim=0.100/lead  rotate=-0.07
[进度] 9,617,408/100,000,000 (9.6%)  FPS≈1497  阶段=stage2_linear  速度=1.00  直行间隔=180  aim=0.100/lead  rotate=-0.07
[进度] 9,633,792/100,000,000 (9.6%)  FPS≈1345  阶段=stage2_linear  速度=1.00  直行间隔=180  aim=0.100/lead  rotate=-0.07
[存盘] 课程元数据 model_t9633792_stage1_stage2_linear.curriculum.json  stage=stage2_linear  bot=linear v=1.00
[存盘] runs/curriculum_aim/20260922_225205/checkpoints/model_t9633792_stage1_stage2_linear.zip
[评测] 开始（100 局）…
  [评测进度] 10/100  kill(命中/开火)=0.312  direct(直击/开火)=0.188  弹数=32
  [评测进度] 20/100  kill(命中/开火)=0.254  direct(直击/开火)=0.159  弹数=63
  [评测进度] 30/100  kill(命中/开火)=0.290  direct(直击/开火)=0.183  弹数=93
  [评测进度] 40/100  kill(命中/开火)=0.333  direct(直击/开火)=0.208  弹数=120
  [评测进度] 50/100  kill(命中/开火)=0.306  direct(直击/开火)=0.185  弹数=157
  [评测进度] 60/100  kill(命中/开火)=0.325  direct(直击/开火)=0.188  弹数=191
  [评测进度] 70/100  kill(命中/开火)=0.344  direct(直击/开火)=0.193  弹数=218
  [评测进度] 80/100  kill(命中/开火)=0.357  direct(直击/开火)=0.218  弹数=238
  [评测进度] 90/100  kill(命中/开火)=0.353  direct(直击/开火)=0.204  弹数=275
  [评测进度] 100/100  kill(命中/开火)=0.360  direct(直击/开火)=0.201  弹数=303
------------------------------------------------------------
[评测] 阶段=stage2_linear  局数=100
  kill_rate(命中/开火) = 0.360  hit_rate(直击/开火) = 0.201  中位TTK = 452
  TTK口径     : 首直击步数；无直击=该局结束步数（评测步限封顶）
  晋级条件 直击/开火 hit_rate≥0.06  当前=0.201  → 指标达标
  附加门槛 : 需对手速度≥1.00（当前=1.00）
  转向阶梯中 : phase=3  rotate=-0.07  （此期间不晋级下一阶段，只按 hit_rate 下调转向）
  未晋级阶段：转向阶梯进行中（属预期）
------------------------------------------------------------
[进度] 9,650,176/100,000,000 (9.7%)  FPS≈1382  阶段=stage2_linear  速度=1.00  直行间隔=180  aim=0.100/lead  rotate=-0.07
[进度] 9,666,560/100,000,000 (9.7%)  FPS≈1531  阶段=stage2_linear  速度=1.00  直行间隔=180  aim=0.100/lead  rotate=-0.07
[进度] 9,682,944/100,000,000 (9.7%)  FPS≈1449  阶段=stage2_linear  速度=1.00  直行间隔=180  aim=0.100/lead  rotate=-0.07
[进度] 9,699,328/100,000,000 (9.7%)  FPS≈1463  阶段=stage2_linear  速度=1.00  直行间隔=180  aim=0.100/lead  rotate=-0.07
[进度] 9,715,712/100,000,000 (9.7%)  FPS≈1228  阶段=stage2_linear  速度=1.00  直行间隔=180  aim=0.100/lead  rotate=-0.07
[进度] 9,732,096/100,000,000 (9.7%)  FPS≈1227  阶段=stage2_linear  速度=1.00  直行间隔=180  aim=0.100/lead  rotate=-0.07
[进度] 9,748,480/100,000,000 (9.7%)  FPS≈1436  阶段=stage2_linear  速度=1.00  直行间隔=180  aim=0.100/lead  rotate=-0.07
[存盘] 课程元数据 model_t9748480_stage1_stage2_linear.curriculum.json  stage=stage2_linear  bot=linear v=1.00
[存盘] runs/curriculum_aim/20260922_225205/checkpoints/model_t9748480_stage1_stage2_linear.zip
[评测] 开始（100 局）…
  [评测进度] 10/100  kill(命中/开火)=0.452  direct(直击/开火)=0.290  弹数=31
  [评测进度] 20/100  kill(命中/开火)=0.449  direct(直击/开火)=0.232  弹数=69
  [评测进度] 30/100  kill(命中/开火)=0.467  direct(直击/开火)=0.272  弹数=92
  [评测进度] 40/100  kill(命中/开火)=0.427  direct(直击/开火)=0.229  弹数=131
  [评测进度] 50/100  kill(命中/开火)=0.433  direct(直击/开火)=0.226  弹数=164
  [评测进度] 60/100  kill(命中/开火)=0.435  direct(直击/开火)=0.247  弹数=186
  [评测进度] 70/100  kill(命中/开火)=0.422  direct(直击/开火)=0.252  弹数=218
  [评测进度] 80/100  kill(命中/开火)=0.406  direct(直击/开火)=0.247  弹数=251
  [评测进度] 90/100  kill(命中/开火)=0.406  direct(直击/开火)=0.254  弹数=276
  [评测进度] 100/100  kill(命中/开火)=0.410  direct(直击/开火)=0.255  弹数=310
------------------------------------------------------------
[评测] 阶段=stage2_linear  局数=100
  kill_rate(命中/开火) = 0.410  hit_rate(直击/开火) = 0.255  中位TTK = 298
  TTK口径     : 首直击步数；无直击=该局结束步数（评测步限封顶）
  晋级条件 直击/开火 hit_rate≥0.06  当前=0.255  → 指标达标
  附加门槛 : 需对手速度≥1.00（当前=1.00）
  转向阶梯中 : phase=3  rotate=-0.07  （此期间不晋级下一阶段，只按 hit_rate 下调转向）
  未晋级阶段：转向阶梯进行中（属预期）
------------------------------------------------------------
[进度] 9,764,864/100,000,000 (9.8%)  FPS≈1408  阶段=stage2_linear  速度=1.00  直行间隔=180  aim=0.100/lead  rotate=-0.07
[进度] 9,781,248/100,000,000 (9.8%)  FPS≈1534  阶段=stage2_linear  速度=1.00  直行间隔=180  aim=0.100/lead  rotate=-0.07
[进度] 9,797,632/100,000,000 (9.8%)  FPS≈1363  阶段=stage2_linear  速度=1.00  直行间隔=180  aim=0.100/lead  rotate=-0.07
[进度] 9,814,016/100,000,000 (9.8%)  FPS≈1384  阶段=stage2_linear  速度=1.00  直行间隔=180  aim=0.100/lead  rotate=-0.07
[进度] 9,830,400/100,000,000 (9.8%)  FPS≈1365  阶段=stage2_linear  速度=1.00  直行间隔=180  aim=0.100/lead  rotate=-0.07
[进度] 9,846,784/100,000,000 (9.8%)  FPS≈1359  阶段=stage2_linear  速度=1.00  直行间隔=180  aim=0.100/lead  rotate=-0.07
[进度] 9,863,168/100,000,000 (9.9%)  FPS≈1284  阶段=stage2_linear  速度=1.00  直行间隔=180  aim=0.100/lead  rotate=-0.07
[存盘] 课程元数据 model_t9863168_stage1_stage2_linear.curriculum.json  stage=stage2_linear  bot=linear v=1.00
[存盘] runs/curriculum_aim/20260922_225205/checkpoints/model_t9863168_stage1_stage2_linear.zip
[评测] 开始（100 局）…
  [评测进度] 10/100  kill(命中/开火)=0.367  direct(直击/开火)=0.233  弹数=30
  [评测进度] 20/100  kill(命中/开火)=0.418  direct(直击/开火)=0.273  弹数=55
  [评测进度] 30/100  kill(命中/开火)=0.380  direct(直击/开火)=0.217  弹数=92
  [评测进度] 40/100  kill(命中/开火)=0.368  direct(直击/开火)=0.231  弹数=117
  [评测进度] 50/100  kill(命中/开火)=0.344  direct(直击/开火)=0.219  弹数=151
  [评测进度] 60/100  kill(命中/开火)=0.339  direct(直击/开火)=0.210  弹数=186
  [评测进度] 70/100  kill(命中/开火)=0.353  direct(直击/开火)=0.216  弹数=218
  [评测进度] 80/100  kill(命中/开火)=0.349  direct(直击/开火)=0.217  弹数=249
  [评测进度] 90/100  kill(命中/开火)=0.356  direct(直击/开火)=0.217  弹数=281
  [评测进度] 100/100  kill(命中/开火)=0.367  direct(直击/开火)=0.224  弹数=308
------------------------------------------------------------
[评测] 阶段=stage2_linear  局数=100
  kill_rate(命中/开火) = 0.367  hit_rate(直击/开火) = 0.224  中位TTK = 276
  TTK口径     : 首直击步数；无直击=该局结束步数（评测步限封顶）
  晋级条件 直击/开火 hit_rate≥0.06  当前=0.224  → 指标达标
  附加门槛 : 需对手速度≥1.00（当前=1.00）
  转向阶梯中 : phase=3  rotate=-0.07  （此期间不晋级下一阶段，只按 hit_rate 下调转向）
  未晋级阶段：转向阶梯进行中（属预期）
------------------------------------------------------------
[进度] 9,879,552/100,000,000 (9.9%)  FPS≈1397  阶段=stage2_linear  速度=1.00  直行间隔=180  aim=0.100/lead  rotate=-0.07
[进度] 9,895,936/100,000,000 (9.9%)  FPS≈1540  阶段=stage2_linear  速度=1.00  直行间隔=180  aim=0.100/lead  rotate=-0.07
[进度] 9,912,320/100,000,000 (9.9%)  FPS≈1347  阶段=stage2_linear  速度=1.00  直行间隔=180  aim=0.100/lead  rotate=-0.07
[进度] 9,928,704/100,000,000 (9.9%)  FPS≈1444  阶段=stage2_linear  速度=1.00  直行间隔=180  aim=0.100/lead  rotate=-0.07
[进度] 9,945,088/100,000,000 (9.9%)  FPS≈1449  阶段=stage2_linear  速度=1.00  直行间隔=180  aim=0.100/lead  rotate=-0.07
[进度] 9,961,472/100,000,000 (10.0%)  FPS≈1426  阶段=stage2_linear  速度=1.00  直行间隔=180  aim=0.100/lead  rotate=-0.07
[进度] 9,977,856/100,000,000 (10.0%)  FPS≈1394  阶段=stage2_linear  速度=1.00  直行间隔=180  aim=0.100/lead  rotate=-0.07
[存盘] 课程元数据 model_t9977856_stage1_stage2_linear.curriculum.json  stage=stage2_linear  bot=linear v=1.00
[存盘] runs/curriculum_aim/20260922_225205/checkpoints/model_t9977856_stage1_stage2_linear.zip
[评测] 开始（100 局）…
  [评测进度] 10/100  kill(命中/开火)=0.244  direct(直击/开火)=0.146  弹数=41
  [评测进度] 20/100  kill(命中/开火)=0.263  direct(直击/开火)=0.150  弹数=80
  [评测进度] 30/100  kill(命中/开火)=0.258  direct(直击/开火)=0.121  弹数=124
  [评测进度] 40/100  kill(命中/开火)=0.268  direct(直击/开火)=0.128  弹数=164
  [评测进度] 50/100  kill(命中/开火)=0.285  direct(直击/开火)=0.135  弹数=200
  [评测进度] 60/100  kill(命中/开火)=0.299  direct(直击/开火)=0.150  弹数=234
  [评测进度] 70/100  kill(命中/开火)=0.304  direct(直击/开火)=0.152  弹数=270
  [评测进度] 80/100  kill(命中/开火)=0.328  direct(直击/开火)=0.167  弹数=305
  [评测进度] 90/100  kill(命中/开火)=0.326  direct(直击/开火)=0.174  弹数=340
  [评测进度] 100/100  kill(命中/开火)=0.339  direct(直击/开火)=0.176  弹数=375
------------------------------------------------------------
[评测] 阶段=stage2_linear  局数=100
  kill_rate(命中/开火) = 0.339  hit_rate(直击/开火) = 0.176  中位TTK = 364
  TTK口径     : 首直击步数；无直击=该局结束步数（评测步限封顶）
  晋级条件 直击/开火 hit_rate≥0.06  当前=0.176  → 指标达标
  附加门槛 : 需对手速度≥1.00（当前=1.00）
  转向阶梯中 : phase=3  rotate=-0.07  （此期间不晋级下一阶段，只按 hit_rate 下调转向）
  未晋级阶段：转向阶梯进行中（属预期）
------------------------------------------------------------
[进度] 9,994,240/100,000,000 (10.0%)  FPS≈1336  阶段=stage2_linear  速度=1.00  直行间隔=180  aim=0.100/lead  rotate=-0.07
[进度] 10,010,624/100,000,000 (10.0%)  FPS≈1360  阶段=stage2_linear  速度=1.00  直行间隔=180  aim=0.100/lead  rotate=-0.07
[进度] 10,027,008/100,000,000 (10.0%)  FPS≈1350  阶段=stage2_linear  速度=1.00  直行间隔=180  aim=0.100/lead  rotate=-0.07
[进度] 10,043,392/100,000,000 (10.0%)  FPS≈1373  阶段=stage2_linear  速度=1.00  直行间隔=180  aim=0.100/lead  rotate=-0.07
[进度] 10,059,776/100,000,000 (10.1%)  FPS≈1384  阶段=stage2_linear  速度=1.00  直行间隔=180  aim=0.100/lead  rotate=-0.07
[进度] 10,076,160/100,000,000 (10.1%)  FPS≈1262  阶段=stage2_linear  速度=1.00  直行间隔=180  aim=0.100/lead  rotate=-0.07
[进度] 10,092,544/100,000,000 (10.1%)  FPS≈1313  阶段=stage2_linear  速度=1.00  直行间隔=180  aim=0.100/lead  rotate=-0.07
[存盘] 课程元数据 model_t10092544_stage1_stage2_linear.curriculum.json  stage=stage2_linear  bot=linear v=1.00
[存盘] runs/curriculum_aim/20260922_225205/checkpoints/model_t10092544_stage1_stage2_linear.zip
[评测] 开始（100 局）…
  [评测进度] 10/100  kill(命中/开火)=0.371  direct(直击/开火)=0.171  弹数=35
  [评测进度] 20/100  kill(命中/开火)=0.360  direct(直击/开火)=0.173  弹数=75
  [评测进度] 30/100  kill(命中/开火)=0.336  direct(直击/开火)=0.177  弹数=113
  [评测进度] 40/100  kill(命中/开火)=0.318  direct(直击/开火)=0.159  弹数=151
  [评测进度] 50/100  kill(命中/开火)=0.330  direct(直击/开火)=0.176  弹数=182
  [评测进度] 60/100  kill(命中/开火)=0.343  direct(直击/开火)=0.183  弹数=213
  [评测进度] 70/100  kill(命中/开火)=0.348  direct(直击/开火)=0.176  弹数=250
  [评测进度] 80/100  kill(命中/开火)=0.345  direct(直击/开火)=0.183  弹数=278
  [评测进度] 90/100  kill(命中/开火)=0.346  direct(直击/开火)=0.184  弹数=315
  [评测进度] 100/100  kill(命中/开火)=0.344  direct(直击/开火)=0.173  弹数=358
------------------------------------------------------------
[评测] 阶段=stage2_linear  局数=100
  kill_rate(命中/开火) = 0.344  hit_rate(直击/开火) = 0.173  中位TTK = 456
  TTK口径     : 首直击步数；无直击=该局结束步数（评测步限封顶）
  晋级条件 直击/开火 hit_rate≥0.06  当前=0.173  → 指标达标
  附加门槛 : 需对手速度≥1.00（当前=1.00）
  转向阶梯中 : phase=3  rotate=-0.07  （此期间不晋级下一阶段，只按 hit_rate 下调转向）
  未晋级阶段：转向阶梯进行中（属预期）
------------------------------------------------------------
[进度] 10,108,928/100,000,000 (10.1%)  FPS≈1404  阶段=stage2_linear  速度=1.00  直行间隔=180  aim=0.100/lead  rotate=-0.07
[进度] 10,125,312/100,000,000 (10.1%)  FPS≈1401  阶段=stage2_linear  速度=1.00  直行间隔=180  aim=0.100/lead  rotate=-0.07
[进度] 10,141,696/100,000,000 (10.1%)  FPS≈1461  阶段=stage2_linear  速度=1.00  直行间隔=180  aim=0.100/lead  rotate=-0.07
[进度] 10,158,080/100,000,000 (10.2%)  FPS≈1378  阶段=stage2_linear  速度=1.00  直行间隔=180  aim=0.100/lead  rotate=-0.07
[进度] 10,174,464/100,000,000 (10.2%)  FPS≈1241  阶段=stage2_linear  速度=1.00  直行间隔=180  aim=0.100/lead  rotate=-0.07
[进度] 10,190,848/100,000,000 (10.2%)  FPS≈1360  阶段=stage2_linear  速度=1.00  直行间隔=180  aim=0.100/lead  rotate=-0.07
[进度] 10,207,232/100,000,000 (10.2%)  FPS≈1466  阶段=stage2_linear  速度=1.00  直行间隔=180  aim=0.100/lead  rotate=-0.07
[存盘] 课程元数据 model_t10207232_stage1_stage2_linear.curriculum.json  stage=stage2_linear  bot=linear v=1.00
[存盘] runs/curriculum_aim/20260922_225205/checkpoints/model_t10207232_stage1_stage2_linear.zip
[评测] 开始（100 局）…
  [评测进度] 10/100  kill(命中/开火)=0.286  direct(直击/开火)=0.122  弹数=49
  [评测进度] 20/100  kill(命中/开火)=0.314  direct(直击/开火)=0.163  弹数=86
  [评测进度] 30/100  kill(命中/开火)=0.310  direct(直击/开火)=0.167  弹数=126
  [评测进度] 40/100  kill(命中/开火)=0.284  direct(直击/开火)=0.136  弹数=176
  [评测进度] 50/100  kill(命中/开火)=0.297  direct(直击/开火)=0.146  弹数=212
  [评测进度] 60/100  kill(命中/开火)=0.277  direct(直击/开火)=0.138  弹数=253
  [评测进度] 70/100  kill(命中/开火)=0.278  direct(直击/开火)=0.137  弹数=299
  [评测进度] 80/100  kill(命中/开火)=0.272  direct(直击/开火)=0.143  弹数=335
  [评测进度] 90/100  kill(命中/开火)=0.276  direct(直击/开火)=0.139  弹数=381
  [评测进度] 100/100  kill(命中/开火)=0.276  direct(直击/开火)=0.146  弹数=417
------------------------------------------------------------
[评测] 阶段=stage2_linear  局数=100
  kill_rate(命中/开火) = 0.276  hit_rate(直击/开火) = 0.146  中位TTK = 396
  TTK口径     : 首直击步数；无直击=该局结束步数（评测步限封顶）
  晋级条件 直击/开火 hit_rate≥0.06  当前=0.146  → 指标达标
  附加门槛 : 需对手速度≥1.00（当前=1.00）
  转向阶梯中 : phase=3  rotate=-0.07  （此期间不晋级下一阶段，只按 hit_rate 下调转向）
  未晋级阶段：转向阶梯进行中（属预期）
------------------------------------------------------------
[进度] 10,223,616/100,000,000 (10.2%)  FPS≈1393  阶段=stage2_linear  速度=1.00  直行间隔=180  aim=0.100/lead  rotate=-0.07
[进度] 10,240,000/100,000,000 (10.2%)  FPS≈1361  阶段=stage2_linear  速度=1.00  直行间隔=180  aim=0.100/lead  rotate=-0.07
[进度] 10,256,384/100,000,000 (10.3%)  FPS≈1590  阶段=stage2_linear  速度=1.00  直行间隔=180  aim=0.100/lead  rotate=-0.07
[进度] 10,272,768/100,000,000 (10.3%)  FPS≈1327  阶段=stage2_linear  速度=1.00  直行间隔=180  aim=0.100/lead  rotate=-0.07
[进度] 10,289,152/100,000,000 (10.3%)  FPS≈1408  阶段=stage2_linear  速度=1.00  直行间隔=180  aim=0.100/lead  rotate=-0.07
[进度] 10,305,536/100,000,000 (10.3%)  FPS≈1432  阶段=stage2_linear  速度=1.00  直行间隔=180  aim=0.100/lead  rotate=-0.07
[进度] 10,321,920/100,000,000 (10.3%)  FPS≈1362  阶段=stage2_linear  速度=1.00  直行间隔=180  aim=0.100/lead  rotate=-0.07
[存盘] 课程元数据 model_t10321920_stage1_stage2_linear.curriculum.json  stage=stage2_linear  bot=linear v=1.00
[存盘] runs/curriculum_aim/20260922_225205/checkpoints/model_t10321920_stage1_stage2_linear.zip
[评测] 开始（100 局）…
  [评测进度] 10/100  kill(命中/开火)=0.265  direct(直击/开火)=0.176  弹数=34
  [评测进度] 20/100  kill(命中/开火)=0.344  direct(直击/开火)=0.246  弹数=61
  [评测进度] 30/100  kill(命中/开火)=0.384  direct(直击/开火)=0.222  弹数=99
  [评测进度] 40/100  kill(命中/开火)=0.372  direct(直击/开火)=0.204  弹数=137
  [评测进度] 50/100  kill(命中/开火)=0.391  direct(直击/开火)=0.207  弹数=169
  [评测进度] 60/100  kill(命中/开火)=0.374  direct(直击/开火)=0.212  弹数=203
  [评测进度] 70/100  kill(命中/开火)=0.373  direct(直击/开火)=0.195  弹数=241
  [评测进度] 80/100  kill(命中/开火)=0.372  direct(直击/开火)=0.204  弹数=269
  [评测进度] 90/100  kill(命中/开火)=0.370  direct(直击/开火)=0.209  弹数=297
  [评测进度] 100/100  kill(命中/开火)=0.369  direct(直击/开火)=0.204  弹数=333
------------------------------------------------------------
[评测] 阶段=stage2_linear  局数=100
  kill_rate(命中/开火) = 0.369  hit_rate(直击/开火) = 0.204  中位TTK = 327
  TTK口径     : 首直击步数；无直击=该局结束步数（评测步限封顶）
  晋级条件 直击/开火 hit_rate≥0.06  当前=0.204  → 指标达标
  附加门槛 : 需对手速度≥1.00（当前=1.00）
  转向阶梯中 : phase=3  rotate=-0.07  （此期间不晋级下一阶段，只按 hit_rate 下调转向）
  未晋级阶段：转向阶梯进行中（属预期）
------------------------------------------------------------
[进度] 10,338,304/100,000,000 (10.3%)  FPS≈1280  阶段=stage2_linear  速度=1.00  直行间隔=180  aim=0.100/lead  rotate=-0.07
[进度] 10,354,688/100,000,000 (10.4%)  FPS≈1479  阶段=stage2_linear  速度=1.00  直行间隔=180  aim=0.100/lead  rotate=-0.07
[进度] 10,371,072/100,000,000 (10.4%)  FPS≈1276  阶段=stage2_linear  速度=1.00  直行间隔=180  aim=0.100/lead  rotate=-0.07
[进度] 10,387,456/100,000,000 (10.4%)  FPS≈1348  阶段=stage2_linear  速度=1.00  直行间隔=180  aim=0.100/lead  rotate=-0.07
[进度] 10,403,840/100,000,000 (10.4%)  FPS≈1247  阶段=stage2_linear  速度=1.00  直行间隔=180  aim=0.100/lead  rotate=-0.07
[进度] 10,420,224/100,000,000 (10.4%)  FPS≈1312  阶段=stage2_linear  速度=1.00  直行间隔=180  aim=0.100/lead  rotate=-0.07
[进度] 10,436,608/100,000,000 (10.4%)  FPS≈1487  阶段=stage2_linear  速度=1.00  直行间隔=180  aim=0.100/lead  rotate=-0.07
[存盘] 课程元数据 model_t10436608_stage1_stage2_linear.curriculum.json  stage=stage2_linear  bot=linear v=1.00
[存盘] runs/curriculum_aim/20260922_225205/checkpoints/model_t10436608_stage1_stage2_linear.zip
[评测] 开始（100 局）…
  [评测进度] 10/100  kill(命中/开火)=0.286  direct(直击/开火)=0.143  弹数=42
  [评测进度] 20/100  kill(命中/开火)=0.390  direct(直击/开火)=0.182  弹数=77
  [评测进度] 30/100  kill(命中/开火)=0.370  direct(直击/开火)=0.194  弹数=108
  [评测进度] 40/100  kill(命中/开火)=0.342  direct(直击/开火)=0.168  弹数=155
  [评测进度] 50/100  kill(命中/开火)=0.327  direct(直击/开火)=0.158  弹数=202
  [评测进度] 60/100  kill(命中/开火)=0.311  direct(直击/开火)=0.152  弹数=244
  [评测进度] 70/100  kill(命中/开火)=0.314  direct(直击/开火)=0.162  弹数=277
  [评测进度] 80/100  kill(命中/开火)=0.312  direct(直击/开火)=0.164  弹数=317
  [评测进度] 90/100  kill(命中/开火)=0.316  direct(直击/开火)=0.162  弹数=358
  [评测进度] 100/100  kill(命中/开火)=0.317  direct(直击/开火)=0.164  弹数=391
------------------------------------------------------------
[评测] 阶段=stage2_linear  局数=100
  kill_rate(命中/开火) = 0.317  hit_rate(直击/开火) = 0.164  中位TTK = 401
  TTK口径     : 首直击步数；无直击=该局结束步数（评测步限封顶）
  晋级条件 直击/开火 hit_rate≥0.06  当前=0.164  → 指标达标
  附加门槛 : 需对手速度≥1.00（当前=1.00）
  转向阶梯中 : phase=3  rotate=-0.07  （此期间不晋级下一阶段，只按 hit_rate 下调转向）
  未晋级阶段：转向阶梯进行中（属预期）
------------------------------------------------------------
[进度] 10,452,992/100,000,000 (10.5%)  FPS≈1581  阶段=stage2_linear  速度=1.00  直行间隔=180  aim=0.100/lead  rotate=-0.07
[进度] 10,469,376/100,000,000 (10.5%)  FPS≈1427  阶段=stage2_linear  速度=1.00  直行间隔=180  aim=0.100/lead  rotate=-0.07
[进度] 10,485,760/100,000,000 (10.5%)  FPS≈1335  阶段=stage2_linear  速度=1.00  直行间隔=180  aim=0.100/lead  rotate=-0.07
[进度] 10,502,144/100,000,000 (10.5%)  FPS≈1283  阶段=stage2_linear  速度=1.00  直行间隔=180  aim=0.100/lead  rotate=-0.07
[进度] 10,518,528/100,000,000 (10.5%)  FPS≈1327  阶段=stage2_linear  速度=1.00  直行间隔=180  aim=0.100/lead  rotate=-0.07
[进度] 10,534,912/100,000,000 (10.5%)  FPS≈1445  阶段=stage2_linear  速度=1.00  直行间隔=180  aim=0.100/lead  rotate=-0.07
[进度] 10,551,296/100,000,000 (10.6%)  FPS≈1355  阶段=stage2_linear  速度=1.00  直行间隔=180  aim=0.100/lead  rotate=-0.07
[存盘] 课程元数据 model_t10551296_stage1_stage2_linear.curriculum.json  stage=stage2_linear  bot=linear v=1.00
[存盘] runs/curriculum_aim/20260922_225205/checkpoints/model_t10551296_stage1_stage2_linear.zip
[评测] 开始（100 局）…
  [评测进度] 10/100  kill(命中/开火)=0.273  direct(直击/开火)=0.159  弹数=44
  [评测进度] 20/100  kill(命中/开火)=0.236  direct(直击/开火)=0.124  弹数=89
  [评测进度] 30/100  kill(命中/开火)=0.281  direct(直击/开火)=0.140  弹数=121
  [评测进度] 40/100  kill(命中/开火)=0.247  direct(直击/开火)=0.124  弹数=170
  [评测进度] 50/100  kill(命中/开火)=0.267  direct(直击/开火)=0.141  弹数=206
  [评测进度] 60/100  kill(命中/开火)=0.285  direct(直击/开火)=0.133  弹数=249
  [评测进度] 70/100  kill(命中/开火)=0.278  direct(直击/开火)=0.134  弹数=284
  [评测进度] 80/100  kill(命中/开火)=0.280  direct(直击/开火)=0.125  弹数=329
  [评测进度] 90/100  kill(命中/开火)=0.282  direct(直击/开火)=0.127  弹数=369
  [评测进度] 100/100  kill(命中/开火)=0.287  direct(直击/开火)=0.132  弹数=408
------------------------------------------------------------
[评测] 阶段=stage2_linear  局数=100
  kill_rate(命中/开火) = 0.287  hit_rate(直击/开火) = 0.132  中位TTK = 514
  TTK口径     : 首直击步数；无直击=该局结束步数（评测步限封顶）
  晋级条件 直击/开火 hit_rate≥0.06  当前=0.132  → 指标达标
  附加门槛 : 需对手速度≥1.00（当前=1.00）
  转向阶梯中 : phase=3  rotate=-0.07  （此期间不晋级下一阶段，只按 hit_rate 下调转向）
  未晋级阶段：转向阶梯进行中（属预期）
------------------------------------------------------------
[进度] 10,567,680/100,000,000 (10.6%)  FPS≈1398  阶段=stage2_linear  速度=1.00  直行间隔=180  aim=0.100/lead  rotate=-0.07
[进度] 10,584,064/100,000,000 (10.6%)  FPS≈1358  阶段=stage2_linear  速度=1.00  直行间隔=180  aim=0.100/lead  rotate=-0.07
[进度] 10,600,448/100,000,000 (10.6%)  FPS≈1233  阶段=stage2_linear  速度=1.00  直行间隔=180  aim=0.100/lead  rotate=-0.07
[进度] 10,616,832/100,000,000 (10.6%)  FPS≈1357  阶段=stage2_linear  速度=1.00  直行间隔=180  aim=0.100/lead  rotate=-0.07
[进度] 10,633,216/100,000,000 (10.6%)  FPS≈1358  阶段=stage2_linear  速度=1.00  直行间隔=180  aim=0.100/lead  rotate=-0.07
[进度] 10,649,600/100,000,000 (10.6%)  FPS≈1433  阶段=stage2_linear  速度=1.00  直行间隔=180  aim=0.100/lead  rotate=-0.07
[进度] 10,665,984/100,000,000 (10.7%)  FPS≈1223  阶段=stage2_linear  速度=1.00  直行间隔=180  aim=0.100/lead  rotate=-0.07
[存盘] 课程元数据 model_t10665984_stage1_stage2_linear.curriculum.json  stage=stage2_linear  bot=linear v=1.00
[存盘] runs/curriculum_aim/20260922_225205/checkpoints/model_t10665984_stage1_stage2_linear.zip
[评测] 开始（100 局）…
  [评测进度] 10/100  kill(命中/开火)=0.324  direct(直击/开火)=0.162  弹数=37
  [评测进度] 20/100  kill(命中/开火)=0.362  direct(直击/开火)=0.188  弹数=69
  [评测进度] 30/100  kill(命中/开火)=0.370  direct(直击/开火)=0.194  弹数=108
  [评测进度] 40/100  kill(命中/开火)=0.383  direct(直击/开火)=0.206  弹数=141
  [评测进度] 50/100  kill(命中/开火)=0.337  direct(直击/开火)=0.176  弹数=187
  [评测进度] 60/100  kill(命中/开火)=0.313  direct(直击/开火)=0.152  弹数=230
  [评测进度] 70/100  kill(命中/开火)=0.305  direct(直击/开火)=0.149  弹数=269
  [评测进度] 80/100  kill(命中/开火)=0.307  direct(直击/开火)=0.135  弹数=319
  [评测进度] 90/100  kill(命中/开火)=0.299  direct(直击/开火)=0.135  弹数=355
  [评测进度] 100/100  kill(命中/开火)=0.307  direct(直击/开火)=0.138  弹数=391
------------------------------------------------------------
[评测] 阶段=stage2_linear  局数=100
  kill_rate(命中/开火) = 0.307  hit_rate(直击/开火) = 0.138  中位TTK = 460
  TTK口径     : 首直击步数；无直击=该局结束步数（评测步限封顶）
  晋级条件 直击/开火 hit_rate≥0.06  当前=0.138  → 指标达标
  附加门槛 : 需对手速度≥1.00（当前=1.00）
  转向阶梯中 : phase=3  rotate=-0.07  （此期间不晋级下一阶段，只按 hit_rate 下调转向）
  未晋级阶段：转向阶梯进行中（属预期）
------------------------------------------------------------
[进度] 10,682,368/100,000,000 (10.7%)  FPS≈1411  阶段=stage2_linear  速度=1.00  直行间隔=180  aim=0.100/lead  rotate=-0.07
[进度] 10,698,752/100,000,000 (10.7%)  FPS≈1283  阶段=stage2_linear  速度=1.00  直行间隔=180  aim=0.100/lead  rotate=-0.07
[进度] 10,715,136/100,000,000 (10.7%)  FPS≈1557  阶段=stage2_linear  速度=1.00  直行间隔=180  aim=0.100/lead  rotate=-0.07
[进度] 10,731,520/100,000,000 (10.7%)  FPS≈1293  阶段=stage2_linear  速度=1.00  直行间隔=180  aim=0.100/lead  rotate=-0.07
[进度] 10,747,904/100,000,000 (10.7%)  FPS≈1493  阶段=stage2_linear  速度=1.00  直行间隔=180  aim=0.100/lead  rotate=-0.07
[进度] 10,764,288/100,000,000 (10.8%)  FPS≈1281  阶段=stage2_linear  速度=1.00  直行间隔=180  aim=0.100/lead  rotate=-0.07
[进度] 10,780,672/100,000,000 (10.8%)  FPS≈1346  阶段=stage2_linear  速度=1.00  直行间隔=180  aim=0.100/lead  rotate=-0.07
[存盘] 课程元数据 model_t10780672_stage1_stage2_linear.curriculum.json  stage=stage2_linear  bot=linear v=1.00
[存盘] runs/curriculum_aim/20260922_225205/checkpoints/model_t10780672_stage1_stage2_linear.zip
[评测] 开始（100 局）…
  [评测进度] 10/100  kill(命中/开火)=0.316  direct(直击/开火)=0.237  弹数=38
  [评测进度] 20/100  kill(命中/开火)=0.264  direct(直击/开火)=0.121  弹数=91
  [评测进度] 30/100  kill(命中/开火)=0.275  direct(直击/开火)=0.122  弹数=131
  [评测进度] 40/100  kill(命中/开火)=0.303  direct(直击/开火)=0.139  弹数=165
  [评测进度] 50/100  kill(命中/开火)=0.309  direct(直击/开火)=0.142  弹数=204
  [评测进度] 60/100  kill(命中/开火)=0.317  direct(直击/开火)=0.150  弹数=240
  [评测进度] 70/100  kill(命中/开火)=0.325  direct(直击/开火)=0.159  弹数=271
  [评测进度] 80/100  kill(命中/开火)=0.325  direct(直击/开火)=0.167  弹数=305
  [评测进度] 90/100  kill(命中/开火)=0.326  direct(直击/开火)=0.171  弹数=340
  [评测进度] 100/100  kill(命中/开火)=0.317  direct(直击/开火)=0.169  弹数=379
------------------------------------------------------------
[评测] 阶段=stage2_linear  局数=100
  kill_rate(命中/开火) = 0.317  hit_rate(直击/开火) = 0.169  中位TTK = 404
  TTK口径     : 首直击步数；无直击=该局结束步数（评测步限封顶）
  晋级条件 直击/开火 hit_rate≥0.06  当前=0.169  → 指标达标
  附加门槛 : 需对手速度≥1.00（当前=1.00）
  转向阶梯中 : phase=3  rotate=-0.07  （此期间不晋级下一阶段，只按 hit_rate 下调转向）
  未晋级阶段：转向阶梯进行中（属预期）
------------------------------------------------------------
[进度] 10,797,056/100,000,000 (10.8%)  FPS≈1523  阶段=stage2_linear  速度=1.00  直行间隔=180  aim=0.100/lead  rotate=-0.07
[进度] 10,813,440/100,000,000 (10.8%)  FPS≈1452  阶段=stage2_linear  速度=1.00  直行间隔=180  aim=0.100/lead  rotate=-0.07
[进度] 10,829,824/100,000,000 (10.8%)  FPS≈1383  阶段=stage2_linear  速度=1.00  直行间隔=180  aim=0.100/lead  rotate=-0.07
[进度] 10,846,208/100,000,000 (10.8%)  FPS≈1361  阶段=stage2_linear  速度=1.00  直行间隔=180  aim=0.100/lead  rotate=-0.07
[进度] 10,862,592/100,000,000 (10.9%)  FPS≈1494  阶段=stage2_linear  速度=1.00  直行间隔=180  aim=0.100/lead  rotate=-0.07
[进度] 10,878,976/100,000,000 (10.9%)  FPS≈1422  阶段=stage2_linear  速度=1.00  直行间隔=180  aim=0.100/lead  rotate=-0.07
[进度] 10,895,360/100,000,000 (10.9%)  FPS≈1354  阶段=stage2_linear  速度=1.00  直行间隔=180  aim=0.100/lead  rotate=-0.07
[存盘] 课程元数据 model_t10895360_stage1_stage2_linear.curriculum.json  stage=stage2_linear  bot=linear v=1.00
[存盘] runs/curriculum_aim/20260922_225205/checkpoints/model_t10895360_stage1_stage2_linear.zip
[评测] 开始（100 局）…
  [评测进度] 10/100  kill(命中/开火)=0.438  direct(直击/开火)=0.125  弹数=48
  [评测进度] 20/100  kill(命中/开火)=0.381  direct(直击/开火)=0.167  弹数=84
  [评测进度] 30/100  kill(命中/开火)=0.383  direct(直击/开火)=0.175  弹数=120
  [评测进度] 40/100  kill(命中/开火)=0.358  direct(直击/开火)=0.160  弹数=162
  [评测进度] 50/100  kill(命中/开火)=0.333  direct(直击/开火)=0.143  弹数=210
  [评测进度] 60/100  kill(命中/开火)=0.319  direct(直击/开火)=0.136  弹数=257
  [评测进度] 70/100  kill(命中/开火)=0.317  direct(直击/开火)=0.143  弹数=293
  [评测进度] 80/100  kill(命中/开火)=0.304  direct(直击/开火)=0.136  弹数=339
  [评测进度] 90/100  kill(命中/开火)=0.291  direct(直击/开火)=0.134  弹数=382
  [评测进度] 100/100  kill(命中/开火)=0.298  direct(直击/开火)=0.135  弹数=416
------------------------------------------------------------
[评测] 阶段=stage2_linear  局数=100
  kill_rate(命中/开火) = 0.298  hit_rate(直击/开火) = 0.135  中位TTK = 572
  TTK口径     : 首直击步数；无直击=该局结束步数（评测步限封顶）
  晋级条件 直击/开火 hit_rate≥0.06  当前=0.135  → 指标达标
  附加门槛 : 需对手速度≥1.00（当前=1.00）
  转向阶梯中 : phase=3  rotate=-0.07  （此期间不晋级下一阶段，只按 hit_rate 下调转向）
  未晋级阶段：转向阶梯进行中（属预期）
------------------------------------------------------------
[进度] 10,911,744/100,000,000 (10.9%)  FPS≈1336  阶段=stage2_linear  速度=1.00  直行间隔=180  aim=0.100/lead  rotate=-0.07
[进度] 10,928,128/100,000,000 (10.9%)  FPS≈1359  阶段=stage2_linear  速度=1.00  直行间隔=180  aim=0.100/lead  rotate=-0.07
[进度] 10,944,512/100,000,000 (10.9%)  FPS≈1481  阶段=stage2_linear  速度=1.00  直行间隔=180  aim=0.100/lead  rotate=-0.07
[进度] 10,960,896/100,000,000 (11.0%)  FPS≈1513  阶段=stage2_linear  速度=1.00  直行间隔=180  aim=0.100/lead  rotate=-0.07
[进度] 10,977,280/100,000,000 (11.0%)  FPS≈1402  阶段=stage2_linear  速度=1.00  直行间隔=180  aim=0.100/lead  rotate=-0.07
[进度] 10,993,664/100,000,000 (11.0%)  FPS≈1440  阶段=stage2_linear  速度=1.00  直行间隔=180  aim=0.100/lead  rotate=-0.07
[进度] 11,010,048/100,000,000 (11.0%)  FPS≈1407  阶段=stage2_linear  速度=1.00  直行间隔=180  aim=0.100/lead  rotate=-0.07
[存盘] 课程元数据 model_t11010048_stage1_stage2_linear.curriculum.json  stage=stage2_linear  bot=linear v=1.00
[存盘] runs/curriculum_aim/20260922_225205/checkpoints/model_t11010048_stage1_stage2_linear.zip
[评测] 开始（100 局）…
  [评测进度] 10/100  kill(命中/开火)=0.412  direct(直击/开火)=0.235  弹数=34
  [评测进度] 20/100  kill(命中/开火)=0.420  direct(直击/开火)=0.217  弹数=69
  [评测进度] 30/100  kill(命中/开火)=0.368  direct(直击/开火)=0.167  弹数=114
  [评测进度] 40/100  kill(命中/开火)=0.348  direct(直击/开火)=0.140  弹数=164
  [评测进度] 50/100  kill(命中/开火)=0.333  direct(直击/开火)=0.129  弹数=210
  [评测进度] 60/100  kill(命中/开火)=0.336  direct(直击/开火)=0.130  弹数=253
  [评测进度] 70/100  kill(命中/开火)=0.338  direct(直击/开火)=0.138  弹数=290
  [评测进度] 80/100  kill(命中/开火)=0.330  direct(直击/开火)=0.142  弹数=330
  [评测进度] 90/100  kill(命中/开火)=0.318  direct(直击/开火)=0.136  弹数=374
  [评测进度] 100/100  kill(命中/开火)=0.309  direct(直击/开火)=0.135  弹数=414
------------------------------------------------------------
[评测] 阶段=stage2_linear  局数=100
  kill_rate(命中/开火) = 0.309  hit_rate(直击/开火) = 0.135  中位TTK = 534
  TTK口径     : 首直击步数；无直击=该局结束步数（评测步限封顶）
  晋级条件 直击/开火 hit_rate≥0.06  当前=0.135  → 指标达标
  附加门槛 : 需对手速度≥1.00（当前=1.00）
  转向阶梯中 : phase=3  rotate=-0.07  （此期间不晋级下一阶段，只按 hit_rate 下调转向）
  未晋级阶段：转向阶梯进行中（属预期）
------------------------------------------------------------
[进度] 11,026,432/100,000,000 (11.0%)  FPS≈1327  阶段=stage2_linear  速度=1.00  直行间隔=180  aim=0.100/lead  rotate=-0.07
[进度] 11,042,816/100,000,000 (11.0%)  FPS≈1295  阶段=stage2_linear  速度=1.00  直行间隔=180  aim=0.100/lead  rotate=-0.07
[进度] 11,059,200/100,000,000 (11.1%)  FPS≈1287  阶段=stage2_linear  速度=1.00  直行间隔=180  aim=0.100/lead  rotate=-0.07
[进度] 11,075,584/100,000,000 (11.1%)  FPS≈1384  阶段=stage2_linear  速度=1.00  直行间隔=180  aim=0.100/lead  rotate=-0.07
[进度] 11,091,968/100,000,000 (11.1%)  FPS≈1361  阶段=stage2_linear  速度=1.00  直行间隔=180  aim=0.100/lead  rotate=-0.07
[进度] 11,108,352/100,000,000 (11.1%)  FPS≈1298  阶段=stage2_linear  速度=1.00  直行间隔=180  aim=0.100/lead  rotate=-0.07
[进度] 11,124,736/100,000,000 (11.1%)  FPS≈1279  阶段=stage2_linear  速度=1.00  直行间隔=180  aim=0.100/lead  rotate=-0.07
[存盘] 课程元数据 model_t11124736_stage1_stage2_linear.curriculum.json  stage=stage2_linear  bot=linear v=1.00
[存盘] runs/curriculum_aim/20260922_225205/checkpoints/model_t11124736_stage1_stage2_linear.zip
[评测] 开始（100 局）…
  [评测进度] 10/100  kill(命中/开火)=0.333  direct(直击/开火)=0.212  弹数=33
  [评测进度] 20/100  kill(命中/开火)=0.348  direct(直击/开火)=0.159  弹数=69
  [评测进度] 30/100  kill(命中/开火)=0.385  direct(直击/开火)=0.209  弹数=91
  [评测进度] 40/100  kill(命中/开火)=0.333  direct(直击/开火)=0.167  弹数=132
  [评测进度] 50/100  kill(命中/开火)=0.331  direct(直击/开火)=0.175  弹数=160
  [评测进度] 60/100  kill(命中/开火)=0.324  direct(直击/开火)=0.181  弹数=188
  [评测进度] 70/100  kill(命中/开火)=0.332  direct(直击/开火)=0.170  弹数=229
  [评测进度] 80/100  kill(命中/开火)=0.317  direct(直击/开火)=0.166  弹数=265
  [评测进度] 90/100  kill(命中/开火)=0.301  direct(直击/开火)=0.149  弹数=309
  [评测进度] 100/100  kill(命中/开火)=0.304  direct(直击/开火)=0.149  弹数=349
------------------------------------------------------------
[评测] 阶段=stage2_linear  局数=100
  kill_rate(命中/开火) = 0.304  hit_rate(直击/开火) = 0.149  中位TTK = 578
  TTK口径     : 首直击步数；无直击=该局结束步数（评测步限封顶）
  晋级条件 直击/开火 hit_rate≥0.06  当前=0.149  → 指标达标
  附加门槛 : 需对手速度≥1.00（当前=1.00）
  转向阶梯中 : phase=3  rotate=-0.07  （此期间不晋级下一阶段，只按 hit_rate 下调转向）
  未晋级阶段：转向阶梯进行中（属预期）
------------------------------------------------------------
[进度] 11,141,120/100,000,000 (11.1%)  FPS≈1402  阶段=stage2_linear  速度=1.00  直行间隔=180  aim=0.100/lead  rotate=-0.07
[进度] 11,157,504/100,000,000 (11.2%)  FPS≈1391  阶段=stage2_linear  速度=1.00  直行间隔=180  aim=0.100/lead  rotate=-0.07
[进度] 11,173,888/100,000,000 (11.2%)  FPS≈1530  阶段=stage2_linear  速度=1.00  直行间隔=180  aim=0.100/lead  rotate=-0.07
[进度] 11,190,272/100,000,000 (11.2%)  FPS≈1257  阶段=stage2_linear  速度=1.00  直行间隔=180  aim=0.100/lead  rotate=-0.07
[进度] 11,206,656/100,000,000 (11.2%)  FPS≈1378  阶段=stage2_linear  速度=1.00  直行间隔=180  aim=0.100/lead  rotate=-0.07
[进度] 11,223,040/100,000,000 (11.2%)  FPS≈1258  阶段=stage2_linear  速度=1.00  直行间隔=180  aim=0.100/lead  rotate=-0.07
[进度] 11,239,424/100,000,000 (11.2%)  FPS≈1568  阶段=stage2_linear  速度=1.00  直行间隔=180  aim=0.100/lead  rotate=-0.07
[存盘] 课程元数据 model_t11239424_stage1_stage2_linear.curriculum.json  stage=stage2_linear  bot=linear v=1.00
[存盘] runs/curriculum_aim/20260922_225205/checkpoints/model_t11239424_stage1_stage2_linear.zip
[评测] 开始（100 局）…
  [评测进度] 10/100  kill(命中/开火)=0.393  direct(直击/开火)=0.179  弹数=28
  [评测进度] 20/100  kill(命中/开火)=0.344  direct(直击/开火)=0.141  弹数=64
  [评测进度] 30/100  kill(命中/开火)=0.352  direct(直击/开火)=0.176  弹数=91
  [评测进度] 40/100  kill(命中/开火)=0.336  direct(直击/开火)=0.172  弹数=122
  [评测进度] 50/100  kill(命中/开火)=0.329  direct(直击/开火)=0.174  弹数=149
  [评测进度] 60/100  kill(命中/开火)=0.343  direct(直击/开火)=0.180  弹数=178
  [评测进度] 70/100  kill(命中/开火)=0.330  direct(直击/开火)=0.177  弹数=215
  [评测进度] 80/100  kill(命中/开火)=0.352  direct(直击/开火)=0.193  弹数=244
  [评测进度] 90/100  kill(命中/开火)=0.356  direct(直击/开火)=0.183  弹数=278
  [评测进度] 100/100  kill(命中/开火)=0.366  direct(直击/开火)=0.186  弹数=306
------------------------------------------------------------
[评测] 阶段=stage2_linear  局数=100
  kill_rate(命中/开火) = 0.366  hit_rate(直击/开火) = 0.186  中位TTK = 550
  TTK口径     : 首直击步数；无直击=该局结束步数（评测步限封顶）
  晋级条件 直击/开火 hit_rate≥0.06  当前=0.186  → 指标达标
  附加门槛 : 需对手速度≥1.00（当前=1.00）
  转向阶梯中 : phase=3  rotate=-0.07  （此期间不晋级下一阶段，只按 hit_rate 下调转向）
  未晋级阶段：转向阶梯进行中（属预期）
------------------------------------------------------------
[进度] 11,255,808/100,000,000 (11.3%)  FPS≈1329  阶段=stage2_linear  速度=1.00  直行间隔=180  aim=0.100/lead  rotate=-0.07
[进度] 11,272,192/100,000,000 (11.3%)  FPS≈1364  阶段=stage2_linear  速度=1.00  直行间隔=180  aim=0.100/lead  rotate=-0.07
[进度] 11,288,576/100,000,000 (11.3%)  FPS≈1317  阶段=stage2_linear  速度=1.00  直行间隔=180  aim=0.100/lead  rotate=-0.07
[进度] 11,304,960/100,000,000 (11.3%)  FPS≈1258  阶段=stage2_linear  速度=1.00  直行间隔=180  aim=0.100/lead  rotate=-0.07
[进度] 11,321,344/100,000,000 (11.3%)  FPS≈1341  阶段=stage2_linear  速度=1.00  直行间隔=180  aim=0.100/lead  rotate=-0.07
[进度] 11,337,728/100,000,000 (11.3%)  FPS≈1475  阶段=stage2_linear  速度=1.00  直行间隔=180  aim=0.100/lead  rotate=-0.07
[进度] 11,354,112/100,000,000 (11.4%)  FPS≈1348  阶段=stage2_linear  速度=1.00  直行间隔=180  aim=0.100/lead  rotate=-0.07
[存盘] 课程元数据 model_t11354112_stage1_stage2_linear.curriculum.json  stage=stage2_linear  bot=linear v=1.00
[存盘] runs/curriculum_aim/20260922_225205/checkpoints/model_t11354112_stage1_stage2_linear.zip
[评测] 开始（100 局）…
  [评测进度] 10/100  kill(命中/开火)=0.262  direct(直击/开火)=0.119  弹数=42
  [评测进度] 20/100  kill(命中/开火)=0.260  direct(直击/开火)=0.143  弹数=77
  [评测进度] 30/100  kill(命中/开火)=0.275  direct(直击/开火)=0.174  弹数=109
  [评测进度] 40/100  kill(命中/开火)=0.258  direct(直击/开火)=0.159  弹数=151
  [评测进度] 50/100  kill(命中/开火)=0.265  direct(直击/开火)=0.153  弹数=189
  [评测进度] 60/100  kill(命中/开火)=0.273  direct(直击/开火)=0.159  弹数=220
  [评测进度] 70/100  kill(命中/开火)=0.279  direct(直击/开火)=0.156  弹数=262
  [评测进度] 80/100  kill(命中/开火)=0.284  direct(直击/开火)=0.155  弹数=303
  [评测进度] 90/100  kill(命中/开火)=0.295  direct(直击/开火)=0.167  弹数=336
  [评测进度] 100/100  kill(命中/开火)=0.297  direct(直击/开火)=0.173  弹数=370
------------------------------------------------------------
[评测] 阶段=stage2_linear  局数=100
  kill_rate(命中/开火) = 0.297  hit_rate(直击/开火) = 0.173  中位TTK = 392
  TTK口径     : 首直击步数；无直击=该局结束步数（评测步限封顶）
  晋级条件 直击/开火 hit_rate≥0.06  当前=0.173  → 指标达标
  附加门槛 : 需对手速度≥1.00（当前=1.00）
  转向阶梯中 : phase=3  rotate=-0.07  （此期间不晋级下一阶段，只按 hit_rate 下调转向）
  未晋级阶段：转向阶梯进行中（属预期）
------------------------------------------------------------
[进度] 11,370,496/100,000,000 (11.4%)  FPS≈1648  阶段=stage2_linear  速度=1.00  直行间隔=180  aim=0.100/lead  rotate=-0.07
[进度] 11,386,880/100,000,000 (11.4%)  FPS≈1333  阶段=stage2_linear  速度=1.00  直行间隔=180  aim=0.100/lead  rotate=-0.07
[进度] 11,403,264/100,000,000 (11.4%)  FPS≈1507  阶段=stage2_linear  速度=1.00  直行间隔=180  aim=0.100/lead  rotate=-0.07
[进度] 11,419,648/100,000,000 (11.4%)  FPS≈1309  阶段=stage2_linear  速度=1.00  直行间隔=180  aim=0.100/lead  rotate=-0.07
[进度] 11,436,032/100,000,000 (11.4%)  FPS≈1509  阶段=stage2_linear  速度=1.00  直行间隔=180  aim=0.100/lead  rotate=-0.07
[进度] 11,452,416/100,000,000 (11.5%)  FPS≈1490  阶段=stage2_linear  速度=1.00  直行间隔=180  aim=0.100/lead  rotate=-0.07
[进度] 11,468,800/100,000,000 (11.5%)  FPS≈1395  阶段=stage2_linear  速度=1.00  直行间隔=180  aim=0.100/lead  rotate=-0.07
[存盘] 课程元数据 model_t11468800_stage1_stage2_linear.curriculum.json  stage=stage2_linear  bot=linear v=1.00
[存盘] runs/curriculum_aim/20260922_225205/checkpoints/model_t11468800_stage1_stage2_linear.zip
[评测] 开始（100 局）…
  [评测进度] 10/100  kill(命中/开火)=0.302  direct(直击/开火)=0.163  弹数=43
  [评测进度] 20/100  kill(命中/开火)=0.247  direct(直击/开火)=0.103  弹数=97
  [评测进度] 30/100  kill(命中/开火)=0.271  direct(直击/开火)=0.128  弹数=133
  [评测进度] 40/100  kill(命中/开火)=0.287  direct(直击/开火)=0.163  弹数=160
  [评测进度] 50/100  kill(命中/开火)=0.298  direct(直击/开火)=0.149  弹数=208
  [评测进度] 60/100  kill(命中/开火)=0.302  direct(直击/开火)=0.147  弹数=252
  [评测进度] 70/100  kill(命中/开火)=0.305  direct(直击/开火)=0.139  弹数=295
  [评测进度] 80/100  kill(命中/开火)=0.312  direct(直击/开火)=0.139  弹数=337
  [评测进度] 90/100  kill(命中/开火)=0.314  direct(直击/开火)=0.144  弹数=376
  [评测进度] 100/100  kill(命中/开火)=0.310  direct(直击/开火)=0.143  弹数=419
------------------------------------------------------------
[评测] 阶段=stage2_linear  局数=100
  kill_rate(命中/开火) = 0.310  hit_rate(直击/开火) = 0.143  中位TTK = 428
  TTK口径     : 首直击步数；无直击=该局结束步数（评测步限封顶）
  晋级条件 直击/开火 hit_rate≥0.06  当前=0.143  → 指标达标
  附加门槛 : 需对手速度≥1.00（当前=1.00）
  转向阶梯中 : phase=3  rotate=-0.07  （此期间不晋级下一阶段，只按 hit_rate 下调转向）
  未晋级阶段：转向阶梯进行中（属预期）
------------------------------------------------------------
[进度] 11,485,184/100,000,000 (11.5%)  FPS≈1352  阶段=stage2_linear  速度=1.00  直行间隔=180  aim=0.100/lead  rotate=-0.07
[进度] 11,501,568/100,000,000 (11.5%)  FPS≈1357  阶段=stage2_linear  速度=1.00  直行间隔=180  aim=0.100/lead  rotate=-0.07
[进度] 11,517,952/100,000,000 (11.5%)  FPS≈1504  阶段=stage2_linear  速度=1.00  直行间隔=180  aim=0.100/lead  rotate=-0.07
[进度] 11,534,336/100,000,000 (11.5%)  FPS≈1167  阶段=stage2_linear  速度=1.00  直行间隔=180  aim=0.100/lead  rotate=-0.07
[进度] 11,550,720/100,000,000 (11.6%)  FPS≈1274  阶段=stage2_linear  速度=1.00  直行间隔=180  aim=0.100/lead  rotate=-0.07
[进度] 11,567,104/100,000,000 (11.6%)  FPS≈1454  阶段=stage2_linear  速度=1.00  直行间隔=180  aim=0.100/lead  rotate=-0.07
[进度] 11,583,488/100,000,000 (11.6%)  FPS≈1254  阶段=stage2_linear  速度=1.00  直行间隔=180  aim=0.100/lead  rotate=-0.07
[存盘] 课程元数据 model_t11583488_stage1_stage2_linear.curriculum.json  stage=stage2_linear  bot=linear v=1.00
[存盘] runs/curriculum_aim/20260922_225205/checkpoints/model_t11583488_stage1_stage2_linear.zip
[评测] 开始（100 局）…
  [评测进度] 10/100  kill(命中/开火)=0.191  direct(直击/开火)=0.106  弹数=47
  [评测进度] 20/100  kill(命中/开火)=0.286  direct(直击/开火)=0.121  弹数=91
  [评测进度] 30/100  kill(命中/开火)=0.319  direct(直击/开火)=0.168  弹数=113
  [评测进度] 40/100  kill(命中/开火)=0.294  direct(直击/开火)=0.144  弹数=153
  [评测进度] 50/100  kill(命中/开火)=0.292  direct(直击/开火)=0.124  弹数=202
  [评测进度] 60/100  kill(命中/开火)=0.287  direct(直击/开火)=0.127  弹数=237
  [评测进度] 70/100  kill(命中/开火)=0.286  direct(直击/开火)=0.130  弹数=269
  [评测进度] 80/100  kill(命中/开火)=0.275  direct(直击/开火)=0.139  弹数=309
  [评测进度] 90/100  kill(命中/开火)=0.284  direct(直击/开火)=0.141  弹数=348
  [评测进度] 100/100  kill(命中/开火)=0.279  direct(直击/开火)=0.138  弹数=390
------------------------------------------------------------
[评测] 阶段=stage2_linear  局数=100
  kill_rate(命中/开火) = 0.279  hit_rate(直击/开火) = 0.138  中位TTK = 552
  TTK口径     : 首直击步数；无直击=该局结束步数（评测步限封顶）
  晋级条件 直击/开火 hit_rate≥0.06  当前=0.138  → 指标达标
  附加门槛 : 需对手速度≥1.00（当前=1.00）
  转向阶梯中 : phase=3  rotate=-0.07  （此期间不晋级下一阶段，只按 hit_rate 下调转向）
  未晋级阶段：转向阶梯进行中（属预期）
------------------------------------------------------------
[进度] 11,599,872/100,000,000 (11.6%)  FPS≈1412  阶段=stage2_linear  速度=1.00  直行间隔=180  aim=0.100/lead  rotate=-0.07
[进度] 11,616,256/100,000,000 (11.6%)  FPS≈1422  阶段=stage2_linear  速度=1.00  直行间隔=180  aim=0.100/lead  rotate=-0.07
[进度] 11,632,640/100,000,000 (11.6%)  FPS≈1382  阶段=stage2_linear  速度=1.00  直行间隔=180  aim=0.100/lead  rotate=-0.07
[进度] 11,649,024/100,000,000 (11.6%)  FPS≈1260  阶段=stage2_linear  速度=1.00  直行间隔=180  aim=0.100/lead  rotate=-0.07
[进度] 11,665,408/100,000,000 (11.7%)  FPS≈1377  阶段=stage2_linear  速度=1.00  直行间隔=180  aim=0.100/lead  rotate=-0.07
[进度] 11,681,792/100,000,000 (11.7%)  FPS≈1249  阶段=stage2_linear  速度=1.00  直行间隔=180  aim=0.100/lead  rotate=-0.07
[进度] 11,698,176/100,000,000 (11.7%)  FPS≈1383  阶段=stage2_linear  速度=1.00  直行间隔=180  aim=0.100/lead  rotate=-0.07
[存盘] 课程元数据 model_t11698176_stage1_stage2_linear.curriculum.json  stage=stage2_linear  bot=linear v=1.00
[存盘] runs/curriculum_aim/20260922_225205/checkpoints/model_t11698176_stage1_stage2_linear.zip
[评测] 开始（100 局）…
  [评测进度] 10/100  kill(命中/开火)=0.243  direct(直击/开火)=0.135  弹数=37
  [评测进度] 20/100  kill(命中/开火)=0.287  direct(直击/开火)=0.113  弹数=80
  [评测进度] 30/100  kill(命中/开火)=0.267  direct(直击/开火)=0.117  弹数=120
  [评测进度] 40/100  kill(命中/开火)=0.278  direct(直击/开火)=0.139  弹数=151
  [评测进度] 50/100  kill(命中/开火)=0.282  direct(直击/开火)=0.158  弹数=177
  [评测进度] 60/100  kill(命中/开火)=0.286  direct(直击/开火)=0.155  弹数=206
  [评测进度] 70/100  kill(命中/开火)=0.286  direct(直击/开火)=0.149  弹数=241
  [评测进度] 80/100  kill(命中/开火)=0.287  direct(直击/开火)=0.140  弹数=286
  [评测进度] 90/100  kill(命中/开火)=0.295  direct(直击/开火)=0.144  弹数=319
  [评测进度] 100/100  kill(命中/开火)=0.296  direct(直击/开火)=0.140  弹数=358
------------------------------------------------------------
[评测] 阶段=stage2_linear  局数=100
  kill_rate(命中/开火) = 0.296  hit_rate(直击/开火) = 0.140  中位TTK = 581
  TTK口径     : 首直击步数；无直击=该局结束步数（评测步限封顶）
  晋级条件 直击/开火 hit_rate≥0.06  当前=0.140  → 指标达标
  附加门槛 : 需对手速度≥1.00（当前=1.00）
  转向阶梯中 : phase=3  rotate=-0.07  （此期间不晋级下一阶段，只按 hit_rate 下调转向）
  未晋级阶段：转向阶梯进行中（属预期）
------------------------------------------------------------
[进度] 11,714,560/100,000,000 (11.7%)  FPS≈1568  阶段=stage2_linear  速度=1.00  直行间隔=180  aim=0.100/lead  rotate=-0.07
[进度] 11,730,944/100,000,000 (11.7%)  FPS≈1324  阶段=stage2_linear  速度=1.00  直行间隔=180  aim=0.100/lead  rotate=-0.07
[进度] 11,747,328/100,000,000 (11.7%)  FPS≈1367  阶段=stage2_linear  速度=1.00  直行间隔=180  aim=0.100/lead  rotate=-0.07
[进度] 11,763,712/100,000,000 (11.8%)  FPS≈1381  阶段=stage2_linear  速度=1.00  直行间隔=180  aim=0.100/lead  rotate=-0.07
[进度] 11,780,096/100,000,000 (11.8%)  FPS≈1412  阶段=stage2_linear  速度=1.00  直行间隔=180  aim=0.100/lead  rotate=-0.07
[进度] 11,796,480/100,000,000 (11.8%)  FPS≈1449  阶段=stage2_linear  速度=1.00  直行间隔=180  aim=0.100/lead  rotate=-0.07
[进度] 11,812,864/100,000,000 (11.8%)  FPS≈1455  阶段=stage2_linear  速度=1.00  直行间隔=180  aim=0.100/lead  rotate=-0.07
[存盘] 课程元数据 model_t11812864_stage1_stage2_linear.curriculum.json  stage=stage2_linear  bot=linear v=1.00
[存盘] runs/curriculum_aim/20260922_225205/checkpoints/model_t11812864_stage1_stage2_linear.zip
[评测] 开始（100 局）…
  [评测进度] 10/100  kill(命中/开火)=0.316  direct(直击/开火)=0.132  弹数=38
  [评测进度] 20/100  kill(命中/开火)=0.393  direct(直击/开火)=0.213  弹数=61
  [评测进度] 30/100  kill(命中/开火)=0.348  direct(直击/开火)=0.196  弹数=92
  [评测进度] 40/100  kill(命中/开火)=0.339  direct(直击/开火)=0.207  弹数=121
  [评测进度] 50/100  kill(命中/开火)=0.317  direct(直击/开火)=0.180  弹数=161
  [评测进度] 60/100  kill(命中/开火)=0.330  direct(直击/开火)=0.186  弹数=188
  [评测进度] 70/100  kill(命中/开火)=0.351  direct(直击/开火)=0.204  弹数=211
  [评测进度] 80/100  kill(命中/开火)=0.355  direct(直击/开火)=0.204  弹数=245
  [评测进度] 90/100  kill(命中/开火)=0.348  direct(直击/开火)=0.190  弹数=290
  [评测进度] 100/100  kill(命中/开火)=0.341  direct(直击/开火)=0.186  弹数=328
------------------------------------------------------------
[评测] 阶段=stage2_linear  局数=100
  kill_rate(命中/开火) = 0.341  hit_rate(直击/开火) = 0.186  中位TTK = 372
  TTK口径     : 首直击步数；无直击=该局结束步数（评测步限封顶）
  晋级条件 直击/开火 hit_rate≥0.06  当前=0.186  → 指标达标
  附加门槛 : 需对手速度≥1.00（当前=1.00）
  转向阶梯中 : phase=3  rotate=-0.07  （此期间不晋级下一阶段，只按 hit_rate 下调转向）
  未晋级阶段：转向阶梯进行中（属预期）
------------------------------------------------------------
[进度] 11,829,248/100,000,000 (11.8%)  FPS≈1383  阶段=stage2_linear  速度=1.00  直行间隔=180  aim=0.100/lead  rotate=-0.07
[进度] 11,845,632/100,000,000 (11.8%)  FPS≈1458  阶段=stage2_linear  速度=1.00  直行间隔=180  aim=0.100/lead  rotate=-0.07
[进度] 11,862,016/100,000,000 (11.9%)  FPS≈1319  阶段=stage2_linear  速度=1.00  直行间隔=180  aim=0.100/lead  rotate=-0.07
[进度] 11,878,400/100,000,000 (11.9%)  FPS≈1347  阶段=stage2_linear  速度=1.00  直行间隔=180  aim=0.100/lead  rotate=-0.07
[进度] 11,894,784/100,000,000 (11.9%)  FPS≈1540  阶段=stage2_linear  速度=1.00  直行间隔=180  aim=0.100/lead  rotate=-0.07
[进度] 11,911,168/100,000,000 (11.9%)  FPS≈1248  阶段=stage2_linear  速度=1.00  直行间隔=180  aim=0.100/lead  rotate=-0.07
[进度] 11,927,552/100,000,000 (11.9%)  FPS≈1399  阶段=stage2_linear  速度=1.00  直行间隔=180  aim=0.100/lead  rotate=-0.07
[存盘] 课程元数据 model_t11927552_stage1_stage2_linear.curriculum.json  stage=stage2_linear  bot=linear v=1.00
[存盘] runs/curriculum_aim/20260922_225205/checkpoints/model_t11927552_stage1_stage2_linear.zip
[评测] 开始（100 局）…
  [评测进度] 10/100  kill(命中/开火)=0.303  direct(直击/开火)=0.091  弹数=33
  [评测进度] 20/100  kill(命中/开火)=0.247  direct(直击/开火)=0.104  弹数=77
  [评测进度] 30/100  kill(命中/开火)=0.229  direct(直击/开火)=0.110  弹数=109
  [评测进度] 40/100  kill(命中/开火)=0.246  direct(直击/开火)=0.116  弹数=138
  [评测进度] 50/100  kill(命中/开火)=0.266  direct(直击/开火)=0.118  弹数=169
  [评测进度] 60/100  kill(命中/开火)=0.287  direct(直击/开火)=0.144  弹数=195
  [评测进度] 70/100  kill(命中/开火)=0.274  direct(直击/开火)=0.127  弹数=237
  [评测进度] 80/100  kill(命中/开火)=0.285  direct(直击/开火)=0.133  弹数=270
  [评测进度] 90/100  kill(命中/开火)=0.286  direct(直击/开火)=0.133  弹数=308
  [评测进度] 100/100  kill(命中/开火)=0.286  direct(直击/开火)=0.125  弹数=353
------------------------------------------------------------
[评测] 阶段=stage2_linear  局数=100
  kill_rate(命中/开火) = 0.286  hit_rate(直击/开火) = 0.125  中位TTK = 600
  TTK口径     : 首直击步数；无直击=该局结束步数（评测步限封顶）
  晋级条件 直击/开火 hit_rate≥0.06  当前=0.125  → 指标达标
  附加门槛 : 需对手速度≥1.00（当前=1.00）
  转向阶梯中 : phase=3  rotate=-0.07  （此期间不晋级下一阶段，只按 hit_rate 下调转向）
  未晋级阶段：转向阶梯进行中（属预期）
------------------------------------------------------------
[进度] 11,943,936/100,000,000 (11.9%)  FPS≈1327  阶段=stage2_linear  速度=1.00  直行间隔=180  aim=0.100/lead  rotate=-0.07
[进度] 11,960,320/100,000,000 (12.0%)  FPS≈1475  阶段=stage2_linear  速度=1.00  直行间隔=180  aim=0.100/lead  rotate=-0.07
[进度] 11,976,704/100,000,000 (12.0%)  FPS≈1350  阶段=stage2_linear  速度=1.00  直行间隔=180  aim=0.100/lead  rotate=-0.07
[进度] 11,993,088/100,000,000 (12.0%)  FPS≈1347  阶段=stage2_linear  速度=1.00  直行间隔=180  aim=0.100/lead  rotate=-0.07
[进度] 12,009,472/100,000,000 (12.0%)  FPS≈1451  阶段=stage2_linear  速度=1.00  直行间隔=180  aim=0.100/lead  rotate=-0.07
[进度] 12,025,856/100,000,000 (12.0%)  FPS≈1482  阶段=stage2_linear  速度=1.00  直行间隔=180  aim=0.100/lead  rotate=-0.07
[进度] 12,042,240/100,000,000 (12.0%)  FPS≈1269  阶段=stage2_linear  速度=1.00  直行间隔=180  aim=0.100/lead  rotate=-0.07
[存盘] 课程元数据 model_t12042240_stage1_stage2_linear.curriculum.json  stage=stage2_linear  bot=linear v=1.00
[存盘] runs/curriculum_aim/20260922_225205/checkpoints/model_t12042240_stage1_stage2_linear.zip
[评测] 开始（100 局）…
  [评测进度] 10/100  kill(命中/开火)=0.425  direct(直击/开火)=0.125  弹数=40
  [评测进度] 20/100  kill(命中/开火)=0.322  direct(直击/开火)=0.115  弹数=87
  [评测进度] 30/100  kill(命中/开火)=0.325  direct(直击/开火)=0.127  弹数=126
  [评测进度] 40/100  kill(命中/开火)=0.344  direct(直击/开火)=0.129  弹数=163
  [评测进度] 50/100  kill(命中/开火)=0.325  direct(直击/开火)=0.118  弹数=212
  [评测进度] 60/100  kill(命中/开火)=0.292  direct(直击/开火)=0.097  弹数=267
  [评测进度] 70/100  kill(命中/开火)=0.300  direct(直击/开火)=0.104  弹数=307
  [评测进度] 80/100  kill(命中/开火)=0.302  direct(直击/开火)=0.105  弹数=354
  [评测进度] 90/100  kill(命中/开火)=0.295  direct(直击/开火)=0.109  弹数=396
  [评测进度] 100/100  kill(命中/开火)=0.297  direct(直击/开火)=0.108  弹数=445
------------------------------------------------------------
[评测] 阶段=stage2_linear  局数=100
  kill_rate(命中/开火) = 0.297  hit_rate(直击/开火) = 0.108  中位TTK = 600
  TTK口径     : 首直击步数；无直击=该局结束步数（评测步限封顶）
  晋级条件 直击/开火 hit_rate≥0.06  当前=0.108  → 指标达标
  附加门槛 : 需对手速度≥1.00（当前=1.00）
  转向阶梯中 : phase=3  rotate=-0.07  （此期间不晋级下一阶段，只按 hit_rate 下调转向）
  未晋级阶段：转向阶梯进行中（属预期）
------------------------------------------------------------
[进度] 12,058,624/100,000,000 (12.1%)  FPS≈1462  阶段=stage2_linear  速度=1.00  直行间隔=180  aim=0.100/lead  rotate=-0.07
[进度] 12,075,008/100,000,000 (12.1%)  FPS≈1424  阶段=stage2_linear  速度=1.00  直行间隔=180  aim=0.100/lead  rotate=-0.07
[进度] 12,091,392/100,000,000 (12.1%)  FPS≈1467  阶段=stage2_linear  速度=1.00  直行间隔=180  aim=0.100/lead  rotate=-0.07
[进度] 12,107,776/100,000,000 (12.1%)  FPS≈1399  阶段=stage2_linear  速度=1.00  直行间隔=180  aim=0.100/lead  rotate=-0.07
[进度] 12,124,160/100,000,000 (12.1%)  FPS≈1301  阶段=stage2_linear  速度=1.00  直行间隔=180  aim=0.100/lead  rotate=-0.07
[进度] 12,140,544/100,000,000 (12.1%)  FPS≈1454  阶段=stage2_linear  速度=1.00  直行间隔=180  aim=0.100/lead  rotate=-0.07
[进度] 12,156,928/100,000,000 (12.2%)  FPS≈1356  阶段=stage2_linear  速度=1.00  直行间隔=180  aim=0.100/lead  rotate=-0.07
[存盘] 课程元数据 model_t12156928_stage1_stage2_linear.curriculum.json  stage=stage2_linear  bot=linear v=1.00
[存盘] runs/curriculum_aim/20260922_225205/checkpoints/model_t12156928_stage1_stage2_linear.zip
[评测] 开始（100 局）…
  [评测进度] 10/100  kill(命中/开火)=0.229  direct(直击/开火)=0.143  弹数=35
  [评测进度] 20/100  kill(命中/开火)=0.268  direct(直击/开火)=0.122  弹数=82
  [评测进度] 30/100  kill(命中/开火)=0.260  direct(直击/开火)=0.138  弹数=123
  [评测进度] 40/100  kill(命中/开火)=0.304  direct(直击/开火)=0.158  弹数=158
  [评测进度] 50/100  kill(命中/开火)=0.322  direct(直击/开火)=0.146  弹数=199
  [评测进度] 60/100  kill(命中/开火)=0.319  direct(直击/开火)=0.139  弹数=238
  [评测进度] 70/100  kill(命中/开火)=0.312  direct(直击/开火)=0.136  弹数=272
  [评测进度] 80/100  kill(命中/开火)=0.315  direct(直击/开火)=0.137  弹数=314
  [评测进度] 90/100  kill(命中/开火)=0.317  direct(直击/开火)=0.133  弹数=353
  [评测进度] 100/100  kill(命中/开火)=0.314  direct(直击/开火)=0.137  弹数=388
------------------------------------------------------------
[评测] 阶段=stage2_linear  局数=100
  kill_rate(命中/开火) = 0.314  hit_rate(直击/开火) = 0.137  中位TTK = 564
  TTK口径     : 首直击步数；无直击=该局结束步数（评测步限封顶）
  晋级条件 直击/开火 hit_rate≥0.06  当前=0.137  → 指标达标
  附加门槛 : 需对手速度≥1.00（当前=1.00）
  转向阶梯中 : phase=3  rotate=-0.07  （此期间不晋级下一阶段，只按 hit_rate 下调转向）
  未晋级阶段：转向阶梯进行中（属预期）
------------------------------------------------------------
[进度] 12,173,312/100,000,000 (12.2%)  FPS≈1465  阶段=stage2_linear  速度=1.00  直行间隔=180  aim=0.100/lead  rotate=-0.07
[进度] 12,189,696/100,000,000 (12.2%)  FPS≈1261  阶段=stage2_linear  速度=1.00  直行间隔=180  aim=0.100/lead  rotate=-0.07
[进度] 12,206,080/100,000,000 (12.2%)  FPS≈1310  阶段=stage2_linear  速度=1.00  直行间隔=180  aim=0.100/lead  rotate=-0.07
[进度] 12,222,464/100,000,000 (12.2%)  FPS≈1378  阶段=stage2_linear  速度=1.00  直行间隔=180  aim=0.100/lead  rotate=-0.07
[进度] 12,238,848/100,000,000 (12.2%)  FPS≈1455  阶段=stage2_linear  速度=1.00  直行间隔=180  aim=0.100/lead  rotate=-0.07
[进度] 12,255,232/100,000,000 (12.3%)  FPS≈1540  阶段=stage2_linear  速度=1.00  直行间隔=180  aim=0.100/lead  rotate=-0.07
[进度] 12,271,616/100,000,000 (12.3%)  FPS≈1403  阶段=stage2_linear  速度=1.00  直行间隔=180  aim=0.100/lead  rotate=-0.07
[存盘] 课程元数据 model_t12271616_stage1_stage2_linear.curriculum.json  stage=stage2_linear  bot=linear v=1.00
[存盘] runs/curriculum_aim/20260922_225205/checkpoints/model_t12271616_stage1_stage2_linear.zip
[评测] 开始（100 局）…
  [评测进度] 10/100  kill(命中/开火)=0.275  direct(直击/开火)=0.200  弹数=40
  [评测进度] 20/100  kill(命中/开火)=0.256  direct(直击/开火)=0.171  弹数=82
  [评测进度] 30/100  kill(命中/开火)=0.262  direct(直击/开火)=0.154  弹数=130
  [评测进度] 40/100  kill(命中/开火)=0.281  direct(直击/开火)=0.168  弹数=167
  [评测进度] 50/100  kill(命中/开火)=0.283  direct(直击/开火)=0.166  弹数=205
  [评测进度] 60/100  kill(命中/开火)=0.291  direct(直击/开火)=0.177  弹数=237
  [评测进度] 70/100  kill(命中/开火)=0.297  direct(直击/开火)=0.168  弹数=279
  [评测进度] 80/100  kill(命中/开火)=0.288  direct(直击/开火)=0.164  弹数=323
  [评测进度] 90/100  kill(命中/开火)=0.282  direct(直击/开火)=0.166  弹数=362
  [评测进度] 100/100  kill(命中/开火)=0.279  direct(直击/开火)=0.162  弹数=402
------------------------------------------------------------
[评测] 阶段=stage2_linear  局数=100
  kill_rate(命中/开火) = 0.279  hit_rate(直击/开火) = 0.162  中位TTK = 438
  TTK口径     : 首直击步数；无直击=该局结束步数（评测步限封顶）
  晋级条件 直击/开火 hit_rate≥0.06  当前=0.162  → 指标达标
  附加门槛 : 需对手速度≥1.00（当前=1.00）
  转向阶梯中 : phase=3  rotate=-0.07  （此期间不晋级下一阶段，只按 hit_rate 下调转向）
  未晋级阶段：转向阶梯进行中（属预期）
------------------------------------------------------------
[进度] 12,288,000/100,000,000 (12.3%)  FPS≈1405  阶段=stage2_linear  速度=1.00  直行间隔=180  aim=0.100/lead  rotate=-0.07
[进度] 12,304,384/100,000,000 (12.3%)  FPS≈1538  阶段=stage2_linear  速度=1.00  直行间隔=180  aim=0.100/lead  rotate=-0.07
[进度] 12,320,768/100,000,000 (12.3%)  FPS≈1405  阶段=stage2_linear  速度=1.00  直行间隔=180  aim=0.100/lead  rotate=-0.07
[进度] 12,337,152/100,000,000 (12.3%)  FPS≈1308  阶段=stage2_linear  速度=1.00  直行间隔=180  aim=0.100/lead  rotate=-0.07
[进度] 12,353,536/100,000,000 (12.4%)  FPS≈1387  阶段=stage2_linear  速度=1.00  直行间隔=180  aim=0.100/lead  rotate=-0.07
[进度] 12,369,920/100,000,000 (12.4%)  FPS≈1308  阶段=stage2_linear  速度=1.00  直行间隔=180  aim=0.100/lead  rotate=-0.07
[进度] 12,386,304/100,000,000 (12.4%)  FPS≈1423  阶段=stage2_linear  速度=1.00  直行间隔=180  aim=0.100/lead  rotate=-0.07
[存盘] 课程元数据 model_t12386304_stage1_stage2_linear.curriculum.json  stage=stage2_linear  bot=linear v=1.00
[存盘] runs/curriculum_aim/20260922_225205/checkpoints/model_t12386304_stage1_stage2_linear.zip
[评测] 开始（100 局）…
  [评测进度] 10/100  kill(命中/开火)=0.324  direct(直击/开火)=0.206  弹数=34
  [评测进度] 20/100  kill(命中/开火)=0.371  direct(直击/开火)=0.200  弹数=70
  [评测进度] 30/100  kill(命中/开火)=0.333  direct(直击/开火)=0.171  弹数=117
  [评测进度] 40/100  kill(命中/开火)=0.301  direct(直击/开火)=0.153  弹数=163
  [评测进度] 50/100  kill(命中/开火)=0.333  direct(直击/开火)=0.172  弹数=198
  [评测进度] 60/100  kill(命中/开火)=0.321  direct(直击/开火)=0.160  弹数=243
  [评测进度] 70/100  kill(命中/开火)=0.314  direct(直击/开火)=0.153  弹数=287
  [评测进度] 80/100  kill(命中/开火)=0.312  direct(直击/开火)=0.150  弹数=333
  [评测进度] 90/100  kill(命中/开火)=0.315  direct(直击/开火)=0.155  弹数=375
  [评测进度] 100/100  kill(命中/开火)=0.312  direct(直击/开火)=0.157  弹数=413
------------------------------------------------------------
[评测] 阶段=stage2_linear  局数=100
  kill_rate(命中/开火) = 0.312  hit_rate(直击/开火) = 0.157  中位TTK = 388
  TTK口径     : 首直击步数；无直击=该局结束步数（评测步限封顶）
  晋级条件 直击/开火 hit_rate≥0.06  当前=0.157  → 指标达标
  附加门槛 : 需对手速度≥1.00（当前=1.00）
  转向阶梯中 : phase=3  rotate=-0.07  （此期间不晋级下一阶段，只按 hit_rate 下调转向）
  未晋级阶段：转向阶梯进行中（属预期）
------------------------------------------------------------
[进度] 12,402,688/100,000,000 (12.4%)  FPS≈1385  阶段=stage2_linear  速度=1.00  直行间隔=180  aim=0.100/lead  rotate=-0.07
[进度] 12,419,072/100,000,000 (12.4%)  FPS≈1282  阶段=stage2_linear  速度=1.00  直行间隔=180  aim=0.100/lead  rotate=-0.07
[进度] 12,435,456/100,000,000 (12.4%)  FPS≈1424  阶段=stage2_linear  速度=1.00  直行间隔=180  aim=0.100/lead  rotate=-0.07
[进度] 12,451,840/100,000,000 (12.5%)  FPS≈1346  阶段=stage2_linear  速度=1.00  直行间隔=180  aim=0.100/lead  rotate=-0.07
[进度] 12,468,224/100,000,000 (12.5%)  FPS≈1469  阶段=stage2_linear  速度=1.00  直行间隔=180  aim=0.100/lead  rotate=-0.07
[进度] 12,484,608/100,000,000 (12.5%)  FPS≈1319  阶段=stage2_linear  速度=1.00  直行间隔=180  aim=0.100/lead  rotate=-0.07
[进度] 12,500,992/100,000,000 (12.5%)  FPS≈1433  阶段=stage2_linear  速度=1.00  直行间隔=180  aim=0.100/lead  rotate=-0.07
[存盘] 课程元数据 model_t12500992_stage1_stage2_linear.curriculum.json  stage=stage2_linear  bot=linear v=1.00
[存盘] runs/curriculum_aim/20260922_225205/checkpoints/model_t12500992_stage1_stage2_linear.zip
[评测] 开始（100 局）…
  [评测进度] 10/100  kill(命中/开火)=0.355  direct(直击/开火)=0.258  弹数=31
  [评测进度] 20/100  kill(命中/开火)=0.329  direct(直击/开火)=0.171  弹数=76
  [评测进度] 30/100  kill(命中/开火)=0.336  direct(直击/开火)=0.177  弹数=113
  [评测进度] 40/100  kill(命中/开火)=0.301  direct(直击/开火)=0.157  弹数=153
  [评测进度] 50/100  kill(命中/开火)=0.295  direct(直击/开火)=0.150  弹数=193
  [评测进度] 60/100  kill(命中/开火)=0.317  direct(直击/开火)=0.152  弹数=230
  [评测进度] 70/100  kill(命中/开火)=0.336  direct(直击/开火)=0.164  弹数=262
  [评测进度] 80/100  kill(命中/开火)=0.341  direct(直击/开火)=0.172  弹数=296
  [评测进度] 90/100  kill(命中/开火)=0.334  direct(直击/开火)=0.167  弹数=335
  [评测进度] 100/100  kill(命中/开火)=0.327  direct(直击/开火)=0.157  弹数=382
------------------------------------------------------------
[评测] 阶段=stage2_linear  局数=100
  kill_rate(命中/开火) = 0.327  hit_rate(直击/开火) = 0.157  中位TTK = 470
  TTK口径     : 首直击步数；无直击=该局结束步数（评测步限封顶）
  晋级条件 直击/开火 hit_rate≥0.06  当前=0.157  → 指标达标
  附加门槛 : 需对手速度≥1.00（当前=1.00）
  转向阶梯中 : phase=3  rotate=-0.07  （此期间不晋级下一阶段，只按 hit_rate 下调转向）
  未晋级阶段：转向阶梯进行中（属预期）
------------------------------------------------------------
[进度] 12,517,376/100,000,000 (12.5%)  FPS≈1445  阶段=stage2_linear  速度=1.00  直行间隔=180  aim=0.100/lead  rotate=-0.07
[进度] 12,533,760/100,000,000 (12.5%)  FPS≈1453  阶段=stage2_linear  速度=1.00  直行间隔=180  aim=0.100/lead  rotate=-0.07
[进度] 12,550,144/100,000,000 (12.6%)  FPS≈1470  阶段=stage2_linear  速度=1.00  直行间隔=180  aim=0.100/lead  rotate=-0.07
[进度] 12,566,528/100,000,000 (12.6%)  FPS≈1445  阶段=stage2_linear  速度=1.00  直行间隔=180  aim=0.100/lead  rotate=-0.07
[进度] 12,582,912/100,000,000 (12.6%)  FPS≈1498  阶段=stage2_linear  速度=1.00  直行间隔=180  aim=0.100/lead  rotate=-0.07
[进度] 12,599,296/100,000,000 (12.6%)  FPS≈1272  阶段=stage2_linear  速度=1.00  直行间隔=180  aim=0.100/lead  rotate=-0.07
[进度] 12,615,680/100,000,000 (12.6%)  FPS≈1297  阶段=stage2_linear  速度=1.00  直行间隔=180  aim=0.100/lead  rotate=-0.07
[存盘] 课程元数据 model_t12615680_stage1_stage2_linear.curriculum.json  stage=stage2_linear  bot=linear v=1.00
[存盘] runs/curriculum_aim/20260922_225205/checkpoints/model_t12615680_stage1_stage2_linear.zip
[评测] 开始（100 局）…
  [评测进度] 10/100  kill(命中/开火)=0.382  direct(直击/开火)=0.147  弹数=34
  [评测进度] 20/100  kill(命中/开火)=0.287  direct(直击/开火)=0.125  弹数=80
  [评测进度] 30/100  kill(命中/开火)=0.304  direct(直击/开火)=0.152  弹数=112
  [评测进度] 40/100  kill(命中/开火)=0.273  direct(直击/开火)=0.136  弹数=154
  [评测进度] 50/100  kill(命中/开火)=0.259  direct(直击/开火)=0.127  弹数=205
  [评测进度] 60/100  kill(命中/开火)=0.283  direct(直击/开火)=0.138  弹数=240
  [评测进度] 70/100  kill(命中/开火)=0.270  direct(直击/开火)=0.130  弹数=285
  [评测进度] 80/100  kill(命中/开火)=0.265  direct(直击/开火)=0.126  弹数=325
  [评测进度] 90/100  kill(命中/开火)=0.273  direct(直击/开火)=0.133  弹数=362
  [评测进度] 100/100  kill(命中/开火)=0.278  direct(直击/开火)=0.135  弹数=400
------------------------------------------------------------
[评测] 阶段=stage2_linear  局数=100
  kill_rate(命中/开火) = 0.278  hit_rate(直击/开火) = 0.135  中位TTK = 572
  TTK口径     : 首直击步数；无直击=该局结束步数（评测步限封顶）
  晋级条件 直击/开火 hit_rate≥0.06  当前=0.135  → 指标达标
  附加门槛 : 需对手速度≥1.00（当前=1.00）
  转向阶梯中 : phase=3  rotate=-0.07  （此期间不晋级下一阶段，只按 hit_rate 下调转向）
  未晋级阶段：转向阶梯进行中（属预期）
------------------------------------------------------------
[进度] 12,632,064/100,000,000 (12.6%)  FPS≈1347  阶段=stage2_linear  速度=1.00  直行间隔=180  aim=0.100/lead  rotate=-0.07
[进度] 12,648,448/100,000,000 (12.6%)  FPS≈1454  阶段=stage2_linear  速度=1.00  直行间隔=180  aim=0.100/lead  rotate=-0.07
[进度] 12,664,832/100,000,000 (12.7%)  FPS≈1521  阶段=stage2_linear  速度=1.00  直行间隔=180  aim=0.100/lead  rotate=-0.07
[进度] 12,681,216/100,000,000 (12.7%)  FPS≈1325  阶段=stage2_linear  速度=1.00  直行间隔=180  aim=0.100/lead  rotate=-0.07
[进度] 12,697,600/100,000,000 (12.7%)  FPS≈1262  阶段=stage2_linear  速度=1.00  直行间隔=180  aim=0.100/lead  rotate=-0.07
[进度] 12,713,984/100,000,000 (12.7%)  FPS≈1337  阶段=stage2_linear  速度=1.00  直行间隔=180  aim=0.100/lead  rotate=-0.07
[进度] 12,730,368/100,000,000 (12.7%)  FPS≈1555  阶段=stage2_linear  速度=1.00  直行间隔=180  aim=0.100/lead  rotate=-0.07
[存盘] 课程元数据 model_t12730368_stage1_stage2_linear.curriculum.json  stage=stage2_linear  bot=linear v=1.00
[存盘] runs/curriculum_aim/20260922_225205/checkpoints/model_t12730368_stage1_stage2_linear.zip
[评测] 开始（100 局）…
  [评测进度] 10/100  kill(命中/开火)=0.344  direct(直击/开火)=0.094  弹数=32
  [评测进度] 20/100  kill(命中/开火)=0.329  direct(直击/开火)=0.068  弹数=73
  [评测进度] 30/100  kill(命中/开火)=0.358  direct(直击/开火)=0.113  弹数=106
  [评测进度] 40/100  kill(命中/开火)=0.368  direct(直击/开火)=0.147  弹数=136
  [评测进度] 50/100  kill(命中/开火)=0.377  direct(直击/开火)=0.162  弹数=167
  [评测进度] 60/100  kill(命中/开火)=0.356  direct(直击/开火)=0.149  弹数=208
  [评测进度] 70/100  kill(命中/开火)=0.340  direct(直击/开火)=0.144  弹数=250
  [评测进度] 80/100  kill(命中/开火)=0.349  direct(直击/开火)=0.148  弹数=284
  [评测进度] 90/100  kill(命中/开火)=0.342  direct(直击/开火)=0.140  弹数=322
  [评测进度] 100/100  kill(命中/开火)=0.336  direct(直击/开火)=0.136  弹数=360
------------------------------------------------------------
[评测] 阶段=stage2_linear  局数=100
  kill_rate(命中/开火) = 0.336  hit_rate(直击/开火) = 0.136  中位TTK = 600
  TTK口径     : 首直击步数；无直击=该局结束步数（评测步限封顶）
  晋级条件 直击/开火 hit_rate≥0.06  当前=0.136  → 指标达标
  附加门槛 : 需对手速度≥1.00（当前=1.00）
  转向阶梯中 : phase=3  rotate=-0.07  （此期间不晋级下一阶段，只按 hit_rate 下调转向）
  未晋级阶段：转向阶梯进行中（属预期）
------------------------------------------------------------
[进度] 12,746,752/100,000,000 (12.7%)  FPS≈1380  阶段=stage2_linear  速度=1.00  直行间隔=180  aim=0.100/lead  rotate=-0.07
[进度] 12,763,136/100,000,000 (12.8%)  FPS≈1346  阶段=stage2_linear  速度=1.00  直行间隔=180  aim=0.100/lead  rotate=-0.07
[进度] 12,779,520/100,000,000 (12.8%)  FPS≈1547  阶段=stage2_linear  速度=1.00  直行间隔=180  aim=0.100/lead  rotate=-0.07
[进度] 12,795,904/100,000,000 (12.8%)  FPS≈1561  阶段=stage2_linear  速度=1.00  直行间隔=180  aim=0.100/lead  rotate=-0.07
[进度] 12,812,288/100,000,000 (12.8%)  FPS≈1374  阶段=stage2_linear  速度=1.00  直行间隔=180  aim=0.100/lead  rotate=-0.07
[进度] 12,828,672/100,000,000 (12.8%)  FPS≈1302  阶段=stage2_linear  速度=1.00  直行间隔=180  aim=0.100/lead  rotate=-0.07
[进度] 12,845,056/100,000,000 (12.8%)  FPS≈1489  阶段=stage2_linear  速度=1.00  直行间隔=180  aim=0.100/lead  rotate=-0.07
[存盘] 课程元数据 model_t12845056_stage1_stage2_linear.curriculum.json  stage=stage2_linear  bot=linear v=1.00
[存盘] runs/curriculum_aim/20260922_225205/checkpoints/model_t12845056_stage1_stage2_linear.zip
[评测] 开始（100 局）…
  [评测进度] 10/100  kill(命中/开火)=0.303  direct(直击/开火)=0.121  弹数=33
  [评测进度] 20/100  kill(命中/开火)=0.321  direct(直击/开火)=0.132  弹数=53
  [评测进度] 30/100  kill(命中/开火)=0.311  direct(直击/开火)=0.149  弹数=74
  [评测进度] 40/100  kill(命中/开火)=0.257  direct(直击/开火)=0.129  弹数=101
  [评测进度] 50/100  kill(命中/开火)=0.290  direct(直击/开火)=0.153  弹数=124
  [评测进度] 60/100  kill(命中/开火)=0.307  direct(直击/开火)=0.160  弹数=150
  [评测进度] 70/100  kill(命中/开火)=0.295  direct(直击/开火)=0.145  弹数=173
  [评测进度] 80/100  kill(命中/开火)=0.313  direct(直击/开火)=0.144  弹数=195
  [评测进度] 90/100  kill(命中/开火)=0.309  direct(直击/开火)=0.148  弹数=223
  [评测进度] 100/100  kill(命中/开火)=0.325  direct(直击/开火)=0.147  弹数=252
------------------------------------------------------------
[评测] 阶段=stage2_linear  局数=100
  kill_rate(命中/开火) = 0.325  hit_rate(直击/开火) = 0.147  中位TTK = 600
  TTK口径     : 首直击步数；无直击=该局结束步数（评测步限封顶）
  晋级条件 直击/开火 hit_rate≥0.06  当前=0.147  → 指标达标
  附加门槛 : 需对手速度≥1.00（当前=1.00）
  转向阶梯中 : phase=3  rotate=-0.07  （此期间不晋级下一阶段，只按 hit_rate 下调转向）
  未晋级阶段：转向阶梯进行中（属预期）
------------------------------------------------------------
[进度] 12,861,440/100,000,000 (12.9%)  FPS≈1366  阶段=stage2_linear  速度=1.00  直行间隔=180  aim=0.100/lead  rotate=-0.07
[进度] 12,877,824/100,000,000 (12.9%)  FPS≈1294  阶段=stage2_linear  速度=1.00  直行间隔=180  aim=0.100/lead  rotate=-0.07
[进度] 12,894,208/100,000,000 (12.9%)  FPS≈1283  阶段=stage2_linear  速度=1.00  直行间隔=180  aim=0.100/lead  rotate=-0.07
[进度] 12,910,592/100,000,000 (12.9%)  FPS≈1232  阶段=stage2_linear  速度=1.00  直行间隔=180  aim=0.100/lead  rotate=-0.07
[进度] 12,926,976/100,000,000 (12.9%)  FPS≈1362  阶段=stage2_linear  速度=1.00  直行间隔=180  aim=0.100/lead  rotate=-0.07
[进度] 12,943,360/100,000,000 (12.9%)  FPS≈1271  阶段=stage2_linear  速度=1.00  直行间隔=180  aim=0.100/lead  rotate=-0.07
[进度] 12,959,744/100,000,000 (13.0%)  FPS≈1362  阶段=stage2_linear  速度=1.00  直行间隔=180  aim=0.100/lead  rotate=-0.07
[存盘] 课程元数据 model_t12959744_stage1_stage2_linear.curriculum.json  stage=stage2_linear  bot=linear v=1.00
[存盘] runs/curriculum_aim/20260922_225205/checkpoints/model_t12959744_stage1_stage2_linear.zip
[评测] 开始（100 局）…
  [评测进度] 10/100  kill(命中/开火)=0.130  direct(直击/开火)=0.043  弹数=23
  [评测进度] 20/100  kill(命中/开火)=0.184  direct(直击/开火)=0.102  弹数=49
  [评测进度] 30/100  kill(命中/开火)=0.156  direct(直击/开火)=0.078  弹数=64
  [评测进度] 40/100  kill(命中/开火)=0.217  direct(直击/开火)=0.084  弹数=83
  [评测进度] 50/100  kill(命中/开火)=0.252  direct(直击/开火)=0.081  弹数=111
  [评测进度] 60/100  kill(命中/开火)=0.254  direct(直击/开火)=0.077  弹数=130
  [评测进度] 70/100  kill(命中/开火)=0.262  direct(直击/开火)=0.083  弹数=145
  [评测进度] 80/100  kill(命中/开火)=0.276  direct(直击/开火)=0.100  弹数=170
  [评测进度] 90/100  kill(命中/开火)=0.283  direct(直击/开火)=0.096  弹数=198
  [评测进度] 100/100  kill(命中/开火)=0.300  direct(直击/开火)=0.101  弹数=217
------------------------------------------------------------
[评测] 阶段=stage2_linear  局数=100
  kill_rate(命中/开火) = 0.300  hit_rate(直击/开火) = 0.101  中位TTK = 600
  TTK口径     : 首直击步数；无直击=该局结束步数（评测步限封顶）
  晋级条件 直击/开火 hit_rate≥0.06  当前=0.101  → 指标达标
  附加门槛 : 需对手速度≥1.00（当前=1.00）
  转向阶梯中 : phase=3  rotate=-0.07  （此期间不晋级下一阶段，只按 hit_rate 下调转向）
  未晋级阶段：转向阶梯进行中（属预期）
------------------------------------------------------------
[进度] 12,976,128/100,000,000 (13.0%)  FPS≈1504  阶段=stage2_linear  速度=1.00  直行间隔=180  aim=0.100/lead  rotate=-0.07
[进度] 12,992,512/100,000,000 (13.0%)  FPS≈1522  阶段=stage2_linear  速度=1.00  直行间隔=180  aim=0.100/lead  rotate=-0.07
[进度] 13,008,896/100,000,000 (13.0%)  FPS≈1374  阶段=stage2_linear  速度=1.00  直行间隔=180  aim=0.100/lead  rotate=-0.07
[进度] 13,025,280/100,000,000 (13.0%)  FPS≈1386  阶段=stage2_linear  速度=1.00  直行间隔=180  aim=0.100/lead  rotate=-0.07
[进度] 13,041,664/100,000,000 (13.0%)  FPS≈1360  阶段=stage2_linear  速度=1.00  直行间隔=180  aim=0.100/lead  rotate=-0.07
[进度] 13,058,048/100,000,000 (13.1%)  FPS≈1289  阶段=stage2_linear  速度=1.00  直行间隔=180  aim=0.100/lead  rotate=-0.07
[进度] 13,074,432/100,000,000 (13.1%)  FPS≈1480  阶段=stage2_linear  速度=1.00  直行间隔=180  aim=0.100/lead  rotate=-0.07
[存盘] 课程元数据 model_t13074432_stage1_stage2_linear.curriculum.json  stage=stage2_linear  bot=linear v=1.00
[存盘] runs/curriculum_aim/20260922_225205/checkpoints/model_t13074432_stage1_stage2_linear.zip
[评测] 开始（100 局）…
  [评测进度] 10/100  kill(命中/开火)=0.371  direct(直击/开火)=0.229  弹数=35
  [评测进度] 20/100  kill(命中/开火)=0.333  direct(直击/开火)=0.181  弹数=72
  [评测进度] 30/100  kill(命中/开火)=0.303  direct(直击/开火)=0.147  弹数=109
  [评测进度] 40/100  kill(命中/开火)=0.291  direct(直击/开火)=0.120  弹数=158
  [评测进度] 50/100  kill(命中/开火)=0.282  direct(直击/开火)=0.128  弹数=188
  [评测进度] 60/100  kill(命中/开火)=0.300  direct(直击/开火)=0.143  弹数=217
  [评测进度] 70/100  kill(命中/开火)=0.323  direct(直击/开火)=0.145  弹数=248
  [评测进度] 80/100  kill(命中/开火)=0.317  direct(直击/开火)=0.149  弹数=281
  [评测进度] 90/100  kill(命中/开火)=0.303  direct(直击/开火)=0.146  弹数=314
  [评测进度] 100/100  kill(命中/开火)=0.303  direct(直击/开火)=0.146  弹数=350
------------------------------------------------------------
[评测] 阶段=stage2_linear  局数=100
  kill_rate(命中/开火) = 0.303  hit_rate(直击/开火) = 0.146  中位TTK = 583
  TTK口径     : 首直击步数；无直击=该局结束步数（评测步限封顶）
  晋级条件 直击/开火 hit_rate≥0.06  当前=0.146  → 指标达标
  附加门槛 : 需对手速度≥1.00（当前=1.00）
  转向阶梯中 : phase=3  rotate=-0.07  （此期间不晋级下一阶段，只按 hit_rate 下调转向）
  未晋级阶段：转向阶梯进行中（属预期）
------------------------------------------------------------
[进度] 13,090,816/100,000,000 (13.1%)  FPS≈1507  阶段=stage2_linear  速度=1.00  直行间隔=180  aim=0.100/lead  rotate=-0.07
[进度] 13,107,200/100,000,000 (13.1%)  FPS≈1545  阶段=stage2_linear  速度=1.00  直行间隔=180  aim=0.100/lead  rotate=-0.07
[进度] 13,123,584/100,000,000 (13.1%)  FPS≈1243  阶段=stage2_linear  速度=1.00  直行间隔=180  aim=0.100/lead  rotate=-0.07
[进度] 13,139,968/100,000,000 (13.1%)  FPS≈1374  阶段=stage2_linear  速度=1.00  直行间隔=180  aim=0.100/lead  rotate=-0.07
[进度] 13,156,352/100,000,000 (13.2%)  FPS≈1477  阶段=stage2_linear  速度=1.00  直行间隔=180  aim=0.100/lead  rotate=-0.07
[进度] 13,172,736/100,000,000 (13.2%)  FPS≈1559  阶段=stage2_linear  速度=1.00  直行间隔=180  aim=0.100/lead  rotate=-0.07
[进度] 13,189,120/100,000,000 (13.2%)  FPS≈1274  阶段=stage2_linear  速度=1.00  直行间隔=180  aim=0.100/lead  rotate=-0.07
[存盘] 课程元数据 model_t13189120_stage1_stage2_linear.curriculum.json  stage=stage2_linear  bot=linear v=1.00
[存盘] runs/curriculum_aim/20260922_225205/checkpoints/model_t13189120_stage1_stage2_linear.zip
[评测] 开始（100 局）…
  [评测进度] 10/100  kill(命中/开火)=0.270  direct(直击/开火)=0.162  弹数=37
  [评测进度] 20/100  kill(命中/开火)=0.288  direct(直击/开火)=0.137  弹数=73
  [评测进度] 30/100  kill(命中/开火)=0.330  direct(直击/开火)=0.143  弹数=112
  [评测进度] 40/100  kill(命中/开火)=0.318  direct(直击/开火)=0.146  弹数=151
  [评测进度] 50/100  kill(命中/开火)=0.323  direct(直击/开火)=0.140  弹数=186
  [评测进度] 60/100  kill(命中/开火)=0.340  direct(直击/开火)=0.151  弹数=212
  [评测进度] 70/100  kill(命中/开火)=0.338  direct(直击/开火)=0.158  弹数=240
  [评测进度] 80/100  kill(命中/开火)=0.309  direct(直击/开火)=0.145  弹数=282
  [评测进度] 90/100  kill(命中/开火)=0.313  direct(直击/开火)=0.153  弹数=307
  [评测进度] 100/100  kill(命中/开火)=0.318  direct(直击/开火)=0.156  弹数=346
------------------------------------------------------------
[评测] 阶段=stage2_linear  局数=100
  kill_rate(命中/开火) = 0.318  hit_rate(直击/开火) = 0.156  中位TTK = 516
  TTK口径     : 首直击步数；无直击=该局结束步数（评测步限封顶）
  晋级条件 直击/开火 hit_rate≥0.06  当前=0.156  → 指标达标
  附加门槛 : 需对手速度≥1.00（当前=1.00）
  转向阶梯中 : phase=3  rotate=-0.07  （此期间不晋级下一阶段，只按 hit_rate 下调转向）
  未晋级阶段：转向阶梯进行中（属预期）
------------------------------------------------------------
[进度] 13,205,504/100,000,000 (13.2%)  FPS≈1423  阶段=stage2_linear  速度=1.00  直行间隔=180  aim=0.100/lead  rotate=-0.07
[进度] 13,221,888/100,000,000 (13.2%)  FPS≈1482  阶段=stage2_linear  速度=1.00  直行间隔=180  aim=0.100/lead  rotate=-0.07
[进度] 13,238,272/100,000,000 (13.2%)  FPS≈1398  阶段=stage2_linear  速度=1.00  直行间隔=180  aim=0.100/lead  rotate=-0.07
[进度] 13,254,656/100,000,000 (13.3%)  FPS≈1446  阶段=stage2_linear  速度=1.00  直行间隔=180  aim=0.100/lead  rotate=-0.07
[进度] 13,271,040/100,000,000 (13.3%)  FPS≈1471  阶段=stage2_linear  速度=1.00  直行间隔=180  aim=0.100/lead  rotate=-0.07
[进度] 13,287,424/100,000,000 (13.3%)  FPS≈1489  阶段=stage2_linear  速度=1.00  直行间隔=180  aim=0.100/lead  rotate=-0.07
[进度] 13,303,808/100,000,000 (13.3%)  FPS≈1458  阶段=stage2_linear  速度=1.00  直行间隔=180  aim=0.100/lead  rotate=-0.07
[存盘] 课程元数据 model_t13303808_stage1_stage2_linear.curriculum.json  stage=stage2_linear  bot=linear v=1.00
[存盘] runs/curriculum_aim/20260922_225205/checkpoints/model_t13303808_stage1_stage2_linear.zip
[评测] 开始（100 局）…
  [评测进度] 10/100  kill(命中/开火)=0.244  direct(直击/开火)=0.089  弹数=45
  [评测进度] 20/100  kill(命中/开火)=0.305  direct(直击/开火)=0.122  弹数=82
  [评测进度] 30/100  kill(命中/开火)=0.290  direct(直击/开火)=0.113  弹数=124
  [评测进度] 40/100  kill(命中/开火)=0.294  direct(直击/开火)=0.106  弹数=170
  [评测进度] 50/100  kill(命中/开火)=0.289  direct(直击/开火)=0.118  弹数=211
  [评测进度] 60/100  kill(命中/开火)=0.271  direct(直击/开火)=0.115  弹数=262
  [评测进度] 70/100  kill(命中/开火)=0.280  direct(直击/开火)=0.135  弹数=289
  [评测进度] 80/100  kill(命中/开火)=0.279  direct(直击/开火)=0.123  弹数=341
  [评测进度] 90/100  kill(命中/开火)=0.286  direct(直击/开火)=0.127  弹数=378
  [评测进度] 100/100  kill(命中/开火)=0.282  direct(直击/开火)=0.132  弹数=418
------------------------------------------------------------
[评测] 阶段=stage2_linear  局数=100
  kill_rate(命中/开火) = 0.282  hit_rate(直击/开火) = 0.132  中位TTK = 498
  TTK口径     : 首直击步数；无直击=该局结束步数（评测步限封顶）
  晋级条件 直击/开火 hit_rate≥0.06  当前=0.132  → 指标达标
  附加门槛 : 需对手速度≥1.00（当前=1.00）
  转向阶梯中 : phase=3  rotate=-0.07  （此期间不晋级下一阶段，只按 hit_rate 下调转向）
  未晋级阶段：转向阶梯进行中（属预期）
------------------------------------------------------------
[进度] 13,320,192/100,000,000 (13.3%)  FPS≈1321  阶段=stage2_linear  速度=1.00  直行间隔=180  aim=0.100/lead  rotate=-0.07
[进度] 13,336,576/100,000,000 (13.3%)  FPS≈1416  阶段=stage2_linear  速度=1.00  直行间隔=180  aim=0.100/lead  rotate=-0.07
[进度] 13,352,960/100,000,000 (13.4%)  FPS≈1467  阶段=stage2_linear  速度=1.00  直行间隔=180  aim=0.100/lead  rotate=-0.07
[进度] 13,369,344/100,000,000 (13.4%)  FPS≈1431  阶段=stage2_linear  速度=1.00  直行间隔=180  aim=0.100/lead  rotate=-0.07
[进度] 13,385,728/100,000,000 (13.4%)  FPS≈1347  阶段=stage2_linear  速度=1.00  直行间隔=180  aim=0.100/lead  rotate=-0.07
[进度] 13,402,112/100,000,000 (13.4%)  FPS≈1389  阶段=stage2_linear  速度=1.00  直行间隔=180  aim=0.100/lead  rotate=-0.07
[进度] 13,418,496/100,000,000 (13.4%)  FPS≈1202  阶段=stage2_linear  速度=1.00  直行间隔=180  aim=0.100/lead  rotate=-0.07
[存盘] 课程元数据 model_t13418496_stage1_stage2_linear.curriculum.json  stage=stage2_linear  bot=linear v=1.00
[存盘] runs/curriculum_aim/20260922_225205/checkpoints/model_t13418496_stage1_stage2_linear.zip
[评测] 开始（100 局）…
  [评测进度] 10/100  kill(命中/开火)=0.273  direct(直击/开火)=0.136  弹数=44
  [评测进度] 20/100  kill(命中/开火)=0.278  direct(直击/开火)=0.072  弹数=97
  [评测进度] 30/100  kill(命中/开火)=0.275  direct(直击/开火)=0.094  弹数=138
  [评测进度] 40/100  kill(命中/开火)=0.282  direct(直击/开火)=0.102  弹数=177
  [评测进度] 50/100  kill(命中/开火)=0.286  direct(直击/开火)=0.100  弹数=220
  [评测进度] 60/100  kill(命中/开火)=0.267  direct(直击/开火)=0.094  弹数=266
  [评测进度] 70/100  kill(命中/开火)=0.278  direct(直击/开火)=0.100  弹数=309
  [评测进度] 80/100  kill(命中/开火)=0.273  direct(直击/开火)=0.108  弹数=344
  [评测进度] 90/100  kill(命中/开火)=0.280  direct(直击/开火)=0.109  弹数=386
  [评测进度] 100/100  kill(命中/开火)=0.284  direct(直击/开火)=0.114  弹数=429
------------------------------------------------------------
[评测] 阶段=stage2_linear  局数=100
  kill_rate(命中/开火) = 0.284  hit_rate(直击/开火) = 0.114  中位TTK = 600
  TTK口径     : 首直击步数；无直击=该局结束步数（评测步限封顶）
  晋级条件 直击/开火 hit_rate≥0.06  当前=0.114  → 指标达标
  附加门槛 : 需对手速度≥1.00（当前=1.00）
  转向阶梯中 : phase=3  rotate=-0.07  （此期间不晋级下一阶段，只按 hit_rate 下调转向）
  未晋级阶段：转向阶梯进行中（属预期）
------------------------------------------------------------
[进度] 13,434,880/100,000,000 (13.4%)  FPS≈1449  阶段=stage2_linear  速度=1.00  直行间隔=180  aim=0.100/lead  rotate=-0.07
[进度] 13,451,264/100,000,000 (13.5%)  FPS≈1519  阶段=stage2_linear  速度=1.00  直行间隔=180  aim=0.100/lead  rotate=-0.07
[进度] 13,467,648/100,000,000 (13.5%)  FPS≈1458  阶段=stage2_linear  速度=1.00  直行间隔=180  aim=0.100/lead  rotate=-0.07
[进度] 13,484,032/100,000,000 (13.5%)  FPS≈1485  阶段=stage2_linear  速度=1.00  直行间隔=180  aim=0.100/lead  rotate=-0.07
[进度] 13,500,416/100,000,000 (13.5%)  FPS≈1462  阶段=stage2_linear  速度=1.00  直行间隔=180  aim=0.100/lead  rotate=-0.07
[进度] 13,516,800/100,000,000 (13.5%)  FPS≈1378  阶段=stage2_linear  速度=1.00  直行间隔=180  aim=0.100/lead  rotate=-0.07
[进度] 13,533,184/100,000,000 (13.5%)  FPS≈1246  阶段=stage2_linear  速度=1.00  直行间隔=180  aim=0.100/lead  rotate=-0.07
[存盘] 课程元数据 model_t13533184_stage1_stage2_linear.curriculum.json  stage=stage2_linear  bot=linear v=1.00
[存盘] runs/curriculum_aim/20260922_225205/checkpoints/model_t13533184_stage1_stage2_linear.zip
[评测] 开始（100 局）…
  [评测进度] 10/100  kill(命中/开火)=0.205  direct(直击/开火)=0.103  弹数=39
  [评测进度] 20/100  kill(命中/开火)=0.266  direct(直击/开火)=0.101  弹数=79
  [评测进度] 30/100  kill(命中/开火)=0.272  direct(直击/开火)=0.104  弹数=125
  [评测进度] 40/100  kill(命中/开火)=0.256  direct(直击/开火)=0.106  弹数=160
  [评测进度] 50/100  kill(命中/开火)=0.255  direct(直击/开火)=0.105  弹数=200
  [评测进度] 60/100  kill(命中/开火)=0.256  direct(直击/开火)=0.120  弹数=234
  [评测进度] 70/100  kill(命中/开火)=0.257  direct(直击/开火)=0.118  弹数=280
  [评测进度] 80/100  kill(命中/开火)=0.262  direct(直击/开火)=0.110  弹数=328
  [评测进度] 90/100  kill(命中/开火)=0.269  direct(直击/开火)=0.119  弹数=361
  [评测进度] 100/100  kill(命中/开火)=0.277  direct(直击/开火)=0.116  弹数=404
------------------------------------------------------------
[评测] 阶段=stage2_linear  局数=100
  kill_rate(命中/开火) = 0.277  hit_rate(直击/开火) = 0.116  中位TTK = 600
  TTK口径     : 首直击步数；无直击=该局结束步数（评测步限封顶）
  晋级条件 直击/开火 hit_rate≥0.06  当前=0.116  → 指标达标
  附加门槛 : 需对手速度≥1.00（当前=1.00）
  转向阶梯中 : phase=3  rotate=-0.07  （此期间不晋级下一阶段，只按 hit_rate 下调转向）
  未晋级阶段：转向阶梯进行中（属预期）
------------------------------------------------------------
[进度] 13,549,568/100,000,000 (13.5%)  FPS≈1481  阶段=stage2_linear  速度=1.00  直行间隔=180  aim=0.100/lead  rotate=-0.07
[进度] 13,565,952/100,000,000 (13.6%)  FPS≈1500  阶段=stage2_linear  速度=1.00  直行间隔=180  aim=0.100/lead  rotate=-0.07
[进度] 13,582,336/100,000,000 (13.6%)  FPS≈1249  阶段=stage2_linear  速度=1.00  直行间隔=180  aim=0.100/lead  rotate=-0.07
[进度] 13,598,720/100,000,000 (13.6%)  FPS≈1251  阶段=stage2_linear  速度=1.00  直行间隔=180  aim=0.100/lead  rotate=-0.07
[进度] 13,615,104/100,000,000 (13.6%)  FPS≈1263  阶段=stage2_linear  速度=1.00  直行间隔=180  aim=0.100/lead  rotate=-0.07
[进度] 13,631,488/100,000,000 (13.6%)  FPS≈1315  阶段=stage2_linear  速度=1.00  直行间隔=180  aim=0.100/lead  rotate=-0.07
[进度] 13,647,872/100,000,000 (13.6%)  FPS≈1447  阶段=stage2_linear  速度=1.00  直行间隔=180  aim=0.100/lead  rotate=-0.07
[存盘] 课程元数据 model_t13647872_stage1_stage2_linear.curriculum.json  stage=stage2_linear  bot=linear v=1.00
[存盘] runs/curriculum_aim/20260922_225205/checkpoints/model_t13647872_stage1_stage2_linear.zip
[评测] 开始（100 局）…
  [评测进度] 10/100  kill(命中/开火)=0.261  direct(直击/开火)=0.109  弹数=46
  [评测进度] 20/100  kill(命中/开火)=0.263  direct(直击/开火)=0.095  弹数=95
  [评测进度] 30/100  kill(命中/开火)=0.248  direct(直击/开火)=0.098  弹数=133
  [评测进度] 40/100  kill(命中/开火)=0.280  direct(直击/开火)=0.093  弹数=182
  [评测进度] 50/100  kill(命中/开火)=0.271  direct(直击/开火)=0.100  弹数=221
  [评测进度] 60/100  kill(命中/开火)=0.264  direct(直击/开火)=0.102  弹数=265
  [评测进度] 70/100  kill(命中/开火)=0.251  direct(直击/开火)=0.100  弹数=311
  [评测进度] 80/100  kill(命中/开火)=0.259  direct(直击/开火)=0.106  弹数=348
  [评测进度] 90/100  kill(命中/开火)=0.268  direct(直击/开火)=0.116  弹数=370
  [评测进度] 100/100  kill(命中/开火)=0.273  direct(直击/开火)=0.117  弹数=411
------------------------------------------------------------
[评测] 阶段=stage2_linear  局数=100
  kill_rate(命中/开火) = 0.273  hit_rate(直击/开火) = 0.117  中位TTK = 600
  TTK口径     : 首直击步数；无直击=该局结束步数（评测步限封顶）
  晋级条件 直击/开火 hit_rate≥0.06  当前=0.117  → 指标达标
  附加门槛 : 需对手速度≥1.00（当前=1.00）
  转向阶梯中 : phase=3  rotate=-0.07  （此期间不晋级下一阶段，只按 hit_rate 下调转向）
  未晋级阶段：转向阶梯进行中（属预期）
------------------------------------------------------------
[进度] 13,664,256/100,000,000 (13.7%)  FPS≈1449  阶段=stage2_linear  速度=1.00  直行间隔=180  aim=0.100/lead  rotate=-0.07
[进度] 13,680,640/100,000,000 (13.7%)  FPS≈1416  阶段=stage2_linear  速度=1.00  直行间隔=180  aim=0.100/lead  rotate=-0.07
[进度] 13,697,024/100,000,000 (13.7%)  FPS≈1424  阶段=stage2_linear  速度=1.00  直行间隔=180  aim=0.100/lead  rotate=-0.07
[进度] 13,713,408/100,000,000 (13.7%)  FPS≈1321  阶段=stage2_linear  速度=1.00  直行间隔=180  aim=0.100/lead  rotate=-0.07
[进度] 13,729,792/100,000,000 (13.7%)  FPS≈1221  阶段=stage2_linear  速度=1.00  直行间隔=180  aim=0.100/lead  rotate=-0.07
[进度] 13,746,176/100,000,000 (13.7%)  FPS≈1480  阶段=stage2_linear  速度=1.00  直行间隔=180  aim=0.100/lead  rotate=-0.07
[进度] 13,762,560/100,000,000 (13.8%)  FPS≈1413  阶段=stage2_linear  速度=1.00  直行间隔=180  aim=0.100/lead  rotate=-0.07
[存盘] 课程元数据 model_t13762560_stage1_stage2_linear.curriculum.json  stage=stage2_linear  bot=linear v=1.00
[存盘] runs/curriculum_aim/20260922_225205/checkpoints/model_t13762560_stage1_stage2_linear.zip
[评测] 开始（100 局）…
  [评测进度] 10/100  kill(命中/开火)=0.200  direct(直击/开火)=0.033  弹数=30
  [评测进度] 20/100  kill(命中/开火)=0.238  direct(直击/开火)=0.095  弹数=63
  [评测进度] 30/100  kill(命中/开火)=0.323  direct(直击/开火)=0.151  弹数=93
  [评测进度] 40/100  kill(命中/开火)=0.305  direct(直击/开火)=0.133  弹数=128
  [评测进度] 50/100  kill(命中/开火)=0.281  direct(直击/开火)=0.117  弹数=171
  [评测进度] 60/100  kill(命中/开火)=0.282  direct(直击/开火)=0.120  弹数=209
  [评测进度] 70/100  kill(命中/开火)=0.273  direct(直击/开火)=0.100  弹数=260
  [评测进度] 80/100  kill(命中/开火)=0.272  direct(直击/开火)=0.101  弹数=298
  [评测进度] 90/100  kill(命中/开火)=0.259  direct(直击/开火)=0.093  弹数=332
  [评测进度] 100/100  kill(命中/开火)=0.267  direct(直击/开火)=0.098  弹数=367
------------------------------------------------------------
[评测] 阶段=stage2_linear  局数=100
  kill_rate(命中/开火) = 0.267  hit_rate(直击/开火) = 0.098  中位TTK = 600
  TTK口径     : 首直击步数；无直击=该局结束步数（评测步限封顶）
  晋级条件 直击/开火 hit_rate≥0.06  当前=0.098  → 指标达标
  附加门槛 : 需对手速度≥1.00（当前=1.00）
  转向阶梯中 : phase=3  rotate=-0.07  （此期间不晋级下一阶段，只按 hit_rate 下调转向）
  未晋级阶段：转向阶梯进行中（属预期）
------------------------------------------------------------
[进度] 13,778,944/100,000,000 (13.8%)  FPS≈1512  阶段=stage2_linear  速度=1.00  直行间隔=180  aim=0.100/lead  rotate=-0.07
[进度] 13,795,328/100,000,000 (13.8%)  FPS≈1361  阶段=stage2_linear  速度=1.00  直行间隔=180  aim=0.100/lead  rotate=-0.07
[进度] 13,811,712/100,000,000 (13.8%)  FPS≈1418  阶段=stage2_linear  速度=1.00  直行间隔=180  aim=0.100/lead  rotate=-0.07
[进度] 13,828,096/100,000,000 (13.8%)  FPS≈1318  阶段=stage2_linear  速度=1.00  直行间隔=180  aim=0.100/lead  rotate=-0.07
[进度] 13,844,480/100,000,000 (13.8%)  FPS≈1381  阶段=stage2_linear  速度=1.00  直行间隔=180  aim=0.100/lead  rotate=-0.07
[进度] 13,860,864/100,000,000 (13.9%)  FPS≈1348  阶段=stage2_linear  速度=1.00  直行间隔=180  aim=0.100/lead  rotate=-0.07
[进度] 13,877,248/100,000,000 (13.9%)  FPS≈1482  阶段=stage2_linear  速度=1.00  直行间隔=180  aim=0.100/lead  rotate=-0.07
[存盘] 课程元数据 model_t13877248_stage1_stage2_linear.curriculum.json  stage=stage2_linear  bot=linear v=1.00
[存盘] runs/curriculum_aim/20260922_225205/checkpoints/model_t13877248_stage1_stage2_linear.zip
[评测] 开始（100 局）…
  [评测进度] 10/100  kill(命中/开火)=0.257  direct(直击/开火)=0.114  弹数=35
  [评测进度] 20/100  kill(命中/开火)=0.310  direct(直击/开火)=0.099  弹数=71
  [评测进度] 30/100  kill(命中/开火)=0.295  direct(直击/开火)=0.095  弹数=105
  [评测进度] 40/100  kill(命中/开火)=0.296  direct(直击/开火)=0.104  弹数=135
  [评测进度] 50/100  kill(命中/开火)=0.279  direct(直击/开火)=0.089  弹数=179
  [评测进度] 60/100  kill(命中/开火)=0.278  direct(直击/开火)=0.093  弹数=216
  [评测进度] 70/100  kill(命中/开火)=0.272  direct(直击/开火)=0.096  弹数=250
  [评测进度] 80/100  kill(命中/开火)=0.292  direct(直击/开火)=0.103  弹数=281
  [评测进度] 90/100  kill(命中/开火)=0.290  direct(直击/开火)=0.106  弹数=310
  [评测进度] 100/100  kill(命中/开火)=0.278  direct(直击/开火)=0.101  弹数=345
------------------------------------------------------------
[评测] 阶段=stage2_linear  局数=100
  kill_rate(命中/开火) = 0.278  hit_rate(直击/开火) = 0.101  中位TTK = 600
  TTK口径     : 首直击步数；无直击=该局结束步数（评测步限封顶）
  晋级条件 直击/开火 hit_rate≥0.06  当前=0.101  → 指标达标
  附加门槛 : 需对手速度≥1.00（当前=1.00）
  转向阶梯中 : phase=3  rotate=-0.07  （此期间不晋级下一阶段，只按 hit_rate 下调转向）
  未晋级阶段：转向阶梯进行中（属预期）
------------------------------------------------------------
[进度] 13,893,632/100,000,000 (13.9%)  FPS≈1339  阶段=stage2_linear  速度=1.00  直行间隔=180  aim=0.100/lead  rotate=-0.07
[进度] 13,910,016/100,000,000 (13.9%)  FPS≈1240  阶段=stage2_linear  速度=1.00  直行间隔=180  aim=0.100/lead  rotate=-0.07
[进度] 13,926,400/100,000,000 (13.9%)  FPS≈1284  阶段=stage2_linear  速度=1.00  直行间隔=180  aim=0.100/lead  rotate=-0.07
[进度] 13,942,784/100,000,000 (13.9%)  FPS≈1256  阶段=stage2_linear  速度=1.00  直行间隔=180  aim=0.100/lead  rotate=-0.07
[进度] 13,959,168/100,000,000 (14.0%)  FPS≈1387  阶段=stage2_linear  速度=1.00  直行间隔=180  aim=0.100/lead  rotate=-0.07
[进度] 13,975,552/100,000,000 (14.0%)  FPS≈1240  阶段=stage2_linear  速度=1.00  直行间隔=180  aim=0.100/lead  rotate=-0.07
[进度] 13,991,936/100,000,000 (14.0%)  FPS≈1349  阶段=stage2_linear  速度=1.00  直行间隔=180  aim=0.100/lead  rotate=-0.07
[存盘] 课程元数据 model_t13991936_stage1_stage2_linear.curriculum.json  stage=stage2_linear  bot=linear v=1.00
[存盘] runs/curriculum_aim/20260922_225205/checkpoints/model_t13991936_stage1_stage2_linear.zip
[评测] 开始（100 局）…
  [评测进度] 10/100  kill(命中/开火)=0.214  direct(直击/开火)=0.048  弹数=42
  [评测进度] 20/100  kill(命中/开火)=0.250  direct(直击/开火)=0.066  弹数=76
  [评测进度] 30/100  kill(命中/开火)=0.255  direct(直击/开火)=0.078  弹数=102
  [评测进度] 40/100  kill(命中/开火)=0.294  direct(直击/开火)=0.096  弹数=136
  [评测进度] 50/100  kill(命中/开火)=0.267  direct(直击/开火)=0.091  弹数=176
  [评测进度] 60/100  kill(命中/开火)=0.254  direct(直击/开火)=0.076  弹数=224
  [评测进度] 70/100  kill(命中/开火)=0.265  direct(直击/开火)=0.088  弹数=260
  [评测进度] 80/100  kill(命中/开火)=0.277  direct(直击/开火)=0.098  弹数=296
  [评测进度] 90/100  kill(命中/开火)=0.286  direct(直击/开火)=0.096  弹数=332
  [评测进度] 100/100  kill(命中/开火)=0.271  direct(直击/开火)=0.094  弹数=373
------------------------------------------------------------
[评测] 阶段=stage2_linear  局数=100
  kill_rate(命中/开火) = 0.271  hit_rate(直击/开火) = 0.094  中位TTK = 600
  TTK口径     : 首直击步数；无直击=该局结束步数（评测步限封顶）
  晋级条件 直击/开火 hit_rate≥0.06  当前=0.094  → 指标达标
  附加门槛 : 需对手速度≥1.00（当前=1.00）
  转向阶梯中 : phase=3  rotate=-0.07  （此期间不晋级下一阶段，只按 hit_rate 下调转向）
  未晋级阶段：转向阶梯进行中（属预期）
------------------------------------------------------------
[进度] 14,008,320/100,000,000 (14.0%)  FPS≈1372  阶段=stage2_linear  速度=1.00  直行间隔=180  aim=0.100/lead  rotate=-0.07
[进度] 14,024,704/100,000,000 (14.0%)  FPS≈1377  阶段=stage2_linear  速度=1.00  直行间隔=180  aim=0.100/lead  rotate=-0.07
[进度] 14,041,088/100,000,000 (14.0%)  FPS≈1214  阶段=stage2_linear  速度=1.00  直行间隔=180  aim=0.100/lead  rotate=-0.07
[进度] 14,057,472/100,000,000 (14.1%)  FPS≈1487  阶段=stage2_linear  速度=1.00  直行间隔=180  aim=0.100/lead  rotate=-0.07
[进度] 14,073,856/100,000,000 (14.1%)  FPS≈1461  阶段=stage2_linear  速度=1.00  直行间隔=180  aim=0.100/lead  rotate=-0.07
[进度] 14,090,240/100,000,000 (14.1%)  FPS≈1327  阶段=stage2_linear  速度=1.00  直行间隔=180  aim=0.100/lead  rotate=-0.07
[进度] 14,106,624/100,000,000 (14.1%)  FPS≈1381  阶段=stage2_linear  速度=1.00  直行间隔=180  aim=0.100/lead  rotate=-0.07
[存盘] 课程元数据 model_t14106624_stage1_stage2_linear.curriculum.json  stage=stage2_linear  bot=linear v=1.00
[存盘] runs/curriculum_aim/20260922_225205/checkpoints/model_t14106624_stage1_stage2_linear.zip
[评测] 开始（100 局）…
  [评测进度] 10/100  kill(命中/开火)=0.095  direct(直击/开火)=0.048  弹数=21
  [评测进度] 20/100  kill(命中/开火)=0.115  direct(直击/开火)=0.049  弹数=61
  [评测进度] 30/100  kill(命中/开火)=0.147  direct(直击/开火)=0.032  弹数=95
  [评测进度] 40/100  kill(命中/开火)=0.188  direct(直击/开火)=0.068  弹数=117
  [评测进度] 50/100  kill(命中/开火)=0.212  direct(直击/开火)=0.086  弹数=151
  [评测进度] 60/100  kill(命中/开火)=0.232  direct(直击/开火)=0.088  弹数=181
  [评测进度] 70/100  kill(命中/开火)=0.229  direct(直击/开火)=0.092  弹数=218
  [评测进度] 80/100  kill(命中/开火)=0.244  direct(直击/开火)=0.098  弹数=246
  [评测进度] 90/100  kill(命中/开火)=0.237  direct(直击/开火)=0.090  弹数=278
  [评测进度] 100/100  kill(命中/开火)=0.237  direct(直击/开火)=0.092  弹数=304
------------------------------------------------------------
[评测] 阶段=stage2_linear  局数=100
  kill_rate(命中/开火) = 0.237  hit_rate(直击/开火) = 0.092  中位TTK = 600
  TTK口径     : 首直击步数；无直击=该局结束步数（评测步限封顶）
  晋级条件 直击/开火 hit_rate≥0.06  当前=0.092  → 指标达标
  附加门槛 : 需对手速度≥1.00（当前=1.00）
  转向阶梯中 : phase=3  rotate=-0.07  （此期间不晋级下一阶段，只按 hit_rate 下调转向）
  未晋级阶段：转向阶梯进行中（属预期）
------------------------------------------------------------
[进度] 14,123,008/100,000,000 (14.1%)  FPS≈1509  阶段=stage2_linear  速度=1.00  直行间隔=180  aim=0.100/lead  rotate=-0.07
[进度] 14,139,392/100,000,000 (14.1%)  FPS≈1367  阶段=stage2_linear  速度=1.00  直行间隔=180  aim=0.100/lead  rotate=-0.07
[进度] 14,155,776/100,000,000 (14.2%)  FPS≈1321  阶段=stage2_linear  速度=1.00  直行间隔=180  aim=0.100/lead  rotate=-0.07
[进度] 14,172,160/100,000,000 (14.2%)  FPS≈1327  阶段=stage2_linear  速度=1.00  直行间隔=180  aim=0.100/lead  rotate=-0.07
[进度] 14,188,544/100,000,000 (14.2%)  FPS≈1406  阶段=stage2_linear  速度=1.00  直行间隔=180  aim=0.100/lead  rotate=-0.07
[进度] 14,204,928/100,000,000 (14.2%)  FPS≈1363  阶段=stage2_linear  速度=1.00  直行间隔=180  aim=0.100/lead  rotate=-0.07
[进度] 14,221,312/100,000,000 (14.2%)  FPS≈1363  阶段=stage2_linear  速度=1.00  直行间隔=180  aim=0.100/lead  rotate=-0.07
[存盘] 课程元数据 model_t14221312_stage1_stage2_linear.curriculum.json  stage=stage2_linear  bot=linear v=1.00
[存盘] runs/curriculum_aim/20260922_225205/checkpoints/model_t14221312_stage1_stage2_linear.zip
[评测] 开始（100 局）…
  [评测进度] 10/100  kill(命中/开火)=0.281  direct(直击/开火)=0.094  弹数=32
  [评测进度] 20/100  kill(命中/开火)=0.274  direct(直击/开火)=0.097  弹数=62
  [评测进度] 30/100  kill(命中/开火)=0.276  direct(直击/开火)=0.095  弹数=105
  [评测进度] 40/100  kill(命中/开火)=0.266  direct(直击/开火)=0.084  弹数=143
  [评测进度] 50/100  kill(命中/开火)=0.275  direct(直击/开火)=0.082  弹数=171
  [评测进度] 60/100  kill(命中/开火)=0.266  direct(直击/开火)=0.082  弹数=207
  [评测进度] 70/100  kill(命中/开火)=0.272  direct(直击/开火)=0.084  弹数=239
  [评测进度] 80/100  kill(命中/开火)=0.251  direct(直击/开火)=0.082  弹数=279
  [评测进度] 90/100  kill(命中/开火)=0.252  direct(直击/开火)=0.082  弹数=318
  [评测进度] 100/100  kill(命中/开火)=0.250  direct(直击/开火)=0.087  弹数=344
------------------------------------------------------------
[评测] 阶段=stage2_linear  局数=100
  kill_rate(命中/开火) = 0.250  hit_rate(直击/开火) = 0.087  中位TTK = 600
  TTK口径     : 首直击步数；无直击=该局结束步数（评测步限封顶）
  晋级条件 直击/开火 hit_rate≥0.06  当前=0.087  → 指标达标
  附加门槛 : 需对手速度≥1.00（当前=1.00）
  转向阶梯中 : phase=3  rotate=-0.07  （此期间不晋级下一阶段，只按 hit_rate 下调转向）
  未晋级阶段：转向阶梯进行中（属预期）
------------------------------------------------------------
[进度] 14,237,696/100,000,000 (14.2%)  FPS≈1396  阶段=stage2_linear  速度=1.00  直行间隔=180  aim=0.100/lead  rotate=-0.07
[进度] 14,254,080/100,000,000 (14.3%)  FPS≈1411  阶段=stage2_linear  速度=1.00  直行间隔=180  aim=0.100/lead  rotate=-0.07
[进度] 14,270,464/100,000,000 (14.3%)  FPS≈1347  阶段=stage2_linear  速度=1.00  直行间隔=180  aim=0.100/lead  rotate=-0.07
[进度] 14,286,848/100,000,000 (14.3%)  FPS≈1375  阶段=stage2_linear  速度=1.00  直行间隔=180  aim=0.100/lead  rotate=-0.07
[进度] 14,303,232/100,000,000 (14.3%)  FPS≈1299  阶段=stage2_linear  速度=1.00  直行间隔=180  aim=0.100/lead  rotate=-0.07
[进度] 14,319,616/100,000,000 (14.3%)  FPS≈1479  阶段=stage2_linear  速度=1.00  直行间隔=180  aim=0.100/lead  rotate=-0.07
[进度] 14,336,000/100,000,000 (14.3%)  FPS≈1326  阶段=stage2_linear  速度=1.00  直行间隔=180  aim=0.100/lead  rotate=-0.07
[存盘] 课程元数据 model_t14336000_stage1_stage2_linear.curriculum.json  stage=stage2_linear  bot=linear v=1.00
[存盘] runs/curriculum_aim/20260922_225205/checkpoints/model_t14336000_stage1_stage2_linear.zip
[评测] 开始（100 局）…
  [评测进度] 10/100  kill(命中/开火)=0.464  direct(直击/开火)=0.179  弹数=28
  [评测进度] 20/100  kill(命中/开火)=0.299  direct(直击/开火)=0.119  弹数=67
  [评测进度] 30/100  kill(命中/开火)=0.324  direct(直击/开火)=0.086  弹数=105
  [评测进度] 40/100  kill(命中/开火)=0.293  direct(直击/开火)=0.088  弹数=147
  [评测进度] 50/100  kill(命中/开火)=0.292  direct(直击/开火)=0.107  弹数=178
  [评测进度] 60/100  kill(命中/开火)=0.298  direct(直击/开火)=0.116  弹数=215
  [评测进度] 70/100  kill(命中/开火)=0.312  direct(直击/开火)=0.130  弹数=247
  [评测进度] 80/100  kill(命中/开火)=0.298  direct(直击/开火)=0.126  弹数=285
  [评测进度] 90/100  kill(命中/开火)=0.298  direct(直击/开火)=0.122  弹数=319
  [评测进度] 100/100  kill(命中/开火)=0.298  direct(直击/开火)=0.119  弹数=352
------------------------------------------------------------
[评测] 阶段=stage2_linear  局数=100
  kill_rate(命中/开火) = 0.298  hit_rate(直击/开火) = 0.119  中位TTK = 600
  TTK口径     : 首直击步数；无直击=该局结束步数（评测步限封顶）
  晋级条件 直击/开火 hit_rate≥0.06  当前=0.119  → 指标达标
  附加门槛 : 需对手速度≥1.00（当前=1.00）
  转向阶梯中 : phase=3  rotate=-0.07  （此期间不晋级下一阶段，只按 hit_rate 下调转向）
  未晋级阶段：转向阶梯进行中（属预期）
------------------------------------------------------------
[进度] 14,352,384/100,000,000 (14.4%)  FPS≈1533  阶段=stage2_linear  速度=1.00  直行间隔=180  aim=0.100/lead  rotate=-0.07
[进度] 14,368,768/100,000,000 (14.4%)  FPS≈1375  阶段=stage2_linear  速度=1.00  直行间隔=180  aim=0.100/lead  rotate=-0.07
[进度] 14,385,152/100,000,000 (14.4%)  FPS≈1308  阶段=stage2_linear  速度=1.00  直行间隔=180  aim=0.100/lead  rotate=-0.07
[进度] 14,401,536/100,000,000 (14.4%)  FPS≈1354  阶段=stage2_linear  速度=1.00  直行间隔=180  aim=0.100/lead  rotate=-0.07
[进度] 14,417,920/100,000,000 (14.4%)  FPS≈1317  阶段=stage2_linear  速度=1.00  直行间隔=180  aim=0.100/lead  rotate=-0.07
[进度] 14,434,304/100,000,000 (14.4%)  FPS≈1465  阶段=stage2_linear  速度=1.00  直行间隔=180  aim=0.100/lead  rotate=-0.07
[进度] 14,450,688/100,000,000 (14.5%)  FPS≈1299  阶段=stage2_linear  速度=1.00  直行间隔=180  aim=0.100/lead  rotate=-0.07
[存盘] 课程元数据 model_t14450688_stage1_stage2_linear.curriculum.json  stage=stage2_linear  bot=linear v=1.00
[存盘] runs/curriculum_aim/20260922_225205/checkpoints/model_t14450688_stage1_stage2_linear.zip
[评测] 开始（100 局）…
  [评测进度] 10/100  kill(命中/开火)=0.423  direct(直击/开火)=0.231  弹数=26
  [评测进度] 20/100  kill(命中/开火)=0.323  direct(直击/开火)=0.138  弹数=65
  [评测进度] 30/100  kill(命中/开火)=0.310  direct(直击/开火)=0.140  弹数=100
  [评测进度] 40/100  kill(命中/开火)=0.274  direct(直击/开火)=0.119  弹数=135
  [评测进度] 50/100  kill(命中/开火)=0.261  direct(直击/开火)=0.115  弹数=157
  [评测进度] 60/100  kill(命中/开火)=0.265  direct(直击/开火)=0.112  弹数=196
  [评测进度] 70/100  kill(命中/开火)=0.270  direct(直击/开火)=0.117  弹数=230
  [评测进度] 80/100  kill(命中/开火)=0.261  direct(直击/开火)=0.111  弹数=261
  [评测进度] 90/100  kill(命中/开火)=0.265  direct(直击/开火)=0.110  弹数=291
  [评测进度] 100/100  kill(命中/开火)=0.255  direct(直击/开火)=0.109  弹数=322
------------------------------------------------------------
[评测] 阶段=stage2_linear  局数=100
  kill_rate(命中/开火) = 0.255  hit_rate(直击/开火) = 0.109  中位TTK = 600
  TTK口径     : 首直击步数；无直击=该局结束步数（评测步限封顶）
  晋级条件 直击/开火 hit_rate≥0.06  当前=0.109  → 指标达标
  附加门槛 : 需对手速度≥1.00（当前=1.00）
  转向阶梯中 : phase=3  rotate=-0.07  （此期间不晋级下一阶段，只按 hit_rate 下调转向）
  未晋级阶段：转向阶梯进行中（属预期）
------------------------------------------------------------
[进度] 14,467,072/100,000,000 (14.5%)  FPS≈1607  阶段=stage2_linear  速度=1.00  直行间隔=180  aim=0.100/lead  rotate=-0.07
[进度] 14,483,456/100,000,000 (14.5%)  FPS≈1496  阶段=stage2_linear  速度=1.00  直行间隔=180  aim=0.100/lead  rotate=-0.07
[进度] 14,499,840/100,000,000 (14.5%)  FPS≈1574  阶段=stage2_linear  速度=1.00  直行间隔=180  aim=0.100/lead  rotate=-0.07
[进度] 14,516,224/100,000,000 (14.5%)  FPS≈1326  阶段=stage2_linear  速度=1.00  直行间隔=180  aim=0.100/lead  rotate=-0.07
[进度] 14,532,608/100,000,000 (14.5%)  FPS≈1286  阶段=stage2_linear  速度=1.00  直行间隔=180  aim=0.100/lead  rotate=-0.07
[进度] 14,548,992/100,000,000 (14.5%)  FPS≈1403  阶段=stage2_linear  速度=1.00  直行间隔=180  aim=0.100/lead  rotate=-0.07
[进度] 14,565,376/100,000,000 (14.6%)  FPS≈1268  阶段=stage2_linear  速度=1.00  直行间隔=180  aim=0.100/lead  rotate=-0.07
[存盘] 课程元数据 model_t14565376_stage1_stage2_linear.curriculum.json  stage=stage2_linear  bot=linear v=1.00
[存盘] runs/curriculum_aim/20260922_225205/checkpoints/model_t14565376_stage1_stage2_linear.zip
[评测] 开始（100 局）…
  [评测进度] 10/100  kill(命中/开火)=0.276  direct(直击/开火)=0.069  弹数=29
  [评测进度] 20/100  kill(命中/开火)=0.309  direct(直击/开火)=0.088  弹数=68
  [评测进度] 30/100  kill(命中/开火)=0.321  direct(直击/开火)=0.066  弹数=106
  [评测进度] 40/100  kill(命中/开火)=0.285  direct(直击/开火)=0.066  弹数=151
  [评测进度] 50/100  kill(命中/开火)=0.301  direct(直击/开火)=0.057  弹数=193
  [评测进度] 60/100  kill(命中/开火)=0.304  direct(直击/开火)=0.062  弹数=224
  [评测进度] 70/100  kill(命中/开火)=0.302  direct(直击/开火)=0.075  弹数=252
  [评测进度] 80/100  kill(命中/开火)=0.283  direct(直击/开火)=0.072  弹数=290
  [评测进度] 90/100  kill(命中/开火)=0.274  direct(直击/开火)=0.076  弹数=328
  [评测进度] 100/100  kill(命中/开火)=0.278  direct(直击/开火)=0.080  弹数=363
------------------------------------------------------------
[评测] 阶段=stage2_linear  局数=100
  kill_rate(命中/开火) = 0.278  hit_rate(直击/开火) = 0.080  中位TTK = 600
  TTK口径     : 首直击步数；无直击=该局结束步数（评测步限封顶）
  晋级条件 直击/开火 hit_rate≥0.06  当前=0.080  → 指标达标
  附加门槛 : 需对手速度≥1.00（当前=1.00）
  转向阶梯中 : phase=3  rotate=-0.07  （此期间不晋级下一阶段，只按 hit_rate 下调转向）
  未晋级阶段：转向阶梯进行中（属预期）
------------------------------------------------------------
[进度] 14,581,760/100,000,000 (14.6%)  FPS≈1344  阶段=stage2_linear  速度=1.00  直行间隔=180  aim=0.100/lead  rotate=-0.07
[进度] 14,598,144/100,000,000 (14.6%)  FPS≈1334  阶段=stage2_linear  速度=1.00  直行间隔=180  aim=0.100/lead  rotate=-0.07
[进度] 14,614,528/100,000,000 (14.6%)  FPS≈1393  阶段=stage2_linear  速度=1.00  直行间隔=180  aim=0.100/lead  rotate=-0.07
[进度] 14,630,912/100,000,000 (14.6%)  FPS≈1421  阶段=stage2_linear  速度=1.00  直行间隔=180  aim=0.100/lead  rotate=-0.07
[进度] 14,647,296/100,000,000 (14.6%)  FPS≈1348  阶段=stage2_linear  速度=1.00  直行间隔=180  aim=0.100/lead  rotate=-0.07
[进度] 14,663,680/100,000,000 (14.7%)  FPS≈1230  阶段=stage2_linear  速度=1.00  直行间隔=180  aim=0.100/lead  rotate=-0.07
[进度] 14,680,064/100,000,000 (14.7%)  FPS≈1375  阶段=stage2_linear  速度=1.00  直行间隔=180  aim=0.100/lead  rotate=-0.07
[存盘] 课程元数据 model_t14680064_stage1_stage2_linear.curriculum.json  stage=stage2_linear  bot=linear v=1.00
[存盘] runs/curriculum_aim/20260922_225205/checkpoints/model_t14680064_stage1_stage2_linear.zip
[评测] 开始（100 局）…
  [评测进度] 10/100  kill(命中/开火)=0.214  direct(直击/开火)=0.107  弹数=28
  [评测进度] 20/100  kill(命中/开火)=0.250  direct(直击/开火)=0.103  弹数=68
  [评测进度] 30/100  kill(命中/开火)=0.250  direct(直击/开火)=0.130  弹数=108
  [评测进度] 40/100  kill(命中/开火)=0.248  direct(直击/开火)=0.140  弹数=129
  [评测进度] 50/100  kill(命中/开火)=0.226  direct(直击/开火)=0.137  弹数=168
  [评测进度] 60/100  kill(命中/开火)=0.236  direct(直击/开火)=0.133  弹数=203
  [评测进度] 70/100  kill(命中/开火)=0.250  direct(直击/开火)=0.138  弹数=232
  [评测进度] 80/100  kill(命中/开火)=0.260  direct(直击/开火)=0.141  弹数=262
  [评测进度] 90/100  kill(命中/开火)=0.266  direct(直击/开火)=0.137  弹数=293
  [评测进度] 100/100  kill(命中/开火)=0.267  direct(直击/开火)=0.141  弹数=326
------------------------------------------------------------
[评测] 阶段=stage2_linear  局数=100
  kill_rate(命中/开火) = 0.267  hit_rate(直击/开火) = 0.141  中位TTK = 600
  TTK口径     : 首直击步数；无直击=该局结束步数（评测步限封顶）
  晋级条件 直击/开火 hit_rate≥0.06  当前=0.141  → 指标达标
  附加门槛 : 需对手速度≥1.00（当前=1.00）
  转向阶梯中 : phase=3  rotate=-0.07  （此期间不晋级下一阶段，只按 hit_rate 下调转向）
  未晋级阶段：转向阶梯进行中（属预期）
------------------------------------------------------------
[进度] 14,696,448/100,000,000 (14.7%)  FPS≈1395  阶段=stage2_linear  速度=1.00  直行间隔=180  aim=0.100/lead  rotate=-0.07
[进度] 14,712,832/100,000,000 (14.7%)  FPS≈1306  阶段=stage2_linear  速度=1.00  直行间隔=180  aim=0.100/lead  rotate=-0.07
[进度] 14,729,216/100,000,000 (14.7%)  FPS≈1393  阶段=stage2_linear  速度=1.00  直行间隔=180  aim=0.100/lead  rotate=-0.07
[进度] 14,745,600/100,000,000 (14.7%)  FPS≈1484  阶段=stage2_linear  速度=1.00  直行间隔=180  aim=0.100/lead  rotate=-0.07
[进度] 14,761,984/100,000,000 (14.8%)  FPS≈1393  阶段=stage2_linear  速度=1.00  直行间隔=180  aim=0.100/lead  rotate=-0.07
[进度] 14,778,368/100,000,000 (14.8%)  FPS≈1313  阶段=stage2_linear  速度=1.00  直行间隔=180  aim=0.100/lead  rotate=-0.07
[进度] 14,794,752/100,000,000 (14.8%)  FPS≈1175  阶段=stage2_linear  速度=1.00  直行间隔=180  aim=0.100/lead  rotate=-0.07
[存盘] 课程元数据 model_t14794752_stage1_stage2_linear.curriculum.json  stage=stage2_linear  bot=linear v=1.00
[存盘] runs/curriculum_aim/20260922_225205/checkpoints/model_t14794752_stage1_stage2_linear.zip
[评测] 开始（100 局）…
  [评测进度] 10/100  kill(命中/开火)=0.389  direct(直击/开火)=0.111  弹数=36
  [评测进度] 20/100  kill(命中/开火)=0.286  direct(直击/开火)=0.114  弹数=70
  [评测进度] 30/100  kill(命中/开火)=0.273  direct(直击/开火)=0.091  弹数=110
  [评测进度] 40/100  kill(命中/开火)=0.253  direct(直击/开火)=0.100  弹数=150
  [评测进度] 50/100  kill(命中/开火)=0.257  direct(直击/开火)=0.112  弹数=187
  [评测进度] 60/100  kill(命中/开火)=0.249  direct(直击/开火)=0.109  弹数=229
  [评测进度] 70/100  kill(命中/开火)=0.267  direct(直击/开火)=0.128  弹数=258
  [评测进度] 80/100  kill(命中/开火)=0.274  direct(直击/开火)=0.125  弹数=281
  [评测进度] 90/100  kill(命中/开火)=0.268  direct(直击/开火)=0.118  弹数=321
  [评测进度] 100/100  kill(命中/开火)=0.277  direct(直击/开火)=0.123  弹数=350
------------------------------------------------------------
[评测] 阶段=stage2_linear  局数=100
  kill_rate(命中/开火) = 0.277  hit_rate(直击/开火) = 0.123  中位TTK = 600
  TTK口径     : 首直击步数；无直击=该局结束步数（评测步限封顶）
  晋级条件 直击/开火 hit_rate≥0.06  当前=0.123  → 指标达标
  附加门槛 : 需对手速度≥1.00（当前=1.00）
  转向阶梯中 : phase=3  rotate=-0.07  （此期间不晋级下一阶段，只按 hit_rate 下调转向）
  未晋级阶段：转向阶梯进行中（属预期）
------------------------------------------------------------
[进度] 14,811,136/100,000,000 (14.8%)  FPS≈1454  阶段=stage2_linear  速度=1.00  直行间隔=180  aim=0.100/lead  rotate=-0.07
[进度] 14,827,520/100,000,000 (14.8%)  FPS≈1277  阶段=stage2_linear  速度=1.00  直行间隔=180  aim=0.100/lead  rotate=-0.07
[进度] 14,843,904/100,000,000 (14.8%)  FPS≈1483  阶段=stage2_linear  速度=1.00  直行间隔=180  aim=0.100/lead  rotate=-0.07
[进度] 14,860,288/100,000,000 (14.9%)  FPS≈1280  阶段=stage2_linear  速度=1.00  直行间隔=180  aim=0.100/lead  rotate=-0.07
[进度] 14,876,672/100,000,000 (14.9%)  FPS≈1339  阶段=stage2_linear  速度=1.00  直行间隔=180  aim=0.100/lead  rotate=-0.07
[进度] 14,893,056/100,000,000 (14.9%)  FPS≈1375  阶段=stage2_linear  速度=1.00  直行间隔=180  aim=0.100/lead  rotate=-0.07
[进度] 14,909,440/100,000,000 (14.9%)  FPS≈1388  阶段=stage2_linear  速度=1.00  直行间隔=180  aim=0.100/lead  rotate=-0.07
[存盘] 课程元数据 model_t14909440_stage1_stage2_linear.curriculum.json  stage=stage2_linear  bot=linear v=1.00
[存盘] runs/curriculum_aim/20260922_225205/checkpoints/model_t14909440_stage1_stage2_linear.zip
[评测] 开始（100 局）…
  [评测进度] 10/100  kill(命中/开火)=0.296  direct(直击/开火)=0.296  弹数=27
  [评测进度] 20/100  kill(命中/开火)=0.297  direct(直击/开火)=0.188  弹数=64
  [评测进度] 30/100  kill(命中/开火)=0.280  direct(直击/开火)=0.150  弹数=107
  [评测进度] 40/100  kill(命中/开火)=0.297  direct(直击/开火)=0.167  弹数=138
  [评测进度] 50/100  kill(命中/开火)=0.281  direct(直击/开火)=0.152  弹数=178
  [评测进度] 60/100  kill(命中/开火)=0.274  direct(直击/开火)=0.149  弹数=215
  [评测进度] 70/100  kill(命中/开火)=0.267  direct(直击/开火)=0.147  弹数=258
  [评测进度] 80/100  kill(命中/开火)=0.274  direct(直击/开火)=0.144  弹数=299
  [评测进度] 90/100  kill(命中/开火)=0.282  direct(直击/开火)=0.141  弹数=341
  [评测进度] 100/100  kill(命中/开火)=0.278  direct(直击/开火)=0.136  弹数=381
------------------------------------------------------------
[评测] 阶段=stage2_linear  局数=100
  kill_rate(命中/开火) = 0.278  hit_rate(直击/开火) = 0.136  中位TTK = 582
  TTK口径     : 首直击步数；无直击=该局结束步数（评测步限封顶）
  晋级条件 直击/开火 hit_rate≥0.06  当前=0.136  → 指标达标
  附加门槛 : 需对手速度≥1.00（当前=1.00）
  转向阶梯中 : phase=3  rotate=-0.07  （此期间不晋级下一阶段，只按 hit_rate 下调转向）
  未晋级阶段：转向阶梯进行中（属预期）
------------------------------------------------------------
[进度] 14,925,824/100,000,000 (14.9%)  FPS≈1388  阶段=stage2_linear  速度=1.00  直行间隔=180  aim=0.100/lead  rotate=-0.07
[进度] 14,942,208/100,000,000 (14.9%)  FPS≈1288  阶段=stage2_linear  速度=1.00  直行间隔=180  aim=0.100/lead  rotate=-0.07
[进度] 14,958,592/100,000,000 (15.0%)  FPS≈1222  阶段=stage2_linear  速度=1.00  直行间隔=180  aim=0.100/lead  rotate=-0.07
[进度] 14,974,976/100,000,000 (15.0%)  FPS≈1363  阶段=stage2_linear  速度=1.00  直行间隔=180  aim=0.100/lead  rotate=-0.07
[进度] 14,991,360/100,000,000 (15.0%)  FPS≈1328  阶段=stage2_linear  速度=1.00  直行间隔=180  aim=0.100/lead  rotate=-0.07
[进度] 15,007,744/100,000,000 (15.0%)  FPS≈1476  阶段=stage2_linear  速度=1.00  直行间隔=180  aim=0.100/lead  rotate=-0.07
[进度] 15,024,128/100,000,000 (15.0%)  FPS≈1531  阶段=stage2_linear  速度=1.00  直行间隔=180  aim=0.100/lead  rotate=-0.07
[存盘] 课程元数据 model_t15024128_stage1_stage2_linear.curriculum.json  stage=stage2_linear  bot=linear v=1.00
[存盘] runs/curriculum_aim/20260922_225205/checkpoints/model_t15024128_stage1_stage2_linear.zip
[评测] 开始（100 局）…
  [评测进度] 10/100  kill(命中/开火)=0.195  direct(直击/开火)=0.098  弹数=41
  [评测进度] 20/100  kill(命中/开火)=0.230  direct(直击/开火)=0.095  弹数=74
  [评测进度] 30/100  kill(命中/开火)=0.252  direct(直击/开火)=0.117  弹数=103
  [评测进度] 40/100  kill(命中/开火)=0.254  direct(直击/开火)=0.134  弹数=134
  [评测进度] 50/100  kill(命中/开火)=0.266  direct(直击/开火)=0.133  弹数=173
  [评测进度] 60/100  kill(命中/开火)=0.241  direct(直击/开火)=0.116  弹数=216
  [评测进度] 70/100  kill(命中/开火)=0.235  direct(直击/开火)=0.115  弹数=260
  [评测进度] 80/100  kill(命中/开火)=0.244  direct(直击/开火)=0.118  弹数=287
  [评测进度] 90/100  kill(命中/开火)=0.242  direct(直击/开火)=0.116  弹数=327
  [评测进度] 100/100  kill(命中/开火)=0.236  direct(直击/开火)=0.112  弹数=365
------------------------------------------------------------
[评测] 阶段=stage2_linear  局数=100
  kill_rate(命中/开火) = 0.236  hit_rate(直击/开火) = 0.112  中位TTK = 600
  TTK口径     : 首直击步数；无直击=该局结束步数（评测步限封顶）
  晋级条件 直击/开火 hit_rate≥0.06  当前=0.112  → 指标达标
  附加门槛 : 需对手速度≥1.00（当前=1.00）
  转向阶梯中 : phase=3  rotate=-0.07  （此期间不晋级下一阶段，只按 hit_rate 下调转向）
  未晋级阶段：转向阶梯进行中（属预期）
------------------------------------------------------------
[进度] 15,040,512/100,000,000 (15.0%)  FPS≈1301  阶段=stage2_linear  速度=1.00  直行间隔=180  aim=0.100/lead  rotate=-0.07
[进度] 15,056,896/100,000,000 (15.1%)  FPS≈1330  阶段=stage2_linear  速度=1.00  直行间隔=180  aim=0.100/lead  rotate=-0.07
[进度] 15,073,280/100,000,000 (15.1%)  FPS≈1371  阶段=stage2_linear  速度=1.00  直行间隔=180  aim=0.100/lead  rotate=-0.07
[进度] 15,089,664/100,000,000 (15.1%)  FPS≈1224  阶段=stage2_linear  速度=1.00  直行间隔=180  aim=0.100/lead  rotate=-0.07
[进度] 15,106,048/100,000,000 (15.1%)  FPS≈1509  阶段=stage2_linear  速度=1.00  直行间隔=180  aim=0.100/lead  rotate=-0.07
[进度] 15,122,432/100,000,000 (15.1%)  FPS≈1525  阶段=stage2_linear  速度=1.00  直行间隔=180  aim=0.100/lead  rotate=-0.07
[进度] 15,138,816/100,000,000 (15.1%)  FPS≈1219  阶段=stage2_linear  速度=1.00  直行间隔=180  aim=0.100/lead  rotate=-0.07
[存盘] 课程元数据 model_t15138816_stage1_stage2_linear.curriculum.json  stage=stage2_linear  bot=linear v=1.00
[存盘] runs/curriculum_aim/20260922_225205/checkpoints/model_t15138816_stage1_stage2_linear.zip
[评测] 开始（100 局）…
  [评测进度] 10/100  kill(命中/开火)=0.300  direct(直击/开火)=0.100  弹数=40
  [评测进度] 20/100  kill(命中/开火)=0.282  direct(直击/开火)=0.141  弹数=71
  [评测进度] 30/100  kill(命中/开火)=0.252  direct(直击/开火)=0.117  弹数=111
  [评测进度] 40/100  kill(命中/开火)=0.312  direct(直击/开火)=0.146  弹数=144
  [评测进度] 50/100  kill(命中/开火)=0.295  direct(直击/开火)=0.142  弹数=183
  [评测进度] 60/100  kill(命中/开火)=0.274  direct(直击/开火)=0.135  弹数=223
  [评测进度] 70/100  kill(命中/开火)=0.283  direct(直击/开火)=0.143  弹数=258
  [评测进度] 80/100  kill(命中/开火)=0.284  direct(直击/开火)=0.152  弹数=296
  [评测进度] 90/100  kill(命中/开火)=0.287  direct(直击/开火)=0.149  弹数=335
  [评测进度] 100/100  kill(命中/开火)=0.299  direct(直击/开火)=0.147  弹数=375
------------------------------------------------------------
[评测] 阶段=stage2_linear  局数=100
  kill_rate(命中/开火) = 0.299  hit_rate(直击/开火) = 0.147  中位TTK = 512
  TTK口径     : 首直击步数；无直击=该局结束步数（评测步限封顶）
  晋级条件 直击/开火 hit_rate≥0.06  当前=0.147  → 指标达标
  附加门槛 : 需对手速度≥1.00（当前=1.00）
  转向阶梯中 : phase=3  rotate=-0.07  （此期间不晋级下一阶段，只按 hit_rate 下调转向）
  未晋级阶段：转向阶梯进行中（属预期）
------------------------------------------------------------
[进度] 15,155,200/100,000,000 (15.2%)  FPS≈1290  阶段=stage2_linear  速度=1.00  直行间隔=180  aim=0.100/lead  rotate=-0.07
[进度] 15,171,584/100,000,000 (15.2%)  FPS≈1357  阶段=stage2_linear  速度=1.00  直行间隔=180  aim=0.100/lead  rotate=-0.07
[进度] 15,187,968/100,000,000 (15.2%)  FPS≈1535  阶段=stage2_linear  速度=1.00  直行间隔=180  aim=0.100/lead  rotate=-0.07
[进度] 15,204,352/100,000,000 (15.2%)  FPS≈1306  阶段=stage2_linear  速度=1.00  直行间隔=180  aim=0.100/lead  rotate=-0.07
[进度] 15,220,736/100,000,000 (15.2%)  FPS≈1313  阶段=stage2_linear  速度=1.00  直行间隔=180  aim=0.100/lead  rotate=-0.07
[进度] 15,237,120/100,000,000 (15.2%)  FPS≈1269  阶段=stage2_linear  速度=1.00  直行间隔=180  aim=0.100/lead  rotate=-0.07
[进度] 15,253,504/100,000,000 (15.3%)  FPS≈1512  阶段=stage2_linear  速度=1.00  直行间隔=180  aim=0.100/lead  rotate=-0.07
[存盘] 课程元数据 model_t15253504_stage1_stage2_linear.curriculum.json  stage=stage2_linear  bot=linear v=1.00
[存盘] runs/curriculum_aim/20260922_225205/checkpoints/model_t15253504_stage1_stage2_linear.zip
[评测] 开始（100 局）…
  [评测进度] 10/100  kill(命中/开火)=0.208  direct(直击/开火)=0.042  弹数=48
  [评测进度] 20/100  kill(命中/开火)=0.222  direct(直击/开火)=0.067  弹数=90
  [评测进度] 30/100  kill(命中/开火)=0.246  direct(直击/开火)=0.067  弹数=134
  [评测进度] 40/100  kill(命中/开火)=0.229  direct(直击/开火)=0.076  弹数=170
  [评测进度] 50/100  kill(命中/开火)=0.201  direct(直击/开火)=0.065  弹数=214
  [评测进度] 60/100  kill(命中/开火)=0.217  direct(直击/开火)=0.067  弹数=253
  [评测进度] 70/100  kill(命中/开火)=0.237  direct(直击/开火)=0.069  弹数=291
  [评测进度] 80/100  kill(命中/开火)=0.235  direct(直击/开火)=0.080  弹数=327
  [评测进度] 90/100  kill(命中/开火)=0.239  direct(直击/开火)=0.087  弹数=355
  [评测进度] 100/100  kill(命中/开火)=0.234  direct(直击/开火)=0.087  弹数=402
------------------------------------------------------------
[评测] 阶段=stage2_linear  局数=100
  kill_rate(命中/开火) = 0.234  hit_rate(直击/开火) = 0.087  中位TTK = 600
  TTK口径     : 首直击步数；无直击=该局结束步数（评测步限封顶）
  晋级条件 直击/开火 hit_rate≥0.06  当前=0.087  → 指标达标
  附加门槛 : 需对手速度≥1.00（当前=1.00）
  转向阶梯中 : phase=3  rotate=-0.07  （此期间不晋级下一阶段，只按 hit_rate 下调转向）
  未晋级阶段：转向阶梯进行中（属预期）
------------------------------------------------------------
[进度] 15,269,888/100,000,000 (15.3%)  FPS≈1346  阶段=stage2_linear  速度=1.00  直行间隔=180  aim=0.100/lead  rotate=-0.07
[进度] 15,286,272/100,000,000 (15.3%)  FPS≈1437  阶段=stage2_linear  速度=1.00  直行间隔=180  aim=0.100/lead  rotate=-0.07
[进度] 15,302,656/100,000,000 (15.3%)  FPS≈1496  阶段=stage2_linear  速度=1.00  直行间隔=180  aim=0.100/lead  rotate=-0.07
[进度] 15,319,040/100,000,000 (15.3%)  FPS≈1422  阶段=stage2_linear  速度=1.00  直行间隔=180  aim=0.100/lead  rotate=-0.07
[进度] 15,335,424/100,000,000 (15.3%)  FPS≈1445  阶段=stage2_linear  速度=1.00  直行间隔=180  aim=0.100/lead  rotate=-0.07
[进度] 15,351,808/100,000,000 (15.4%)  FPS≈1528  阶段=stage2_linear  速度=1.00  直行间隔=180  aim=0.100/lead  rotate=-0.07
[进度] 15,368,192/100,000,000 (15.4%)  FPS≈1255  阶段=stage2_linear  速度=1.00  直行间隔=180  aim=0.100/lead  rotate=-0.07
[存盘] 课程元数据 model_t15368192_stage1_stage2_linear.curriculum.json  stage=stage2_linear  bot=linear v=1.00
[存盘] runs/curriculum_aim/20260922_225205/checkpoints/model_t15368192_stage1_stage2_linear.zip
[评测] 开始（100 局）…
  [评测进度] 10/100  kill(命中/开火)=0.333  direct(直击/开火)=0.067  弹数=45
  [评测进度] 20/100  kill(命中/开火)=0.244  direct(直击/开火)=0.058  弹数=86
  [评测进度] 30/100  kill(命中/开火)=0.220  direct(直击/开火)=0.087  弹数=127
  [评测进度] 40/100  kill(命中/开火)=0.215  direct(直击/开火)=0.079  弹数=177
  [评测进度] 50/100  kill(命中/开火)=0.241  direct(直击/开火)=0.082  弹数=220
  [评测进度] 60/100  kill(命中/开火)=0.250  direct(直击/开火)=0.083  弹数=264
  [评测进度] 70/100  kill(命中/开火)=0.249  direct(直击/开火)=0.084  弹数=309
  [评测进度] 80/100  kill(命中/开火)=0.249  direct(直击/开火)=0.086  弹数=349
  [评测进度] 90/100  kill(命中/开火)=0.250  direct(直击/开火)=0.091  弹数=384
  [评测进度] 100/100  kill(命中/开火)=0.251  direct(直击/开火)=0.093  弹数=430
------------------------------------------------------------
[评测] 阶段=stage2_linear  局数=100
  kill_rate(命中/开火) = 0.251  hit_rate(直击/开火) = 0.093  中位TTK = 600
  TTK口径     : 首直击步数；无直击=该局结束步数（评测步限封顶）
  晋级条件 直击/开火 hit_rate≥0.06  当前=0.093  → 指标达标
  附加门槛 : 需对手速度≥1.00（当前=1.00）
  转向阶梯中 : phase=3  rotate=-0.07  （此期间不晋级下一阶段，只按 hit_rate 下调转向）
  未晋级阶段：转向阶梯进行中（属预期）
------------------------------------------------------------
[进度] 15,384,576/100,000,000 (15.4%)  FPS≈1397  阶段=stage2_linear  速度=1.00  直行间隔=180  aim=0.100/lead  rotate=-0.07
[进度] 15,400,960/100,000,000 (15.4%)  FPS≈1472  阶段=stage2_linear  速度=1.00  直行间隔=180  aim=0.100/lead  rotate=-0.07
[进度] 15,417,344/100,000,000 (15.4%)  FPS≈1371  阶段=stage2_linear  速度=1.00  直行间隔=180  aim=0.100/lead  rotate=-0.07
[进度] 15,433,728/100,000,000 (15.4%)  FPS≈1293  阶段=stage2_linear  速度=1.00  直行间隔=180  aim=0.100/lead  rotate=-0.07
[进度] 15,450,112/100,000,000 (15.5%)  FPS≈1265  阶段=stage2_linear  速度=1.00  直行间隔=180  aim=0.100/lead  rotate=-0.07
[进度] 15,466,496/100,000,000 (15.5%)  FPS≈1320  阶段=stage2_linear  速度=1.00  直行间隔=180  aim=0.100/lead  rotate=-0.07
[进度] 15,482,880/100,000,000 (15.5%)  FPS≈1533  阶段=stage2_linear  速度=1.00  直行间隔=180  aim=0.100/lead  rotate=-0.07
[存盘] 课程元数据 model_t15482880_stage1_stage2_linear.curriculum.json  stage=stage2_linear  bot=linear v=1.00
[存盘] runs/curriculum_aim/20260922_225205/checkpoints/model_t15482880_stage1_stage2_linear.zip
[评测] 开始（100 局）…
  [评测进度] 10/100  kill(命中/开火)=0.350  direct(直击/开火)=0.175  弹数=40
  [评测进度] 20/100  kill(命中/开火)=0.410  direct(直击/开火)=0.179  弹数=78
  [评测进度] 30/100  kill(命中/开火)=0.331  direct(直击/开火)=0.165  弹数=121
  [评测进度] 40/100  kill(命中/开火)=0.338  direct(直击/开火)=0.185  弹数=151
  [评测进度] 50/100  kill(命中/开火)=0.323  direct(直击/开火)=0.172  弹数=192
  [评测进度] 60/100  kill(命中/开火)=0.315  direct(直击/开火)=0.164  弹数=232
  [评测进度] 70/100  kill(命中/开火)=0.313  direct(直击/开火)=0.176  弹数=262
  [评测进度] 80/100  kill(命中/开火)=0.318  direct(直击/开火)=0.172  弹数=302
  [评测进度] 90/100  kill(命中/开火)=0.315  direct(直击/开火)=0.163  弹数=343
  [评测进度] 100/100  kill(命中/开火)=0.314  direct(直击/开火)=0.157  弹数=382
------------------------------------------------------------
[评测] 阶段=stage2_linear  局数=100
  kill_rate(命中/开火) = 0.314  hit_rate(直击/开火) = 0.157  中位TTK = 479
  TTK口径     : 首直击步数；无直击=该局结束步数（评测步限封顶）
  晋级条件 直击/开火 hit_rate≥0.06  当前=0.157  → 指标达标
  附加门槛 : 需对手速度≥1.00（当前=1.00）
  转向阶梯中 : phase=3  rotate=-0.07  （此期间不晋级下一阶段，只按 hit_rate 下调转向）
  未晋级阶段：转向阶梯进行中（属预期）
------------------------------------------------------------
[进度] 15,499,264/100,000,000 (15.5%)  FPS≈1444  阶段=stage2_linear  速度=1.00  直行间隔=180  aim=0.100/lead  rotate=-0.07
[进度] 15,515,648/100,000,000 (15.5%)  FPS≈1381  阶段=stage2_linear  速度=1.00  直行间隔=180  aim=0.100/lead  rotate=-0.07
[进度] 15,532,032/100,000,000 (15.5%)  FPS≈1484  阶段=stage2_linear  速度=1.00  直行间隔=180  aim=0.100/lead  rotate=-0.07
[进度] 15,548,416/100,000,000 (15.5%)  FPS≈1402  阶段=stage2_linear  速度=1.00  直行间隔=180  aim=0.100/lead  rotate=-0.07
[进度] 15,564,800/100,000,000 (15.6%)  FPS≈1397  阶段=stage2_linear  速度=1.00  直行间隔=180  aim=0.100/lead  rotate=-0.07
[进度] 15,581,184/100,000,000 (15.6%)  FPS≈1292  阶段=stage2_linear  速度=1.00  直行间隔=180  aim=0.100/lead  rotate=-0.07
[进度] 15,597,568/100,000,000 (15.6%)  FPS≈1439  阶段=stage2_linear  速度=1.00  直行间隔=180  aim=0.100/lead  rotate=-0.07
[存盘] 课程元数据 model_t15597568_stage1_stage2_linear.curriculum.json  stage=stage2_linear  bot=linear v=1.00
[存盘] runs/curriculum_aim/20260922_225205/checkpoints/model_t15597568_stage1_stage2_linear.zip
[评测] 开始（100 局）…
  [评测进度] 10/100  kill(命中/开火)=0.255  direct(直击/开火)=0.085  弹数=47
  [评测进度] 20/100  kill(命中/开火)=0.278  direct(直击/开火)=0.072  弹数=97
  [评测进度] 30/100  kill(命中/开火)=0.292  direct(直击/开火)=0.092  弹数=130
  [评测进度] 40/100  kill(命中/开火)=0.288  direct(直击/开火)=0.106  弹数=170
  [评测进度] 50/100  kill(命中/开火)=0.273  direct(直击/开火)=0.111  弹数=216
  [评测进度] 60/100  kill(命中/开火)=0.281  direct(直击/开火)=0.105  弹数=267
  [评测进度] 70/100  kill(命中/开火)=0.285  direct(直击/开火)=0.107  弹数=309
  [评测进度] 80/100  kill(命中/开火)=0.281  direct(直击/开火)=0.110  弹数=345
  [评测进度] 90/100  kill(命中/开火)=0.289  direct(直击/开火)=0.111  弹数=398
  [评测进度] 100/100  kill(命中/开火)=0.304  direct(直击/开火)=0.108  弹数=444
------------------------------------------------------------
[评测] 阶段=stage2_linear  局数=100
  kill_rate(命中/开火) = 0.304  hit_rate(直击/开火) = 0.108  中位TTK = 600
  TTK口径     : 首直击步数；无直击=该局结束步数（评测步限封顶）
  晋级条件 直击/开火 hit_rate≥0.06  当前=0.108  → 指标达标
  附加门槛 : 需对手速度≥1.00（当前=1.00）
  转向阶梯中 : phase=3  rotate=-0.07  （此期间不晋级下一阶段，只按 hit_rate 下调转向）
  未晋级阶段：转向阶梯进行中（属预期）
------------------------------------------------------------
[进度] 15,613,952/100,000,000 (15.6%)  FPS≈1560  阶段=stage2_linear  速度=1.00  直行间隔=180  aim=0.100/lead  rotate=-0.07
[进度] 15,630,336/100,000,000 (15.6%)  FPS≈1418  阶段=stage2_linear  速度=1.00  直行间隔=180  aim=0.100/lead  rotate=-0.07
[进度] 15,646,720/100,000,000 (15.6%)  FPS≈1329  阶段=stage2_linear  速度=1.00  直行间隔=180  aim=0.100/lead  rotate=-0.07
[进度] 15,663,104/100,000,000 (15.7%)  FPS≈1248  阶段=stage2_linear  速度=1.00  直行间隔=180  aim=0.100/lead  rotate=-0.07
[进度] 15,679,488/100,000,000 (15.7%)  FPS≈1365  阶段=stage2_linear  速度=1.00  直行间隔=180  aim=0.100/lead  rotate=-0.07
[进度] 15,695,872/100,000,000 (15.7%)  FPS≈1242  阶段=stage2_linear  速度=1.00  直行间隔=180  aim=0.100/lead  rotate=-0.07
[进度] 15,712,256/100,000,000 (15.7%)  FPS≈1326  阶段=stage2_linear  速度=1.00  直行间隔=180  aim=0.100/lead  rotate=-0.07
[存盘] 课程元数据 model_t15712256_stage1_stage2_linear.curriculum.json  stage=stage2_linear  bot=linear v=1.00
[存盘] runs/curriculum_aim/20260922_225205/checkpoints/model_t15712256_stage1_stage2_linear.zip
[评测] 开始（100 局）…
  [评测进度] 10/100  kill(命中/开火)=0.326  direct(直击/开火)=0.140  弹数=43
  [评测进度] 20/100  kill(命中/开火)=0.366  direct(直击/开火)=0.134  弹数=82
  [评测进度] 30/100  kill(命中/开火)=0.378  direct(直击/开火)=0.111  弹数=135
  [评测进度] 40/100  kill(命中/开火)=0.324  direct(直击/开火)=0.097  弹数=185
  [评测进度] 50/100  kill(命中/开火)=0.321  direct(直击/开火)=0.104  弹数=221
  [评测进度] 60/100  kill(命中/开火)=0.302  direct(直击/开火)=0.103  弹数=262
  [评测进度] 70/100  kill(命中/开火)=0.294  direct(直击/开火)=0.100  弹数=310
  [评测进度] 80/100  kill(命中/开火)=0.291  direct(直击/开火)=0.097  弹数=351
  [评测进度] 90/100  kill(命中/开火)=0.286  direct(直击/开火)=0.101  弹数=388
  [评测进度] 100/100  kill(命中/开火)=0.279  direct(直击/开火)=0.096  弹数=437
------------------------------------------------------------
[评测] 阶段=stage2_linear  局数=100
  kill_rate(命中/开火) = 0.279  hit_rate(直击/开火) = 0.096  中位TTK = 600
  TTK口径     : 首直击步数；无直击=该局结束步数（评测步限封顶）
  晋级条件 直击/开火 hit_rate≥0.06  当前=0.096  → 指标达标
  附加门槛 : 需对手速度≥1.00（当前=1.00）
  转向阶梯中 : phase=3  rotate=-0.07  （此期间不晋级下一阶段，只按 hit_rate 下调转向）
  未晋级阶段：转向阶梯进行中（属预期）
------------------------------------------------------------
[进度] 15,728,640/100,000,000 (15.7%)  FPS≈1441  阶段=stage2_linear  速度=1.00  直行间隔=180  aim=0.100/lead  rotate=-0.07
[进度] 15,745,024/100,000,000 (15.7%)  FPS≈1293  阶段=stage2_linear  速度=1.00  直行间隔=180  aim=0.100/lead  rotate=-0.07
[进度] 15,761,408/100,000,000 (15.8%)  FPS≈1400  阶段=stage2_linear  速度=1.00  直行间隔=180  aim=0.100/lead  rotate=-0.07
[进度] 15,777,792/100,000,000 (15.8%)  FPS≈1388  阶段=stage2_linear  速度=1.00  直行间隔=180  aim=0.100/lead  rotate=-0.07
[进度] 15,794,176/100,000,000 (15.8%)  FPS≈1331  阶段=stage2_linear  速度=1.00  直行间隔=180  aim=0.100/lead  rotate=-0.07
[进度] 15,810,560/100,000,000 (15.8%)  FPS≈1416  阶段=stage2_linear  速度=1.00  直行间隔=180  aim=0.100/lead  rotate=-0.07
[进度] 15,826,944/100,000,000 (15.8%)  FPS≈1276  阶段=stage2_linear  速度=1.00  直行间隔=180  aim=0.100/lead  rotate=-0.07
[存盘] 课程元数据 model_t15826944_stage1_stage2_linear.curriculum.json  stage=stage2_linear  bot=linear v=1.00
[存盘] runs/curriculum_aim/20260922_225205/checkpoints/model_t15826944_stage1_stage2_linear.zip
[评测] 开始（100 局）…
  [评测进度] 10/100  kill(命中/开火)=0.395  direct(直击/开火)=0.140  弹数=43
  [评测进度] 20/100  kill(命中/开火)=0.300  direct(直击/开火)=0.113  弹数=80
  [评测进度] 30/100  kill(命中/开火)=0.322  direct(直击/开火)=0.127  弹数=118
  [评测进度] 40/100  kill(命中/开火)=0.321  direct(直击/开火)=0.128  弹数=156
  [评测进度] 50/100  kill(命中/开火)=0.301  direct(直击/开火)=0.122  弹数=196
  [评测进度] 60/100  kill(命中/开火)=0.298  direct(直击/开火)=0.123  弹数=235
  [评测进度] 70/100  kill(命中/开火)=0.303  direct(直击/开火)=0.124  弹数=267
  [评测进度] 80/100  kill(命中/开火)=0.305  direct(直击/开火)=0.125  弹数=305
  [评测进度] 90/100  kill(命中/开火)=0.306  direct(直击/开火)=0.123  弹数=350
  [评测进度] 100/100  kill(命中/开火)=0.286  direct(直击/开火)=0.112  弹数=402
------------------------------------------------------------
[评测] 阶段=stage2_linear  局数=100
  kill_rate(命中/开火) = 0.286  hit_rate(直击/开火) = 0.112  中位TTK = 600
  TTK口径     : 首直击步数；无直击=该局结束步数（评测步限封顶）
  晋级条件 直击/开火 hit_rate≥0.06  当前=0.112  → 指标达标
  附加门槛 : 需对手速度≥1.00（当前=1.00）
  转向阶梯中 : phase=3  rotate=-0.07  （此期间不晋级下一阶段，只按 hit_rate 下调转向）
  未晋级阶段：转向阶梯进行中（属预期）
------------------------------------------------------------
[进度] 15,843,328/100,000,000 (15.8%)  FPS≈1404  阶段=stage2_linear  速度=1.00  直行间隔=180  aim=0.100/lead  rotate=-0.07
[进度] 15,859,712/100,000,000 (15.9%)  FPS≈1515  阶段=stage2_linear  速度=1.00  直行间隔=180  aim=0.100/lead  rotate=-0.07
[进度] 15,876,096/100,000,000 (15.9%)  FPS≈1342  阶段=stage2_linear  速度=1.00  直行间隔=180  aim=0.100/lead  rotate=-0.07
[进度] 15,892,480/100,000,000 (15.9%)  FPS≈1395  阶段=stage2_linear  速度=1.00  直行间隔=180  aim=0.100/lead  rotate=-0.07
[进度] 15,908,864/100,000,000 (15.9%)  FPS≈1298  阶段=stage2_linear  速度=1.00  直行间隔=180  aim=0.100/lead  rotate=-0.07
[进度] 15,925,248/100,000,000 (15.9%)  FPS≈1254  阶段=stage2_linear  速度=1.00  直行间隔=180  aim=0.100/lead  rotate=-0.07
[进度] 15,941,632/100,000,000 (15.9%)  FPS≈1286  阶段=stage2_linear  速度=1.00  直行间隔=180  aim=0.100/lead  rotate=-0.07
[存盘] 课程元数据 model_t15941632_stage1_stage2_linear.curriculum.json  stage=stage2_linear  bot=linear v=1.00
[存盘] runs/curriculum_aim/20260922_225205/checkpoints/model_t15941632_stage1_stage2_linear.zip
[评测] 开始（100 局）…
  [评测进度] 10/100  kill(命中/开火)=0.262  direct(直击/开火)=0.071  弹数=42
  [评测进度] 20/100  kill(命中/开火)=0.241  direct(直击/开火)=0.080  弹数=87
  [评测进度] 30/100  kill(命中/开火)=0.258  direct(直击/开火)=0.108  弹数=120
  [评测进度] 40/100  kill(命中/开火)=0.268  direct(直击/开火)=0.121  弹数=157
  [评测进度] 50/100  kill(命中/开火)=0.267  direct(直击/开火)=0.115  弹数=191
  [评测进度] 60/100  kill(命中/开火)=0.265  direct(直击/开火)=0.117  弹数=230
  [评测进度] 70/100  kill(命中/开火)=0.256  direct(直击/开火)=0.120  弹数=266
  [评测进度] 80/100  kill(命中/开火)=0.260  direct(直击/开火)=0.123  弹数=308
  [评测进度] 90/100  kill(命中/开火)=0.260  direct(直击/开火)=0.121  弹数=346
  [评测进度] 100/100  kill(命中/开火)=0.258  direct(直击/开火)=0.120  弹数=391
------------------------------------------------------------
[评测] 阶段=stage2_linear  局数=100
  kill_rate(命中/开火) = 0.258  hit_rate(直击/开火) = 0.120  中位TTK = 600
  TTK口径     : 首直击步数；无直击=该局结束步数（评测步限封顶）
  晋级条件 直击/开火 hit_rate≥0.06  当前=0.120  → 指标达标
  附加门槛 : 需对手速度≥1.00（当前=1.00）
  转向阶梯中 : phase=3  rotate=-0.07  （此期间不晋级下一阶段，只按 hit_rate 下调转向）
  未晋级阶段：转向阶梯进行中（属预期）
------------------------------------------------------------
[进度] 15,958,016/100,000,000 (16.0%)  FPS≈1420  阶段=stage2_linear  速度=1.00  直行间隔=180  aim=0.100/lead  rotate=-0.07
[进度] 15,974,400/100,000,000 (16.0%)  FPS≈1279  阶段=stage2_linear  速度=1.00  直行间隔=180  aim=0.100/lead  rotate=-0.07
[进度] 15,990,784/100,000,000 (16.0%)  FPS≈1454  阶段=stage2_linear  速度=1.00  直行间隔=180  aim=0.100/lead  rotate=-0.07
[进度] 16,007,168/100,000,000 (16.0%)  FPS≈1363  阶段=stage2_linear  速度=1.00  直行间隔=180  aim=0.100/lead  rotate=-0.07
[进度] 16,023,552/100,000,000 (16.0%)  FPS≈1288  阶段=stage2_linear  速度=1.00  直行间隔=180  aim=0.100/lead  rotate=-0.07
[进度] 16,039,936/100,000,000 (16.0%)  FPS≈1418  阶段=stage2_linear  速度=1.00  直行间隔=180  aim=0.100/lead  rotate=-0.07
[进度] 16,056,320/100,000,000 (16.1%)  FPS≈1588  阶段=stage2_linear  速度=1.00  直行间隔=180  aim=0.100/lead  rotate=-0.07
[存盘] 课程元数据 model_t16056320_stage1_stage2_linear.curriculum.json  stage=stage2_linear  bot=linear v=1.00
[存盘] runs/curriculum_aim/20260922_225205/checkpoints/model_t16056320_stage1_stage2_linear.zip
[评测] 开始（100 局）…
  [评测进度] 10/100  kill(命中/开火)=0.242  direct(直击/开火)=0.182  弹数=33
  [评测进度] 20/100  kill(命中/开火)=0.219  direct(直击/开火)=0.151  弹数=73
  [评测进度] 30/100  kill(命中/开火)=0.227  direct(直击/开火)=0.145  弹数=110
  [评测进度] 40/100  kill(命中/开火)=0.255  direct(直击/开火)=0.145  弹数=145
  [评测进度] 50/100  kill(命中/开火)=0.260  direct(直击/开火)=0.133  弹数=181
  [评测进度] 60/100  kill(命中/开火)=0.272  direct(直击/开火)=0.129  弹数=217
  [评测进度] 70/100  kill(命中/开火)=0.262  direct(直击/开火)=0.115  弹数=252
  [评测进度] 80/100  kill(命中/开火)=0.269  direct(直击/开火)=0.109  弹数=294
  [评测进度] 90/100  kill(命中/开火)=0.272  direct(直击/开火)=0.110  弹数=327
  [评测进度] 100/100  kill(命中/开火)=0.278  direct(直击/开火)=0.114  弹数=370
------------------------------------------------------------
[评测] 阶段=stage2_linear  局数=100
  kill_rate(命中/开火) = 0.278  hit_rate(直击/开火) = 0.114  中位TTK = 600
  TTK口径     : 首直击步数；无直击=该局结束步数（评测步限封顶）
  晋级条件 直击/开火 hit_rate≥0.06  当前=0.114  → 指标达标
  附加门槛 : 需对手速度≥1.00（当前=1.00）
  转向阶梯中 : phase=3  rotate=-0.07  （此期间不晋级下一阶段，只按 hit_rate 下调转向）
  未晋级阶段：转向阶梯进行中（属预期）
------------------------------------------------------------
[进度] 16,072,704/100,000,000 (16.1%)  FPS≈1514  阶段=stage2_linear  速度=1.00  直行间隔=180  aim=0.100/lead  rotate=-0.07
[进度] 16,089,088/100,000,000 (16.1%)  FPS≈1377  阶段=stage2_linear  速度=1.00  直行间隔=180  aim=0.100/lead  rotate=-0.07
[进度] 16,105,472/100,000,000 (16.1%)  FPS≈1334  阶段=stage2_linear  速度=1.00  直行间隔=180  aim=0.100/lead  rotate=-0.07
[进度] 16,121,856/100,000,000 (16.1%)  FPS≈1456  阶段=stage2_linear  速度=1.00  直行间隔=180  aim=0.100/lead  rotate=-0.07
[进度] 16,138,240/100,000,000 (16.1%)  FPS≈1279  阶段=stage2_linear  速度=1.00  直行间隔=180  aim=0.100/lead  rotate=-0.07
[进度] 16,154,624/100,000,000 (16.2%)  FPS≈1432  阶段=stage2_linear  速度=1.00  直行间隔=180  aim=0.100/lead  rotate=-0.07
[进度] 16,171,008/100,000,000 (16.2%)  FPS≈1390  阶段=stage2_linear  速度=1.00  直行间隔=180  aim=0.100/lead  rotate=-0.07
[存盘] 课程元数据 model_t16171008_stage1_stage2_linear.curriculum.json  stage=stage2_linear  bot=linear v=1.00
[存盘] runs/curriculum_aim/20260922_225205/checkpoints/model_t16171008_stage1_stage2_linear.zip
[评测] 开始（100 局）…
  [评测进度] 10/100  kill(命中/开火)=0.367  direct(直击/开火)=0.100  弹数=30
  [评测进度] 20/100  kill(命中/开火)=0.406  direct(直击/开火)=0.125  弹数=64
  [评测进度] 30/100  kill(命中/开火)=0.352  direct(直击/开火)=0.114  弹数=105
  [评测进度] 40/100  kill(命中/开火)=0.319  direct(直击/开火)=0.104  弹数=144
  [评测进度] 50/100  kill(命中/开火)=0.301  direct(直击/开火)=0.093  弹数=183
  [评测进度] 60/100  kill(命中/开火)=0.279  direct(直击/开火)=0.086  弹数=222
  [评测进度] 70/100  kill(命中/开火)=0.277  direct(直击/开火)=0.086  弹数=256
  [评测进度] 80/100  kill(命中/开火)=0.274  direct(直击/开火)=0.081  弹数=296
  [评测进度] 90/100  kill(命中/开火)=0.276  direct(直击/开火)=0.079  弹数=340
  [评测进度] 100/100  kill(命中/开火)=0.285  direct(直击/开火)=0.088  弹数=362
------------------------------------------------------------
[评测] 阶段=stage2_linear  局数=100
  kill_rate(命中/开火) = 0.285  hit_rate(直击/开火) = 0.088  中位TTK = 600
  TTK口径     : 首直击步数；无直击=该局结束步数（评测步限封顶）
  晋级条件 直击/开火 hit_rate≥0.06  当前=0.088  → 指标达标
  附加门槛 : 需对手速度≥1.00（当前=1.00）
  转向阶梯中 : phase=3  rotate=-0.07  （此期间不晋级下一阶段，只按 hit_rate 下调转向）
  未晋级阶段：转向阶梯进行中（属预期）
------------------------------------------------------------
[进度] 16,187,392/100,000,000 (16.2%)  FPS≈1375  阶段=stage2_linear  速度=1.00  直行间隔=180  aim=0.100/lead  rotate=-0.07
[进度] 16,203,776/100,000,000 (16.2%)  FPS≈1358  阶段=stage2_linear  速度=1.00  直行间隔=180  aim=0.100/lead  rotate=-0.07
[进度] 16,220,160/100,000,000 (16.2%)  FPS≈1345  阶段=stage2_linear  速度=1.00  直行间隔=180  aim=0.100/lead  rotate=-0.07
[进度] 16,236,544/100,000,000 (16.2%)  FPS≈1331  阶段=stage2_linear  速度=1.00  直行间隔=180  aim=0.100/lead  rotate=-0.07
[进度] 16,252,928/100,000,000 (16.3%)  FPS≈1425  阶段=stage2_linear  速度=1.00  直行间隔=180  aim=0.100/lead  rotate=-0.07
[进度] 16,269,312/100,000,000 (16.3%)  FPS≈1334  阶段=stage2_linear  速度=1.00  直行间隔=180  aim=0.100/lead  rotate=-0.07
[进度] 16,285,696/100,000,000 (16.3%)  FPS≈1508  阶段=stage2_linear  速度=1.00  直行间隔=180  aim=0.100/lead  rotate=-0.07
[存盘] 课程元数据 model_t16285696_stage1_stage2_linear.curriculum.json  stage=stage2_linear  bot=linear v=1.00
[存盘] runs/curriculum_aim/20260922_225205/checkpoints/model_t16285696_stage1_stage2_linear.zip
[评测] 开始（100 局）…
  [评测进度] 10/100  kill(命中/开火)=0.136  direct(直击/开火)=0.023  弹数=44
  [评测进度] 20/100  kill(命中/开火)=0.224  direct(直击/开火)=0.066  弹数=76
  [评测进度] 30/100  kill(命中/开火)=0.202  direct(直击/开火)=0.077  弹数=104
  [评测进度] 40/100  kill(命中/开火)=0.232  direct(直击/开火)=0.087  弹数=138
  [评测进度] 50/100  kill(命中/开火)=0.241  direct(直击/开火)=0.086  弹数=174
  [评测进度] 60/100  kill(命中/开火)=0.251  direct(直击/开火)=0.100  弹数=211
  [评测进度] 70/100  kill(命中/开火)=0.249  direct(直击/开火)=0.102  弹数=245
  [评测进度] 80/100  kill(命中/开火)=0.247  direct(直击/开火)=0.104  弹数=279
  [评测进度] 90/100  kill(命中/开火)=0.264  direct(直击/开火)=0.109  弹数=311
  [评测进度] 100/100  kill(命中/开火)=0.259  direct(直击/开火)=0.105  弹数=351
------------------------------------------------------------
[评测] 阶段=stage2_linear  局数=100
  kill_rate(命中/开火) = 0.259  hit_rate(直击/开火) = 0.105  中位TTK = 600
  TTK口径     : 首直击步数；无直击=该局结束步数（评测步限封顶）
  晋级条件 直击/开火 hit_rate≥0.06  当前=0.105  → 指标达标
  附加门槛 : 需对手速度≥1.00（当前=1.00）
  转向阶梯中 : phase=3  rotate=-0.07  （此期间不晋级下一阶段，只按 hit_rate 下调转向）
  未晋级阶段：转向阶梯进行中（属预期）
------------------------------------------------------------
[进度] 16,302,080/100,000,000 (16.3%)  FPS≈1488  阶段=stage2_linear  速度=1.00  直行间隔=180  aim=0.100/lead  rotate=-0.07
[进度] 16,318,464/100,000,000 (16.3%)  FPS≈1501  阶段=stage2_linear  速度=1.00  直行间隔=180  aim=0.100/lead  rotate=-0.07
[进度] 16,334,848/100,000,000 (16.3%)  FPS≈1536  阶段=stage2_linear  速度=1.00  直行间隔=180  aim=0.100/lead  rotate=-0.07
[进度] 16,351,232/100,000,000 (16.4%)  FPS≈1223  阶段=stage2_linear  速度=1.00  直行间隔=180  aim=0.100/lead  rotate=-0.07
[进度] 16,367,616/100,000,000 (16.4%)  FPS≈1367  阶段=stage2_linear  速度=1.00  直行间隔=180  aim=0.100/lead  rotate=-0.07
[进度] 16,384,000/100,000,000 (16.4%)  FPS≈1364  阶段=stage2_linear  速度=1.00  直行间隔=180  aim=0.100/lead  rotate=-0.07
[进度] 16,400,384/100,000,000 (16.4%)  FPS≈1527  阶段=stage2_linear  速度=1.00  直行间隔=180  aim=0.100/lead  rotate=-0.07
[存盘] 课程元数据 model_t16400384_stage1_stage2_linear.curriculum.json  stage=stage2_linear  bot=linear v=1.00
[存盘] runs/curriculum_aim/20260922_225205/checkpoints/model_t16400384_stage1_stage2_linear.zip
[评测] 开始（100 局）…
  [评测进度] 10/100  kill(命中/开火)=0.257  direct(直击/开火)=0.086  弹数=35
  [评测进度] 20/100  kill(命中/开火)=0.229  direct(直击/开火)=0.057  弹数=70
  [评测进度] 30/100  kill(命中/开火)=0.235  direct(直击/开火)=0.051  弹数=98
  [评测进度] 40/100  kill(命中/开火)=0.227  direct(直击/开火)=0.053  弹数=132
  [评测进度] 50/100  kill(命中/开火)=0.220  direct(直击/开火)=0.042  弹数=168
  [评测进度] 60/100  kill(命中/开火)=0.211  direct(直击/开火)=0.039  弹数=204
  [评测进度] 70/100  kill(命中/开火)=0.220  direct(直击/开火)=0.050  弹数=241
  [评测进度] 80/100  kill(命中/开火)=0.228  direct(直击/开火)=0.061  弹数=263
  [评测进度] 90/100  kill(命中/开火)=0.248  direct(直击/开火)=0.068  弹数=294
  [评测进度] 100/100  kill(命中/开火)=0.252  direct(直击/开火)=0.069  弹数=321
------------------------------------------------------------
[评测] 阶段=stage2_linear  局数=100
  kill_rate(命中/开火) = 0.252  hit_rate(直击/开火) = 0.069  中位TTK = 600
  TTK口径     : 首直击步数；无直击=该局结束步数（评测步限封顶）
  晋级条件 直击/开火 hit_rate≥0.06  当前=0.069  → 指标达标
  附加门槛 : 需对手速度≥1.00（当前=1.00）
  转向阶梯中 : phase=3  rotate=-0.07  （此期间不晋级下一阶段，只按 hit_rate 下调转向）
  未晋级阶段：转向阶梯进行中（属预期）
------------------------------------------------------------
[进度] 16,416,768/100,000,000 (16.4%)  FPS≈1507  阶段=stage2_linear  速度=1.00  直行间隔=180  aim=0.100/lead  rotate=-0.07
[进度] 16,433,152/100,000,000 (16.4%)  FPS≈1391  阶段=stage2_linear  速度=1.00  直行间隔=180  aim=0.100/lead  rotate=-0.07
[进度] 16,449,536/100,000,000 (16.4%)  FPS≈1387  阶段=stage2_linear  速度=1.00  直行间隔=180  aim=0.100/lead  rotate=-0.07
[进度] 16,465,920/100,000,000 (16.5%)  FPS≈1394  阶段=stage2_linear  速度=1.00  直行间隔=180  aim=0.100/lead  rotate=-0.07
[进度] 16,482,304/100,000,000 (16.5%)  FPS≈1452  阶段=stage2_linear  速度=1.00  直行间隔=180  aim=0.100/lead  rotate=-0.07
[进度] 16,498,688/100,000,000 (16.5%)  FPS≈1449  阶段=stage2_linear  速度=1.00  直行间隔=180  aim=0.100/lead  rotate=-0.07
[进度] 16,515,072/100,000,000 (16.5%)  FPS≈1255  阶段=stage2_linear  速度=1.00  直行间隔=180  aim=0.100/lead  rotate=-0.07
[存盘] 课程元数据 model_t16515072_stage1_stage2_linear.curriculum.json  stage=stage2_linear  bot=linear v=1.00
[存盘] runs/curriculum_aim/20260922_225205/checkpoints/model_t16515072_stage1_stage2_linear.zip
[评测] 开始（100 局）…
  [评测进度] 10/100  kill(命中/开火)=0.071  direct(直击/开火)=0.048  弹数=42
  [评测进度] 20/100  kill(命中/开火)=0.203  direct(直击/开火)=0.051  弹数=79
  [评测进度] 30/100  kill(命中/开火)=0.195  direct(直击/开火)=0.042  弹数=118
  [评测进度] 40/100  kill(命中/开火)=0.219  direct(直击/开火)=0.046  弹数=151
  [评测进度] 50/100  kill(命中/开火)=0.225  direct(直击/开火)=0.053  弹数=187
  [评测进度] 60/100  kill(命中/开火)=0.227  direct(直击/开火)=0.064  弹数=220
  [评测进度] 70/100  kill(命中/开火)=0.231  direct(直击/开火)=0.067  弹数=255
  [评测进度] 80/100  kill(命中/开火)=0.225  direct(直击/开火)=0.065  弹数=293
  [评测进度] 90/100  kill(命中/开火)=0.217  direct(直击/开火)=0.065  弹数=322
  [评测进度] 100/100  kill(命中/开火)=0.226  direct(直击/开火)=0.060  弹数=367
------------------------------------------------------------
[评测] 阶段=stage2_linear  局数=100
  kill_rate(命中/开火) = 0.226  hit_rate(直击/开火) = 0.060  中位TTK = 600
  TTK口径     : 首直击步数；无直击=该局结束步数（评测步限封顶）
  晋级条件 直击/开火 hit_rate≥0.06  当前=0.060  → 指标未达标
  附加门槛 : 需对手速度≥1.00（当前=1.00）
  转向阶梯中 : phase=3  rotate=-0.07  （此期间不晋级下一阶段，只按 hit_rate 下调转向）
  未晋级阶段：转向阶梯进行中（属预期）
------------------------------------------------------------
[进度] 16,531,456/100,000,000 (16.5%)  FPS≈1395  阶段=stage2_linear  速度=1.00  直行间隔=180  aim=0.100/lead  rotate=-0.07
[进度] 16,547,840/100,000,000 (16.5%)  FPS≈1298  阶段=stage2_linear  速度=1.00  直行间隔=180  aim=0.100/lead  rotate=-0.07
[进度] 16,564,224/100,000,000 (16.6%)  FPS≈1376  阶段=stage2_linear  速度=1.00  直行间隔=180  aim=0.100/lead  rotate=-0.07
[进度] 16,580,608/100,000,000 (16.6%)  FPS≈1476  阶段=stage2_linear  速度=1.00  直行间隔=180  aim=0.100/lead  rotate=-0.07
[进度] 16,596,992/100,000,000 (16.6%)  FPS≈1265  阶段=stage2_linear  速度=1.00  直行间隔=180  aim=0.100/lead  rotate=-0.07
[进度] 16,613,376/100,000,000 (16.6%)  FPS≈1236  阶段=stage2_linear  速度=1.00  直行间隔=180  aim=0.100/lead  rotate=-0.07
[进度] 16,629,760/100,000,000 (16.6%)  FPS≈1309  阶段=stage2_linear  速度=1.00  直行间隔=180  aim=0.100/lead  rotate=-0.07
[存盘] 课程元数据 model_t16629760_stage1_stage2_linear.curriculum.json  stage=stage2_linear  bot=linear v=1.00
[存盘] runs/curriculum_aim/20260922_225205/checkpoints/model_t16629760_stage1_stage2_linear.zip
[评测] 开始（100 局）…
  [评测进度] 10/100  kill(命中/开火)=0.342  direct(直击/开火)=0.105  弹数=38
  [评测进度] 20/100  kill(命中/开火)=0.292  direct(直击/开火)=0.123  弹数=65
  [评测进度] 30/100  kill(命中/开火)=0.280  direct(直击/开火)=0.080  弹数=100
  [评测进度] 40/100  kill(命中/开火)=0.241  direct(直击/开火)=0.071  弹数=141
  [评测进度] 50/100  kill(命中/开火)=0.250  direct(直击/开火)=0.077  弹数=168
  [评测进度] 60/100  kill(命中/开火)=0.249  direct(直击/开火)=0.081  弹数=197
  [评测进度] 70/100  kill(命中/开火)=0.249  direct(直击/开火)=0.087  弹数=229
  [评测进度] 80/100  kill(命中/开火)=0.258  direct(直击/开火)=0.085  弹数=260
  [评测进度] 90/100  kill(命中/开火)=0.254  direct(直击/开火)=0.091  弹数=287
  [评测进度] 100/100  kill(命中/开火)=0.260  direct(直击/开火)=0.096  弹数=311
------------------------------------------------------------
[评测] 阶段=stage2_linear  局数=100
  kill_rate(命中/开火) = 0.260  hit_rate(直击/开火) = 0.096  中位TTK = 600
  TTK口径     : 首直击步数；无直击=该局结束步数（评测步限封顶）
  晋级条件 直击/开火 hit_rate≥0.06  当前=0.096  → 指标达标
  附加门槛 : 需对手速度≥1.00（当前=1.00）
  转向阶梯中 : phase=3  rotate=-0.07  （此期间不晋级下一阶段，只按 hit_rate 下调转向）
  未晋级阶段：转向阶梯进行中（属预期）
------------------------------------------------------------
[进度] 16,646,144/100,000,000 (16.6%)  FPS≈1502  阶段=stage2_linear  速度=1.00  直行间隔=180  aim=0.100/lead  rotate=-0.07
[进度] 16,662,528/100,000,000 (16.7%)  FPS≈1442  阶段=stage2_linear  速度=1.00  直行间隔=180  aim=0.100/lead  rotate=-0.07
[进度] 16,678,912/100,000,000 (16.7%)  FPS≈1363  阶段=stage2_linear  速度=1.00  直行间隔=180  aim=0.100/lead  rotate=-0.07
[进度] 16,695,296/100,000,000 (16.7%)  FPS≈1431  阶段=stage2_linear  速度=1.00  直行间隔=180  aim=0.100/lead  rotate=-0.07
[进度] 16,711,680/100,000,000 (16.7%)  FPS≈1218  阶段=stage2_linear  速度=1.00  直行间隔=180  aim=0.100/lead  rotate=-0.07
[进度] 16,728,064/100,000,000 (16.7%)  FPS≈1363  阶段=stage2_linear  速度=1.00  直行间隔=180  aim=0.100/lead  rotate=-0.07
[进度] 16,744,448/100,000,000 (16.7%)  FPS≈1380  阶段=stage2_linear  速度=1.00  直行间隔=180  aim=0.100/lead  rotate=-0.07
[存盘] 课程元数据 model_t16744448_stage1_stage2_linear.curriculum.json  stage=stage2_linear  bot=linear v=1.00
[存盘] runs/curriculum_aim/20260922_225205/checkpoints/model_t16744448_stage1_stage2_linear.zip
[评测] 开始（100 局）…
  [评测进度] 10/100  kill(命中/开火)=0.320  direct(直击/开火)=0.160  弹数=25
  [评测进度] 20/100  kill(命中/开火)=0.276  direct(直击/开火)=0.121  弹数=58
  [评测进度] 30/100  kill(命中/开火)=0.300  direct(直击/开火)=0.113  弹数=80
  [评测进度] 40/100  kill(命中/开火)=0.288  direct(直击/开火)=0.106  弹数=104
  [评测进度] 50/100  kill(命中/开火)=0.270  direct(直击/开火)=0.107  弹数=122
  [评测进度] 60/100  kill(命中/开火)=0.268  direct(直击/开火)=0.094  弹数=149
  [评测进度] 70/100  kill(命中/开火)=0.283  direct(直击/开火)=0.092  弹数=173
  [评测进度] 80/100  kill(命中/开火)=0.288  direct(直击/开火)=0.110  弹数=191
  [评测进度] 90/100  kill(命中/开火)=0.278  direct(直击/开火)=0.111  弹数=216
  [评测进度] 100/100  kill(命中/开火)=0.267  direct(直击/开火)=0.097  弹数=247
------------------------------------------------------------
[评测] 阶段=stage2_linear  局数=100
  kill_rate(命中/开火) = 0.267  hit_rate(直击/开火) = 0.097  中位TTK = 600
  TTK口径     : 首直击步数；无直击=该局结束步数（评测步限封顶）
  晋级条件 直击/开火 hit_rate≥0.06  当前=0.097  → 指标达标
  附加门槛 : 需对手速度≥1.00（当前=1.00）
  转向阶梯中 : phase=3  rotate=-0.07  （此期间不晋级下一阶段，只按 hit_rate 下调转向）
  未晋级阶段：转向阶梯进行中（属预期）
------------------------------------------------------------
[进度] 16,760,832/100,000,000 (16.8%)  FPS≈1537  阶段=stage2_linear  速度=1.00  直行间隔=180  aim=0.100/lead  rotate=-0.07
[进度] 16,777,216/100,000,000 (16.8%)  FPS≈1477  阶段=stage2_linear  速度=1.00  直行间隔=180  aim=0.100/lead  rotate=-0.07
[进度] 16,793,600/100,000,000 (16.8%)  FPS≈1314  阶段=stage2_linear  速度=1.00  直行间隔=180  aim=0.100/lead  rotate=-0.07
[进度] 16,809,984/100,000,000 (16.8%)  FPS≈1327  阶段=stage2_linear  速度=1.00  直行间隔=180  aim=0.100/lead  rotate=-0.07
[进度] 16,826,368/100,000,000 (16.8%)  FPS≈1293  阶段=stage2_linear  速度=1.00  直行间隔=180  aim=0.100/lead  rotate=-0.07
[进度] 16,842,752/100,000,000 (16.8%)  FPS≈1346  阶段=stage2_linear  速度=1.00  直行间隔=180  aim=0.100/lead  rotate=-0.07
[进度] 16,859,136/100,000,000 (16.9%)  FPS≈1342  阶段=stage2_linear  速度=1.00  直行间隔=180  aim=0.100/lead  rotate=-0.07
[存盘] 课程元数据 model_t16859136_stage1_stage2_linear.curriculum.json  stage=stage2_linear  bot=linear v=1.00
[存盘] runs/curriculum_aim/20260922_225205/checkpoints/model_t16859136_stage1_stage2_linear.zip
[评测] 开始（100 局）…
  [评测进度] 10/100  kill(命中/开火)=0.267  direct(直击/开火)=0.000  弹数=15
  [评测进度] 20/100  kill(命中/开火)=0.222  direct(直击/开火)=0.028  弹数=36
  [评测进度] 30/100  kill(命中/开火)=0.211  direct(直击/开火)=0.035  弹数=57
  [评测进度] 40/100  kill(命中/开火)=0.192  direct(直击/开火)=0.026  弹数=78
  [评测进度] 50/100  kill(命中/开火)=0.206  direct(直击/开火)=0.031  弹数=97
  [评测进度] 60/100  kill(命中/开火)=0.209  direct(直击/开火)=0.043  弹数=115
  [评测进度] 70/100  kill(命中/开火)=0.208  direct(直击/开火)=0.048  弹数=125
  [评测进度] 80/100  kill(命中/开火)=0.210  direct(直击/开火)=0.051  弹数=138
  [评测进度] 90/100  kill(命中/开火)=0.224  direct(直击/开火)=0.058  弹数=156
  [评测进度] 100/100  kill(命中/开火)=0.225  direct(直击/开火)=0.056  弹数=178
------------------------------------------------------------
[评测] 阶段=stage2_linear  局数=100
  kill_rate(命中/开火) = 0.225  hit_rate(直击/开火) = 0.056  中位TTK = 600
  TTK口径     : 首直击步数；无直击=该局结束步数（评测步限封顶）
  晋级条件 直击/开火 hit_rate≥0.06  当前=0.056  → 指标未达标
  附加门槛 : 需对手速度≥1.00（当前=1.00）
  转向阶梯中 : phase=3  rotate=-0.07  （此期间不晋级下一阶段，只按 hit_rate 下调转向）
  未晋级阶段：转向阶梯进行中（属预期）
------------------------------------------------------------
[进度] 16,875,520/100,000,000 (16.9%)  FPS≈1491  阶段=stage2_linear  速度=1.00  直行间隔=180  aim=0.100/lead  rotate=-0.07
[进度] 16,891,904/100,000,000 (16.9%)  FPS≈1401  阶段=stage2_linear  速度=1.00  直行间隔=180  aim=0.100/lead  rotate=-0.07
[进度] 16,908,288/100,000,000 (16.9%)  FPS≈1408  阶段=stage2_linear  速度=1.00  直行间隔=180  aim=0.100/lead  rotate=-0.07
[进度] 16,924,672/100,000,000 (16.9%)  FPS≈1439  阶段=stage2_linear  速度=1.00  直行间隔=180  aim=0.100/lead  rotate=-0.07
[进度] 16,941,056/100,000,000 (16.9%)  FPS≈1305  阶段=stage2_linear  速度=1.00  直行间隔=180  aim=0.100/lead  rotate=-0.07
[进度] 16,957,440/100,000,000 (17.0%)  FPS≈1414  阶段=stage2_linear  速度=1.00  直行间隔=180  aim=0.100/lead  rotate=-0.07
[进度] 16,973,824/100,000,000 (17.0%)  FPS≈1380  阶段=stage2_linear  速度=1.00  直行间隔=180  aim=0.100/lead  rotate=-0.07
[存盘] 课程元数据 model_t16973824_stage1_stage2_linear.curriculum.json  stage=stage2_linear  bot=linear v=1.00
[存盘] runs/curriculum_aim/20260922_225205/checkpoints/model_t16973824_stage1_stage2_linear.zip
[评测] 开始（100 局）…
  [评测进度] 10/100  kill(命中/开火)=0.176  direct(直击/开火)=0.118  弹数=17
  [评测进度] 20/100  kill(命中/开火)=0.208  direct(直击/开火)=0.083  弹数=24
  [评测进度] 30/100  kill(命中/开火)=0.263  direct(直击/开火)=0.053  弹数=38
  [评测进度] 40/100  kill(命中/开火)=0.231  direct(直击/开火)=0.038  弹数=52
  [评测进度] 50/100  kill(命中/开火)=0.176  direct(直击/开火)=0.027  弹数=74
  [评测进度] 60/100  kill(命中/开火)=0.168  direct(直击/开火)=0.021  弹数=95
  [评测进度] 70/100  kill(命中/开火)=0.193  direct(直击/开火)=0.046  弹数=109
  [评测进度] 80/100  kill(命中/开火)=0.220  direct(直击/开火)=0.042  弹数=118
  [评测进度] 90/100  kill(命中/开火)=0.226  direct(直击/开火)=0.036  弹数=137
  [评测进度] 100/100  kill(命中/开火)=0.237  direct(直击/开火)=0.046  弹数=152
------------------------------------------------------------
[评测] 阶段=stage2_linear  局数=100
  kill_rate(命中/开火) = 0.237  hit_rate(直击/开火) = 0.046  中位TTK = 600
  TTK口径     : 首直击步数；无直击=该局结束步数（评测步限封顶）
  晋级条件 直击/开火 hit_rate≥0.06  当前=0.046  → 指标未达标
  附加门槛 : 需对手速度≥1.00（当前=1.00）
  转向阶梯中 : phase=3  rotate=-0.07  （此期间不晋级下一阶段，只按 hit_rate 下调转向）
  未晋级阶段：转向阶梯进行中（属预期）
------------------------------------------------------------
[进度] 16,990,208/100,000,000 (17.0%)  FPS≈1413  阶段=stage2_linear  速度=1.00  直行间隔=180  aim=0.100/lead  rotate=-0.07
[进度] 17,006,592/100,000,000 (17.0%)  FPS≈1369  阶段=stage2_linear  速度=1.00  直行间隔=180  aim=0.100/lead  rotate=-0.07
[进度] 17,022,976/100,000,000 (17.0%)  FPS≈1364  阶段=stage2_linear  速度=1.00  直行间隔=180  aim=0.100/lead  rotate=-0.07
[进度] 17,039,360/100,000,000 (17.0%)  FPS≈1314  阶段=stage2_linear  速度=1.00  直行间隔=180  aim=0.100/lead  rotate=-0.07
[进度] 17,055,744/100,000,000 (17.1%)  FPS≈1396  阶段=stage2_linear  速度=1.00  直行间隔=180  aim=0.100/lead  rotate=-0.07
[进度] 17,072,128/100,000,000 (17.1%)  FPS≈1559  阶段=stage2_linear  速度=1.00  直行间隔=180  aim=0.100/lead  rotate=-0.07
[进度] 17,088,512/100,000,000 (17.1%)  FPS≈1359  阶段=stage2_linear  速度=1.00  直行间隔=180  aim=0.100/lead  rotate=-0.07
[存盘] 课程元数据 model_t17088512_stage1_stage2_linear.curriculum.json  stage=stage2_linear  bot=linear v=1.00
[存盘] runs/curriculum_aim/20260922_225205/checkpoints/model_t17088512_stage1_stage2_linear.zip
[评测] 开始（100 局）…
  [评测进度] 10/100  kill(命中/开火)=0.133  direct(直击/开火)=0.000  弹数=15
  [评测进度] 20/100  kill(命中/开火)=0.156  direct(直击/开火)=0.000  弹数=32
  [评测进度] 30/100  kill(命中/开火)=0.188  direct(直击/开火)=0.021  弹数=48
  [评测进度] 40/100  kill(命中/开火)=0.230  direct(直击/开火)=0.049  弹数=61
  [评测进度] 50/100  kill(命中/开火)=0.197  direct(直击/开火)=0.039  弹数=76
  [评测进度] 60/100  kill(命中/开火)=0.186  direct(直击/开火)=0.041  弹数=97
  [评测进度] 70/100  kill(命中/开火)=0.188  direct(直击/开火)=0.054  弹数=112
  [评测进度] 80/100  kill(命中/开火)=0.203  direct(直击/开火)=0.047  弹数=128
  [评测进度] 90/100  kill(命中/开火)=0.191  direct(直击/开火)=0.043  弹数=141
  [评测进度] 100/100  kill(命中/开火)=0.197  direct(直击/开火)=0.045  弹数=157
------------------------------------------------------------
[评测] 阶段=stage2_linear  局数=100
  kill_rate(命中/开火) = 0.197  hit_rate(直击/开火) = 0.045  中位TTK = 600
  TTK口径     : 首直击步数；无直击=该局结束步数（评测步限封顶）
  晋级条件 直击/开火 hit_rate≥0.06  当前=0.045  → 指标未达标
  附加门槛 : 需对手速度≥1.00（当前=1.00）
  转向阶梯中 : phase=3  rotate=-0.07  （此期间不晋级下一阶段，只按 hit_rate 下调转向）
  未晋级阶段：转向阶梯进行中（属预期）
------------------------------------------------------------
[进度] 17,104,896/100,000,000 (17.1%)  FPS≈1453  阶段=stage2_linear  速度=1.00  直行间隔=180  aim=0.100/lead  rotate=-0.07
[进度] 17,121,280/100,000,000 (17.1%)  FPS≈1309  阶段=stage2_linear  速度=1.00  直行间隔=180  aim=0.100/lead  rotate=-0.07
[进度] 17,137,664/100,000,000 (17.1%)  FPS≈1325  阶段=stage2_linear  速度=1.00  直行间隔=180  aim=0.100/lead  rotate=-0.07
[进度] 17,154,048/100,000,000 (17.2%)  FPS≈1358  阶段=stage2_linear  速度=1.00  直行间隔=180  aim=0.100/lead  rotate=-0.07
[进度] 17,170,432/100,000,000 (17.2%)  FPS≈1533  阶段=stage2_linear  速度=1.00  直行间隔=180  aim=0.100/lead  rotate=-0.07
[进度] 17,186,816/100,000,000 (17.2%)  FPS≈1246  阶段=stage2_linear  速度=1.00  直行间隔=180  aim=0.100/lead  rotate=-0.07
[进度] 17,203,200/100,000,000 (17.2%)  FPS≈1416  阶段=stage2_linear  速度=1.00  直行间隔=180  aim=0.100/lead  rotate=-0.07
[存盘] 课程元数据 model_t17203200_stage1_stage2_linear.curriculum.json  stage=stage2_linear  bot=linear v=1.00
[存盘] runs/curriculum_aim/20260922_225205/checkpoints/model_t17203200_stage1_stage2_linear.zip
[评测] 开始（100 局）…
  [评测进度] 10/100  kill(命中/开火)=0.125  direct(直击/开火)=0.042  弹数=24
  [评测进度] 20/100  kill(命中/开火)=0.140  direct(直击/开火)=0.040  弹数=50
  [评测进度] 30/100  kill(命中/开火)=0.215  direct(直击/开火)=0.038  弹数=79
  [评测进度] 40/100  kill(命中/开火)=0.216  direct(直击/开火)=0.036  弹数=111
  [评测进度] 50/100  kill(命中/开火)=0.188  direct(直击/开火)=0.035  弹数=144
  [评测进度] 60/100  kill(命中/开火)=0.203  direct(直击/开火)=0.040  弹数=177
  [评测进度] 70/100  kill(命中/开火)=0.185  direct(直击/开火)=0.034  弹数=205
  [评测进度] 80/100  kill(命中/开火)=0.198  direct(直击/开火)=0.044  弹数=227
  [评测进度] 90/100  kill(命中/开火)=0.201  direct(直击/开火)=0.042  弹数=259
  [评测进度] 100/100  kill(命中/开火)=0.196  direct(直击/开火)=0.045  弹数=291
------------------------------------------------------------
[评测] 阶段=stage2_linear  局数=100
  kill_rate(命中/开火) = 0.196  hit_rate(直击/开火) = 0.045  中位TTK = 600
  TTK口径     : 首直击步数；无直击=该局结束步数（评测步限封顶）
  晋级条件 直击/开火 hit_rate≥0.06  当前=0.045  → 指标未达标
  附加门槛 : 需对手速度≥1.00（当前=1.00）
  转向阶梯中 : phase=3  rotate=-0.07  （此期间不晋级下一阶段，只按 hit_rate 下调转向）
  未晋级阶段：转向阶梯进行中（属预期）
------------------------------------------------------------
[进度] 17,219,584/100,000,000 (17.2%)  FPS≈1389  阶段=stage2_linear  速度=1.00  直行间隔=180  aim=0.100/lead  rotate=-0.07
[进度] 17,235,968/100,000,000 (17.2%)  FPS≈1361  阶段=stage2_linear  速度=1.00  直行间隔=180  aim=0.100/lead  rotate=-0.07
[进度] 17,252,352/100,000,000 (17.3%)  FPS≈1323  阶段=stage2_linear  速度=1.00  直行间隔=180  aim=0.100/lead  rotate=-0.07
[进度] 17,268,736/100,000,000 (17.3%)  FPS≈1329  阶段=stage2_linear  速度=1.00  直行间隔=180  aim=0.100/lead  rotate=-0.07
[进度] 17,285,120/100,000,000 (17.3%)  FPS≈1364  阶段=stage2_linear  速度=1.00  直行间隔=180  aim=0.100/lead  rotate=-0.07
[进度] 17,301,504/100,000,000 (17.3%)  FPS≈1523  阶段=stage2_linear  速度=1.00  直行间隔=180  aim=0.100/lead  rotate=-0.07
[进度] 17,317,888/100,000,000 (17.3%)  FPS≈1403  阶段=stage2_linear  速度=1.00  直行间隔=180  aim=0.100/lead  rotate=-0.07
[存盘] 课程元数据 model_t17317888_stage1_stage2_linear.curriculum.json  stage=stage2_linear  bot=linear v=1.00
[存盘] runs/curriculum_aim/20260922_225205/checkpoints/model_t17317888_stage1_stage2_linear.zip
[评测] 开始（100 局）…
  [评测进度] 10/100  kill(命中/开火)=0.312  direct(直击/开火)=0.094  弹数=32
  [评测进度] 20/100  kill(命中/开火)=0.220  direct(直击/开火)=0.068  弹数=59
  [评测进度] 30/100  kill(命中/开火)=0.205  direct(直击/开火)=0.057  弹数=88
  [评测进度] 40/100  kill(命中/开火)=0.212  direct(直击/开火)=0.059  弹数=118
  [评测进度] 50/100  kill(命中/开火)=0.219  direct(直击/开火)=0.068  弹数=146
  [评测进度] 60/100  kill(命中/开火)=0.198  direct(直击/开火)=0.058  弹数=172
  [评测进度] 70/100  kill(命中/开火)=0.207  direct(直击/开火)=0.073  弹数=193
  [评测进度] 80/100  kill(命中/开火)=0.216  direct(直击/开火)=0.064  弹数=218
  [评测进度] 90/100  kill(命中/开火)=0.223  direct(直击/开火)=0.068  弹数=251
  [评测进度] 100/100  kill(命中/开火)=0.217  direct(直击/开火)=0.065  弹数=276
------------------------------------------------------------
[评测] 阶段=stage2_linear  局数=100
  kill_rate(命中/开火) = 0.217  hit_rate(直击/开火) = 0.065  中位TTK = 600
  TTK口径     : 首直击步数；无直击=该局结束步数（评测步限封顶）
  晋级条件 直击/开火 hit_rate≥0.06  当前=0.065  → 指标达标
  附加门槛 : 需对手速度≥1.00（当前=1.00）
  转向阶梯中 : phase=3  rotate=-0.07  （此期间不晋级下一阶段，只按 hit_rate 下调转向）
  未晋级阶段：转向阶梯进行中（属预期）
------------------------------------------------------------
[进度] 17,334,272/100,000,000 (17.3%)  FPS≈1436  阶段=stage2_linear  速度=1.00  直行间隔=180  aim=0.100/lead  rotate=-0.07
[进度] 17,350,656/100,000,000 (17.4%)  FPS≈1352  阶段=stage2_linear  速度=1.00  直行间隔=180  aim=0.100/lead  rotate=-0.07
[进度] 17,367,040/100,000,000 (17.4%)  FPS≈1266  阶段=stage2_linear  速度=1.00  直行间隔=180  aim=0.100/lead  rotate=-0.07
[进度] 17,383,424/100,000,000 (17.4%)  FPS≈1357  阶段=stage2_linear  速度=1.00  直行间隔=180  aim=0.100/lead  rotate=-0.07
[进度] 17,399,808/100,000,000 (17.4%)  FPS≈1472  阶段=stage2_linear  速度=1.00  直行间隔=180  aim=0.100/lead  rotate=-0.07
[进度] 17,416,192/100,000,000 (17.4%)  FPS≈1324  阶段=stage2_linear  速度=1.00  直行间隔=180  aim=0.100/lead  rotate=-0.07
[进度] 17,432,576/100,000,000 (17.4%)  FPS≈1231  阶段=stage2_linear  速度=1.00  直行间隔=180  aim=0.100/lead  rotate=-0.07
[存盘] 课程元数据 model_t17432576_stage1_stage2_linear.curriculum.json  stage=stage2_linear  bot=linear v=1.00
[存盘] runs/curriculum_aim/20260922_225205/checkpoints/model_t17432576_stage1_stage2_linear.zip
[评测] 开始（100 局）…
  [评测进度] 10/100  kill(命中/开火)=0.207  direct(直击/开火)=0.103  弹数=29
  [评测进度] 20/100  kill(命中/开火)=0.224  direct(直击/开火)=0.086  弹数=58
  [评测进度] 30/100  kill(命中/开火)=0.214  direct(直击/开火)=0.071  弹数=84
  [评测进度] 40/100  kill(命中/开火)=0.229  direct(直击/开火)=0.083  弹数=109
  [评测进度] 50/100  kill(命中/开火)=0.226  direct(直击/开火)=0.088  弹数=137
  [评测进度] 60/100  kill(命中/开火)=0.231  direct(直击/开火)=0.087  弹数=160
  [评测进度] 70/100  kill(命中/开火)=0.216  direct(直击/开火)=0.084  弹数=190
  [评测进度] 80/100  kill(命中/开火)=0.195  direct(直击/开火)=0.077  弹数=221
  [评测进度] 90/100  kill(命中/开火)=0.178  direct(直击/开火)=0.071  弹数=253
  [评测进度] 100/100  kill(命中/开火)=0.183  direct(直击/开火)=0.067  弹数=284
------------------------------------------------------------
[评测] 阶段=stage2_linear  局数=100
  kill_rate(命中/开火) = 0.183  hit_rate(直击/开火) = 0.067  中位TTK = 600
  TTK口径     : 首直击步数；无直击=该局结束步数（评测步限封顶）
  晋级条件 直击/开火 hit_rate≥0.06  当前=0.067  → 指标达标
  附加门槛 : 需对手速度≥1.00（当前=1.00）
  转向阶梯中 : phase=3  rotate=-0.07  （此期间不晋级下一阶段，只按 hit_rate 下调转向）
  未晋级阶段：转向阶梯进行中（属预期）
------------------------------------------------------------
[进度] 17,448,960/100,000,000 (17.4%)  FPS≈1409  阶段=stage2_linear  速度=1.00  直行间隔=180  aim=0.100/lead  rotate=-0.07
[进度] 17,465,344/100,000,000 (17.5%)  FPS≈1364  阶段=stage2_linear  速度=1.00  直行间隔=180  aim=0.100/lead  rotate=-0.07
[进度] 17,481,728/100,000,000 (17.5%)  FPS≈1401  阶段=stage2_linear  速度=1.00  直行间隔=180  aim=0.100/lead  rotate=-0.07
[进度] 17,498,112/100,000,000 (17.5%)  FPS≈1406  阶段=stage2_linear  速度=1.00  直行间隔=180  aim=0.100/lead  rotate=-0.07
[进度] 17,514,496/100,000,000 (17.5%)  FPS≈1377  阶段=stage2_linear  速度=1.00  直行间隔=180  aim=0.100/lead  rotate=-0.07
[进度] 17,530,880/100,000,000 (17.5%)  FPS≈1335  阶段=stage2_linear  速度=1.00  直行间隔=180  aim=0.100/lead  rotate=-0.07
[进度] 17,547,264/100,000,000 (17.5%)  FPS≈1512  阶段=stage2_linear  速度=1.00  直行间隔=180  aim=0.100/lead  rotate=-0.07
[存盘] 课程元数据 model_t17547264_stage1_stage2_linear.curriculum.json  stage=stage2_linear  bot=linear v=1.00
[存盘] runs/curriculum_aim/20260922_225205/checkpoints/model_t17547264_stage1_stage2_linear.zip
[评测] 开始（100 局）…
  [评测进度] 10/100  kill(命中/开火)=0.333  direct(直击/开火)=0.125  弹数=24
  [评测进度] 20/100  kill(命中/开火)=0.302  direct(直击/开火)=0.075  弹数=53
  [评测进度] 30/100  kill(命中/开火)=0.280  direct(直击/开火)=0.067  弹数=75
  [评测进度] 40/100  kill(命中/开火)=0.306  direct(直击/开火)=0.071  弹数=98
  [评测进度] 50/100  kill(命中/开火)=0.315  direct(直击/开火)=0.055  弹数=127
  [评测进度] 60/100  kill(命中/开火)=0.303  direct(直击/开火)=0.053  弹数=152
  [评测进度] 70/100  kill(命中/开火)=0.297  direct(直击/开火)=0.057  弹数=175
  [评测进度] 80/100  kill(命中/开火)=0.287  direct(直击/开火)=0.056  弹数=195
  [评测进度] 90/100  kill(命中/开火)=0.275  direct(直击/开火)=0.050  弹数=218
  [评测进度] 100/100  kill(命中/开火)=0.275  direct(直击/开火)=0.059  弹数=236
------------------------------------------------------------
[评测] 阶段=stage2_linear  局数=100
  kill_rate(命中/开火) = 0.275  hit_rate(直击/开火) = 0.059  中位TTK = 600
  TTK口径     : 首直击步数；无直击=该局结束步数（评测步限封顶）
  晋级条件 直击/开火 hit_rate≥0.06  当前=0.059  → 指标未达标
  附加门槛 : 需对手速度≥1.00（当前=1.00）
  转向阶梯中 : phase=3  rotate=-0.07  （此期间不晋级下一阶段，只按 hit_rate 下调转向）
  未晋级阶段：转向阶梯进行中（属预期）
------------------------------------------------------------
[进度] 17,563,648/100,000,000 (17.6%)  FPS≈1502  阶段=stage2_linear  速度=1.00  直行间隔=180  aim=0.100/lead  rotate=-0.07
[进度] 17,580,032/100,000,000 (17.6%)  FPS≈1351  阶段=stage2_linear  速度=1.00  直行间隔=180  aim=0.100/lead  rotate=-0.07
[进度] 17,596,416/100,000,000 (17.6%)  FPS≈1379  阶段=stage2_linear  速度=1.00  直行间隔=180  aim=0.100/lead  rotate=-0.07
[进度] 17,612,800/100,000,000 (17.6%)  FPS≈1296  阶段=stage2_linear  速度=1.00  直行间隔=180  aim=0.100/lead  rotate=-0.07
[进度] 17,629,184/100,000,000 (17.6%)  FPS≈1366  阶段=stage2_linear  速度=1.00  直行间隔=180  aim=0.100/lead  rotate=-0.07
[进度] 17,645,568/100,000,000 (17.6%)  FPS≈1393  阶段=stage2_linear  速度=1.00  直行间隔=180  aim=0.100/lead  rotate=-0.07
[进度] 17,661,952/100,000,000 (17.7%)  FPS≈1251  阶段=stage2_linear  速度=1.00  直行间隔=180  aim=0.100/lead  rotate=-0.07
[存盘] 课程元数据 model_t17661952_stage1_stage2_linear.curriculum.json  stage=stage2_linear  bot=linear v=1.00
[存盘] runs/curriculum_aim/20260922_225205/checkpoints/model_t17661952_stage1_stage2_linear.zip
[评测] 开始（100 局）…
  [评测进度] 10/100  kill(命中/开火)=0.533  direct(直击/开火)=0.133  弹数=15
  [评测进度] 20/100  kill(命中/开火)=0.297  direct(直击/开火)=0.054  弹数=37
  [评测进度] 30/100  kill(命中/开火)=0.232  direct(直击/开火)=0.054  弹数=56
  [评测进度] 40/100  kill(命中/开火)=0.257  direct(直击/开火)=0.054  弹数=74
  [评测进度] 50/100  kill(命中/开火)=0.225  direct(直击/开火)=0.045  弹数=89
  [评测进度] 60/100  kill(命中/开火)=0.222  direct(直击/开火)=0.037  弹数=108
  [评测进度] 70/100  kill(命中/开火)=0.264  direct(直击/开火)=0.048  弹数=125
  [评测进度] 80/100  kill(命中/开火)=0.257  direct(直击/开火)=0.042  弹数=144
  [评测进度] 90/100  kill(命中/开火)=0.250  direct(直击/开火)=0.037  弹数=160
  [评测进度] 100/100  kill(命中/开火)=0.257  direct(直击/开火)=0.034  弹数=175
------------------------------------------------------------
[评测] 阶段=stage2_linear  局数=100
  kill_rate(命中/开火) = 0.257  hit_rate(直击/开火) = 0.034  中位TTK = 600
  TTK口径     : 首直击步数；无直击=该局结束步数（评测步限封顶）
  晋级条件 直击/开火 hit_rate≥0.06  当前=0.034  → 指标未达标
  附加门槛 : 需对手速度≥1.00（当前=1.00）
  转向阶梯中 : phase=3  rotate=-0.07  （此期间不晋级下一阶段，只按 hit_rate 下调转向）
  未晋级阶段：转向阶梯进行中（属预期）
------------------------------------------------------------
[进度] 17,678,336/100,000,000 (17.7%)  FPS≈1477  阶段=stage2_linear  速度=1.00  直行间隔=180  aim=0.100/lead  rotate=-0.07
[进度] 17,694,720/100,000,000 (17.7%)  FPS≈1312  阶段=stage2_linear  速度=1.00  直行间隔=180  aim=0.100/lead  rotate=-0.07
[进度] 17,711,104/100,000,000 (17.7%)  FPS≈1286  阶段=stage2_linear  速度=1.00  直行间隔=180  aim=0.100/lead  rotate=-0.07
[进度] 17,727,488/100,000,000 (17.7%)  FPS≈1308  阶段=stage2_linear  速度=1.00  直行间隔=180  aim=0.100/lead  rotate=-0.07
[进度] 17,743,872/100,000,000 (17.7%)  FPS≈1364  阶段=stage2_linear  速度=1.00  直行间隔=180  aim=0.100/lead  rotate=-0.07
[进度] 17,760,256/100,000,000 (17.8%)  FPS≈1413  阶段=stage2_linear  速度=1.00  直行间隔=180  aim=0.100/lead  rotate=-0.07
[进度] 17,776,640/100,000,000 (17.8%)  FPS≈1423  阶段=stage2_linear  速度=1.00  直行间隔=180  aim=0.100/lead  rotate=-0.07
[存盘] 课程元数据 model_t17776640_stage1_stage2_linear.curriculum.json  stage=stage2_linear  bot=linear v=1.00
[存盘] runs/curriculum_aim/20260922_225205/checkpoints/model_t17776640_stage1_stage2_linear.zip
[评测] 开始（100 局）…
  [评测进度] 10/100  kill(命中/开火)=0.400  direct(直击/开火)=0.100  弹数=10
  [评测进度] 20/100  kill(命中/开火)=0.409  direct(直击/开火)=0.045  弹数=22
  [评测进度] 30/100  kill(命中/开火)=0.273  direct(直击/开火)=0.030  弹数=33
  [评测进度] 40/100  kill(命中/开火)=0.256  direct(直击/开火)=0.023  弹数=43
  [评测进度] 50/100  kill(命中/开火)=0.228  direct(直击/开火)=0.018  弹数=57
  [评测进度] 60/100  kill(命中/开火)=0.194  direct(直击/开火)=0.015  弹数=67
  [评测进度] 70/100  kill(命中/开火)=0.207  direct(直击/开火)=0.012  弹数=82
  [评测进度] 80/100  kill(命中/开火)=0.232  direct(直击/开火)=0.021  弹数=95
  [评测进度] 90/100  kill(命中/开火)=0.229  direct(直击/开火)=0.028  弹数=109
  [评测进度] 100/100  kill(命中/开火)=0.218  direct(直击/开火)=0.025  弹数=119
------------------------------------------------------------
[评测] 阶段=stage2_linear  局数=100
  kill_rate(命中/开火) = 0.218  hit_rate(直击/开火) = 0.025  中位TTK = 600
  TTK口径     : 首直击步数；无直击=该局结束步数（评测步限封顶）
  晋级条件 直击/开火 hit_rate≥0.06  当前=0.025  → 指标未达标
  附加门槛 : 需对手速度≥1.00（当前=1.00）
  转向阶梯中 : phase=3  rotate=-0.07  （此期间不晋级下一阶段，只按 hit_rate 下调转向）
  未晋级阶段：转向阶梯进行中（属预期）
------------------------------------------------------------
[进度] 17,793,024/100,000,000 (17.8%)  FPS≈1348  阶段=stage2_linear  速度=1.00  直行间隔=180  aim=0.100/lead  rotate=-0.07
[进度] 17,809,408/100,000,000 (17.8%)  FPS≈1450  阶段=stage2_linear  速度=1.00  直行间隔=180  aim=0.100/lead  rotate=-0.07
[进度] 17,825,792/100,000,000 (17.8%)  FPS≈1328  阶段=stage2_linear  速度=1.00  直行间隔=180  aim=0.100/lead  rotate=-0.07
[进度] 17,842,176/100,000,000 (17.8%)  FPS≈1335  阶段=stage2_linear  速度=1.00  直行间隔=180  aim=0.100/lead  rotate=-0.07
[进度] 17,858,560/100,000,000 (17.9%)  FPS≈1429  阶段=stage2_linear  速度=1.00  直行间隔=180  aim=0.100/lead  rotate=-0.07
[进度] 17,874,944/100,000,000 (17.9%)  FPS≈1450  阶段=stage2_linear  速度=1.00  直行间隔=180  aim=0.100/lead  rotate=-0.07
[进度] 17,891,328/100,000,000 (17.9%)  FPS≈1368  阶段=stage2_linear  速度=1.00  直行间隔=180  aim=0.100/lead  rotate=-0.07
[存盘] 课程元数据 model_t17891328_stage1_stage2_linear.curriculum.json  stage=stage2_linear  bot=linear v=1.00
[存盘] runs/curriculum_aim/20260922_225205/checkpoints/model_t17891328_stage1_stage2_linear.zip
[评测] 开始（100 局）…
  [评测进度] 10/100  kill(命中/开火)=0.750  direct(直击/开火)=0.125  弹数=8
  [评测进度] 20/100  kill(命中/开火)=0.529  direct(直击/开火)=0.059  弹数=17
  [评测进度] 30/100  kill(命中/开火)=0.367  direct(直击/开火)=0.100  弹数=30
  [评测进度] 40/100  kill(命中/开火)=0.310  direct(直击/开火)=0.095  弹数=42
  [评测进度] 50/100  kill(命中/开火)=0.283  direct(直击/开火)=0.094  弹数=53
  [评测进度] 60/100  kill(命中/开火)=0.254  direct(直击/开火)=0.090  弹数=67
  [评测进度] 70/100  kill(命中/开火)=0.293  direct(直击/开火)=0.093  弹数=75
  [评测进度] 80/100  kill(命中/开火)=0.279  direct(直击/开火)=0.093  弹数=86
  [评测进度] 90/100  kill(命中/开火)=0.274  direct(直击/开火)=0.084  弹数=95
  [评测进度] 100/100  kill(命中/开火)=0.257  direct(直击/开火)=0.071  弹数=113
------------------------------------------------------------
[评测] 阶段=stage2_linear  局数=100
  kill_rate(命中/开火) = 0.257  hit_rate(直击/开火) = 0.071  中位TTK = 600
  TTK口径     : 首直击步数；无直击=该局结束步数（评测步限封顶）
  晋级条件 直击/开火 hit_rate≥0.06  当前=0.071  → 指标达标
  附加门槛 : 需对手速度≥1.00（当前=1.00）
  转向阶梯中 : phase=3  rotate=-0.07  （此期间不晋级下一阶段，只按 hit_rate 下调转向）
  未晋级阶段：转向阶梯进行中（属预期）
------------------------------------------------------------
[进度] 17,907,712/100,000,000 (17.9%)  FPS≈1447  阶段=stage2_linear  速度=1.00  直行间隔=180  aim=0.100/lead  rotate=-0.07
[进度] 17,924,096/100,000,000 (17.9%)  FPS≈1371  阶段=stage2_linear  速度=1.00  直行间隔=180  aim=0.100/lead  rotate=-0.07
[进度] 17,940,480/100,000,000 (17.9%)  FPS≈1275  阶段=stage2_linear  速度=1.00  直行间隔=180  aim=0.100/lead  rotate=-0.07
[进度] 17,956,864/100,000,000 (18.0%)  FPS≈1310  阶段=stage2_linear  速度=1.00  直行间隔=180  aim=0.100/lead  rotate=-0.07
[进度] 17,973,248/100,000,000 (18.0%)  FPS≈1318  阶段=stage2_linear  速度=1.00  直行间隔=180  aim=0.100/lead  rotate=-0.07
[进度] 17,989,632/100,000,000 (18.0%)  FPS≈1356  阶段=stage2_linear  速度=1.00  直行间隔=180  aim=0.100/lead  rotate=-0.07
[进度] 18,006,016/100,000,000 (18.0%)  FPS≈1274  阶段=stage2_linear  速度=1.00  直行间隔=180  aim=0.100/lead  rotate=-0.07
[存盘] 课程元数据 model_t18006016_stage1_stage2_linear.curriculum.json  stage=stage2_linear  bot=linear v=1.00
[存盘] runs/curriculum_aim/20260922_225205/checkpoints/model_t18006016_stage1_stage2_linear.zip
[评测] 开始（100 局）…
  [评测进度] 10/100  kill(命中/开火)=0.231  direct(直击/开火)=0.000  弹数=13
  [评测进度] 20/100  kill(命中/开火)=0.273  direct(直击/开火)=0.045  弹数=22
  [评测进度] 30/100  kill(命中/开火)=0.265  direct(直击/开火)=0.029  弹数=34
  [评测进度] 40/100  kill(命中/开火)=0.289  direct(直击/开火)=0.044  弹数=45
  [评测进度] 50/100  kill(命中/开火)=0.308  direct(直击/开火)=0.058  弹数=52
  [评测进度] 60/100  kill(命中/开火)=0.323  direct(直击/开火)=0.081  弹数=62
  [评测进度] 70/100  kill(命中/开火)=0.303  direct(直击/开火)=0.066  弹数=76
  [评测进度] 80/100  kill(命中/开火)=0.292  direct(直击/开火)=0.083  弹数=96
  [评测进度] 90/100  kill(命中/开火)=0.321  direct(直击/开火)=0.092  弹数=109
  [评测进度] 100/100  kill(命中/开火)=0.328  direct(直击/开火)=0.096  弹数=125
------------------------------------------------------------
[评测] 阶段=stage2_linear  局数=100
  kill_rate(命中/开火) = 0.328  hit_rate(直击/开火) = 0.096  中位TTK = 600
  TTK口径     : 首直击步数；无直击=该局结束步数（评测步限封顶）
  晋级条件 直击/开火 hit_rate≥0.06  当前=0.096  → 指标达标
  附加门槛 : 需对手速度≥1.00（当前=1.00）
  转向阶梯中 : phase=3  rotate=-0.07  （此期间不晋级下一阶段，只按 hit_rate 下调转向）
  未晋级阶段：转向阶梯进行中（属预期）
------------------------------------------------------------
[进度] 18,022,400/100,000,000 (18.0%)  FPS≈1439  阶段=stage2_linear  速度=1.00  直行间隔=180  aim=0.100/lead  rotate=-0.07
[进度] 18,038,784/100,000,000 (18.0%)  FPS≈1363  阶段=stage2_linear  速度=1.00  直行间隔=180  aim=0.100/lead  rotate=-0.07
[进度] 18,055,168/100,000,000 (18.1%)  FPS≈1418  阶段=stage2_linear  速度=1.00  直行间隔=180  aim=0.100/lead  rotate=-0.07
[进度] 18,071,552/100,000,000 (18.1%)  FPS≈1393  阶段=stage2_linear  速度=1.00  直行间隔=180  aim=0.100/lead  rotate=-0.07
[进度] 18,087,936/100,000,000 (18.1%)  FPS≈1266  阶段=stage2_linear  速度=1.00  直行间隔=180  aim=0.100/lead  rotate=-0.07
[进度] 18,104,320/100,000,000 (18.1%)  FPS≈1337  阶段=stage2_linear  速度=1.00  直行间隔=180  aim=0.100/lead  rotate=-0.07
[进度] 18,120,704/100,000,000 (18.1%)  FPS≈1456  阶段=stage2_linear  速度=1.00  直行间隔=180  aim=0.100/lead  rotate=-0.07
[存盘] 课程元数据 model_t18120704_stage1_stage2_linear.curriculum.json  stage=stage2_linear  bot=linear v=1.00
[存盘] runs/curriculum_aim/20260922_225205/checkpoints/model_t18120704_stage1_stage2_linear.zip
[评测] 开始（100 局）…
  [评测进度] 10/100  kill(命中/开火)=0.273  direct(直击/开火)=0.000  弹数=11
  [评测进度] 20/100  kill(命中/开火)=0.207  direct(直击/开火)=0.034  弹数=29
  [评测进度] 30/100  kill(命中/开火)=0.256  direct(直击/开火)=0.070  弹数=43
  [评测进度] 40/100  kill(命中/开火)=0.309  direct(直击/开火)=0.073  弹数=55
  [评测进度] 50/100  kill(命中/开火)=0.271  direct(直击/开火)=0.057  弹数=70
  [评测进度] 60/100  kill(命中/开火)=0.275  direct(直击/开火)=0.050  弹数=80
  [评测进度] 70/100  kill(命中/开火)=0.281  direct(直击/开火)=0.045  弹数=89
  [评测进度] 80/100  kill(命中/开火)=0.290  direct(直击/开火)=0.040  弹数=100
  [评测进度] 90/100  kill(命中/开火)=0.303  direct(直击/开火)=0.037  弹数=109
  [评测进度] 100/100  kill(命中/开火)=0.277  direct(直击/开火)=0.034  弹数=119
------------------------------------------------------------
[评测] 阶段=stage2_linear  局数=100
  kill_rate(命中/开火) = 0.277  hit_rate(直击/开火) = 0.034  中位TTK = 600
  TTK口径     : 首直击步数；无直击=该局结束步数（评测步限封顶）
  晋级条件 直击/开火 hit_rate≥0.06  当前=0.034  → 指标未达标
  附加门槛 : 需对手速度≥1.00（当前=1.00）
  转向阶梯中 : phase=3  rotate=-0.07  （此期间不晋级下一阶段，只按 hit_rate 下调转向）
  未晋级阶段：转向阶梯进行中（属预期）
------------------------------------------------------------
[进度] 18,137,088/100,000,000 (18.1%)  FPS≈1467  阶段=stage2_linear  速度=1.00  直行间隔=180  aim=0.100/lead  rotate=-0.07
[进度] 18,153,472/100,000,000 (18.2%)  FPS≈1552  阶段=stage2_linear  速度=1.00  直行间隔=180  aim=0.100/lead  rotate=-0.07
[进度] 18,169,856/100,000,000 (18.2%)  FPS≈1347  阶段=stage2_linear  速度=1.00  直行间隔=180  aim=0.100/lead  rotate=-0.07
[进度] 18,186,240/100,000,000 (18.2%)  FPS≈1403  阶段=stage2_linear  速度=1.00  直行间隔=180  aim=0.100/lead  rotate=-0.07
[进度] 18,202,624/100,000,000 (18.2%)  FPS≈1439  阶段=stage2_linear  速度=1.00  直行间隔=180  aim=0.100/lead  rotate=-0.07
[进度] 18,219,008/100,000,000 (18.2%)  FPS≈1502  阶段=stage2_linear  速度=1.00  直行间隔=180  aim=0.100/lead  rotate=-0.07
[进度] 18,235,392/100,000,000 (18.2%)  FPS≈1325  阶段=stage2_linear  速度=1.00  直行间隔=180  aim=0.100/lead  rotate=-0.07
[存盘] 课程元数据 model_t18235392_stage1_stage2_linear.curriculum.json  stage=stage2_linear  bot=linear v=1.00
[存盘] runs/curriculum_aim/20260922_225205/checkpoints/model_t18235392_stage1_stage2_linear.zip
[评测] 开始（100 局）…
  [评测进度] 10/100  kill(命中/开火)=0.333  direct(直击/开火)=0.000  弹数=6
  [评测进度] 20/100  kill(命中/开火)=0.357  direct(直击/开火)=0.000  弹数=14
  [评测进度] 30/100  kill(命中/开火)=0.250  direct(直击/开火)=0.000  弹数=20
  [评测进度] 40/100  kill(命中/开火)=0.229  direct(直击/开火)=0.000  弹数=35
  [评测进度] 50/100  kill(命中/开火)=0.244  direct(直击/开火)=0.024  弹数=41
  [评测进度] 60/100  kill(命中/开火)=0.269  direct(直击/开火)=0.038  弹数=52
  [评测进度] 70/100  kill(命中/开火)=0.297  direct(直击/开火)=0.031  弹数=64
  [评测进度] 80/100  kill(命中/开火)=0.279  direct(直击/开火)=0.029  弹数=68
  [评测进度] 90/100  kill(命中/开火)=0.289  direct(直击/开火)=0.039  弹数=76
  [评测进度] 100/100  kill(命中/开火)=0.277  direct(直击/开火)=0.036  弹数=83
------------------------------------------------------------
[评测] 阶段=stage2_linear  局数=100
  kill_rate(命中/开火) = 0.277  hit_rate(直击/开火) = 0.036  中位TTK = 600
  TTK口径     : 首直击步数；无直击=该局结束步数（评测步限封顶）
  晋级条件 直击/开火 hit_rate≥0.06  当前=0.036  → 指标未达标
  附加门槛 : 需对手速度≥1.00（当前=1.00）
  转向阶梯中 : phase=3  rotate=-0.07  （此期间不晋级下一阶段，只按 hit_rate 下调转向）
  未晋级阶段：转向阶梯进行中（属预期）
------------------------------------------------------------
[进度] 18,251,776/100,000,000 (18.3%)  FPS≈1462  阶段=stage2_linear  速度=1.00  直行间隔=180  aim=0.100/lead  rotate=-0.07
[进度] 18,268,160/100,000,000 (18.3%)  FPS≈1374  阶段=stage2_linear  速度=1.00  直行间隔=180  aim=0.100/lead  rotate=-0.07
[进度] 18,284,544/100,000,000 (18.3%)  FPS≈1473  阶段=stage2_linear  速度=1.00  直行间隔=180  aim=0.100/lead  rotate=-0.07
[进度] 18,300,928/100,000,000 (18.3%)  FPS≈1311  阶段=stage2_linear  速度=1.00  直行间隔=180  aim=0.100/lead  rotate=-0.07
[进度] 18,317,312/100,000,000 (18.3%)  FPS≈1391  阶段=stage2_linear  速度=1.00  直行间隔=180  aim=0.100/lead  rotate=-0.07
[进度] 18,333,696/100,000,000 (18.3%)  FPS≈1475  阶段=stage2_linear  速度=1.00  直行间隔=180  aim=0.100/lead  rotate=-0.07
[进度] 18,350,080/100,000,000 (18.4%)  FPS≈1397  阶段=stage2_linear  速度=1.00  直行间隔=180  aim=0.100/lead  rotate=-0.07
[存盘] 课程元数据 model_t18350080_stage1_stage2_linear.curriculum.json  stage=stage2_linear  bot=linear v=1.00
[存盘] runs/curriculum_aim/20260922_225205/checkpoints/model_t18350080_stage1_stage2_linear.zip
[评测] 开始（100 局）…
  [评测进度] 10/100  kill(命中/开火)=0.091  direct(直击/开火)=0.000  弹数=11
  [评测进度] 20/100  kill(命中/开火)=0.160  direct(直击/开火)=0.000  弹数=25
  [评测进度] 30/100  kill(命中/开火)=0.139  direct(直击/开火)=0.000  弹数=36
  [评测进度] 40/100  kill(命中/开火)=0.173  direct(直击/开火)=0.019  弹数=52
  [评测进度] 50/100  kill(命中/开火)=0.203  direct(直击/开火)=0.017  弹数=59
  [评测进度] 60/100  kill(命中/开火)=0.224  direct(直击/开火)=0.015  弹数=67
  [评测进度] 70/100  kill(命中/开火)=0.216  direct(直击/开火)=0.014  弹数=74
  [评测进度] 80/100  kill(命中/开火)=0.211  direct(直击/开火)=0.013  弹数=76
  [评测进度] 90/100  kill(命中/开火)=0.225  direct(直击/开火)=0.013  弹数=80
  [评测进度] 100/100  kill(命中/开火)=0.226  direct(直击/开火)=0.032  弹数=93
------------------------------------------------------------
[评测] 阶段=stage2_linear  局数=100
  kill_rate(命中/开火) = 0.226  hit_rate(直击/开火) = 0.032  中位TTK = 600
  TTK口径     : 首直击步数；无直击=该局结束步数（评测步限封顶）
  晋级条件 直击/开火 hit_rate≥0.06  当前=0.032  → 指标未达标
  附加门槛 : 需对手速度≥1.00（当前=1.00）
  转向阶梯中 : phase=3  rotate=-0.07  （此期间不晋级下一阶段，只按 hit_rate 下调转向）
  未晋级阶段：转向阶梯进行中（属预期）
------------------------------------------------------------
[进度] 18,366,464/100,000,000 (18.4%)  FPS≈1514  阶段=stage2_linear  速度=1.00  直行间隔=180  aim=0.100/lead  rotate=-0.07
[进度] 18,382,848/100,000,000 (18.4%)  FPS≈1578  阶段=stage2_linear  速度=1.00  直行间隔=180  aim=0.100/lead  rotate=-0.07
[进度] 18,399,232/100,000,000 (18.4%)  FPS≈1353  阶段=stage2_linear  速度=1.00  直行间隔=180  aim=0.100/lead  rotate=-0.07
[进度] 18,415,616/100,000,000 (18.4%)  FPS≈1440  阶段=stage2_linear  速度=1.00  直行间隔=180  aim=0.100/lead  rotate=-0.07
[进度] 18,432,000/100,000,000 (18.4%)  FPS≈1350  阶段=stage2_linear  速度=1.00  直行间隔=180  aim=0.100/lead  rotate=-0.07
[进度] 18,448,384/100,000,000 (18.4%)  FPS≈1268  阶段=stage2_linear  速度=1.00  直行间隔=180  aim=0.100/lead  rotate=-0.07
[进度] 18,464,768/100,000,000 (18.5%)  FPS≈1391  阶段=stage2_linear  速度=1.00  直行间隔=180  aim=0.100/lead  rotate=-0.07
[存盘] 课程元数据 model_t18464768_stage1_stage2_linear.curriculum.json  stage=stage2_linear  bot=linear v=1.00
[存盘] runs/curriculum_aim/20260922_225205/checkpoints/model_t18464768_stage1_stage2_linear.zip
[评测] 开始（100 局）…
  [评测进度] 10/100  kill(命中/开火)=0.556  direct(直击/开火)=0.111  弹数=9
  [评测进度] 20/100  kill(命中/开火)=0.375  direct(直击/开火)=0.062  弹数=16
  [评测进度] 30/100  kill(命中/开火)=0.348  direct(直击/开火)=0.043  弹数=23
  [评测进度] 40/100  kill(命中/开火)=0.379  direct(直击/开火)=0.069  弹数=29
  [评测进度] 50/100  kill(命中/开火)=0.344  direct(直击/开火)=0.062  弹数=32
  [评测进度] 60/100  kill(命中/开火)=0.366  direct(直击/开火)=0.073  弹数=41
  [评测进度] 70/100  kill(命中/开火)=0.367  direct(直击/开火)=0.061  弹数=49
  [评测进度] 80/100  kill(命中/开火)=0.357  direct(直击/开火)=0.089  弹数=56
  [评测进度] 90/100  kill(命中/开火)=0.343  direct(直击/开火)=0.075  弹数=67
  [评测进度] 100/100  kill(命中/开火)=0.338  direct(直击/开火)=0.078  弹数=77
------------------------------------------------------------
[评测] 阶段=stage2_linear  局数=100
  kill_rate(命中/开火) = 0.338  hit_rate(直击/开火) = 0.078  中位TTK = 600
  TTK口径     : 首直击步数；无直击=该局结束步数（评测步限封顶）
  晋级条件 直击/开火 hit_rate≥0.06  当前=0.078  → 指标达标
  附加门槛 : 需对手速度≥1.00（当前=1.00）
  转向阶梯中 : phase=3  rotate=-0.07  （此期间不晋级下一阶段，只按 hit_rate 下调转向）
  未晋级阶段：转向阶梯进行中（属预期）
------------------------------------------------------------
[进度] 18,481,152/100,000,000 (18.5%)  FPS≈1467  阶段=stage2_linear  速度=1.00  直行间隔=180  aim=0.100/lead  rotate=-0.07
[进度] 18,497,536/100,000,000 (18.5%)  FPS≈1499  阶段=stage2_linear  速度=1.00  直行间隔=180  aim=0.100/lead  rotate=-0.07
[进度] 18,513,920/100,000,000 (18.5%)  FPS≈1452  阶段=stage2_linear  速度=1.00  直行间隔=180  aim=0.100/lead  rotate=-0.07
[进度] 18,530,304/100,000,000 (18.5%)  FPS≈1388  阶段=stage2_linear  速度=1.00  直行间隔=180  aim=0.100/lead  rotate=-0.07
[进度] 18,546,688/100,000,000 (18.5%)  FPS≈1283  阶段=stage2_linear  速度=1.00  直行间隔=180  aim=0.100/lead  rotate=-0.07
[进度] 18,563,072/100,000,000 (18.6%)  FPS≈1348  阶段=stage2_linear  速度=1.00  直行间隔=180  aim=0.100/lead  rotate=-0.07
[进度] 18,579,456/100,000,000 (18.6%)  FPS≈1510  阶段=stage2_linear  速度=1.00  直行间隔=180  aim=0.100/lead  rotate=-0.07
[存盘] 课程元数据 model_t18579456_stage1_stage2_linear.curriculum.json  stage=stage2_linear  bot=linear v=1.00
[存盘] runs/curriculum_aim/20260922_225205/checkpoints/model_t18579456_stage1_stage2_linear.zip
[评测] 开始（100 局）…
  [评测进度] 10/100  kill(命中/开火)=0.000  direct(直击/开火)=0.000  弹数=6
  [评测进度] 20/100  kill(命中/开火)=0.235  direct(直击/开火)=0.000  弹数=17
  [评测进度] 30/100  kill(命中/开火)=0.208  direct(直击/开火)=0.000  弹数=24
  [评测进度] 40/100  kill(命中/开火)=0.182  direct(直击/开火)=0.000  弹数=33
  [评测进度] 50/100  kill(命中/开火)=0.209  direct(直击/开火)=0.023  弹数=43
  [评测进度] 60/100  kill(命中/开火)=0.283  direct(直击/开火)=0.017  弹数=60
  [评测进度] 70/100  kill(命中/开火)=0.278  direct(直击/开火)=0.042  弹数=72
  [评测进度] 80/100  kill(命中/开火)=0.303  direct(直击/开火)=0.053  弹数=76
  [评测进度] 90/100  kill(命中/开火)=0.310  direct(直击/开火)=0.057  弹数=87
  [评测进度] 100/100  kill(命中/开火)=0.296  direct(直击/开火)=0.051  弹数=98
------------------------------------------------------------
[评测] 阶段=stage2_linear  局数=100
  kill_rate(命中/开火) = 0.296  hit_rate(直击/开火) = 0.051  中位TTK = 600
  TTK口径     : 首直击步数；无直击=该局结束步数（评测步限封顶）
  晋级条件 直击/开火 hit_rate≥0.06  当前=0.051  → 指标未达标
  附加门槛 : 需对手速度≥1.00（当前=1.00）
  转向阶梯中 : phase=3  rotate=-0.07  （此期间不晋级下一阶段，只按 hit_rate 下调转向）
  未晋级阶段：转向阶梯进行中（属预期）
------------------------------------------------------------
[进度] 18,595,840/100,000,000 (18.6%)  FPS≈1466  阶段=stage2_linear  速度=1.00  直行间隔=180  aim=0.100/lead  rotate=-0.07
[进度] 18,612,224/100,000,000 (18.6%)  FPS≈1545  阶段=stage2_linear  速度=1.00  直行间隔=180  aim=0.100/lead  rotate=-0.07
[进度] 18,628,608/100,000,000 (18.6%)  FPS≈1421  阶段=stage2_linear  速度=1.00  直行间隔=180  aim=0.100/lead  rotate=-0.07
[进度] 18,644,992/100,000,000 (18.6%)  FPS≈1405  阶段=stage2_linear  速度=1.00  直行间隔=180  aim=0.100/lead  rotate=-0.07
[进度] 18,661,376/100,000,000 (18.7%)  FPS≈1414  阶段=stage2_linear  速度=1.00  直行间隔=180  aim=0.100/lead  rotate=-0.07
[进度] 18,677,760/100,000,000 (18.7%)  FPS≈1470  阶段=stage2_linear  速度=1.00  直行间隔=180  aim=0.100/lead  rotate=-0.07
[进度] 18,694,144/100,000,000 (18.7%)  FPS≈1248  阶段=stage2_linear  速度=1.00  直行间隔=180  aim=0.100/lead  rotate=-0.07
[存盘] 课程元数据 model_t18694144_stage1_stage2_linear.curriculum.json  stage=stage2_linear  bot=linear v=1.00
[存盘] runs/curriculum_aim/20260922_225205/checkpoints/model_t18694144_stage1_stage2_linear.zip
[评测] 开始（100 局）…
  [评测进度] 10/100  kill(命中/开火)=0.364  direct(直击/开火)=0.000  弹数=11
  [评测进度] 20/100  kill(命中/开火)=0.333  direct(直击/开火)=0.000  弹数=24
  [评测进度] 30/100  kill(命中/开火)=0.323  direct(直击/开火)=0.000  弹数=31
  [评测进度] 40/100  kill(命中/开火)=0.289  direct(直击/开火)=0.022  弹数=45
  [评测进度] 50/100  kill(命中/开火)=0.286  direct(直击/开火)=0.041  弹数=49
  [评测进度] 60/100  kill(命中/开火)=0.273  direct(直击/开火)=0.036  弹数=55
  [评测进度] 70/100  kill(命中/开火)=0.235  direct(直击/开火)=0.029  弹数=68
  [评测进度] 80/100  kill(命中/开火)=0.244  direct(直击/开火)=0.038  弹数=78
  [评测进度] 90/100  kill(命中/开火)=0.239  direct(直击/开火)=0.034  弹数=88
  [评测进度] 100/100  kill(命中/开火)=0.240  direct(直击/开火)=0.031  弹数=96
------------------------------------------------------------
[评测] 阶段=stage2_linear  局数=100
  kill_rate(命中/开火) = 0.240  hit_rate(直击/开火) = 0.031  中位TTK = 600
  TTK口径     : 首直击步数；无直击=该局结束步数（评测步限封顶）
  晋级条件 直击/开火 hit_rate≥0.06  当前=0.031  → 指标未达标
  附加门槛 : 需对手速度≥1.00（当前=1.00）
  转向阶梯中 : phase=3  rotate=-0.07  （此期间不晋级下一阶段，只按 hit_rate 下调转向）
  未晋级阶段：转向阶梯进行中（属预期）
------------------------------------------------------------
[进度] 18,710,528/100,000,000 (18.7%)  FPS≈1392  阶段=stage2_linear  速度=1.00  直行间隔=180  aim=0.100/lead  rotate=-0.07
[进度] 18,726,912/100,000,000 (18.7%)  FPS≈1532  阶段=stage2_linear  速度=1.00  直行间隔=180  aim=0.100/lead  rotate=-0.07
[进度] 18,743,296/100,000,000 (18.7%)  FPS≈1364  阶段=stage2_linear  速度=1.00  直行间隔=180  aim=0.100/lead  rotate=-0.07
[进度] 18,759,680/100,000,000 (18.8%)  FPS≈1425  阶段=stage2_linear  速度=1.00  直行间隔=180  aim=0.100/lead  rotate=-0.07
[进度] 18,776,064/100,000,000 (18.8%)  FPS≈1557  阶段=stage2_linear  速度=1.00  直行间隔=180  aim=0.100/lead  rotate=-0.07
[进度] 18,792,448/100,000,000 (18.8%)  FPS≈1513  阶段=stage2_linear  速度=1.00  直行间隔=180  aim=0.100/lead  rotate=-0.07
[进度] 18,808,832/100,000,000 (18.8%)  FPS≈1244  阶段=stage2_linear  速度=1.00  直行间隔=180  aim=0.100/lead  rotate=-0.07
[存盘] 课程元数据 model_t18808832_stage1_stage2_linear.curriculum.json  stage=stage2_linear  bot=linear v=1.00
[存盘] runs/curriculum_aim/20260922_225205/checkpoints/model_t18808832_stage1_stage2_linear.zip
[评测] 开始（100 局）…
  [评测进度] 10/100  kill(命中/开火)=0.292  direct(直击/开火)=0.042  弹数=24
  [评测进度] 20/100  kill(命中/开火)=0.265  direct(直击/开火)=0.029  弹数=34
  [评测进度] 30/100  kill(命中/开火)=0.346  direct(直击/开火)=0.077  弹数=52
  [评测进度] 40/100  kill(命中/开火)=0.338  direct(直击/开火)=0.092  弹数=65
  [评测进度] 50/100  kill(命中/开火)=0.333  direct(直击/开火)=0.090  弹数=78
  [评测进度] 60/100  kill(命中/开火)=0.315  direct(直击/开火)=0.101  弹数=89
  [评测进度] 70/100  kill(命中/开火)=0.298  direct(直击/开火)=0.096  弹数=94
  [评测进度] 80/100  kill(命中/开火)=0.290  direct(直击/开火)=0.084  弹数=107
  [评测进度] 90/100  kill(命中/开火)=0.280  direct(直击/开火)=0.080  弹数=125
  [评测进度] 100/100  kill(命中/开火)=0.275  direct(直击/开火)=0.080  弹数=138
------------------------------------------------------------
[评测] 阶段=stage2_linear  局数=100
  kill_rate(命中/开火) = 0.275  hit_rate(直击/开火) = 0.080  中位TTK = 600
  TTK口径     : 首直击步数；无直击=该局结束步数（评测步限封顶）
  晋级条件 直击/开火 hit_rate≥0.06  当前=0.080  → 指标达标
  附加门槛 : 需对手速度≥1.00（当前=1.00）
  转向阶梯中 : phase=3  rotate=-0.07  （此期间不晋级下一阶段，只按 hit_rate 下调转向）
  未晋级阶段：转向阶梯进行中（属预期）
------------------------------------------------------------
[进度] 18,825,216/100,000,000 (18.8%)  FPS≈1371  阶段=stage2_linear  速度=1.00  直行间隔=180  aim=0.100/lead  rotate=-0.07
[进度] 18,841,600/100,000,000 (18.8%)  FPS≈1403  阶段=stage2_linear  速度=1.00  直行间隔=180  aim=0.100/lead  rotate=-0.07
[进度] 18,857,984/100,000,000 (18.9%)  FPS≈1488  阶段=stage2_linear  速度=1.00  直行间隔=180  aim=0.100/lead  rotate=-0.07
[进度] 18,874,368/100,000,000 (18.9%)  FPS≈1541  阶段=stage2_linear  速度=1.00  直行间隔=180  aim=0.100/lead  rotate=-0.07
[进度] 18,890,752/100,000,000 (18.9%)  FPS≈1388  阶段=stage2_linear  速度=1.00  直行间隔=180  aim=0.100/lead  rotate=-0.07
[进度] 18,907,136/100,000,000 (18.9%)  FPS≈1526  阶段=stage2_linear  速度=1.00  直行间隔=180  aim=0.100/lead  rotate=-0.07
[进度] 18,923,520/100,000,000 (18.9%)  FPS≈1351  阶段=stage2_linear  速度=1.00  直行间隔=180  aim=0.100/lead  rotate=-0.07
[存盘] 课程元数据 model_t18923520_stage1_stage2_linear.curriculum.json  stage=stage2_linear  bot=linear v=1.00
[存盘] runs/curriculum_aim/20260922_225205/checkpoints/model_t18923520_stage1_stage2_linear.zip
[评测] 开始（100 局）…
  [评测进度] 10/100  kill(命中/开火)=0.400  direct(直击/开火)=0.067  弹数=15
  [评测进度] 20/100  kill(命中/开火)=0.433  direct(直击/开火)=0.067  弹数=30
  [评测进度] 30/100  kill(命中/开火)=0.385  direct(直击/开火)=0.077  弹数=39
  [评测进度] 40/100  kill(命中/开火)=0.367  direct(直击/开火)=0.061  弹数=49
  [评测进度] 50/100  kill(命中/开火)=0.362  direct(直击/开火)=0.103  弹数=58
  [评测进度] 60/100  kill(命中/开火)=0.386  direct(直击/开火)=0.100  弹数=70
  [评测进度] 70/100  kill(命中/开火)=0.378  direct(直击/开火)=0.085  弹数=82
  [评测进度] 80/100  kill(命中/开火)=0.379  direct(直击/开火)=0.084  弹数=95
  [评测进度] 90/100  kill(命中/开火)=0.363  direct(直击/开火)=0.080  弹数=113
  [评测进度] 100/100  kill(命中/开火)=0.373  direct(直击/开火)=0.079  弹数=126
------------------------------------------------------------
[评测] 阶段=stage2_linear  局数=100
  kill_rate(命中/开火) = 0.373  hit_rate(直击/开火) = 0.079  中位TTK = 600
  TTK口径     : 首直击步数；无直击=该局结束步数（评测步限封顶）
  晋级条件 直击/开火 hit_rate≥0.06  当前=0.079  → 指标达标
  附加门槛 : 需对手速度≥1.00（当前=1.00）
  转向阶梯中 : phase=3  rotate=-0.07  （此期间不晋级下一阶段，只按 hit_rate 下调转向）
  未晋级阶段：转向阶梯进行中（属预期）
------------------------------------------------------------
[进度] 18,939,904/100,000,000 (18.9%)  FPS≈1421  阶段=stage2_linear  速度=1.00  直行间隔=180  aim=0.100/lead  rotate=-0.07
[进度] 18,956,288/100,000,000 (19.0%)  FPS≈1419  阶段=stage2_linear  速度=1.00  直行间隔=180  aim=0.100/lead  rotate=-0.07
[进度] 18,972,672/100,000,000 (19.0%)  FPS≈1456  阶段=stage2_linear  速度=1.00  直行间隔=180  aim=0.100/lead  rotate=-0.07
[进度] 18,989,056/100,000,000 (19.0%)  FPS≈1489  阶段=stage2_linear  速度=1.00  直行间隔=180  aim=0.100/lead  rotate=-0.07
[进度] 19,005,440/100,000,000 (19.0%)  FPS≈1333  阶段=stage2_linear  速度=1.00  直行间隔=180  aim=0.100/lead  rotate=-0.07
[进度] 19,021,824/100,000,000 (19.0%)  FPS≈1387  阶段=stage2_linear  速度=1.00  直行间隔=180  aim=0.100/lead  rotate=-0.07
[进度] 19,038,208/100,000,000 (19.0%)  FPS≈1454  阶段=stage2_linear  速度=1.00  直行间隔=180  aim=0.100/lead  rotate=-0.07
[存盘] 课程元数据 model_t19038208_stage1_stage2_linear.curriculum.json  stage=stage2_linear  bot=linear v=1.00
[存盘] runs/curriculum_aim/20260922_225205/checkpoints/model_t19038208_stage1_stage2_linear.zip
[评测] 开始（100 局）…
  [评测进度] 10/100  kill(命中/开火)=0.600  direct(直击/开火)=0.200  弹数=10
  [评测进度] 20/100  kill(命中/开火)=0.471  direct(直击/开火)=0.118  弹数=17
  [评测进度] 30/100  kill(命中/开火)=0.393  direct(直击/开火)=0.071  弹数=28
  [评测进度] 40/100  kill(命中/开火)=0.355  direct(直击/开火)=0.065  弹数=31
  [评测进度] 50/100  kill(命中/开火)=0.308  direct(直击/开火)=0.051  弹数=39
  [评测进度] 60/100  kill(命中/开火)=0.341  direct(直击/开火)=0.045  弹数=44
  [评测进度] 70/100  kill(命中/开火)=0.296  direct(直击/开火)=0.056  弹数=54
  [评测进度] 80/100  kill(命中/开火)=0.305  direct(直击/开火)=0.085  弹数=59
  [评测进度] 90/100  kill(命中/开火)=0.344  direct(直击/开火)=0.078  弹数=64
  [评测进度] 100/100  kill(命中/开火)=0.329  direct(直击/开火)=0.071  弹数=70
------------------------------------------------------------
[评测] 阶段=stage2_linear  局数=100
  kill_rate(命中/开火) = 0.329  hit_rate(直击/开火) = 0.071  中位TTK = 600
  TTK口径     : 首直击步数；无直击=该局结束步数（评测步限封顶）
  晋级条件 直击/开火 hit_rate≥0.06  当前=0.071  → 指标达标
  附加门槛 : 需对手速度≥1.00（当前=1.00）
  转向阶梯中 : phase=3  rotate=-0.07  （此期间不晋级下一阶段，只按 hit_rate 下调转向）
  未晋级阶段：转向阶梯进行中（属预期）
------------------------------------------------------------
[进度] 19,054,592/100,000,000 (19.1%)  FPS≈1391  阶段=stage2_linear  速度=1.00  直行间隔=180  aim=0.100/lead  rotate=-0.07
[进度] 19,070,976/100,000,000 (19.1%)  FPS≈1410  阶段=stage2_linear  速度=1.00  直行间隔=180  aim=0.100/lead  rotate=-0.07
[进度] 19,087,360/100,000,000 (19.1%)  FPS≈1532  阶段=stage2_linear  速度=1.00  直行间隔=180  aim=0.100/lead  rotate=-0.07
[进度] 19,103,744/100,000,000 (19.1%)  FPS≈1476  阶段=stage2_linear  速度=1.00  直行间隔=180  aim=0.100/lead  rotate=-0.07
[进度] 19,120,128/100,000,000 (19.1%)  FPS≈1440  阶段=stage2_linear  速度=1.00  直行间隔=180  aim=0.100/lead  rotate=-0.07
[进度] 19,136,512/100,000,000 (19.1%)  FPS≈1355  阶段=stage2_linear  速度=1.00  直行间隔=180  aim=0.100/lead  rotate=-0.07
[进度] 19,152,896/100,000,000 (19.2%)  FPS≈1400  阶段=stage2_linear  速度=1.00  直行间隔=180  aim=0.100/lead  rotate=-0.07
[存盘] 课程元数据 model_t19152896_stage1_stage2_linear.curriculum.json  stage=stage2_linear  bot=linear v=1.00
[存盘] runs/curriculum_aim/20260922_225205/checkpoints/model_t19152896_stage1_stage2_linear.zip
[评测] 开始（100 局）…
  [评测进度] 10/100  kill(命中/开火)=0.000  direct(直击/开火)=0.000  弹数=5
  [评测进度] 20/100  kill(命中/开火)=0.333  direct(直击/开火)=0.083  弹数=12
  [评测进度] 30/100  kill(命中/开火)=0.250  direct(直击/开火)=0.062  弹数=16
  [评测进度] 40/100  kill(命中/开火)=0.179  direct(直击/开火)=0.071  弹数=28
  [评测进度] 50/100  kill(命中/开火)=0.184  direct(直击/开火)=0.053  弹数=38
  [评测进度] 60/100  kill(命中/开火)=0.205  direct(直击/开火)=0.045  弹数=44
  [评测进度] 70/100  kill(命中/开火)=0.283  direct(直击/开火)=0.094  弹数=53
  [评测进度] 80/100  kill(命中/开火)=0.303  direct(直击/开火)=0.091  弹数=66
  [评测进度] 90/100  kill(命中/开火)=0.301  direct(直击/开火)=0.096  弹数=73
  [评测进度] 100/100  kill(命中/开火)=0.298  direct(直击/开火)=0.083  弹数=84
------------------------------------------------------------
[评测] 阶段=stage2_linear  局数=100
  kill_rate(命中/开火) = 0.298  hit_rate(直击/开火) = 0.083  中位TTK = 600
  TTK口径     : 首直击步数；无直击=该局结束步数（评测步限封顶）
  晋级条件 直击/开火 hit_rate≥0.06  当前=0.083  → 指标达标
  附加门槛 : 需对手速度≥1.00（当前=1.00）
  转向阶梯中 : phase=3  rotate=-0.07  （此期间不晋级下一阶段，只按 hit_rate 下调转向）
  未晋级阶段：转向阶梯进行中（属预期）
------------------------------------------------------------
[进度] 19,169,280/100,000,000 (19.2%)  FPS≈1403  阶段=stage2_linear  速度=1.00  直行间隔=180  aim=0.100/lead  rotate=-0.07
[进度] 19,185,664/100,000,000 (19.2%)  FPS≈1370  阶段=stage2_linear  速度=1.00  直行间隔=180  aim=0.100/lead  rotate=-0.07
[进度] 19,202,048/100,000,000 (19.2%)  FPS≈1399  阶段=stage2_linear  速度=1.00  直行间隔=180  aim=0.100/lead  rotate=-0.07
[进度] 19,218,432/100,000,000 (19.2%)  FPS≈1514  阶段=stage2_linear  速度=1.00  直行间隔=180  aim=0.100/lead  rotate=-0.07
[进度] 19,234,816/100,000,000 (19.2%)  FPS≈1307  阶段=stage2_linear  速度=1.00  直行间隔=180  aim=0.100/lead  rotate=-0.07
[进度] 19,251,200/100,000,000 (19.3%)  FPS≈1423  阶段=stage2_linear  速度=1.00  直行间隔=180  aim=0.100/lead  rotate=-0.07
[进度] 19,267,584/100,000,000 (19.3%)  FPS≈1478  阶段=stage2_linear  速度=1.00  直行间隔=180  aim=0.100/lead  rotate=-0.07
[存盘] 课程元数据 model_t19267584_stage1_stage2_linear.curriculum.json  stage=stage2_linear  bot=linear v=1.00
[存盘] runs/curriculum_aim/20260922_225205/checkpoints/model_t19267584_stage1_stage2_linear.zip
[评测] 开始（100 局）…
  [评测进度] 10/100  kill(命中/开火)=0.333  direct(直击/开火)=0.167  弹数=6
  [评测进度] 20/100  kill(命中/开火)=0.364  direct(直击/开火)=0.136  弹数=22
  [评测进度] 30/100  kill(命中/开火)=0.387  direct(直击/开火)=0.097  弹数=31
  [评测进度] 40/100  kill(命中/开火)=0.333  direct(直击/开火)=0.077  弹数=39
  [评测进度] 50/100  kill(命中/开火)=0.327  direct(直击/开火)=0.061  弹数=49
  [评测进度] 60/100  kill(命中/开火)=0.333  direct(直击/开火)=0.048  弹数=63
  [评测进度] 70/100  kill(命中/开火)=0.329  direct(直击/开火)=0.043  弹数=70
  [评测进度] 80/100  kill(命中/开火)=0.291  direct(直击/开火)=0.038  弹数=79
  [评测进度] 90/100  kill(命中/开火)=0.326  direct(直击/开火)=0.058  弹数=86
  [评测进度] 100/100  kill(命中/开火)=0.311  direct(直击/开火)=0.056  弹数=90
------------------------------------------------------------
[评测] 阶段=stage2_linear  局数=100
  kill_rate(命中/开火) = 0.311  hit_rate(直击/开火) = 0.056  中位TTK = 600
  TTK口径     : 首直击步数；无直击=该局结束步数（评测步限封顶）
  晋级条件 直击/开火 hit_rate≥0.06  当前=0.056  → 指标未达标
  附加门槛 : 需对手速度≥1.00（当前=1.00）
  转向阶梯中 : phase=3  rotate=-0.07  （此期间不晋级下一阶段，只按 hit_rate 下调转向）
  未晋级阶段：转向阶梯进行中（属预期）
------------------------------------------------------------
[进度] 19,283,968/100,000,000 (19.3%)  FPS≈1432  阶段=stage2_linear  速度=1.00  直行间隔=180  aim=0.100/lead  rotate=-0.07
[进度] 19,300,352/100,000,000 (19.3%)  FPS≈1387  阶段=stage2_linear  速度=1.00  直行间隔=180  aim=0.100/lead  rotate=-0.07
[进度] 19,316,736/100,000,000 (19.3%)  FPS≈1308  阶段=stage2_linear  速度=1.00  直行间隔=180  aim=0.100/lead  rotate=-0.07
[进度] 19,333,120/100,000,000 (19.3%)  FPS≈1291  阶段=stage2_linear  速度=1.00  直行间隔=180  aim=0.100/lead  rotate=-0.07
[进度] 19,349,504/100,000,000 (19.3%)  FPS≈1435  阶段=stage2_linear  速度=1.00  直行间隔=180  aim=0.100/lead  rotate=-0.07
[进度] 19,365,888/100,000,000 (19.4%)  FPS≈1500  阶段=stage2_linear  速度=1.00  直行间隔=180  aim=0.100/lead  rotate=-0.07
[进度] 19,382,272/100,000,000 (19.4%)  FPS≈1234  阶段=stage2_linear  速度=1.00  直行间隔=180  aim=0.100/lead  rotate=-0.07
[存盘] 课程元数据 model_t19382272_stage1_stage2_linear.curriculum.json  stage=stage2_linear  bot=linear v=1.00
[存盘] runs/curriculum_aim/20260922_225205/checkpoints/model_t19382272_stage1_stage2_linear.zip
[评测] 开始（100 局）…
  [评测进度] 10/100  kill(命中/开火)=0.400  direct(直击/开火)=0.100  弹数=10
  [评测进度] 20/100  kill(命中/开火)=0.471  direct(直击/开火)=0.059  弹数=17
  [评测进度] 30/100  kill(命中/开火)=0.409  direct(直击/开火)=0.045  弹数=22
  [评测进度] 40/100  kill(命中/开火)=0.323  direct(直击/开火)=0.032  弹数=31
  [评测进度] 50/100  kill(命中/开火)=0.256  direct(直击/开火)=0.023  弹数=43
  [评测进度] 60/100  kill(命中/开火)=0.291  direct(直击/开火)=0.055  弹数=55
  [评测进度] 70/100  kill(命中/开火)=0.297  direct(直击/开火)=0.047  弹数=64
  [评测进度] 80/100  kill(命中/开火)=0.307  direct(直击/开火)=0.053  弹数=75
  [评测进度] 90/100  kill(命中/开火)=0.329  direct(直击/开火)=0.073  弹数=82
  [评测进度] 100/100  kill(命中/开火)=0.344  direct(直击/开火)=0.078  弹数=90
------------------------------------------------------------
[评测] 阶段=stage2_linear  局数=100
  kill_rate(命中/开火) = 0.344  hit_rate(直击/开火) = 0.078  中位TTK = 600
  TTK口径     : 首直击步数；无直击=该局结束步数（评测步限封顶）
  晋级条件 直击/开火 hit_rate≥0.06  当前=0.078  → 指标达标
  附加门槛 : 需对手速度≥1.00（当前=1.00）
  转向阶梯中 : phase=3  rotate=-0.07  （此期间不晋级下一阶段，只按 hit_rate 下调转向）
  未晋级阶段：转向阶梯进行中（属预期）
------------------------------------------------------------
[进度] 19,398,656/100,000,000 (19.4%)  FPS≈1389  阶段=stage2_linear  速度=1.00  直行间隔=180  aim=0.100/lead  rotate=-0.07
[进度] 19,415,040/100,000,000 (19.4%)  FPS≈1372  阶段=stage2_linear  速度=1.00  直行间隔=180  aim=0.100/lead  rotate=-0.07
[进度] 19,431,424/100,000,000 (19.4%)  FPS≈1419  阶段=stage2_linear  速度=1.00  直行间隔=180  aim=0.100/lead  rotate=-0.07
[进度] 19,447,808/100,000,000 (19.4%)  FPS≈1480  阶段=stage2_linear  速度=1.00  直行间隔=180  aim=0.100/lead  rotate=-0.07
[进度] 19,464,192/100,000,000 (19.5%)  FPS≈1392  阶段=stage2_linear  速度=1.00  直行间隔=180  aim=0.100/lead  rotate=-0.07
[进度] 19,480,576/100,000,000 (19.5%)  FPS≈1358  阶段=stage2_linear  速度=1.00  直行间隔=180  aim=0.100/lead  rotate=-0.07
[进度] 19,496,960/100,000,000 (19.5%)  FPS≈1521  阶段=stage2_linear  速度=1.00  直行间隔=180  aim=0.100/lead  rotate=-0.07
[存盘] 课程元数据 model_t19496960_stage1_stage2_linear.curriculum.json  stage=stage2_linear  bot=linear v=1.00
[存盘] runs/curriculum_aim/20260922_225205/checkpoints/model_t19496960_stage1_stage2_linear.zip
[评测] 开始（100 局）…
  [评测进度] 10/100  kill(命中/开火)=0.154  direct(直击/开火)=0.000  弹数=13
  [评测进度] 20/100  kill(命中/开火)=0.211  direct(直击/开火)=0.053  弹数=19
  [评测进度] 30/100  kill(命中/开火)=0.276  direct(直击/开火)=0.034  弹数=29
  [评测进度] 40/100  kill(命中/开火)=0.273  direct(直击/开火)=0.030  弹数=33
  [评测进度] 50/100  kill(命中/开火)=0.275  direct(直击/开火)=0.025  弹数=40
  [评测进度] 60/100  kill(命中/开火)=0.302  direct(直击/开火)=0.019  弹数=53
  [评测进度] 70/100  kill(命中/开火)=0.321  direct(直击/开火)=0.018  弹数=56
  [评测进度] 80/100  kill(命中/开火)=0.292  direct(直击/开火)=0.015  弹数=65
  [评测进度] 90/100  kill(命中/开火)=0.292  direct(直击/开火)=0.014  弹数=72
  [评测进度] 100/100  kill(命中/开火)=0.287  direct(直击/开火)=0.025  弹数=80
------------------------------------------------------------
[评测] 阶段=stage2_linear  局数=100
  kill_rate(命中/开火) = 0.287  hit_rate(直击/开火) = 0.025  中位TTK = 600
  TTK口径     : 首直击步数；无直击=该局结束步数（评测步限封顶）
  晋级条件 直击/开火 hit_rate≥0.06  当前=0.025  → 指标未达标
  附加门槛 : 需对手速度≥1.00（当前=1.00）
  转向阶梯中 : phase=3  rotate=-0.07  （此期间不晋级下一阶段，只按 hit_rate 下调转向）
  未晋级阶段：转向阶梯进行中（属预期）
------------------------------------------------------------
[进度] 19,513,344/100,000,000 (19.5%)  FPS≈1410  阶段=stage2_linear  速度=1.00  直行间隔=180  aim=0.100/lead  rotate=-0.07
[进度] 19,529,728/100,000,000 (19.5%)  FPS≈1530  阶段=stage2_linear  速度=1.00  直行间隔=180  aim=0.100/lead  rotate=-0.07
[进度] 19,546,112/100,000,000 (19.5%)  FPS≈1297  阶段=stage2_linear  速度=1.00  直行间隔=180  aim=0.100/lead  rotate=-0.07
[进度] 19,562,496/100,000,000 (19.6%)  FPS≈1506  阶段=stage2_linear  速度=1.00  直行间隔=180  aim=0.100/lead  rotate=-0.07
[进度] 19,578,880/100,000,000 (19.6%)  FPS≈1356  阶段=stage2_linear  速度=1.00  直行间隔=180  aim=0.100/lead  rotate=-0.07
[进度] 19,595,264/100,000,000 (19.6%)  FPS≈1233  阶段=stage2_linear  速度=1.00  直行间隔=180  aim=0.100/lead  rotate=-0.07
[进度] 19,611,648/100,000,000 (19.6%)  FPS≈1293  阶段=stage2_linear  速度=1.00  直行间隔=180  aim=0.100/lead  rotate=-0.07
[存盘] 课程元数据 model_t19611648_stage1_stage2_linear.curriculum.json  stage=stage2_linear  bot=linear v=1.00
[存盘] runs/curriculum_aim/20260922_225205/checkpoints/model_t19611648_stage1_stage2_linear.zip
[评测] 开始（100 局）…
  [评测进度] 10/100  kill(命中/开火)=0.333  direct(直击/开火)=0.000  弹数=6
  [评测进度] 20/100  kill(命中/开火)=0.250  direct(直击/开火)=0.000  弹数=12
  [评测进度] 30/100  kill(命中/开火)=0.222  direct(直击/开火)=0.000  弹数=18
  [评测进度] 40/100  kill(命中/开火)=0.269  direct(直击/开火)=0.000  弹数=26
  [评测进度] 50/100  kill(命中/开火)=0.324  direct(直击/开火)=0.000  弹数=34
  [评测进度] 60/100  kill(命中/开火)=0.302  direct(直击/开火)=0.000  弹数=43
  [评测进度] 70/100  kill(命中/开火)=0.309  direct(直击/开火)=0.000  弹数=55
  [评测进度] 80/100  kill(命中/开火)=0.328  direct(直击/开火)=0.016  弹数=64
  [评测进度] 90/100  kill(命中/开火)=0.342  direct(直击/开火)=0.013  弹数=76
  [评测进度] 100/100  kill(命中/开火)=0.329  direct(直击/开火)=0.012  弹数=85
------------------------------------------------------------
[评测] 阶段=stage2_linear  局数=100
  kill_rate(命中/开火) = 0.329  hit_rate(直击/开火) = 0.012  中位TTK = 600
  TTK口径     : 首直击步数；无直击=该局结束步数（评测步限封顶）
  晋级条件 直击/开火 hit_rate≥0.06  当前=0.012  → 指标未达标
  附加门槛 : 需对手速度≥1.00（当前=1.00）
  转向阶梯中 : phase=3  rotate=-0.07  （此期间不晋级下一阶段，只按 hit_rate 下调转向）
  未晋级阶段：转向阶梯进行中（属预期）
------------------------------------------------------------
[进度] 19,628,032/100,000,000 (19.6%)  FPS≈1471  阶段=stage2_linear  速度=1.00  直行间隔=180  aim=0.100/lead  rotate=-0.07
[进度] 19,644,416/100,000,000 (19.6%)  FPS≈1419  阶段=stage2_linear  速度=1.00  直行间隔=180  aim=0.100/lead  rotate=-0.07
[进度] 19,660,800/100,000,000 (19.7%)  FPS≈1536  阶段=stage2_linear  速度=1.00  直行间隔=180  aim=0.100/lead  rotate=-0.07
[进度] 19,677,184/100,000,000 (19.7%)  FPS≈1448  阶段=stage2_linear  速度=1.00  直行间隔=180  aim=0.100/lead  rotate=-0.07
[进度] 19,693,568/100,000,000 (19.7%)  FPS≈1386  阶段=stage2_linear  速度=1.00  直行间隔=180  aim=0.100/lead  rotate=-0.07
[进度] 19,709,952/100,000,000 (19.7%)  FPS≈1406  阶段=stage2_linear  速度=1.00  直行间隔=180  aim=0.100/lead  rotate=-0.07
[进度] 19,726,336/100,000,000 (19.7%)  FPS≈1512  阶段=stage2_linear  速度=1.00  直行间隔=180  aim=0.100/lead  rotate=-0.07
[存盘] 课程元数据 model_t19726336_stage1_stage2_linear.curriculum.json  stage=stage2_linear  bot=linear v=1.00
[存盘] runs/curriculum_aim/20260922_225205/checkpoints/model_t19726336_stage1_stage2_linear.zip
[评测] 开始（100 局）…
  [评测进度] 10/100  kill(命中/开火)=0.500  direct(直击/开火)=0.167  弹数=6
  [评测进度] 20/100  kill(命中/开火)=0.429  direct(直击/开火)=0.143  弹数=14
  [评测进度] 30/100  kill(命中/开火)=0.333  direct(直击/开火)=0.095  弹数=21
  [评测进度] 40/100  kill(命中/开火)=0.324  direct(直击/开火)=0.059  弹数=34
  [评测进度] 50/100  kill(命中/开火)=0.300  direct(直击/开火)=0.050  弹数=40
  [评测进度] 60/100  kill(命中/开火)=0.320  direct(直击/开火)=0.060  弹数=50
  [评测进度] 70/100  kill(命中/开火)=0.304  direct(直击/开火)=0.054  弹数=56
  [评测进度] 80/100  kill(命中/开火)=0.288  direct(直击/开火)=0.061  弹数=66
  [评测进度] 90/100  kill(命中/开火)=0.333  direct(直击/开火)=0.067  弹数=75
  [评测进度] 100/100  kill(命中/开火)=0.325  direct(直击/开火)=0.072  弹数=83
------------------------------------------------------------
[评测] 阶段=stage2_linear  局数=100
  kill_rate(命中/开火) = 0.325  hit_rate(直击/开火) = 0.072  中位TTK = 600
  TTK口径     : 首直击步数；无直击=该局结束步数（评测步限封顶）
  晋级条件 直击/开火 hit_rate≥0.06  当前=0.072  → 指标达标
  附加门槛 : 需对手速度≥1.00（当前=1.00）
  转向阶梯中 : phase=3  rotate=-0.07  （此期间不晋级下一阶段，只按 hit_rate 下调转向）
  未晋级阶段：转向阶梯进行中（属预期）
------------------------------------------------------------
[进度] 19,742,720/100,000,000 (19.7%)  FPS≈1565  阶段=stage2_linear  速度=1.00  直行间隔=180  aim=0.100/lead  rotate=-0.07
[进度] 19,759,104/100,000,000 (19.8%)  FPS≈1385  阶段=stage2_linear  速度=1.00  直行间隔=180  aim=0.100/lead  rotate=-0.07
[进度] 19,775,488/100,000,000 (19.8%)  FPS≈1337  阶段=stage2_linear  速度=1.00  直行间隔=180  aim=0.100/lead  rotate=-0.07
[进度] 19,791,872/100,000,000 (19.8%)  FPS≈1426  阶段=stage2_linear  速度=1.00  直行间隔=180  aim=0.100/lead  rotate=-0.07
[进度] 19,808,256/100,000,000 (19.8%)  FPS≈1398  阶段=stage2_linear  速度=1.00  直行间隔=180  aim=0.100/lead  rotate=-0.07
[进度] 19,824,640/100,000,000 (19.8%)  FPS≈1243  阶段=stage2_linear  速度=1.00  直行间隔=180  aim=0.100/lead  rotate=-0.07
[进度] 19,841,024/100,000,000 (19.8%)  FPS≈1474  阶段=stage2_linear  速度=1.00  直行间隔=180  aim=0.100/lead  rotate=-0.07
[存盘] 课程元数据 model_t19841024_stage1_stage2_linear.curriculum.json  stage=stage2_linear  bot=linear v=1.00
[存盘] runs/curriculum_aim/20260922_225205/checkpoints/model_t19841024_stage1_stage2_linear.zip
[评测] 开始（100 局）…
  [评测进度] 10/100  kill(命中/开火)=0.500  direct(直击/开火)=0.000  弹数=8
  [评测进度] 20/100  kill(命中/开火)=0.333  direct(直击/开火)=0.000  弹数=15
  [评测进度] 30/100  kill(命中/开火)=0.320  direct(直击/开火)=0.080  弹数=25
  [评测进度] 40/100  kill(命中/开火)=0.297  direct(直击/开火)=0.108  弹数=37
  [评测进度] 50/100  kill(命中/开火)=0.318  direct(直击/开火)=0.114  弹数=44
  [评测进度] 60/100  kill(命中/开火)=0.275  direct(直击/开火)=0.098  弹数=51
  [评测进度] 70/100  kill(命中/开火)=0.263  direct(直击/开火)=0.088  弹数=57
  [评测进度] 80/100  kill(命中/开火)=0.246  direct(直击/开火)=0.077  弹数=65
  [评测进度] 90/100  kill(命中/开火)=0.263  direct(直击/开火)=0.066  弹数=76
  [评测进度] 100/100  kill(命中/开火)=0.256  direct(直击/开火)=0.070  弹数=86
------------------------------------------------------------
[评测] 阶段=stage2_linear  局数=100
  kill_rate(命中/开火) = 0.256  hit_rate(直击/开火) = 0.070  中位TTK = 600
  TTK口径     : 首直击步数；无直击=该局结束步数（评测步限封顶）
  晋级条件 直击/开火 hit_rate≥0.06  当前=0.070  → 指标达标
  附加门槛 : 需对手速度≥1.00（当前=1.00）
  转向阶梯中 : phase=3  rotate=-0.07  （此期间不晋级下一阶段，只按 hit_rate 下调转向）
  未晋级阶段：转向阶梯进行中（属预期）
------------------------------------------------------------
[进度] 19,857,408/100,000,000 (19.9%)  FPS≈1605  阶段=stage2_linear  速度=1.00  直行间隔=180  aim=0.100/lead  rotate=-0.07
[进度] 19,873,792/100,000,000 (19.9%)  FPS≈1409  阶段=stage2_linear  速度=1.00  直行间隔=180  aim=0.100/lead  rotate=-0.07
[进度] 19,890,176/100,000,000 (19.9%)  FPS≈1390  阶段=stage2_linear  速度=1.00  直行间隔=180  aim=0.100/lead  rotate=-0.07
[进度] 19,906,560/100,000,000 (19.9%)  FPS≈1332  阶段=stage2_linear  速度=1.00  直行间隔=180  aim=0.100/lead  rotate=-0.07
[进度] 19,922,944/100,000,000 (19.9%)  FPS≈1579  阶段=stage2_linear  速度=1.00  直行间隔=180  aim=0.100/lead  rotate=-0.07
[进度] 19,939,328/100,000,000 (19.9%)  FPS≈1242  阶段=stage2_linear  速度=1.00  直行间隔=180  aim=0.100/lead  rotate=-0.07
[进度] 19,955,712/100,000,000 (20.0%)  FPS≈1332  阶段=stage2_linear  速度=1.00  直行间隔=180  aim=0.100/lead  rotate=-0.07
[存盘] 课程元数据 model_t19955712_stage1_stage2_linear.curriculum.json  stage=stage2_linear  bot=linear v=1.00
[存盘] runs/curriculum_aim/20260922_225205/checkpoints/model_t19955712_stage1_stage2_linear.zip
[评测] 开始（100 局）…
  [评测进度] 10/100  kill(命中/开火)=0.500  direct(直击/开火)=0.000  弹数=6
  [评测进度] 20/100  kill(命中/开火)=0.364  direct(直击/开火)=0.091  弹数=11
  [评测进度] 30/100  kill(命中/开火)=0.421  direct(直击/开火)=0.053  弹数=19
  [评测进度] 40/100  kill(命中/开火)=0.385  direct(直击/开火)=0.038  弹数=26
  [评测进度] 50/100  kill(命中/开火)=0.350  direct(直击/开火)=0.025  弹数=40
  [评测进度] 60/100  kill(命中/开火)=0.364  direct(直击/开火)=0.023  弹数=44
  [评测进度] 70/100  kill(命中/开火)=0.392  direct(直击/开火)=0.039  弹数=51
  [评测进度] 80/100  kill(命中/开火)=0.400  direct(直击/开火)=0.036  弹数=55
  [评测进度] 90/100  kill(命中/开火)=0.365  direct(直击/开火)=0.032  弹数=63
  [评测进度] 100/100  kill(命中/开火)=0.378  direct(直击/开火)=0.041  弹数=74
------------------------------------------------------------
[评测] 阶段=stage2_linear  局数=100
  kill_rate(命中/开火) = 0.378  hit_rate(直击/开火) = 0.041  中位TTK = 600
  TTK口径     : 首直击步数；无直击=该局结束步数（评测步限封顶）
  晋级条件 直击/开火 hit_rate≥0.06  当前=0.041  → 指标未达标
  附加门槛 : 需对手速度≥1.00（当前=1.00）
  转向阶梯中 : phase=3  rotate=-0.07  （此期间不晋级下一阶段，只按 hit_rate 下调转向）
  未晋级阶段：转向阶梯进行中（属预期）
------------------------------------------------------------
[进度] 19,972,096/100,000,000 (20.0%)  FPS≈1513  阶段=stage2_linear  速度=1.00  直行间隔=180  aim=0.100/lead  rotate=-0.07
[进度] 19,988,480/100,000,000 (20.0%)  FPS≈1564  阶段=stage2_linear  速度=1.00  直行间隔=180  aim=0.100/lead  rotate=-0.07
[进度] 20,004,864/100,000,000 (20.0%)  FPS≈1533  阶段=stage2_linear  速度=1.00  直行间隔=180  aim=0.100/lead  rotate=-0.07
[进度] 20,021,248/100,000,000 (20.0%)  FPS≈1282  阶段=stage2_linear  速度=1.00  直行间隔=180  aim=0.100/lead  rotate=-0.07
[进度] 20,037,632/100,000,000 (20.0%)  FPS≈1343  阶段=stage2_linear  速度=1.00  直行间隔=180  aim=0.100/lead  rotate=-0.07
[进度] 20,054,016/100,000,000 (20.1%)  FPS≈1505  阶段=stage2_linear  速度=1.00  直行间隔=180  aim=0.100/lead  rotate=-0.07
[进度] 20,070,400/100,000,000 (20.1%)  FPS≈1538  阶段=stage2_linear  速度=1.00  直行间隔=180  aim=0.100/lead  rotate=-0.07
[存盘] 课程元数据 model_t20070400_stage1_stage2_linear.curriculum.json  stage=stage2_linear  bot=linear v=1.00
[存盘] runs/curriculum_aim/20260922_225205/checkpoints/model_t20070400_stage1_stage2_linear.zip
[评测] 开始（100 局）…
  [评测进度] 10/100  kill(命中/开火)=0.750  direct(直击/开火)=0.000  弹数=4
  [评测进度] 20/100  kill(命中/开火)=0.417  direct(直击/开火)=0.000  弹数=12
  [评测进度] 30/100  kill(命中/开火)=0.474  direct(直击/开火)=0.053  弹数=19
  [评测进度] 40/100  kill(命中/开火)=0.423  direct(直击/开火)=0.038  弹数=26
  [评测进度] 50/100  kill(命中/开火)=0.424  direct(直击/开火)=0.030  弹数=33
  [评测进度] 60/100  kill(命中/开火)=0.436  direct(直击/开火)=0.077  弹数=39
  [评测进度] 70/100  kill(命中/开火)=0.417  direct(直击/开火)=0.083  弹数=48
  [评测进度] 80/100  kill(命中/开火)=0.345  direct(直击/开火)=0.069  弹数=58
  [评测进度] 90/100  kill(命中/开火)=0.333  direct(直击/开火)=0.061  弹数=66
  [评测进度] 100/100  kill(命中/开火)=0.315  direct(直击/开火)=0.055  弹数=73
------------------------------------------------------------
[评测] 阶段=stage2_linear  局数=100
  kill_rate(命中/开火) = 0.315  hit_rate(直击/开火) = 0.055  中位TTK = 600
  TTK口径     : 首直击步数；无直击=该局结束步数（评测步限封顶）
  晋级条件 直击/开火 hit_rate≥0.06  当前=0.055  → 指标未达标
  附加门槛 : 需对手速度≥1.00（当前=1.00）
  转向阶梯中 : phase=3  rotate=-0.07  （此期间不晋级下一阶段，只按 hit_rate 下调转向）
  未晋级阶段：转向阶梯进行中（属预期）
------------------------------------------------------------
[进度] 20,086,784/100,000,000 (20.1%)  FPS≈1382  阶段=stage2_linear  速度=1.00  直行间隔=180  aim=0.100/lead  rotate=-0.07
[进度] 20,103,168/100,000,000 (20.1%)  FPS≈1324  阶段=stage2_linear  速度=1.00  直行间隔=180  aim=0.100/lead  rotate=-0.07
[进度] 20,119,552/100,000,000 (20.1%)  FPS≈1378  阶段=stage2_linear  速度=1.00  直行间隔=180  aim=0.100/lead  rotate=-0.07
[进度] 20,135,936/100,000,000 (20.1%)  FPS≈1476  阶段=stage2_linear  速度=1.00  直行间隔=180  aim=0.100/lead  rotate=-0.07
[进度] 20,152,320/100,000,000 (20.2%)  FPS≈1564  阶段=stage2_linear  速度=1.00  直行间隔=180  aim=0.100/lead  rotate=-0.07
[进度] 20,168,704/100,000,000 (20.2%)  FPS≈1436  阶段=stage2_linear  速度=1.00  直行间隔=180  aim=0.100/lead  rotate=-0.07
[进度] 20,185,088/100,000,000 (20.2%)  FPS≈1367  阶段=stage2_linear  速度=1.00  直行间隔=180  aim=0.100/lead  rotate=-0.07
[存盘] 课程元数据 model_t20185088_stage1_stage2_linear.curriculum.json  stage=stage2_linear  bot=linear v=1.00
[存盘] runs/curriculum_aim/20260922_225205/checkpoints/model_t20185088_stage1_stage2_linear.zip
[评测] 开始（100 局）…
  [评测进度] 10/100  kill(命中/开火)=0.125  direct(直击/开火)=0.000  弹数=8
  [评测进度] 20/100  kill(命中/开火)=0.176  direct(直击/开火)=0.000  弹数=17
  [评测进度] 30/100  kill(命中/开火)=0.250  direct(直击/开火)=0.036  弹数=28
  [评测进度] 40/100  kill(命中/开火)=0.242  direct(直击/开火)=0.030  弹数=33
  [评测进度] 50/100  kill(命中/开火)=0.211  direct(直击/开火)=0.026  弹数=38
  [评测进度] 60/100  kill(命中/开火)=0.244  direct(直击/开火)=0.044  弹数=45
  [评测进度] 70/100  kill(命中/开火)=0.264  direct(直击/开火)=0.057  弹数=53
  [评测进度] 80/100  kill(命中/开火)=0.270  direct(直击/开火)=0.048  弹数=63
  [评测进度] 90/100  kill(命中/开火)=0.278  direct(直击/开火)=0.056  弹数=72
  [评测进度] 100/100  kill(命中/开火)=0.286  direct(直击/开火)=0.052  弹数=77
------------------------------------------------------------
[评测] 阶段=stage2_linear  局数=100
  kill_rate(命中/开火) = 0.286  hit_rate(直击/开火) = 0.052  中位TTK = 600
  TTK口径     : 首直击步数；无直击=该局结束步数（评测步限封顶）
  晋级条件 直击/开火 hit_rate≥0.06  当前=0.052  → 指标未达标
  附加门槛 : 需对手速度≥1.00（当前=1.00）
  转向阶梯中 : phase=3  rotate=-0.07  （此期间不晋级下一阶段，只按 hit_rate 下调转向）
  未晋级阶段：转向阶梯进行中（属预期）
------------------------------------------------------------
[进度] 20,201,472/100,000,000 (20.2%)  FPS≈1356  阶段=stage2_linear  速度=1.00  直行间隔=180  aim=0.100/lead  rotate=-0.07
[进度] 20,217,856/100,000,000 (20.2%)  FPS≈1376  阶段=stage2_linear  速度=1.00  直行间隔=180  aim=0.100/lead  rotate=-0.07
[进度] 20,234,240/100,000,000 (20.2%)  FPS≈1564  阶段=stage2_linear  速度=1.00  直行间隔=180  aim=0.100/lead  rotate=-0.07
[进度] 20,250,624/100,000,000 (20.3%)  FPS≈1411  阶段=stage2_linear  速度=1.00  直行间隔=180  aim=0.100/lead  rotate=-0.07
[进度] 20,267,008/100,000,000 (20.3%)  FPS≈1321  阶段=stage2_linear  速度=1.00  直行间隔=180  aim=0.100/lead  rotate=-0.07
[进度] 20,283,392/100,000,000 (20.3%)  FPS≈1235  阶段=stage2_linear  速度=1.00  直行间隔=180  aim=0.100/lead  rotate=-0.07
[进度] 20,299,776/100,000,000 (20.3%)  FPS≈1468  阶段=stage2_linear  速度=1.00  直行间隔=180  aim=0.100/lead  rotate=-0.07
[存盘] 课程元数据 model_t20299776_stage1_stage2_linear.curriculum.json  stage=stage2_linear  bot=linear v=1.00
[存盘] runs/curriculum_aim/20260922_225205/checkpoints/model_t20299776_stage1_stage2_linear.zip
[评测] 开始（100 局）…
  [评测进度] 10/100  kill(命中/开火)=0.375  direct(直击/开火)=0.000  弹数=8
  [评测进度] 20/100  kill(命中/开火)=0.368  direct(直击/开火)=0.000  弹数=19
  [评测进度] 30/100  kill(命中/开火)=0.385  direct(直击/开火)=0.038  弹数=26
  [评测进度] 40/100  kill(命中/开火)=0.297  direct(直击/开火)=0.027  弹数=37
  [评测进度] 50/100  kill(命中/开火)=0.311  direct(直击/开火)=0.022  弹数=45
  [评测进度] 60/100  kill(命中/开火)=0.340  direct(直击/开火)=0.038  弹数=53
  [评测进度] 70/100  kill(命中/开火)=0.300  direct(直击/开火)=0.033  弹数=60
  [评测进度] 80/100  kill(命中/开火)=0.303  direct(直击/开火)=0.045  弹数=66
  [评测进度] 90/100  kill(命中/开火)=0.288  direct(直击/开火)=0.041  弹数=73
  [评测进度] 100/100  kill(命中/开火)=0.272  direct(直击/开火)=0.049  弹数=81
------------------------------------------------------------
[评测] 阶段=stage2_linear  局数=100
  kill_rate(命中/开火) = 0.272  hit_rate(直击/开火) = 0.049  中位TTK = 600
  TTK口径     : 首直击步数；无直击=该局结束步数（评测步限封顶）
  晋级条件 直击/开火 hit_rate≥0.06  当前=0.049  → 指标未达标
  附加门槛 : 需对手速度≥1.00（当前=1.00）
  转向阶梯中 : phase=3  rotate=-0.07  （此期间不晋级下一阶段，只按 hit_rate 下调转向）
  未晋级阶段：转向阶梯进行中（属预期）
------------------------------------------------------------
[进度] 20,316,160/100,000,000 (20.3%)  FPS≈1312  阶段=stage2_linear  速度=1.00  直行间隔=180  aim=0.100/lead  rotate=-0.07
[进度] 20,332,544/100,000,000 (20.3%)  FPS≈1399  阶段=stage2_linear  速度=1.00  直行间隔=180  aim=0.100/lead  rotate=-0.07
[进度] 20,348,928/100,000,000 (20.3%)  FPS≈1404  阶段=stage2_linear  速度=1.00  直行间隔=180  aim=0.100/lead  rotate=-0.07
[进度] 20,365,312/100,000,000 (20.4%)  FPS≈1371  阶段=stage2_linear  速度=1.00  直行间隔=180  aim=0.100/lead  rotate=-0.07
[进度] 20,381,696/100,000,000 (20.4%)  FPS≈1532  阶段=stage2_linear  速度=1.00  直行间隔=180  aim=0.100/lead  rotate=-0.07
[进度] 20,398,080/100,000,000 (20.4%)  FPS≈1333  阶段=stage2_linear  速度=1.00  直行间隔=180  aim=0.100/lead  rotate=-0.07
[进度] 20,414,464/100,000,000 (20.4%)  FPS≈1353  阶段=stage2_linear  速度=1.00  直行间隔=180  aim=0.100/lead  rotate=-0.07
[存盘] 课程元数据 model_t20414464_stage1_stage2_linear.curriculum.json  stage=stage2_linear  bot=linear v=1.00
[存盘] runs/curriculum_aim/20260922_225205/checkpoints/model_t20414464_stage1_stage2_linear.zip
[评测] 开始（100 局）…
  [评测进度] 10/100  kill(命中/开火)=0.286  direct(直击/开火)=0.000  弹数=7
  [评测进度] 20/100  kill(命中/开火)=0.286  direct(直击/开火)=0.000  弹数=14
  [评测进度] 30/100  kill(命中/开火)=0.182  direct(直击/开火)=0.000  弹数=22
  [评测进度] 40/100  kill(命中/开火)=0.233  direct(直击/开火)=0.033  弹数=30
  [评测进度] 50/100  kill(命中/开火)=0.257  direct(直击/开火)=0.029  弹数=35
  [评测进度] 60/100  kill(命中/开火)=0.244  direct(直击/开火)=0.049  弹数=41
  [评测进度] 70/100  kill(命中/开火)=0.250  direct(直击/开火)=0.083  弹数=48
  [评测进度] 80/100  kill(命中/开火)=0.304  direct(直击/开火)=0.089  弹数=56
  [评测进度] 90/100  kill(命中/开火)=0.319  direct(直击/开火)=0.072  弹数=69
  [评测进度] 100/100  kill(命中/开火)=0.299  direct(直击/开火)=0.078  弹数=77
------------------------------------------------------------
[评测] 阶段=stage2_linear  局数=100
  kill_rate(命中/开火) = 0.299  hit_rate(直击/开火) = 0.078  中位TTK = 600
  TTK口径     : 首直击步数；无直击=该局结束步数（评测步限封顶）
  晋级条件 直击/开火 hit_rate≥0.06  当前=0.078  → 指标达标
  附加门槛 : 需对手速度≥1.00（当前=1.00）
  转向阶梯中 : phase=3  rotate=-0.07  （此期间不晋级下一阶段，只按 hit_rate 下调转向）
  未晋级阶段：转向阶梯进行中（属预期）
------------------------------------------------------------
[进度] 20,430,848/100,000,000 (20.4%)  FPS≈1484  阶段=stage2_linear  速度=1.00  直行间隔=180  aim=0.100/lead  rotate=-0.07
[进度] 20,447,232/100,000,000 (20.4%)  FPS≈1470  阶段=stage2_linear  速度=1.00  直行间隔=180  aim=0.100/lead  rotate=-0.07
[进度] 20,463,616/100,000,000 (20.5%)  FPS≈1490  阶段=stage2_linear  速度=1.00  直行间隔=180  aim=0.100/lead  rotate=-0.07
[进度] 20,480,000/100,000,000 (20.5%)  FPS≈1616  阶段=stage2_linear  速度=1.00  直行间隔=180  aim=0.100/lead  rotate=-0.07
[进度] 20,496,384/100,000,000 (20.5%)  FPS≈1396  阶段=stage2_linear  速度=1.00  直行间隔=180  aim=0.100/lead  rotate=-0.07
[进度] 20,512,768/100,000,000 (20.5%)  FPS≈1367  阶段=stage2_linear  速度=1.00  直行间隔=180  aim=0.100/lead  rotate=-0.07
[进度] 20,529,152/100,000,000 (20.5%)  FPS≈1458  阶段=stage2_linear  速度=1.00  直行间隔=180  aim=0.100/lead  rotate=-0.07
[存盘] 课程元数据 model_t20529152_stage1_stage2_linear.curriculum.json  stage=stage2_linear  bot=linear v=1.00
[存盘] runs/curriculum_aim/20260922_225205/checkpoints/model_t20529152_stage1_stage2_linear.zip
[评测] 开始（100 局）…
  [评测进度] 10/100  kill(命中/开火)=0.444  direct(直击/开火)=0.000  弹数=9
  [评测进度] 20/100  kill(命中/开火)=0.588  direct(直击/开火)=0.059  弹数=17
  [评测进度] 30/100  kill(命中/开火)=0.480  direct(直击/开火)=0.080  弹数=25
  [评测进度] 40/100  kill(命中/开火)=0.419  direct(直击/开火)=0.065  弹数=31
  [评测进度] 50/100  kill(命中/开火)=0.417  direct(直击/开火)=0.056  弹数=36
  [评测进度] 60/100  kill(命中/开火)=0.395  direct(直击/开火)=0.070  弹数=43
  [评测进度] 70/100  kill(命中/开火)=0.373  direct(直击/开火)=0.059  弹数=51
  [评测进度] 80/100  kill(命中/开火)=0.383  direct(直击/开火)=0.100  弹数=60
  [评测进度] 90/100  kill(命中/开火)=0.373  direct(直击/开火)=0.090  弹数=67
  [评测进度] 100/100  kill(命中/开火)=0.370  direct(直击/开火)=0.082  弹数=73
------------------------------------------------------------
[评测] 阶段=stage2_linear  局数=100
  kill_rate(命中/开火) = 0.370  hit_rate(直击/开火) = 0.082  中位TTK = 600
  TTK口径     : 首直击步数；无直击=该局结束步数（评测步限封顶）
  晋级条件 直击/开火 hit_rate≥0.06  当前=0.082  → 指标达标
  附加门槛 : 需对手速度≥1.00（当前=1.00）
  转向阶梯中 : phase=3  rotate=-0.07  （此期间不晋级下一阶段，只按 hit_rate 下调转向）
  未晋级阶段：转向阶梯进行中（属预期）
------------------------------------------------------------
[进度] 20,545,536/100,000,000 (20.5%)  FPS≈1437  阶段=stage2_linear  速度=1.00  直行间隔=180  aim=0.100/lead  rotate=-0.07
[进度] 20,561,920/100,000,000 (20.6%)  FPS≈1372  阶段=stage2_linear  速度=1.00  直行间隔=180  aim=0.100/lead  rotate=-0.07
[进度] 20,578,304/100,000,000 (20.6%)  FPS≈1524  阶段=stage2_linear  速度=1.00  直行间隔=180  aim=0.100/lead  rotate=-0.07
[进度] 20,594,688/100,000,000 (20.6%)  FPS≈1562  阶段=stage2_linear  速度=1.00  直行间隔=180  aim=0.100/lead  rotate=-0.07
[进度] 20,611,072/100,000,000 (20.6%)  FPS≈1417  阶段=stage2_linear  速度=1.00  直行间隔=180  aim=0.100/lead  rotate=-0.07
[进度] 20,627,456/100,000,000 (20.6%)  FPS≈1547  阶段=stage2_linear  速度=1.00  直行间隔=180  aim=0.100/lead  rotate=-0.07
[进度] 20,643,840/100,000,000 (20.6%)  FPS≈1330  阶段=stage2_linear  速度=1.00  直行间隔=180  aim=0.100/lead  rotate=-0.07
[存盘] 课程元数据 model_t20643840_stage1_stage2_linear.curriculum.json  stage=stage2_linear  bot=linear v=1.00
[存盘] runs/curriculum_aim/20260922_225205/checkpoints/model_t20643840_stage1_stage2_linear.zip
[评测] 开始（100 局）…
  [评测进度] 10/100  kill(命中/开火)=0.600  direct(直击/开火)=0.000  弹数=5
  [评测进度] 20/100  kill(命中/开火)=0.286  direct(直击/开火)=0.000  弹数=14
  [评测进度] 30/100  kill(命中/开火)=0.348  direct(直击/开火)=0.043  弹数=23
  [评测进度] 40/100  kill(命中/开火)=0.367  direct(直击/开火)=0.033  弹数=30
  [评测进度] 50/100  kill(命中/开火)=0.378  direct(直击/开火)=0.027  弹数=37
  [评测进度] 60/100  kill(命中/开火)=0.364  direct(直击/开火)=0.023  弹数=44
  [评测进度] 70/100  kill(命中/开火)=0.373  direct(直击/开火)=0.020  弹数=51
  [评测进度] 80/100  kill(命中/开火)=0.382  direct(直击/开火)=0.018  弹数=55
  [评测进度] 90/100  kill(命中/开火)=0.407  direct(直击/开火)=0.017  弹数=59
  [评测进度] 100/100  kill(命中/开火)=0.403  direct(直击/开火)=0.030  弹数=67
------------------------------------------------------------
[评测] 阶段=stage2_linear  局数=100
  kill_rate(命中/开火) = 0.403  hit_rate(直击/开火) = 0.030  中位TTK = 600
  TTK口径     : 首直击步数；无直击=该局结束步数（评测步限封顶）
  晋级条件 直击/开火 hit_rate≥0.06  当前=0.030  → 指标未达标
  附加门槛 : 需对手速度≥1.00（当前=1.00）
  转向阶梯中 : phase=3  rotate=-0.07  （此期间不晋级下一阶段，只按 hit_rate 下调转向）
  未晋级阶段：转向阶梯进行中（属预期）
------------------------------------------------------------
[进度] 20,660,224/100,000,000 (20.7%)  FPS≈1510  阶段=stage2_linear  速度=1.00  直行间隔=180  aim=0.100/lead  rotate=-0.07
[进度] 20,676,608/100,000,000 (20.7%)  FPS≈1424  阶段=stage2_linear  速度=1.00  直行间隔=180  aim=0.100/lead  rotate=-0.07
[进度] 20,692,992/100,000,000 (20.7%)  FPS≈1303  阶段=stage2_linear  速度=1.00  直行间隔=180  aim=0.100/lead  rotate=-0.07
[进度] 20,709,376/100,000,000 (20.7%)  FPS≈1418  阶段=stage2_linear  速度=1.00  直行间隔=180  aim=0.100/lead  rotate=-0.07
[进度] 20,725,760/100,000,000 (20.7%)  FPS≈1385  阶段=stage2_linear  速度=1.00  直行间隔=180  aim=0.100/lead  rotate=-0.07
[进度] 20,742,144/100,000,000 (20.7%)  FPS≈1478  阶段=stage2_linear  速度=1.00  直行间隔=180  aim=0.100/lead  rotate=-0.07
[进度] 20,758,528/100,000,000 (20.8%)  FPS≈1390  阶段=stage2_linear  速度=1.00  直行间隔=180  aim=0.100/lead  rotate=-0.07
[存盘] 课程元数据 model_t20758528_stage1_stage2_linear.curriculum.json  stage=stage2_linear  bot=linear v=1.00
[存盘] runs/curriculum_aim/20260922_225205/checkpoints/model_t20758528_stage1_stage2_linear.zip
[评测] 开始（100 局）…
  [评测进度] 10/100  kill(命中/开火)=0.714  direct(直击/开火)=0.000  弹数=7
  [评测进度] 20/100  kill(命中/开火)=0.500  direct(直击/开火)=0.071  弹数=14
  [评测进度] 30/100  kill(命中/开火)=0.409  direct(直击/开火)=0.091  弹数=22
  [评测进度] 40/100  kill(命中/开火)=0.355  direct(直击/开火)=0.097  弹数=31
  [评测进度] 50/100  kill(命中/开火)=0.342  direct(直击/开火)=0.079  弹数=38
  [评测进度] 60/100  kill(命中/开火)=0.400  direct(直击/开火)=0.089  弹数=45
  [评测进度] 70/100  kill(命中/开火)=0.358  direct(直击/开火)=0.075  弹数=53
  [评测进度] 80/100  kill(命中/开火)=0.349  direct(直击/开火)=0.063  弹数=63
  [评测进度] 90/100  kill(命中/开火)=0.324  direct(直击/开火)=0.059  弹数=68
  [评测进度] 100/100  kill(命中/开火)=0.333  direct(直击/开火)=0.056  弹数=72
------------------------------------------------------------
[评测] 阶段=stage2_linear  局数=100
  kill_rate(命中/开火) = 0.333  hit_rate(直击/开火) = 0.056  中位TTK = 600
  TTK口径     : 首直击步数；无直击=该局结束步数（评测步限封顶）
  晋级条件 直击/开火 hit_rate≥0.06  当前=0.056  → 指标未达标
  附加门槛 : 需对手速度≥1.00（当前=1.00）
  转向阶梯中 : phase=3  rotate=-0.07  （此期间不晋级下一阶段，只按 hit_rate 下调转向）
  未晋级阶段：转向阶梯进行中（属预期）
------------------------------------------------------------
[进度] 20,774,912/100,000,000 (20.8%)  FPS≈1422  阶段=stage2_linear  速度=1.00  直行间隔=180  aim=0.100/lead  rotate=-0.07
[进度] 20,791,296/100,000,000 (20.8%)  FPS≈1378  阶段=stage2_linear  速度=1.00  直行间隔=180  aim=0.100/lead  rotate=-0.07
[进度] 20,807,680/100,000,000 (20.8%)  FPS≈1537  阶段=stage2_linear  速度=1.00  直行间隔=180  aim=0.100/lead  rotate=-0.07
[进度] 20,824,064/100,000,000 (20.8%)  FPS≈1426  阶段=stage2_linear  速度=1.00  直行间隔=180  aim=0.100/lead  rotate=-0.07
[进度] 20,840,448/100,000,000 (20.8%)  FPS≈1325  阶段=stage2_linear  速度=1.00  直行间隔=180  aim=0.100/lead  rotate=-0.07
[进度] 20,856,832/100,000,000 (20.9%)  FPS≈1512  阶段=stage2_linear  速度=1.00  直行间隔=180  aim=0.100/lead  rotate=-0.07
[进度] 20,873,216/100,000,000 (20.9%)  FPS≈1322  阶段=stage2_linear  速度=1.00  直行间隔=180  aim=0.100/lead  rotate=-0.07
[存盘] 课程元数据 model_t20873216_stage1_stage2_linear.curriculum.json  stage=stage2_linear  bot=linear v=1.00
[存盘] runs/curriculum_aim/20260922_225205/checkpoints/model_t20873216_stage1_stage2_linear.zip
[评测] 开始（100 局）…
  [评测进度] 10/100  kill(命中/开火)=0.167  direct(直击/开火)=0.167  弹数=6
  [评测进度] 20/100  kill(命中/开火)=0.200  direct(直击/开火)=0.100  弹数=10
  [评测进度] 30/100  kill(命中/开火)=0.333  direct(直击/开火)=0.067  弹数=15
  [评测进度] 40/100  kill(命中/开火)=0.259  direct(直击/开火)=0.037  弹数=27
  [评测进度] 50/100  kill(命中/开火)=0.258  direct(直击/开火)=0.032  弹数=31
  [评测进度] 60/100  kill(命中/开火)=0.289  direct(直击/开火)=0.026  弹数=38
  [评测进度] 70/100  kill(命中/开火)=0.326  direct(直击/开火)=0.070  弹数=43
  [评测进度] 80/100  kill(命中/开火)=0.348  direct(直击/开火)=0.065  弹数=46
  [评测进度] 90/100  kill(命中/开火)=0.321  direct(直击/开火)=0.057  弹数=53
  [评测进度] 100/100  kill(命中/开火)=0.317  direct(直击/开火)=0.050  弹数=60
------------------------------------------------------------
[评测] 阶段=stage2_linear  局数=100
  kill_rate(命中/开火) = 0.317  hit_rate(直击/开火) = 0.050  中位TTK = 600
  TTK口径     : 首直击步数；无直击=该局结束步数（评测步限封顶）
  晋级条件 直击/开火 hit_rate≥0.06  当前=0.050  → 指标未达标
  附加门槛 : 需对手速度≥1.00（当前=1.00）
  转向阶梯中 : phase=3  rotate=-0.07  （此期间不晋级下一阶段，只按 hit_rate 下调转向）
  未晋级阶段：转向阶梯进行中（属预期）
------------------------------------------------------------
[进度] 20,889,600/100,000,000 (20.9%)  FPS≈1580  阶段=stage2_linear  速度=1.00  直行间隔=180  aim=0.100/lead  rotate=-0.07
[进度] 20,905,984/100,000,000 (20.9%)  FPS≈1543  阶段=stage2_linear  速度=1.00  直行间隔=180  aim=0.100/lead  rotate=-0.07
[进度] 20,922,368/100,000,000 (20.9%)  FPS≈1411  阶段=stage2_linear  速度=1.00  直行间隔=180  aim=0.100/lead  rotate=-0.07
[进度] 20,938,752/100,000,000 (20.9%)  FPS≈1262  阶段=stage2_linear  速度=1.00  直行间隔=180  aim=0.100/lead  rotate=-0.07
[进度] 20,955,136/100,000,000 (21.0%)  FPS≈1400  阶段=stage2_linear  速度=1.00  直行间隔=180  aim=0.100/lead  rotate=-0.07
[进度] 20,971,520/100,000,000 (21.0%)  FPS≈1273  阶段=stage2_linear  速度=1.00  直行间隔=180  aim=0.100/lead  rotate=-0.07
[进度] 20,987,904/100,000,000 (21.0%)  FPS≈1387  阶段=stage2_linear  速度=1.00  直行间隔=180  aim=0.100/lead  rotate=-0.07
[存盘] 课程元数据 model_t20987904_stage1_stage2_linear.curriculum.json  stage=stage2_linear  bot=linear v=1.00
[存盘] runs/curriculum_aim/20260922_225205/checkpoints/model_t20987904_stage1_stage2_linear.zip
[评测] 开始（100 局）…
  [评测进度] 10/100  kill(命中/开火)=0.400  direct(直击/开火)=0.000  弹数=10
  [评测进度] 20/100  kill(命中/开火)=0.312  direct(直击/开火)=0.062  弹数=16
  [评测进度] 30/100  kill(命中/开火)=0.261  direct(直击/开火)=0.087  弹数=23
  [评测进度] 40/100  kill(命中/开火)=0.267  direct(直击/开火)=0.067  弹数=30
  [评测进度] 50/100  kill(命中/开火)=0.286  direct(直击/开火)=0.057  弹数=35
  [评测进度] 60/100  kill(命中/开火)=0.275  direct(直击/开火)=0.050  弹数=40
  [评测进度] 70/100  kill(命中/开火)=0.271  direct(直击/开火)=0.042  弹数=48
  [评测进度] 80/100  kill(命中/开火)=0.255  direct(直击/开火)=0.036  弹数=55
  [评测进度] 90/100  kill(命中/开火)=0.254  direct(直击/开火)=0.048  弹数=63
  [评测进度] 100/100  kill(命中/开火)=0.254  direct(直击/开火)=0.042  弹数=71
------------------------------------------------------------
[评测] 阶段=stage2_linear  局数=100
  kill_rate(命中/开火) = 0.254  hit_rate(直击/开火) = 0.042  中位TTK = 600
  TTK口径     : 首直击步数；无直击=该局结束步数（评测步限封顶）
  晋级条件 直击/开火 hit_rate≥0.06  当前=0.042  → 指标未达标
  附加门槛 : 需对手速度≥1.00（当前=1.00）
  转向阶梯中 : phase=3  rotate=-0.07  （此期间不晋级下一阶段，只按 hit_rate 下调转向）
  未晋级阶段：转向阶梯进行中（属预期）
------------------------------------------------------------
[进度] 21,004,288/100,000,000 (21.0%)  FPS≈1448  阶段=stage2_linear  速度=1.00  直行间隔=180  aim=0.100/lead  rotate=-0.07
[进度] 21,020,672/100,000,000 (21.0%)  FPS≈1540  阶段=stage2_linear  速度=1.00  直行间隔=180  aim=0.100/lead  rotate=-0.07
[进度] 21,037,056/100,000,000 (21.0%)  FPS≈1631  阶段=stage2_linear  速度=1.00  直行间隔=180  aim=0.100/lead  rotate=-0.07
[进度] 21,053,440/100,000,000 (21.1%)  FPS≈1378  阶段=stage2_linear  速度=1.00  直行间隔=180  aim=0.100/lead  rotate=-0.07
[进度] 21,069,824/100,000,000 (21.1%)  FPS≈1441  阶段=stage2_linear  速度=1.00  直行间隔=180  aim=0.100/lead  rotate=-0.07
[进度] 21,086,208/100,000,000 (21.1%)  FPS≈1537  阶段=stage2_linear  速度=1.00  直行间隔=180  aim=0.100/lead  rotate=-0.07
[进度] 21,102,592/100,000,000 (21.1%)  FPS≈1383  阶段=stage2_linear  速度=1.00  直行间隔=180  aim=0.100/lead  rotate=-0.07
[存盘] 课程元数据 model_t21102592_stage1_stage2_linear.curriculum.json  stage=stage2_linear  bot=linear v=1.00
[存盘] runs/curriculum_aim/20260922_225205/checkpoints/model_t21102592_stage1_stage2_linear.zip
[评测] 开始（100 局）…
  [评测进度] 10/100  kill(命中/开火)=0.250  direct(直击/开火)=0.000  弹数=8
  [评测进度] 20/100  kill(命中/开火)=0.211  direct(直击/开火)=0.053  弹数=19
  [评测进度] 30/100  kill(命中/开火)=0.250  direct(直击/开火)=0.036  弹数=28
  [评测进度] 40/100  kill(命中/开火)=0.265  direct(直击/开火)=0.029  弹数=34
  [评测进度] 50/100  kill(命中/开火)=0.273  direct(直击/开火)=0.045  弹数=44
  [评测进度] 60/100  kill(命中/开火)=0.288  direct(直击/开火)=0.038  弹数=52
  [评测进度] 70/100  kill(命中/开火)=0.262  direct(直击/开火)=0.049  弹数=61
  [评测进度] 80/100  kill(命中/开火)=0.257  direct(直击/开火)=0.057  弹数=70
  [评测进度] 90/100  kill(命中/开火)=0.272  direct(直击/开火)=0.049  弹数=81
  [评测进度] 100/100  kill(命中/开火)=0.264  direct(直击/开火)=0.046  弹数=87
------------------------------------------------------------
[评测] 阶段=stage2_linear  局数=100
  kill_rate(命中/开火) = 0.264  hit_rate(直击/开火) = 0.046  中位TTK = 600
  TTK口径     : 首直击步数；无直击=该局结束步数（评测步限封顶）
  晋级条件 直击/开火 hit_rate≥0.06  当前=0.046  → 指标未达标
  附加门槛 : 需对手速度≥1.00（当前=1.00）
  转向阶梯中 : phase=3  rotate=-0.07  （此期间不晋级下一阶段，只按 hit_rate 下调转向）
  未晋级阶段：转向阶梯进行中（属预期）
------------------------------------------------------------
[进度] 21,118,976/100,000,000 (21.1%)  FPS≈1609  阶段=stage2_linear  速度=1.00  直行间隔=180  aim=0.100/lead  rotate=-0.07
[进度] 21,135,360/100,000,000 (21.1%)  FPS≈1416  阶段=stage2_linear  速度=1.00  直行间隔=180  aim=0.100/lead  rotate=-0.07
[进度] 21,151,744/100,000,000 (21.2%)  FPS≈1514  阶段=stage2_linear  速度=1.00  直行间隔=180  aim=0.100/lead  rotate=-0.07
[进度] 21,168,128/100,000,000 (21.2%)  FPS≈1480  阶段=stage2_linear  速度=1.00  直行间隔=180  aim=0.100/lead  rotate=-0.07
[进度] 21,184,512/100,000,000 (21.2%)  FPS≈1389  阶段=stage2_linear  速度=1.00  直行间隔=180  aim=0.100/lead  rotate=-0.07
[进度] 21,200,896/100,000,000 (21.2%)  FPS≈1343  阶段=stage2_linear  速度=1.00  直行间隔=180  aim=0.100/lead  rotate=-0.07
[进度] 21,217,280/100,000,000 (21.2%)  FPS≈1435  阶段=stage2_linear  速度=1.00  直行间隔=180  aim=0.100/lead  rotate=-0.07
[存盘] 课程元数据 model_t21217280_stage1_stage2_linear.curriculum.json  stage=stage2_linear  bot=linear v=1.00
[存盘] runs/curriculum_aim/20260922_225205/checkpoints/model_t21217280_stage1_stage2_linear.zip
[评测] 开始（100 局）…
  [评测进度] 10/100  kill(命中/开火)=0.250  direct(直击/开火)=0.000  弹数=4
  [评测进度] 20/100  kill(命中/开火)=0.364  direct(直击/开火)=0.091  弹数=11
  [评测进度] 30/100  kill(命中/开火)=0.412  direct(直击/开火)=0.059  弹数=17
  [评测进度] 40/100  kill(命中/开火)=0.346  direct(直击/开火)=0.038  弹数=26
  [评测进度] 50/100  kill(命中/开火)=0.333  direct(直击/开火)=0.033  弹数=30
  [评测进度] 60/100  kill(命中/开火)=0.421  direct(直击/开火)=0.026  弹数=38
  [评测进度] 70/100  kill(命中/开火)=0.404  direct(直击/开火)=0.021  弹数=47
  [评测进度] 80/100  kill(命中/开火)=0.358  direct(直击/开火)=0.019  弹数=53
  [评测进度] 90/100  kill(命中/开火)=0.362  direct(直击/开火)=0.017  弹数=58
  [评测进度] 100/100  kill(命中/开火)=0.333  direct(直击/开火)=0.015  弹数=66
------------------------------------------------------------
[评测] 阶段=stage2_linear  局数=100
  kill_rate(命中/开火) = 0.333  hit_rate(直击/开火) = 0.015  中位TTK = 600
  TTK口径     : 首直击步数；无直击=该局结束步数（评测步限封顶）
  晋级条件 直击/开火 hit_rate≥0.06  当前=0.015  → 指标未达标
  附加门槛 : 需对手速度≥1.00（当前=1.00）
  转向阶梯中 : phase=3  rotate=-0.07  （此期间不晋级下一阶段，只按 hit_rate 下调转向）
  未晋级阶段：转向阶梯进行中（属预期）
------------------------------------------------------------
[进度] 21,233,664/100,000,000 (21.2%)  FPS≈1494  阶段=stage2_linear  速度=1.00  直行间隔=180  aim=0.100/lead  rotate=-0.07
[进度] 21,250,048/100,000,000 (21.3%)  FPS≈1454  阶段=stage2_linear  速度=1.00  直行间隔=180  aim=0.100/lead  rotate=-0.07
[进度] 21,266,432/100,000,000 (21.3%)  FPS≈1350  阶段=stage2_linear  速度=1.00  直行间隔=180  aim=0.100/lead  rotate=-0.07
[进度] 21,282,816/100,000,000 (21.3%)  FPS≈1536  阶段=stage2_linear  速度=1.00  直行间隔=180  aim=0.100/lead  rotate=-0.07
[进度] 21,299,200/100,000,000 (21.3%)  FPS≈1391  阶段=stage2_linear  速度=1.00  直行间隔=180  aim=0.100/lead  rotate=-0.07
[进度] 21,315,584/100,000,000 (21.3%)  FPS≈1290  阶段=stage2_linear  速度=1.00  直行间隔=180  aim=0.100/lead  rotate=-0.07
[进度] 21,331,968/100,000,000 (21.3%)  FPS≈1313  阶段=stage2_linear  速度=1.00  直行间隔=180  aim=0.100/lead  rotate=-0.07
[存盘] 课程元数据 model_t21331968_stage1_stage2_linear.curriculum.json  stage=stage2_linear  bot=linear v=1.00
[存盘] runs/curriculum_aim/20260922_225205/checkpoints/model_t21331968_stage1_stage2_linear.zip
[评测] 开始（100 局）…
  [评测进度] 10/100  kill(命中/开火)=0.333  direct(直击/开火)=0.000  弹数=6
  [评测进度] 20/100  kill(命中/开火)=0.214  direct(直击/开火)=0.000  弹数=14
  [评测进度] 30/100  kill(命中/开火)=0.222  direct(直击/开火)=0.000  弹数=18
  [评测进度] 40/100  kill(命中/开火)=0.250  direct(直击/开火)=0.000  弹数=24
  [评测进度] 50/100  kill(命中/开火)=0.324  direct(直击/开火)=0.059  弹数=34
  [评测进度] 60/100  kill(命中/开火)=0.302  direct(直击/开火)=0.047  弹数=43
  [评测进度] 70/100  kill(命中/开火)=0.302  direct(直击/开火)=0.057  弹数=53
  [评测进度] 80/100  kill(命中/开火)=0.266  direct(直击/开火)=0.047  弹数=64
  [评测进度] 90/100  kill(命中/开火)=0.271  direct(直击/开火)=0.057  弹数=70
  [评测进度] 100/100  kill(命中/开火)=0.269  direct(直击/开火)=0.077  弹数=78
------------------------------------------------------------
[评测] 阶段=stage2_linear  局数=100
  kill_rate(命中/开火) = 0.269  hit_rate(直击/开火) = 0.077  中位TTK = 600
  TTK口径     : 首直击步数；无直击=该局结束步数（评测步限封顶）
  晋级条件 直击/开火 hit_rate≥0.06  当前=0.077  → 指标达标
  附加门槛 : 需对手速度≥1.00（当前=1.00）
  转向阶梯中 : phase=3  rotate=-0.07  （此期间不晋级下一阶段，只按 hit_rate 下调转向）
  未晋级阶段：转向阶梯进行中（属预期）
------------------------------------------------------------
[进度] 21,348,352/100,000,000 (21.3%)  FPS≈1443  阶段=stage2_linear  速度=1.00  直行间隔=180  aim=0.100/lead  rotate=-0.07
[进度] 21,364,736/100,000,000 (21.4%)  FPS≈1444  阶段=stage2_linear  速度=1.00  直行间隔=180  aim=0.100/lead  rotate=-0.07
[进度] 21,381,120/100,000,000 (21.4%)  FPS≈1619  阶段=stage2_linear  速度=1.00  直行间隔=180  aim=0.100/lead  rotate=-0.07
[进度] 21,397,504/100,000,000 (21.4%)  FPS≈1445  阶段=stage2_linear  速度=1.00  直行间隔=180  aim=0.100/lead  rotate=-0.07
[进度] 21,413,888/100,000,000 (21.4%)  FPS≈1480  阶段=stage2_linear  速度=1.00  直行间隔=180  aim=0.100/lead  rotate=-0.07
[进度] 21,430,272/100,000,000 (21.4%)  FPS≈1385  阶段=stage2_linear  速度=1.00  直行间隔=180  aim=0.100/lead  rotate=-0.07
[进度] 21,446,656/100,000,000 (21.4%)  FPS≈1364  阶段=stage2_linear  速度=1.00  直行间隔=180  aim=0.100/lead  rotate=-0.07
[存盘] 课程元数据 model_t21446656_stage1_stage2_linear.curriculum.json  stage=stage2_linear  bot=linear v=1.00
[存盘] runs/curriculum_aim/20260922_225205/checkpoints/model_t21446656_stage1_stage2_linear.zip
[评测] 开始（100 局）…
  [评测进度] 10/100  kill(命中/开火)=0.400  direct(直击/开火)=0.000  弹数=5
  [评测进度] 20/100  kill(命中/开火)=0.231  direct(直击/开火)=0.000  弹数=13
  [评测进度] 30/100  kill(命中/开火)=0.350  direct(直击/开火)=0.050  弹数=20
  [评测进度] 40/100  kill(命中/开火)=0.280  direct(直击/开火)=0.040  弹数=25
  [评测进度] 50/100  kill(命中/开火)=0.281  direct(直击/开火)=0.031  弹数=32
  [评测进度] 60/100  kill(命中/开火)=0.243  direct(直击/开火)=0.027  弹数=37
  [评测进度] 70/100  kill(命中/开火)=0.196  direct(直击/开火)=0.022  弹数=46
  [评测进度] 80/100  kill(命中/开火)=0.246  direct(直击/开火)=0.070  弹数=57
  [评测进度] 90/100  kill(命中/开火)=0.275  direct(直击/开火)=0.116  弹数=69
  [评测进度] 100/100  kill(命中/开火)=0.276  direct(直击/开火)=0.105  弹数=76
------------------------------------------------------------
[评测] 阶段=stage2_linear  局数=100
  kill_rate(命中/开火) = 0.276  hit_rate(直击/开火) = 0.105  中位TTK = 600
  TTK口径     : 首直击步数；无直击=该局结束步数（评测步限封顶）
  晋级条件 直击/开火 hit_rate≥0.06  当前=0.105  → 指标达标
  附加门槛 : 需对手速度≥1.00（当前=1.00）
  转向阶梯中 : phase=3  rotate=-0.07  （此期间不晋级下一阶段，只按 hit_rate 下调转向）
  未晋级阶段：转向阶梯进行中（属预期）
------------------------------------------------------------
[进度] 21,463,040/100,000,000 (21.5%)  FPS≈1502  阶段=stage2_linear  速度=1.00  直行间隔=180  aim=0.100/lead  rotate=-0.07
[进度] 21,479,424/100,000,000 (21.5%)  FPS≈1394  阶段=stage2_linear  速度=1.00  直行间隔=180  aim=0.100/lead  rotate=-0.07
[进度] 21,495,808/100,000,000 (21.5%)  FPS≈1461  阶段=stage2_linear  速度=1.00  直行间隔=180  aim=0.100/lead  rotate=-0.07
[进度] 21,512,192/100,000,000 (21.5%)  FPS≈1585  阶段=stage2_linear  速度=1.00  直行间隔=180  aim=0.100/lead  rotate=-0.07
[进度] 21,528,576/100,000,000 (21.5%)  FPS≈1548  阶段=stage2_linear  速度=1.00  直行间隔=180  aim=0.100/lead  rotate=-0.07
[进度] 21,544,960/100,000,000 (21.5%)  FPS≈1375  阶段=stage2_linear  速度=1.00  直行间隔=180  aim=0.100/lead  rotate=-0.07
[进度] 21,561,344/100,000,000 (21.6%)  FPS≈1398  阶段=stage2_linear  速度=1.00  直行间隔=180  aim=0.100/lead  rotate=-0.07
[存盘] 课程元数据 model_t21561344_stage1_stage2_linear.curriculum.json  stage=stage2_linear  bot=linear v=1.00
[存盘] runs/curriculum_aim/20260922_225205/checkpoints/model_t21561344_stage1_stage2_linear.zip
[评测] 开始（100 局）…
  [评测进度] 10/100  kill(命中/开火)=0.000  direct(直击/开火)=0.000  弹数=8
  [评测进度] 20/100  kill(命中/开火)=0.176  direct(直击/开火)=0.000  弹数=17
  [评测进度] 30/100  kill(命中/开火)=0.250  direct(直击/开火)=0.000  弹数=28
  [评测进度] 40/100  kill(命中/开火)=0.235  direct(直击/开火)=0.000  弹数=34
  [评测进度] 50/100  kill(命中/开火)=0.270  direct(直击/开火)=0.000  弹数=37
  [评测进度] 60/100  kill(命中/开火)=0.289  direct(直击/开火)=0.022  弹数=45
  [评测进度] 70/100  kill(命中/开火)=0.314  direct(直击/开火)=0.020  弹数=51
  [评测进度] 80/100  kill(命中/开火)=0.327  direct(直击/开火)=0.036  弹数=55
  [评测进度] 90/100  kill(命中/开火)=0.361  direct(直击/开火)=0.049  弹数=61
  [评测进度] 100/100  kill(命中/开火)=0.353  direct(直击/开火)=0.059  弹数=68
------------------------------------------------------------
[评测] 阶段=stage2_linear  局数=100
  kill_rate(命中/开火) = 0.353  hit_rate(直击/开火) = 0.059  中位TTK = 600
  TTK口径     : 首直击步数；无直击=该局结束步数（评测步限封顶）
  晋级条件 直击/开火 hit_rate≥0.06  当前=0.059  → 指标未达标
  附加门槛 : 需对手速度≥1.00（当前=1.00）
  转向阶梯中 : phase=3  rotate=-0.07  （此期间不晋级下一阶段，只按 hit_rate 下调转向）
  未晋级阶段：转向阶梯进行中（属预期）
------------------------------------------------------------
[进度] 21,577,728/100,000,000 (21.6%)  FPS≈1407  阶段=stage2_linear  速度=1.00  直行间隔=180  aim=0.100/lead  rotate=-0.07
[进度] 21,594,112/100,000,000 (21.6%)  FPS≈1555  阶段=stage2_linear  速度=1.00  直行间隔=180  aim=0.100/lead  rotate=-0.07
[进度] 21,610,496/100,000,000 (21.6%)  FPS≈1556  阶段=stage2_linear  速度=1.00  直行间隔=180  aim=0.100/lead  rotate=-0.07
[进度] 21,626,880/100,000,000 (21.6%)  FPS≈1334  阶段=stage2_linear  速度=1.00  直行间隔=180  aim=0.100/lead  rotate=-0.07
[进度] 21,643,264/100,000,000 (21.6%)  FPS≈1461  阶段=stage2_linear  速度=1.00  直行间隔=180  aim=0.100/lead  rotate=-0.07
[进度] 21,659,648/100,000,000 (21.7%)  FPS≈1356  阶段=stage2_linear  速度=1.00  直行间隔=180  aim=0.100/lead  rotate=-0.07
[进度] 21,676,032/100,000,000 (21.7%)  FPS≈1445  阶段=stage2_linear  速度=1.00  直行间隔=180  aim=0.100/lead  rotate=-0.07
[存盘] 课程元数据 model_t21676032_stage1_stage2_linear.curriculum.json  stage=stage2_linear  bot=linear v=1.00
[存盘] runs/curriculum_aim/20260922_225205/checkpoints/model_t21676032_stage1_stage2_linear.zip
[评测] 开始（100 局）…
  [评测进度] 10/100  kill(命中/开火)=0.400  direct(直击/开火)=0.067  弹数=15
  [评测进度] 20/100  kill(命中/开火)=0.444  direct(直击/开火)=0.111  弹数=18
  [评测进度] 30/100  kill(命中/开火)=0.375  direct(直击/开火)=0.094  弹数=32
  [评测进度] 40/100  kill(命中/开火)=0.326  direct(直击/开火)=0.093  弹数=43
  [评测进度] 50/100  kill(命中/开火)=0.333  direct(直击/开火)=0.093  弹数=54
  [评测进度] 60/100  kill(命中/开火)=0.328  direct(直击/开火)=0.082  弹数=61
  [评测进度] 70/100  kill(命中/开火)=0.324  direct(直击/开火)=0.099  弹数=71
  [评测进度] 80/100  kill(命中/开火)=0.300  direct(直击/开火)=0.087  弹数=80
  [评测进度] 90/100  kill(命中/开火)=0.319  direct(直击/开火)=0.088  弹数=91
  [评测进度] 100/100  kill(命中/开火)=0.320  direct(直击/开火)=0.090  弹数=100
------------------------------------------------------------
[评测] 阶段=stage2_linear  局数=100
  kill_rate(命中/开火) = 0.320  hit_rate(直击/开火) = 0.090  中位TTK = 600
  TTK口径     : 首直击步数；无直击=该局结束步数（评测步限封顶）
  晋级条件 直击/开火 hit_rate≥0.06  当前=0.090  → 指标达标
  附加门槛 : 需对手速度≥1.00（当前=1.00）
  转向阶梯中 : phase=3  rotate=-0.07  （此期间不晋级下一阶段，只按 hit_rate 下调转向）
  未晋级阶段：转向阶梯进行中（属预期）
------------------------------------------------------------
[进度] 21,692,416/100,000,000 (21.7%)  FPS≈1513  阶段=stage2_linear  速度=1.00  直行间隔=180  aim=0.100/lead  rotate=-0.07
[进度] 21,708,800/100,000,000 (21.7%)  FPS≈1429  阶段=stage2_linear  速度=1.00  直行间隔=180  aim=0.100/lead  rotate=-0.07
[进度] 21,725,184/100,000,000 (21.7%)  FPS≈1542  阶段=stage2_linear  速度=1.00  直行间隔=180  aim=0.100/lead  rotate=-0.07
[进度] 21,741,568/100,000,000 (21.7%)  FPS≈1544  阶段=stage2_linear  速度=1.00  直行间隔=180  aim=0.100/lead  rotate=-0.07
[进度] 21,757,952/100,000,000 (21.8%)  FPS≈1442  阶段=stage2_linear  速度=1.00  直行间隔=180  aim=0.100/lead  rotate=-0.07
[进度] 21,774,336/100,000,000 (21.8%)  FPS≈1427  阶段=stage2_linear  速度=1.00  直行间隔=180  aim=0.100/lead  rotate=-0.07
[进度] 21,790,720/100,000,000 (21.8%)  FPS≈1448  阶段=stage2_linear  速度=1.00  直行间隔=180  aim=0.100/lead  rotate=-0.07
[存盘] 课程元数据 model_t21790720_stage1_stage2_linear.curriculum.json  stage=stage2_linear  bot=linear v=1.00
[存盘] runs/curriculum_aim/20260922_225205/checkpoints/model_t21790720_stage1_stage2_linear.zip
[评测] 开始（100 局）…
  [评测进度] 10/100  kill(命中/开火)=0.429  direct(直击/开火)=0.000  弹数=7
  [评测进度] 20/100  kill(命中/开火)=0.333  direct(直击/开火)=0.000  弹数=18
  [评测进度] 30/100  kill(命中/开火)=0.480  direct(直击/开火)=0.080  弹数=25
  [评测进度] 40/100  kill(命中/开火)=0.441  direct(直击/开火)=0.059  弹数=34
  [评测进度] 50/100  kill(命中/开火)=0.391  direct(直击/开火)=0.043  弹数=46
  [评测进度] 60/100  kill(命中/开火)=0.393  direct(直击/开火)=0.071  弹数=56
  [评测进度] 70/100  kill(命中/开火)=0.365  direct(直击/开火)=0.063  弹数=63
  [评测进度] 80/100  kill(命中/开火)=0.333  direct(直击/开火)=0.067  弹数=75
  [评测进度] 90/100  kill(命中/开火)=0.313  direct(直击/开火)=0.060  弹数=83
  [评测进度] 100/100  kill(命中/开火)=0.300  direct(直击/开火)=0.067  弹数=90
------------------------------------------------------------
[评测] 阶段=stage2_linear  局数=100
  kill_rate(命中/开火) = 0.300  hit_rate(直击/开火) = 0.067  中位TTK = 600
  TTK口径     : 首直击步数；无直击=该局结束步数（评测步限封顶）
  晋级条件 直击/开火 hit_rate≥0.06  当前=0.067  → 指标达标
  附加门槛 : 需对手速度≥1.00（当前=1.00）
  转向阶梯中 : phase=3  rotate=-0.07  （此期间不晋级下一阶段，只按 hit_rate 下调转向）
  未晋级阶段：转向阶梯进行中（属预期）
------------------------------------------------------------
[进度] 21,807,104/100,000,000 (21.8%)  FPS≈1419  阶段=stage2_linear  速度=1.00  直行间隔=180  aim=0.100/lead  rotate=-0.07
[进度] 21,823,488/100,000,000 (21.8%)  FPS≈1548  阶段=stage2_linear  速度=1.00  直行间隔=180  aim=0.100/lead  rotate=-0.07
[进度] 21,839,872/100,000,000 (21.8%)  FPS≈1332  阶段=stage2_linear  速度=1.00  直行间隔=180  aim=0.100/lead  rotate=-0.07
[进度] 21,856,256/100,000,000 (21.9%)  FPS≈1571  阶段=stage2_linear  速度=1.00  直行间隔=180  aim=0.100/lead  rotate=-0.07
[进度] 21,872,640/100,000,000 (21.9%)  FPS≈1463  阶段=stage2_linear  速度=1.00  直行间隔=180  aim=0.100/lead  rotate=-0.07
[进度] 21,889,024/100,000,000 (21.9%)  FPS≈1425  阶段=stage2_linear  速度=1.00  直行间隔=180  aim=0.100/lead  rotate=-0.07
[进度] 21,905,408/100,000,000 (21.9%)  FPS≈1311  阶段=stage2_linear  速度=1.00  直行间隔=180  aim=0.100/lead  rotate=-0.07
[存盘] 课程元数据 model_t21905408_stage1_stage2_linear.curriculum.json  stage=stage2_linear  bot=linear v=1.00
[存盘] runs/curriculum_aim/20260922_225205/checkpoints/model_t21905408_stage1_stage2_linear.zip
[评测] 开始（100 局）…
  [评测进度] 10/100  kill(命中/开火)=0.143  direct(直击/开火)=0.000  弹数=7
  [评测进度] 20/100  kill(命中/开火)=0.353  direct(直击/开火)=0.118  弹数=17
  [评测进度] 30/100  kill(命中/开火)=0.375  direct(直击/开火)=0.083  弹数=24
  [评测进度] 40/100  kill(命中/开火)=0.419  direct(直击/开火)=0.097  弹数=31
  [评测进度] 50/100  kill(命中/开火)=0.421  direct(直击/开火)=0.105  弹数=38
  [评测进度] 60/100  kill(命中/开火)=0.383  direct(直击/开火)=0.085  弹数=47
  [评测进度] 70/100  kill(命中/开火)=0.370  direct(直击/开火)=0.093  弹数=54
  [评测进度] 80/100  kill(命中/开火)=0.364  direct(直击/开火)=0.076  弹数=66
  [评测进度] 90/100  kill(命中/开火)=0.338  direct(直击/开火)=0.065  弹数=77
  [评测进度] 100/100  kill(命中/开火)=0.333  direct(直击/开火)=0.057  弹数=87
------------------------------------------------------------
[评测] 阶段=stage2_linear  局数=100
  kill_rate(命中/开火) = 0.333  hit_rate(直击/开火) = 0.057  中位TTK = 600
  TTK口径     : 首直击步数；无直击=该局结束步数（评测步限封顶）
  晋级条件 直击/开火 hit_rate≥0.06  当前=0.057  → 指标未达标
  附加门槛 : 需对手速度≥1.00（当前=1.00）
  转向阶梯中 : phase=3  rotate=-0.07  （此期间不晋级下一阶段，只按 hit_rate 下调转向）
  未晋级阶段：转向阶梯进行中（属预期）
------------------------------------------------------------
[进度] 21,921,792/100,000,000 (21.9%)  FPS≈1483  阶段=stage2_linear  速度=1.00  直行间隔=180  aim=0.100/lead  rotate=-0.07
[进度] 21,938,176/100,000,000 (21.9%)  FPS≈1296  阶段=stage2_linear  速度=1.00  直行间隔=180  aim=0.100/lead  rotate=-0.07
[进度] 21,954,560/100,000,000 (22.0%)  FPS≈1387  阶段=stage2_linear  速度=1.00  直行间隔=180  aim=0.100/lead  rotate=-0.07
[进度] 21,970,944/100,000,000 (22.0%)  FPS≈1368  阶段=stage2_linear  速度=1.00  直行间隔=180  aim=0.100/lead  rotate=-0.07
[进度] 21,987,328/100,000,000 (22.0%)  FPS≈1526  阶段=stage2_linear  速度=1.00  直行间隔=180  aim=0.100/lead  rotate=-0.07
[进度] 22,003,712/100,000,000 (22.0%)  FPS≈1329  阶段=stage2_linear  速度=1.00  直行间隔=180  aim=0.100/lead  rotate=-0.07
[进度] 22,020,096/100,000,000 (22.0%)  FPS≈1462  阶段=stage2_linear  速度=1.00  直行间隔=180  aim=0.100/lead  rotate=-0.07
[存盘] 课程元数据 model_t22020096_stage1_stage2_linear.curriculum.json  stage=stage2_linear  bot=linear v=1.00
[存盘] runs/curriculum_aim/20260922_225205/checkpoints/model_t22020096_stage1_stage2_linear.zip
[评测] 开始（100 局）…
  [评测进度] 10/100  kill(命中/开火)=0.333  direct(直击/开火)=0.111  弹数=9
  [评测进度] 20/100  kill(命中/开火)=0.269  direct(直击/开火)=0.077  弹数=26
  [评测进度] 30/100  kill(命中/开火)=0.250  direct(直击/开火)=0.083  弹数=36
  [评测进度] 40/100  kill(命中/开火)=0.240  direct(直击/开火)=0.080  弹数=50
  [评测进度] 50/100  kill(命中/开火)=0.246  direct(直击/开火)=0.070  弹数=57
  [评测进度] 60/100  kill(命中/开火)=0.229  direct(直击/开火)=0.057  弹数=70
  [评测进度] 70/100  kill(命中/开火)=0.205  direct(直击/开火)=0.051  弹数=78
  [评测进度] 80/100  kill(命中/开火)=0.200  direct(直击/开火)=0.047  弹数=85
  [评测进度] 90/100  kill(命中/开火)=0.188  direct(直击/开火)=0.050  弹数=101
  [评测进度] 100/100  kill(命中/开火)=0.187  direct(直击/开火)=0.056  弹数=107
------------------------------------------------------------
[评测] 阶段=stage2_linear  局数=100
  kill_rate(命中/开火) = 0.187  hit_rate(直击/开火) = 0.056  中位TTK = 600
  TTK口径     : 首直击步数；无直击=该局结束步数（评测步限封顶）
  晋级条件 直击/开火 hit_rate≥0.06  当前=0.056  → 指标未达标
  附加门槛 : 需对手速度≥1.00（当前=1.00）
  转向阶梯中 : phase=3  rotate=-0.07  （此期间不晋级下一阶段，只按 hit_rate 下调转向）
  未晋级阶段：转向阶梯进行中（属预期）
------------------------------------------------------------
[进度] 22,036,480/100,000,000 (22.0%)  FPS≈1430  阶段=stage2_linear  速度=1.00  直行间隔=180  aim=0.100/lead  rotate=-0.07
[进度] 22,052,864/100,000,000 (22.1%)  FPS≈1425  阶段=stage2_linear  速度=1.00  直行间隔=180  aim=0.100/lead  rotate=-0.07
[进度] 22,069,248/100,000,000 (22.1%)  FPS≈1487  阶段=stage2_linear  速度=1.00  直行间隔=180  aim=0.100/lead  rotate=-0.07
[进度] 22,085,632/100,000,000 (22.1%)  FPS≈1541  阶段=stage2_linear  速度=1.00  直行间隔=180  aim=0.100/lead  rotate=-0.07
[进度] 22,102,016/100,000,000 (22.1%)  FPS≈1485  阶段=stage2_linear  速度=1.00  直行间隔=180  aim=0.100/lead  rotate=-0.07
[进度] 22,118,400/100,000,000 (22.1%)  FPS≈1283  阶段=stage2_linear  速度=1.00  直行间隔=180  aim=0.100/lead  rotate=-0.07
[进度] 22,134,784/100,000,000 (22.1%)  FPS≈1412  阶段=stage2_linear  速度=1.00  直行间隔=180  aim=0.100/lead  rotate=-0.07
[存盘] 课程元数据 model_t22134784_stage1_stage2_linear.curriculum.json  stage=stage2_linear  bot=linear v=1.00
[存盘] runs/curriculum_aim/20260922_225205/checkpoints/model_t22134784_stage1_stage2_linear.zip
[评测] 开始（100 局）…
  [评测进度] 10/100  kill(命中/开火)=0.300  direct(直击/开火)=0.100  弹数=10
  [评测进度] 20/100  kill(命中/开火)=0.333  direct(直击/开火)=0.048  弹数=21
  [评测进度] 30/100  kill(命中/开火)=0.263  direct(直击/开火)=0.026  弹数=38
  [评测进度] 40/100  kill(命中/开火)=0.280  direct(直击/开火)=0.060  弹数=50
  [评测进度] 50/100  kill(命中/开火)=0.312  direct(直击/开火)=0.078  弹数=64
  [评测进度] 60/100  kill(命中/开火)=0.266  direct(直击/开火)=0.063  弹数=79
  [评测进度] 70/100  kill(命中/开火)=0.245  direct(直击/开火)=0.053  弹数=94
  [评测进度] 80/100  kill(命中/开火)=0.252  direct(直击/开火)=0.056  弹数=107
  [评测进度] 90/100  kill(命中/开火)=0.261  direct(直击/开火)=0.061  弹数=115
  [评测进度] 100/100  kill(命中/开火)=0.260  direct(直击/开火)=0.061  弹数=131
------------------------------------------------------------
[评测] 阶段=stage2_linear  局数=100
  kill_rate(命中/开火) = 0.260  hit_rate(直击/开火) = 0.061  中位TTK = 600
  TTK口径     : 首直击步数；无直击=该局结束步数（评测步限封顶）
  晋级条件 直击/开火 hit_rate≥0.06  当前=0.061  → 指标达标
  附加门槛 : 需对手速度≥1.00（当前=1.00）
  转向阶梯中 : phase=3  rotate=-0.07  （此期间不晋级下一阶段，只按 hit_rate 下调转向）
  未晋级阶段：转向阶梯进行中（属预期）
------------------------------------------------------------
[进度] 22,151,168/100,000,000 (22.2%)  FPS≈1523  阶段=stage2_linear  速度=1.00  直行间隔=180  aim=0.100/lead  rotate=-0.07
[进度] 22,167,552/100,000,000 (22.2%)  FPS≈1500  阶段=stage2_linear  速度=1.00  直行间隔=180  aim=0.100/lead  rotate=-0.07
[进度] 22,183,936/100,000,000 (22.2%)  FPS≈1568  阶段=stage2_linear  速度=1.00  直行间隔=180  aim=0.100/lead  rotate=-0.07
[进度] 22,200,320/100,000,000 (22.2%)  FPS≈1422  阶段=stage2_linear  速度=1.00  直行间隔=180  aim=0.100/lead  rotate=-0.07
[进度] 22,216,704/100,000,000 (22.2%)  FPS≈1286  阶段=stage2_linear  速度=1.00  直行间隔=180  aim=0.100/lead  rotate=-0.07
[进度] 22,233,088/100,000,000 (22.2%)  FPS≈1405  阶段=stage2_linear  速度=1.00  直行间隔=180  aim=0.100/lead  rotate=-0.07
[进度] 22,249,472/100,000,000 (22.2%)  FPS≈1462  阶段=stage2_linear  速度=1.00  直行间隔=180  aim=0.100/lead  rotate=-0.07
[存盘] 课程元数据 model_t22249472_stage1_stage2_linear.curriculum.json  stage=stage2_linear  bot=linear v=1.00
[存盘] runs/curriculum_aim/20260922_225205/checkpoints/model_t22249472_stage1_stage2_linear.zip
[评测] 开始（100 局）…
  [评测进度] 10/100  kill(命中/开火)=0.312  direct(直击/开火)=0.062  弹数=16
  [评测进度] 20/100  kill(命中/开火)=0.371  direct(直击/开火)=0.029  弹数=35
  [评测进度] 30/100  kill(命中/开火)=0.385  direct(直击/开火)=0.038  弹数=52
  [评测进度] 40/100  kill(命中/开火)=0.354  direct(直击/开火)=0.031  弹数=65
  [评测进度] 50/100  kill(命中/开火)=0.375  direct(直击/开火)=0.050  弹数=80
  [评测进度] 60/100  kill(命中/开火)=0.352  direct(直击/开火)=0.044  弹数=91
  [评测进度] 70/100  kill(命中/开火)=0.327  direct(直击/开火)=0.038  弹数=104
  [评测进度] 80/100  kill(命中/开火)=0.310  direct(直击/开火)=0.043  弹数=116
  [评测进度] 90/100  kill(命中/开火)=0.308  direct(直击/开火)=0.054  弹数=130
  [评测进度] 100/100  kill(命中/开火)=0.290  direct(直击/开火)=0.055  弹数=145
------------------------------------------------------------
[评测] 阶段=stage2_linear  局数=100
  kill_rate(命中/开火) = 0.290  hit_rate(直击/开火) = 0.055  中位TTK = 600
  TTK口径     : 首直击步数；无直击=该局结束步数（评测步限封顶）
  晋级条件 直击/开火 hit_rate≥0.06  当前=0.055  → 指标未达标
  附加门槛 : 需对手速度≥1.00（当前=1.00）
  转向阶梯中 : phase=3  rotate=-0.07  （此期间不晋级下一阶段，只按 hit_rate 下调转向）
  未晋级阶段：转向阶梯进行中（属预期）
------------------------------------------------------------
[进度] 22,265,856/100,000,000 (22.3%)  FPS≈1605  阶段=stage2_linear  速度=1.00  直行间隔=180  aim=0.100/lead  rotate=-0.07
[进度] 22,282,240/100,000,000 (22.3%)  FPS≈1381  阶段=stage2_linear  速度=1.00  直行间隔=180  aim=0.100/lead  rotate=-0.07
[进度] 22,298,624/100,000,000 (22.3%)  FPS≈1470  阶段=stage2_linear  速度=1.00  直行间隔=180  aim=0.100/lead  rotate=-0.07
[进度] 22,315,008/100,000,000 (22.3%)  FPS≈1389  阶段=stage2_linear  速度=1.00  直行间隔=180  aim=0.100/lead  rotate=-0.07
[进度] 22,331,392/100,000,000 (22.3%)  FPS≈1435  阶段=stage2_linear  速度=1.00  直行间隔=180  aim=0.100/lead  rotate=-0.07
[进度] 22,347,776/100,000,000 (22.3%)  FPS≈1611  阶段=stage2_linear  速度=1.00  直行间隔=180  aim=0.100/lead  rotate=-0.07
[进度] 22,364,160/100,000,000 (22.4%)  FPS≈1366  阶段=stage2_linear  速度=1.00  直行间隔=180  aim=0.100/lead  rotate=-0.07
[存盘] 课程元数据 model_t22364160_stage1_stage2_linear.curriculum.json  stage=stage2_linear  bot=linear v=1.00
[存盘] runs/curriculum_aim/20260922_225205/checkpoints/model_t22364160_stage1_stage2_linear.zip
[评测] 开始（100 局）…
  [评测进度] 10/100  kill(命中/开火)=0.375  direct(直击/开火)=0.062  弹数=16
  [评测进度] 20/100  kill(命中/开火)=0.345  direct(直击/开火)=0.034  弹数=29
  [评测进度] 30/100  kill(命中/开火)=0.295  direct(直击/开火)=0.045  弹数=44
  [评测进度] 40/100  kill(命中/开火)=0.276  direct(直击/开火)=0.034  弹数=58
  [评测进度] 50/100  kill(命中/开火)=0.270  direct(直击/开火)=0.041  弹数=74
  [评测进度] 60/100  kill(命中/开火)=0.271  direct(直击/开火)=0.035  弹数=85
  [评测进度] 70/100  kill(命中/开火)=0.290  direct(直击/开火)=0.040  弹数=100
  [评测进度] 80/100  kill(命中/开火)=0.277  direct(直击/开火)=0.036  弹数=112
  [评测进度] 90/100  kill(命中/开火)=0.279  direct(直击/开火)=0.033  弹数=122
  [评测进度] 100/100  kill(命中/开火)=0.295  direct(直击/开火)=0.043  弹数=139
------------------------------------------------------------
[评测] 阶段=stage2_linear  局数=100
  kill_rate(命中/开火) = 0.295  hit_rate(直击/开火) = 0.043  中位TTK = 600
  TTK口径     : 首直击步数；无直击=该局结束步数（评测步限封顶）
  晋级条件 直击/开火 hit_rate≥0.06  当前=0.043  → 指标未达标
  附加门槛 : 需对手速度≥1.00（当前=1.00）
  转向阶梯中 : phase=3  rotate=-0.07  （此期间不晋级下一阶段，只按 hit_rate 下调转向）
  未晋级阶段：转向阶梯进行中（属预期）
------------------------------------------------------------
[进度] 22,380,544/100,000,000 (22.4%)  FPS≈1484  阶段=stage2_linear  速度=1.00  直行间隔=180  aim=0.100/lead  rotate=-0.07
[进度] 22,396,928/100,000,000 (22.4%)  FPS≈1523  阶段=stage2_linear  速度=1.00  直行间隔=180  aim=0.100/lead  rotate=-0.07
[进度] 22,413,312/100,000,000 (22.4%)  FPS≈1386  阶段=stage2_linear  速度=1.00  直行间隔=180  aim=0.100/lead  rotate=-0.07
[进度] 22,429,696/100,000,000 (22.4%)  FPS≈1448  阶段=stage2_linear  速度=1.00  直行间隔=180  aim=0.100/lead  rotate=-0.07
[进度] 22,446,080/100,000,000 (22.4%)  FPS≈1379  阶段=stage2_linear  速度=1.00  直行间隔=180  aim=0.100/lead  rotate=-0.07
[进度] 22,462,464/100,000,000 (22.5%)  FPS≈1474  阶段=stage2_linear  速度=1.00  直行间隔=180  aim=0.100/lead  rotate=-0.07
[进度] 22,478,848/100,000,000 (22.5%)  FPS≈1302  阶段=stage2_linear  速度=1.00  直行间隔=180  aim=0.100/lead  rotate=-0.07
[存盘] 课程元数据 model_t22478848_stage1_stage2_linear.curriculum.json  stage=stage2_linear  bot=linear v=1.00
[存盘] runs/curriculum_aim/20260922_225205/checkpoints/model_t22478848_stage1_stage2_linear.zip
[评测] 开始（100 局）…
  [评测进度] 10/100  kill(命中/开火)=0.312  direct(直击/开火)=0.000  弹数=16
  [评测进度] 20/100  kill(命中/开火)=0.323  direct(直击/开火)=0.000  弹数=31
  [评测进度] 30/100  kill(命中/开火)=0.267  direct(直击/开火)=0.000  弹数=45
  [评测进度] 40/100  kill(命中/开火)=0.234  direct(直击/开火)=0.016  弹数=64
  [评测进度] 50/100  kill(命中/开火)=0.244  direct(直击/开火)=0.024  弹数=82
  [评测进度] 60/100  kill(命中/开火)=0.228  direct(直击/开火)=0.022  弹数=92
  [评测进度] 70/100  kill(命中/开火)=0.226  direct(直击/开火)=0.019  弹数=106
  [评测进度] 80/100  kill(命中/开火)=0.221  direct(直击/开火)=0.025  弹数=122
  [评测进度] 90/100  kill(命中/开火)=0.226  direct(直击/开火)=0.044  弹数=137
  [评测进度] 100/100  kill(命中/开火)=0.228  direct(直击/开火)=0.040  弹数=149
------------------------------------------------------------
[评测] 阶段=stage2_linear  局数=100
  kill_rate(命中/开火) = 0.228  hit_rate(直击/开火) = 0.040  中位TTK = 600
  TTK口径     : 首直击步数；无直击=该局结束步数（评测步限封顶）
  晋级条件 直击/开火 hit_rate≥0.06  当前=0.040  → 指标未达标
  附加门槛 : 需对手速度≥1.00（当前=1.00）
  转向阶梯中 : phase=3  rotate=-0.07  （此期间不晋级下一阶段，只按 hit_rate 下调转向）
  未晋级阶段：转向阶梯进行中（属预期）
------------------------------------------------------------
[进度] 22,495,232/100,000,000 (22.5%)  FPS≈1328  阶段=stage2_linear  速度=1.00  直行间隔=180  aim=0.100/lead  rotate=-0.07
[进度] 22,511,616/100,000,000 (22.5%)  FPS≈1334  阶段=stage2_linear  速度=1.00  直行间隔=180  aim=0.100/lead  rotate=-0.07
[进度] 22,528,000/100,000,000 (22.5%)  FPS≈1571  阶段=stage2_linear  速度=1.00  直行间隔=180  aim=0.100/lead  rotate=-0.07
[进度] 22,544,384/100,000,000 (22.5%)  FPS≈1573  阶段=stage2_linear  速度=1.00  直行间隔=180  aim=0.100/lead  rotate=-0.07
[进度] 22,560,768/100,000,000 (22.6%)  FPS≈1338  阶段=stage2_linear  速度=1.00  直行间隔=180  aim=0.100/lead  rotate=-0.07
[进度] 22,577,152/100,000,000 (22.6%)  FPS≈1480  阶段=stage2_linear  速度=1.00  直行间隔=180  aim=0.100/lead  rotate=-0.07
[进度] 22,593,536/100,000,000 (22.6%)  FPS≈1376  阶段=stage2_linear  速度=1.00  直行间隔=180  aim=0.100/lead  rotate=-0.07
[存盘] 课程元数据 model_t22593536_stage1_stage2_linear.curriculum.json  stage=stage2_linear  bot=linear v=1.00
[存盘] runs/curriculum_aim/20260922_225205/checkpoints/model_t22593536_stage1_stage2_linear.zip
[评测] 开始（100 局）…
  [评测进度] 10/100  kill(命中/开火)=0.286  direct(直击/开火)=0.000  弹数=7
  [评测进度] 20/100  kill(命中/开火)=0.250  direct(直击/开火)=0.000  弹数=24
  [评测进度] 30/100  kill(命中/开火)=0.278  direct(直击/开火)=0.000  弹数=36
  [评测进度] 40/100  kill(命中/开火)=0.259  direct(直击/开火)=0.037  弹数=54
  [评测进度] 50/100  kill(命中/开火)=0.239  direct(直击/开火)=0.042  弹数=71
  [评测进度] 60/100  kill(命中/开火)=0.233  direct(直击/开火)=0.047  弹数=86
  [评测进度] 70/100  kill(命中/开火)=0.242  direct(直击/开火)=0.040  弹数=99
  [评测进度] 80/100  kill(命中/开火)=0.230  direct(直击/开火)=0.044  弹数=113
  [评测进度] 90/100  kill(命中/开火)=0.262  direct(直击/开火)=0.063  弹数=126
  [评测进度] 100/100  kill(命中/开火)=0.245  direct(直击/开火)=0.058  弹数=139
------------------------------------------------------------
[评测] 阶段=stage2_linear  局数=100
  kill_rate(命中/开火) = 0.245  hit_rate(直击/开火) = 0.058  中位TTK = 600
  TTK口径     : 首直击步数；无直击=该局结束步数（评测步限封顶）
  晋级条件 直击/开火 hit_rate≥0.06  当前=0.058  → 指标未达标
  附加门槛 : 需对手速度≥1.00（当前=1.00）
  转向阶梯中 : phase=3  rotate=-0.07  （此期间不晋级下一阶段，只按 hit_rate 下调转向）
  未晋级阶段：转向阶梯进行中（属预期）
------------------------------------------------------------
[进度] 22,609,920/100,000,000 (22.6%)  FPS≈1422  阶段=stage2_linear  速度=1.00  直行间隔=180  aim=0.100/lead  rotate=-0.07
[进度] 22,626,304/100,000,000 (22.6%)  FPS≈1491  阶段=stage2_linear  速度=1.00  直行间隔=180  aim=0.100/lead  rotate=-0.07
[进度] 22,642,688/100,000,000 (22.6%)  FPS≈1341  阶段=stage2_linear  速度=1.00  直行间隔=180  aim=0.100/lead  rotate=-0.07
[进度] 22,659,072/100,000,000 (22.7%)  FPS≈1512  阶段=stage2_linear  速度=1.00  直行间隔=180  aim=0.100/lead  rotate=-0.07
[进度] 22,675,456/100,000,000 (22.7%)  FPS≈1436  阶段=stage2_linear  速度=1.00  直行间隔=180  aim=0.100/lead  rotate=-0.07
[进度] 22,691,840/100,000,000 (22.7%)  FPS≈1220  阶段=stage2_linear  速度=1.00  直行间隔=180  aim=0.100/lead  rotate=-0.07
[进度] 22,708,224/100,000,000 (22.7%)  FPS≈1415  阶段=stage2_linear  速度=1.00  直行间隔=180  aim=0.100/lead  rotate=-0.07
[存盘] 课程元数据 model_t22708224_stage1_stage2_linear.curriculum.json  stage=stage2_linear  bot=linear v=1.00
[存盘] runs/curriculum_aim/20260922_225205/checkpoints/model_t22708224_stage1_stage2_linear.zip
[评测] 开始（100 局）…
  [评测进度] 10/100  kill(命中/开火)=0.154  direct(直击/开火)=0.000  弹数=13
  [评测进度] 20/100  kill(命中/开火)=0.235  direct(直击/开火)=0.000  弹数=17
  [评测进度] 30/100  kill(命中/开火)=0.258  direct(直击/开火)=0.000  弹数=31
  [评测进度] 40/100  kill(命中/开火)=0.326  direct(直击/开火)=0.047  弹数=43
  [评测进度] 50/100  kill(命中/开火)=0.302  direct(直击/开火)=0.038  弹数=53
  [评测进度] 60/100  kill(命中/开火)=0.292  direct(直击/开火)=0.046  弹数=65
  [评测进度] 70/100  kill(命中/开火)=0.325  direct(直击/开火)=0.052  弹数=77
  [评测进度] 80/100  kill(命中/开火)=0.323  direct(直击/开火)=0.043  弹数=93
  [评测进度] 90/100  kill(命中/开火)=0.320  direct(直击/开火)=0.049  弹数=103
  [评测进度] 100/100  kill(命中/开火)=0.325  direct(直击/开火)=0.061  弹数=114
------------------------------------------------------------
[评测] 阶段=stage2_linear  局数=100
  kill_rate(命中/开火) = 0.325  hit_rate(直击/开火) = 0.061  中位TTK = 600
  TTK口径     : 首直击步数；无直击=该局结束步数（评测步限封顶）
  晋级条件 直击/开火 hit_rate≥0.06  当前=0.061  → 指标达标
  附加门槛 : 需对手速度≥1.00（当前=1.00）
  转向阶梯中 : phase=3  rotate=-0.07  （此期间不晋级下一阶段，只按 hit_rate 下调转向）
  未晋级阶段：转向阶梯进行中（属预期）
------------------------------------------------------------
[进度] 22,724,608/100,000,000 (22.7%)  FPS≈1561  阶段=stage2_linear  速度=1.00  直行间隔=180  aim=0.100/lead  rotate=-0.07
[进度] 22,740,992/100,000,000 (22.7%)  FPS≈1601  阶段=stage2_linear  速度=1.00  直行间隔=180  aim=0.100/lead  rotate=-0.07
[进度] 22,757,376/100,000,000 (22.8%)  FPS≈1478  阶段=stage2_linear  速度=1.00  直行间隔=180  aim=0.100/lead  rotate=-0.07
[进度] 22,773,760/100,000,000 (22.8%)  FPS≈1425  阶段=stage2_linear  速度=1.00  直行间隔=180  aim=0.100/lead  rotate=-0.07
[进度] 22,790,144/100,000,000 (22.8%)  FPS≈1313  阶段=stage2_linear  速度=1.00  直行间隔=180  aim=0.100/lead  rotate=-0.07
[进度] 22,806,528/100,000,000 (22.8%)  FPS≈1502  阶段=stage2_linear  速度=1.00  直行间隔=180  aim=0.100/lead  rotate=-0.07
[进度] 22,822,912/100,000,000 (22.8%)  FPS≈1354  阶段=stage2_linear  速度=1.00  直行间隔=180  aim=0.100/lead  rotate=-0.07
[存盘] 课程元数据 model_t22822912_stage1_stage2_linear.curriculum.json  stage=stage2_linear  bot=linear v=1.00
[存盘] runs/curriculum_aim/20260922_225205/checkpoints/model_t22822912_stage1_stage2_linear.zip
[评测] 开始（100 局）…
  [评测进度] 10/100  kill(命中/开火)=0.375  direct(直击/开火)=0.125  弹数=8
  [评测进度] 20/100  kill(命中/开火)=0.200  direct(直击/开火)=0.067  弹数=15
  [评测进度] 30/100  kill(命中/开火)=0.154  direct(直击/开火)=0.038  弹数=26
  [评测进度] 40/100  kill(命中/开火)=0.188  direct(直击/开火)=0.031  弹数=32
  [评测进度] 50/100  kill(命中/开火)=0.205  direct(直击/开火)=0.026  弹数=39
  [评测进度] 60/100  kill(命中/开火)=0.196  direct(直击/开火)=0.022  弹数=46
  [评测进度] 70/100  kill(命中/开火)=0.179  direct(直击/开火)=0.036  弹数=56
  [评测进度] 80/100  kill(命中/开火)=0.188  direct(直击/开火)=0.031  弹数=64
  [评测进度] 90/100  kill(命中/开火)=0.219  direct(直击/开火)=0.041  弹数=73
  [评测进度] 100/100  kill(命中/开火)=0.213  direct(直击/开火)=0.040  弹数=75
------------------------------------------------------------
[评测] 阶段=stage2_linear  局数=100
  kill_rate(命中/开火) = 0.213  hit_rate(直击/开火) = 0.040  中位TTK = 600
  TTK口径     : 首直击步数；无直击=该局结束步数（评测步限封顶）
  晋级条件 直击/开火 hit_rate≥0.06  当前=0.040  → 指标未达标
  附加门槛 : 需对手速度≥1.00（当前=1.00）
  转向阶梯中 : phase=3  rotate=-0.07  （此期间不晋级下一阶段，只按 hit_rate 下调转向）
  未晋级阶段：转向阶梯进行中（属预期）
------------------------------------------------------------
[进度] 22,839,296/100,000,000 (22.8%)  FPS≈1531  阶段=stage2_linear  速度=1.00  直行间隔=180  aim=0.100/lead  rotate=-0.07
[进度] 22,855,680/100,000,000 (22.9%)  FPS≈1461  阶段=stage2_linear  速度=1.00  直行间隔=180  aim=0.100/lead  rotate=-0.07
[进度] 22,872,064/100,000,000 (22.9%)  FPS≈1545  阶段=stage2_linear  速度=1.00  直行间隔=180  aim=0.100/lead  rotate=-0.07
[进度] 22,888,448/100,000,000 (22.9%)  FPS≈1506  阶段=stage2_linear  速度=1.00  直行间隔=180  aim=0.100/lead  rotate=-0.07
[进度] 22,904,832/100,000,000 (22.9%)  FPS≈1634  阶段=stage2_linear  速度=1.00  直行间隔=180  aim=0.100/lead  rotate=-0.07
[进度] 22,921,216/100,000,000 (22.9%)  FPS≈1622  阶段=stage2_linear  速度=1.00  直行间隔=180  aim=0.100/lead  rotate=-0.07
[进度] 22,937,600/100,000,000 (22.9%)  FPS≈1439  阶段=stage2_linear  速度=1.00  直行间隔=180  aim=0.100/lead  rotate=-0.07
[存盘] 课程元数据 model_t22937600_stage1_stage2_linear.curriculum.json  stage=stage2_linear  bot=linear v=1.00
[存盘] runs/curriculum_aim/20260922_225205/checkpoints/model_t22937600_stage1_stage2_linear.zip
[评测] 开始（100 局）…
  [评测进度] 10/100  kill(命中/开火)=0.167  direct(直击/开火)=0.000  弹数=6
  [评测进度] 20/100  kill(命中/开火)=0.235  direct(直击/开火)=0.059  弹数=17
  [评测进度] 30/100  kill(命中/开火)=0.280  direct(直击/开火)=0.040  弹数=25
  [评测进度] 40/100  kill(命中/开火)=0.290  direct(直击/开火)=0.032  弹数=31
  [评测进度] 50/100  kill(命中/开火)=0.314  direct(直击/开火)=0.029  弹数=35
  [评测进度] 60/100  kill(命中/开火)=0.317  direct(直击/开火)=0.024  弹数=41
  [评测进度] 70/100  kill(命中/开火)=0.327  direct(直击/开火)=0.020  弹数=49
  [评测进度] 80/100  kill(命中/开火)=0.296  direct(直击/开火)=0.019  弹数=54
  [评测进度] 90/100  kill(命中/开火)=0.305  direct(直击/开火)=0.017  弹数=59
  [评测进度] 100/100  kill(命中/开火)=0.302  direct(直击/开火)=0.016  弹数=63
------------------------------------------------------------
[评测] 阶段=stage2_linear  局数=100
  kill_rate(命中/开火) = 0.302  hit_rate(直击/开火) = 0.016  中位TTK = 600
  TTK口径     : 首直击步数；无直击=该局结束步数（评测步限封顶）
  晋级条件 直击/开火 hit_rate≥0.06  当前=0.016  → 指标未达标
  附加门槛 : 需对手速度≥1.00（当前=1.00）
  转向阶梯中 : phase=3  rotate=-0.07  （此期间不晋级下一阶段，只按 hit_rate 下调转向）
  未晋级阶段：转向阶梯进行中（属预期）
------------------------------------------------------------
[进度] 22,953,984/100,000,000 (23.0%)  FPS≈1526  阶段=stage2_linear  速度=1.00  直行间隔=180  aim=0.100/lead  rotate=-0.07
[进度] 22,970,368/100,000,000 (23.0%)  FPS≈1362  阶段=stage2_linear  速度=1.00  直行间隔=180  aim=0.100/lead  rotate=-0.07
[进度] 22,986,752/100,000,000 (23.0%)  FPS≈1494  阶段=stage2_linear  速度=1.00  直行间隔=180  aim=0.100/lead  rotate=-0.07
[进度] 23,003,136/100,000,000 (23.0%)  FPS≈1605  阶段=stage2_linear  速度=1.00  直行间隔=180  aim=0.100/lead  rotate=-0.07
[进度] 23,019,520/100,000,000 (23.0%)  FPS≈1399  阶段=stage2_linear  速度=1.00  直行间隔=180  aim=0.100/lead  rotate=-0.07
[进度] 23,035,904/100,000,000 (23.0%)  FPS≈1347  阶段=stage2_linear  速度=1.00  直行间隔=180  aim=0.100/lead  rotate=-0.07
[进度] 23,052,288/100,000,000 (23.1%)  FPS≈1364  阶段=stage2_linear  速度=1.00  直行间隔=180  aim=0.100/lead  rotate=-0.07
[存盘] 课程元数据 model_t23052288_stage1_stage2_linear.curriculum.json  stage=stage2_linear  bot=linear v=1.00
[存盘] runs/curriculum_aim/20260922_225205/checkpoints/model_t23052288_stage1_stage2_linear.zip
[评测] 开始（100 局）…
  [评测进度] 10/100  kill(命中/开火)=0.429  direct(直击/开火)=0.000  弹数=7
  [评测进度] 20/100  kill(命中/开火)=0.300  direct(直击/开火)=0.050  弹数=20
  [评测进度] 30/100  kill(命中/开火)=0.308  direct(直击/开火)=0.077  弹数=26
  [评测进度] 40/100  kill(命中/开火)=0.273  direct(直击/开火)=0.061  弹数=33
  [评测进度] 50/100  kill(命中/开火)=0.275  direct(直击/开火)=0.050  弹数=40
  [评测进度] 60/100  kill(命中/开火)=0.286  direct(直击/开火)=0.041  弹数=49
  [评测进度] 70/100  kill(命中/开火)=0.276  direct(直击/开火)=0.034  弹数=58
  [评测进度] 80/100  kill(命中/开火)=0.266  direct(直击/开火)=0.031  弹数=64
  [评测进度] 90/100  kill(命中/开火)=0.275  direct(直击/开火)=0.029  弹数=69
  [评测进度] 100/100  kill(命中/开火)=0.280  direct(直击/开火)=0.027  弹数=75
------------------------------------------------------------
[评测] 阶段=stage2_linear  局数=100
  kill_rate(命中/开火) = 0.280  hit_rate(直击/开火) = 0.027  中位TTK = 600
  TTK口径     : 首直击步数；无直击=该局结束步数（评测步限封顶）
  晋级条件 直击/开火 hit_rate≥0.06  当前=0.027  → 指标未达标
  附加门槛 : 需对手速度≥1.00（当前=1.00）
  转向阶梯中 : phase=3  rotate=-0.07  （此期间不晋级下一阶段，只按 hit_rate 下调转向）
  未晋级阶段：转向阶梯进行中（属预期）
------------------------------------------------------------
[进度] 23,068,672/100,000,000 (23.1%)  FPS≈1546  阶段=stage2_linear  速度=1.00  直行间隔=180  aim=0.100/lead  rotate=-0.07
[进度] 23,085,056/100,000,000 (23.1%)  FPS≈1612  阶段=stage2_linear  速度=1.00  直行间隔=180  aim=0.100/lead  rotate=-0.07
[进度] 23,101,440/100,000,000 (23.1%)  FPS≈1370  阶段=stage2_linear  速度=1.00  直行间隔=180  aim=0.100/lead  rotate=-0.07
[进度] 23,117,824/100,000,000 (23.1%)  FPS≈1390  阶段=stage2_linear  速度=1.00  直行间隔=180  aim=0.100/lead  rotate=-0.07
[进度] 23,134,208/100,000,000 (23.1%)  FPS≈1340  阶段=stage2_linear  速度=1.00  直行间隔=180  aim=0.100/lead  rotate=-0.07
[进度] 23,150,592/100,000,000 (23.2%)  FPS≈1558  阶段=stage2_linear  速度=1.00  直行间隔=180  aim=0.100/lead  rotate=-0.07
[进度] 23,166,976/100,000,000 (23.2%)  FPS≈1430  阶段=stage2_linear  速度=1.00  直行间隔=180  aim=0.100/lead  rotate=-0.07
[存盘] 课程元数据 model_t23166976_stage1_stage2_linear.curriculum.json  stage=stage2_linear  bot=linear v=1.00
[存盘] runs/curriculum_aim/20260922_225205/checkpoints/model_t23166976_stage1_stage2_linear.zip
[评测] 开始（100 局）…
  [评测进度] 10/100  kill(命中/开火)=0.200  direct(直击/开火)=0.200  弹数=5
  [评测进度] 20/100  kill(命中/开火)=0.273  direct(直击/开火)=0.091  弹数=11
  [评测进度] 30/100  kill(命中/开火)=0.333  direct(直击/开火)=0.067  弹数=15
  [评测进度] 40/100  kill(命中/开火)=0.222  direct(直击/开火)=0.037  弹数=27
  [评测进度] 50/100  kill(命中/开火)=0.250  direct(直击/开火)=0.031  弹数=32
  [评测进度] 60/100  kill(命中/开火)=0.231  direct(直击/开火)=0.026  弹数=39
  [评测进度] 70/100  kill(命中/开火)=0.222  direct(直击/开火)=0.022  弹数=45
  [评测进度] 80/100  kill(命中/开火)=0.224  direct(直击/开火)=0.020  弹数=49
  [评测进度] 90/100  kill(命中/开火)=0.241  direct(直击/开火)=0.017  弹数=58
  [评测进度] 100/100  kill(命中/开火)=0.262  direct(直击/开火)=0.031  弹数=65
------------------------------------------------------------
[评测] 阶段=stage2_linear  局数=100
  kill_rate(命中/开火) = 0.262  hit_rate(直击/开火) = 0.031  中位TTK = 600
  TTK口径     : 首直击步数；无直击=该局结束步数（评测步限封顶）
  晋级条件 直击/开火 hit_rate≥0.06  当前=0.031  → 指标未达标
  附加门槛 : 需对手速度≥1.00（当前=1.00）
  转向阶梯中 : phase=3  rotate=-0.07  （此期间不晋级下一阶段，只按 hit_rate 下调转向）
  未晋级阶段：转向阶梯进行中（属预期）
------------------------------------------------------------
[进度] 23,183,360/100,000,000 (23.2%)  FPS≈1503  阶段=stage2_linear  速度=1.00  直行间隔=180  aim=0.100/lead  rotate=-0.07
[进度] 23,199,744/100,000,000 (23.2%)  FPS≈1474  阶段=stage2_linear  速度=1.00  直行间隔=180  aim=0.100/lead  rotate=-0.07
[进度] 23,216,128/100,000,000 (23.2%)  FPS≈1567  阶段=stage2_linear  速度=1.00  直行间隔=180  aim=0.100/lead  rotate=-0.07
[进度] 23,232,512/100,000,000 (23.2%)  FPS≈1322  阶段=stage2_linear  速度=1.00  直行间隔=180  aim=0.100/lead  rotate=-0.07
[进度] 23,248,896/100,000,000 (23.2%)  FPS≈1505  阶段=stage2_linear  速度=1.00  直行间隔=180  aim=0.100/lead  rotate=-0.07
[进度] 23,265,280/100,000,000 (23.3%)  FPS≈1223  阶段=stage2_linear  速度=1.00  直行间隔=180  aim=0.100/lead  rotate=-0.07
[进度] 23,281,664/100,000,000 (23.3%)  FPS≈1416  阶段=stage2_linear  速度=1.00  直行间隔=180  aim=0.100/lead  rotate=-0.07
[存盘] 课程元数据 model_t23281664_stage1_stage2_linear.curriculum.json  stage=stage2_linear  bot=linear v=1.00
[存盘] runs/curriculum_aim/20260922_225205/checkpoints/model_t23281664_stage1_stage2_linear.zip
[评测] 开始（100 局）…
  [评测进度] 10/100  kill(命中/开火)=0.250  direct(直击/开火)=0.000  弹数=8
  [评测进度] 20/100  kill(命中/开火)=0.211  direct(直击/开火)=0.053  弹数=19
  [评测进度] 30/100  kill(命中/开火)=0.290  direct(直击/开火)=0.032  弹数=31
  [评测进度] 40/100  kill(命中/开火)=0.278  direct(直击/开火)=0.028  弹数=36
  [评测进度] 50/100  kill(命中/开火)=0.240  direct(直击/开火)=0.020  弹数=50
  [评测进度] 60/100  kill(命中/开火)=0.220  direct(直击/开火)=0.017  弹数=59
  [评测进度] 70/100  kill(命中/开火)=0.239  direct(直击/开火)=0.030  弹数=67
  [评测进度] 80/100  kill(命中/开火)=0.240  direct(直击/开火)=0.027  弹数=75
  [评测进度] 90/100  kill(命中/开火)=0.217  direct(直击/开火)=0.024  弹数=83
  [评测进度] 100/100  kill(命中/开火)=0.233  direct(直击/开火)=0.022  弹数=90
------------------------------------------------------------
[评测] 阶段=stage2_linear  局数=100
  kill_rate(命中/开火) = 0.233  hit_rate(直击/开火) = 0.022  中位TTK = 600
  TTK口径     : 首直击步数；无直击=该局结束步数（评测步限封顶）
  晋级条件 直击/开火 hit_rate≥0.06  当前=0.022  → 指标未达标
  附加门槛 : 需对手速度≥1.00（当前=1.00）
  转向阶梯中 : phase=3  rotate=-0.07  （此期间不晋级下一阶段，只按 hit_rate 下调转向）
  未晋级阶段：转向阶梯进行中（属预期）
------------------------------------------------------------
[进度] 23,298,048/100,000,000 (23.3%)  FPS≈1429  阶段=stage2_linear  速度=1.00  直行间隔=180  aim=0.100/lead  rotate=-0.07
[进度] 23,314,432/100,000,000 (23.3%)  FPS≈1517  阶段=stage2_linear  速度=1.00  直行间隔=180  aim=0.100/lead  rotate=-0.07
[进度] 23,330,816/100,000,000 (23.3%)  FPS≈1412  阶段=stage2_linear  速度=1.00  直行间隔=180  aim=0.100/lead  rotate=-0.07
[进度] 23,347,200/100,000,000 (23.3%)  FPS≈1282  阶段=stage2_linear  速度=1.00  直行间隔=180  aim=0.100/lead  rotate=-0.07
[进度] 23,363,584/100,000,000 (23.4%)  FPS≈1463  阶段=stage2_linear  速度=1.00  直行间隔=180  aim=0.100/lead  rotate=-0.07
[进度] 23,379,968/100,000,000 (23.4%)  FPS≈1432  阶段=stage2_linear  速度=1.00  直行间隔=180  aim=0.100/lead  rotate=-0.07
[进度] 23,396,352/100,000,000 (23.4%)  FPS≈1361  阶段=stage2_linear  速度=1.00  直行间隔=180  aim=0.100/lead  rotate=-0.07
[存盘] 课程元数据 model_t23396352_stage1_stage2_linear.curriculum.json  stage=stage2_linear  bot=linear v=1.00
[存盘] runs/curriculum_aim/20260922_225205/checkpoints/model_t23396352_stage1_stage2_linear.zip
[评测] 开始（100 局）…
  [评测进度] 10/100  kill(命中/开火)=0.100  direct(直击/开火)=0.000  弹数=10
  [评测进度] 20/100  kill(命中/开火)=0.150  direct(直击/开火)=0.100  弹数=20
  [评测进度] 30/100  kill(命中/开火)=0.167  direct(直击/开火)=0.083  弹数=24
  [评测进度] 40/100  kill(命中/开火)=0.194  direct(直击/开火)=0.065  弹数=31
  [评测进度] 50/100  kill(命中/开火)=0.273  direct(直击/开火)=0.068  弹数=44
  [评测进度] 60/100  kill(命中/开火)=0.232  direct(直击/开火)=0.054  弹数=56
  [评测进度] 70/100  kill(命中/开火)=0.246  direct(直击/开火)=0.062  弹数=65
  [评测进度] 80/100  kill(命中/开火)=0.250  direct(直击/开火)=0.053  弹数=76
  [评测进度] 90/100  kill(命中/开火)=0.289  direct(直击/开火)=0.048  弹数=83
  [评测进度] 100/100  kill(命中/开火)=0.275  direct(直击/开火)=0.055  弹数=91
------------------------------------------------------------
[评测] 阶段=stage2_linear  局数=100
  kill_rate(命中/开火) = 0.275  hit_rate(直击/开火) = 0.055  中位TTK = 600
  TTK口径     : 首直击步数；无直击=该局结束步数（评测步限封顶）
  晋级条件 直击/开火 hit_rate≥0.06  当前=0.055  → 指标未达标
  附加门槛 : 需对手速度≥1.00（当前=1.00）
  转向阶梯中 : phase=3  rotate=-0.07  （此期间不晋级下一阶段，只按 hit_rate 下调转向）
  未晋级阶段：转向阶梯进行中（属预期）
------------------------------------------------------------
[进度] 23,412,736/100,000,000 (23.4%)  FPS≈1409  阶段=stage2_linear  速度=1.00  直行间隔=180  aim=0.100/lead  rotate=-0.07
[进度] 23,429,120/100,000,000 (23.4%)  FPS≈1520  阶段=stage2_linear  速度=1.00  直行间隔=180  aim=0.100/lead  rotate=-0.07
[进度] 23,445,504/100,000,000 (23.4%)  FPS≈1545  阶段=stage2_linear  速度=1.00  直行间隔=180  aim=0.100/lead  rotate=-0.07
[进度] 23,461,888/100,000,000 (23.5%)  FPS≈1320  阶段=stage2_linear  速度=1.00  直行间隔=180  aim=0.100/lead  rotate=-0.07
[进度] 23,478,272/100,000,000 (23.5%)  FPS≈1475  阶段=stage2_linear  速度=1.00  直行间隔=180  aim=0.100/lead  rotate=-0.07
[进度] 23,494,656/100,000,000 (23.5%)  FPS≈1346  阶段=stage2_linear  速度=1.00  直行间隔=180  aim=0.100/lead  rotate=-0.07
[进度] 23,511,040/100,000,000 (23.5%)  FPS≈1507  阶段=stage2_linear  速度=1.00  直行间隔=180  aim=0.100/lead  rotate=-0.07
[存盘] 课程元数据 model_t23511040_stage1_stage2_linear.curriculum.json  stage=stage2_linear  bot=linear v=1.00
[存盘] runs/curriculum_aim/20260922_225205/checkpoints/model_t23511040_stage1_stage2_linear.zip
[评测] 开始（100 局）…
  [评测进度] 10/100  kill(命中/开火)=0.111  direct(直击/开火)=0.000  弹数=9
  [评测进度] 20/100  kill(命中/开火)=0.211  direct(直击/开火)=0.000  弹数=19
  [评测进度] 30/100  kill(命中/开火)=0.207  direct(直击/开火)=0.000  弹数=29
  [评测进度] 40/100  kill(命中/开火)=0.212  direct(直击/开火)=0.000  弹数=33
  [评测进度] 50/100  kill(命中/开火)=0.205  direct(直击/开火)=0.000  弹数=39
  [评测进度] 60/100  kill(命中/开火)=0.261  direct(直击/开火)=0.000  弹数=46
  [评测进度] 70/100  kill(命中/开火)=0.296  direct(直击/开火)=0.019  弹数=54
  [评测进度] 80/100  kill(命中/开火)=0.286  direct(直击/开火)=0.016  弹数=63
  [评测进度] 90/100  kill(命中/开火)=0.309  direct(直击/开火)=0.015  弹数=68
  [评测进度] 100/100  kill(命中/开火)=0.286  direct(直击/开火)=0.026  弹数=77
------------------------------------------------------------
[评测] 阶段=stage2_linear  局数=100
  kill_rate(命中/开火) = 0.286  hit_rate(直击/开火) = 0.026  中位TTK = 600
  TTK口径     : 首直击步数；无直击=该局结束步数（评测步限封顶）
  晋级条件 直击/开火 hit_rate≥0.06  当前=0.026  → 指标未达标
  附加门槛 : 需对手速度≥1.00（当前=1.00）
  转向阶梯中 : phase=3  rotate=-0.07  （此期间不晋级下一阶段，只按 hit_rate 下调转向）
  未晋级阶段：转向阶梯进行中（属预期）
------------------------------------------------------------
[进度] 23,527,424/100,000,000 (23.5%)  FPS≈1593  阶段=stage2_linear  速度=1.00  直行间隔=180  aim=0.100/lead  rotate=-0.07
[进度] 23,543,808/100,000,000 (23.5%)  FPS≈1486  阶段=stage2_linear  速度=1.00  直行间隔=180  aim=0.100/lead  rotate=-0.07
[进度] 23,560,192/100,000,000 (23.6%)  FPS≈1460  阶段=stage2_linear  速度=1.00  直行间隔=180  aim=0.100/lead  rotate=-0.07
[进度] 23,576,576/100,000,000 (23.6%)  FPS≈1579  阶段=stage2_linear  速度=1.00  直行间隔=180  aim=0.100/lead  rotate=-0.07
[进度] 23,592,960/100,000,000 (23.6%)  FPS≈1246  阶段=stage2_linear  速度=1.00  直行间隔=180  aim=0.100/lead  rotate=-0.07
[进度] 23,609,344/100,000,000 (23.6%)  FPS≈1361  阶段=stage2_linear  速度=1.00  直行间隔=180  aim=0.100/lead  rotate=-0.07
[进度] 23,625,728/100,000,000 (23.6%)  FPS≈1427  阶段=stage2_linear  速度=1.00  直行间隔=180  aim=0.100/lead  rotate=-0.07
[存盘] 课程元数据 model_t23625728_stage1_stage2_linear.curriculum.json  stage=stage2_linear  bot=linear v=1.00
[存盘] runs/curriculum_aim/20260922_225205/checkpoints/model_t23625728_stage1_stage2_linear.zip
[评测] 开始（100 局）…
  [评测进度] 10/100  kill(命中/开火)=0.364  direct(直击/开火)=0.091  弹数=11
  [评测进度] 20/100  kill(命中/开火)=0.190  direct(直击/开火)=0.048  弹数=21
  [评测进度] 30/100  kill(命中/开火)=0.222  direct(直击/开火)=0.037  弹数=27
  [评测进度] 40/100  kill(命中/开火)=0.211  direct(直击/开火)=0.053  弹数=38
  [评测进度] 50/100  kill(命中/开火)=0.265  direct(直击/开火)=0.061  弹数=49
  [评测进度] 60/100  kill(命中/开火)=0.273  direct(直击/开火)=0.055  弹数=55
  [评测进度] 70/100  kill(命中/开火)=0.270  direct(直击/开火)=0.048  弹数=63
  [评测进度] 80/100  kill(命中/开火)=0.254  direct(直击/开火)=0.042  弹数=71
  [评测进度] 90/100  kill(命中/开火)=0.295  direct(直击/开火)=0.038  弹数=78
  [评测进度] 100/100  kill(命中/开火)=0.298  direct(直击/开火)=0.036  弹数=84
------------------------------------------------------------
[评测] 阶段=stage2_linear  局数=100
  kill_rate(命中/开火) = 0.298  hit_rate(直击/开火) = 0.036  中位TTK = 600
  TTK口径     : 首直击步数；无直击=该局结束步数（评测步限封顶）
  晋级条件 直击/开火 hit_rate≥0.06  当前=0.036  → 指标未达标
  附加门槛 : 需对手速度≥1.00（当前=1.00）
  转向阶梯中 : phase=3  rotate=-0.07  （此期间不晋级下一阶段，只按 hit_rate 下调转向）
  未晋级阶段：转向阶梯进行中（属预期）
------------------------------------------------------------
[进度] 23,642,112/100,000,000 (23.6%)  FPS≈1408  阶段=stage2_linear  速度=1.00  直行间隔=180  aim=0.100/lead  rotate=-0.07
[进度] 23,658,496/100,000,000 (23.7%)  FPS≈1380  阶段=stage2_linear  速度=1.00  直行间隔=180  aim=0.100/lead  rotate=-0.07
[进度] 23,674,880/100,000,000 (23.7%)  FPS≈1297  阶段=stage2_linear  速度=1.00  直行间隔=180  aim=0.100/lead  rotate=-0.07
[进度] 23,691,264/100,000,000 (23.7%)  FPS≈1409  阶段=stage2_linear  速度=1.00  直行间隔=180  aim=0.100/lead  rotate=-0.07
[进度] 23,707,648/100,000,000 (23.7%)  FPS≈1344  阶段=stage2_linear  速度=1.00  直行间隔=180  aim=0.100/lead  rotate=-0.07
[进度] 23,724,032/100,000,000 (23.7%)  FPS≈1360  阶段=stage2_linear  速度=1.00  直行间隔=180  aim=0.100/lead  rotate=-0.07
[进度] 23,740,416/100,000,000 (23.7%)  FPS≈1413  阶段=stage2_linear  速度=1.00  直行间隔=180  aim=0.100/lead  rotate=-0.07
[存盘] 课程元数据 model_t23740416_stage1_stage2_linear.curriculum.json  stage=stage2_linear  bot=linear v=1.00
[存盘] runs/curriculum_aim/20260922_225205/checkpoints/model_t23740416_stage1_stage2_linear.zip
[评测] 开始（100 局）…
  [评测进度] 10/100  kill(命中/开火)=0.667  direct(直击/开火)=0.000  弹数=3
  [评测进度] 20/100  kill(命中/开火)=0.429  direct(直击/开火)=0.071  弹数=14
  [评测进度] 30/100  kill(命中/开火)=0.375  direct(直击/开火)=0.042  弹数=24
  [评测进度] 40/100  kill(命中/开火)=0.297  direct(直击/开火)=0.027  弹数=37
  [评测进度] 50/100  kill(命中/开火)=0.302  direct(直击/开火)=0.023  弹数=43
  [评测进度] 60/100  kill(命中/开火)=0.265  direct(直击/开火)=0.020  弹数=49
  [评测进度] 70/100  kill(命中/开火)=0.271  direct(直击/开火)=0.017  弹数=59
  [评测进度] 80/100  kill(命中/开火)=0.264  direct(直击/开火)=0.014  弹数=72
  [评测进度] 90/100  kill(命中/开火)=0.275  direct(直击/开火)=0.013  弹数=80
  [评测进度] 100/100  kill(命中/开火)=0.264  direct(直击/开火)=0.011  弹数=91
------------------------------------------------------------
[评测] 阶段=stage2_linear  局数=100
  kill_rate(命中/开火) = 0.264  hit_rate(直击/开火) = 0.011  中位TTK = 600
  TTK口径     : 首直击步数；无直击=该局结束步数（评测步限封顶）
  晋级条件 直击/开火 hit_rate≥0.06  当前=0.011  → 指标未达标
  附加门槛 : 需对手速度≥1.00（当前=1.00）
  转向阶梯中 : phase=3  rotate=-0.07  （此期间不晋级下一阶段，只按 hit_rate 下调转向）
  未晋级阶段：转向阶梯进行中（属预期）
------------------------------------------------------------
[进度] 23,756,800/100,000,000 (23.8%)  FPS≈1403  阶段=stage2_linear  速度=1.00  直行间隔=180  aim=0.100/lead  rotate=-0.07
[进度] 23,773,184/100,000,000 (23.8%)  FPS≈1566  阶段=stage2_linear  速度=1.00  直行间隔=180  aim=0.100/lead  rotate=-0.07
[进度] 23,789,568/100,000,000 (23.8%)  FPS≈1302  阶段=stage2_linear  速度=1.00  直行间隔=180  aim=0.100/lead  rotate=-0.07
[进度] 23,805,952/100,000,000 (23.8%)  FPS≈1383  阶段=stage2_linear  速度=1.00  直行间隔=180  aim=0.100/lead  rotate=-0.07
[进度] 23,822,336/100,000,000 (23.8%)  FPS≈1496  阶段=stage2_linear  速度=1.00  直行间隔=180  aim=0.100/lead  rotate=-0.07
[进度] 23,838,720/100,000,000 (23.8%)  FPS≈1545  阶段=stage2_linear  速度=1.00  直行间隔=180  aim=0.100/lead  rotate=-0.07
[进度] 23,855,104/100,000,000 (23.9%)  FPS≈1282  阶段=stage2_linear  速度=1.00  直行间隔=180  aim=0.100/lead  rotate=-0.07
[存盘] 课程元数据 model_t23855104_stage1_stage2_linear.curriculum.json  stage=stage2_linear  bot=linear v=1.00
[存盘] runs/curriculum_aim/20260922_225205/checkpoints/model_t23855104_stage1_stage2_linear.zip
[评测] 开始（100 局）…
  [评测进度] 10/100  kill(命中/开火)=0.174  direct(直击/开火)=0.000  弹数=23
  [评测进度] 20/100  kill(命中/开火)=0.239  direct(直击/开火)=0.000  弹数=46
  [评测进度] 30/100  kill(命中/开火)=0.171  direct(直击/开火)=0.000  弹数=70
  [评测进度] 40/100  kill(命中/开火)=0.209  direct(直击/开火)=0.000  弹数=91
  [评测进度] 50/100  kill(命中/开火)=0.232  direct(直击/开火)=0.009  弹数=112
  [评测进度] 60/100  kill(命中/开火)=0.244  direct(直击/开火)=0.008  弹数=127
  [评测进度] 70/100  kill(命中/开火)=0.240  direct(直击/开火)=0.007  弹数=150
  [评测进度] 80/100  kill(命中/开火)=0.240  direct(直击/开火)=0.011  弹数=183
  [评测进度] 90/100  kill(命中/开火)=0.255  direct(直击/开火)=0.019  弹数=208
  [评测进度] 100/100  kill(命中/开火)=0.243  direct(直击/开火)=0.026  弹数=235
------------------------------------------------------------
[评测] 阶段=stage2_linear  局数=100
  kill_rate(命中/开火) = 0.243  hit_rate(直击/开火) = 0.026  中位TTK = 600
  TTK口径     : 首直击步数；无直击=该局结束步数（评测步限封顶）
  晋级条件 直击/开火 hit_rate≥0.06  当前=0.026  → 指标未达标
  附加门槛 : 需对手速度≥1.00（当前=1.00）
  转向阶梯中 : phase=3  rotate=-0.07  （此期间不晋级下一阶段，只按 hit_rate 下调转向）
  未晋级阶段：转向阶梯进行中（属预期）
------------------------------------------------------------
[进度] 23,871,488/100,000,000 (23.9%)  FPS≈1424  阶段=stage2_linear  速度=1.00  直行间隔=180  aim=0.100/lead  rotate=-0.07
[进度] 23,887,872/100,000,000 (23.9%)  FPS≈1409  阶段=stage2_linear  速度=1.00  直行间隔=180  aim=0.100/lead  rotate=-0.07
[进度] 23,904,256/100,000,000 (23.9%)  FPS≈1312  阶段=stage2_linear  速度=1.00  直行间隔=180  aim=0.100/lead  rotate=-0.07
[进度] 23,920,640/100,000,000 (23.9%)  FPS≈1569  阶段=stage2_linear  速度=1.00  直行间隔=180  aim=0.100/lead  rotate=-0.07
[进度] 23,937,024/100,000,000 (23.9%)  FPS≈1336  阶段=stage2_linear  速度=1.00  直行间隔=180  aim=0.100/lead  rotate=-0.07
[进度] 23,953,408/100,000,000 (24.0%)  FPS≈1306  阶段=stage2_linear  速度=1.00  直行间隔=180  aim=0.100/lead  rotate=-0.07
[进度] 23,969,792/100,000,000 (24.0%)  FPS≈1263  阶段=stage2_linear  速度=1.00  直行间隔=180  aim=0.100/lead  rotate=-0.07
[存盘] 课程元数据 model_t23969792_stage1_stage2_linear.curriculum.json  stage=stage2_linear  bot=linear v=1.00
[存盘] runs/curriculum_aim/20260922_225205/checkpoints/model_t23969792_stage1_stage2_linear.zip
[评测] 开始（100 局）…
  [评测进度] 10/100  kill(命中/开火)=0.206  direct(直击/开火)=0.059  弹数=34
  [评测进度] 20/100  kill(命中/开火)=0.171  direct(直击/开火)=0.043  弹数=70
  [评测进度] 30/100  kill(命中/开火)=0.183  direct(直击/开火)=0.037  弹数=109
  [评测进度] 40/100  kill(命中/开火)=0.226  direct(直击/开火)=0.029  弹数=137
  [评测进度] 50/100  kill(命中/开火)=0.232  direct(直击/开火)=0.042  弹数=168
  [评测进度] 60/100  kill(命中/开火)=0.222  direct(直击/开火)=0.039  弹数=203
  [评测进度] 70/100  kill(命中/开火)=0.215  direct(直击/开火)=0.047  弹数=233
  [评测进度] 80/100  kill(命中/开火)=0.212  direct(直击/开火)=0.045  弹数=264
  [评测进度] 90/100  kill(命中/开火)=0.222  direct(直击/开火)=0.051  弹数=293
  [评测进度] 100/100  kill(命中/开火)=0.211  direct(直击/开火)=0.050  弹数=317
------------------------------------------------------------
[评测] 阶段=stage2_linear  局数=100
  kill_rate(命中/开火) = 0.211  hit_rate(直击/开火) = 0.050  中位TTK = 600
  TTK口径     : 首直击步数；无直击=该局结束步数（评测步限封顶）
  晋级条件 直击/开火 hit_rate≥0.06  当前=0.050  → 指标未达标
  附加门槛 : 需对手速度≥1.00（当前=1.00）
  转向阶梯中 : phase=3  rotate=-0.07  （此期间不晋级下一阶段，只按 hit_rate 下调转向）
  未晋级阶段：转向阶梯进行中（属预期）
------------------------------------------------------------
[进度] 23,986,176/100,000,000 (24.0%)  FPS≈1500  阶段=stage2_linear  速度=1.00  直行间隔=180  aim=0.100/lead  rotate=-0.07
[进度] 24,002,560/100,000,000 (24.0%)  FPS≈1510  阶段=stage2_linear  速度=1.00  直行间隔=180  aim=0.100/lead  rotate=-0.07
[进度] 24,018,944/100,000,000 (24.0%)  FPS≈1494  阶段=stage2_linear  速度=1.00  直行间隔=180  aim=0.100/lead  rotate=-0.07
[进度] 24,035,328/100,000,000 (24.0%)  FPS≈1456  阶段=stage2_linear  速度=1.00  直行间隔=180  aim=0.100/lead  rotate=-0.07
[进度] 24,051,712/100,000,000 (24.1%)  FPS≈1471  阶段=stage2_linear  速度=1.00  直行间隔=180  aim=0.100/lead  rotate=-0.07
[进度] 24,068,096/100,000,000 (24.1%)  FPS≈1379  阶段=stage2_linear  速度=1.00  直行间隔=180  aim=0.100/lead  rotate=-0.07
[进度] 24,084,480/100,000,000 (24.1%)  FPS≈1385  阶段=stage2_linear  速度=1.00  直行间隔=180  aim=0.100/lead  rotate=-0.07
[存盘] 课程元数据 model_t24084480_stage1_stage2_linear.curriculum.json  stage=stage2_linear  bot=linear v=1.00
[存盘] runs/curriculum_aim/20260922_225205/checkpoints/model_t24084480_stage1_stage2_linear.zip
[评测] 开始（100 局）…
  [评测进度] 10/100  kill(命中/开火)=0.263  direct(直击/开火)=0.026  弹数=38
  [评测进度] 20/100  kill(命中/开火)=0.205  direct(直击/开火)=0.024  弹数=83
  [评测进度] 30/100  kill(命中/开火)=0.188  direct(直击/开火)=0.034  弹数=117
  [评测进度] 40/100  kill(命中/开火)=0.204  direct(直击/开火)=0.053  弹数=152
  [评测进度] 50/100  kill(命中/开火)=0.199  direct(直击/开火)=0.042  弹数=191
  [评测进度] 60/100  kill(命中/开火)=0.201  direct(直击/开火)=0.040  弹数=224
  [评测进度] 70/100  kill(命中/开火)=0.191  direct(直击/开火)=0.034  弹数=267
  [评测进度] 80/100  kill(命中/开火)=0.203  direct(直击/开火)=0.046  弹数=306
  [评测进度] 90/100  kill(命中/开火)=0.205  direct(直击/开火)=0.057  弹数=336
  [评测进度] 100/100  kill(命中/开火)=0.222  direct(直击/开火)=0.061  弹数=374
------------------------------------------------------------
[评测] 阶段=stage2_linear  局数=100
  kill_rate(命中/开火) = 0.222  hit_rate(直击/开火) = 0.061  中位TTK = 600
  TTK口径     : 首直击步数；无直击=该局结束步数（评测步限封顶）
  晋级条件 直击/开火 hit_rate≥0.06  当前=0.061  → 指标达标
  附加门槛 : 需对手速度≥1.00（当前=1.00）
  转向阶梯中 : phase=3  rotate=-0.07  （此期间不晋级下一阶段，只按 hit_rate 下调转向）
  未晋级阶段：转向阶梯进行中（属预期）
------------------------------------------------------------
[进度] 24,100,864/100,000,000 (24.1%)  FPS≈1477  阶段=stage2_linear  速度=1.00  直行间隔=180  aim=0.100/lead  rotate=-0.07
[进度] 24,117,248/100,000,000 (24.1%)  FPS≈1444  阶段=stage2_linear  速度=1.00  直行间隔=180  aim=0.100/lead  rotate=-0.07
[进度] 24,133,632/100,000,000 (24.1%)  FPS≈1298  阶段=stage2_linear  速度=1.00  直行间隔=180  aim=0.100/lead  rotate=-0.07
[进度] 24,150,016/100,000,000 (24.2%)  FPS≈1378  阶段=stage2_linear  速度=1.00  直行间隔=180  aim=0.100/lead  rotate=-0.07
[进度] 24,166,400/100,000,000 (24.2%)  FPS≈1387  阶段=stage2_linear  速度=1.00  直行间隔=180  aim=0.100/lead  rotate=-0.07
[进度] 24,182,784/100,000,000 (24.2%)  FPS≈1406  阶段=stage2_linear  速度=1.00  直行间隔=180  aim=0.100/lead  rotate=-0.07
[进度] 24,199,168/100,000,000 (24.2%)  FPS≈1298  阶段=stage2_linear  速度=1.00  直行间隔=180  aim=0.100/lead  rotate=-0.07
[存盘] 课程元数据 model_t24199168_stage1_stage2_linear.curriculum.json  stage=stage2_linear  bot=linear v=1.00
[存盘] runs/curriculum_aim/20260922_225205/checkpoints/model_t24199168_stage1_stage2_linear.zip
[评测] 开始（100 局）…
  [评测进度] 10/100  kill(命中/开火)=0.192  direct(直击/开火)=0.000  弹数=26
  [评测进度] 20/100  kill(命中/开火)=0.175  direct(直击/开火)=0.000  弹数=63
  [评测进度] 30/100  kill(命中/开火)=0.188  direct(直击/开火)=0.010  弹数=96
  [评测进度] 40/100  kill(命中/开火)=0.203  direct(直击/开火)=0.008  弹数=128
  [评测进度] 50/100  kill(命中/开火)=0.213  direct(直击/开火)=0.006  弹数=169
  [评测进度] 60/100  kill(命中/开火)=0.219  direct(直击/开火)=0.010  弹数=201
  [评测进度] 70/100  kill(命中/开火)=0.215  direct(直击/开火)=0.008  弹数=237
  [评测进度] 80/100  kill(命中/开火)=0.225  direct(直击/开火)=0.019  弹数=267
  [评测进度] 90/100  kill(命中/开火)=0.226  direct(直击/开火)=0.027  弹数=292
  [评测进度] 100/100  kill(命中/开火)=0.215  direct(直击/开火)=0.031  弹数=325
------------------------------------------------------------
[评测] 阶段=stage2_linear  局数=100
  kill_rate(命中/开火) = 0.215  hit_rate(直击/开火) = 0.031  中位TTK = 600
  TTK口径     : 首直击步数；无直击=该局结束步数（评测步限封顶）
  晋级条件 直击/开火 hit_rate≥0.06  当前=0.031  → 指标未达标
  附加门槛 : 需对手速度≥1.00（当前=1.00）
  转向阶梯中 : phase=3  rotate=-0.07  （此期间不晋级下一阶段，只按 hit_rate 下调转向）
  未晋级阶段：转向阶梯进行中（属预期）
------------------------------------------------------------
[进度] 24,215,552/100,000,000 (24.2%)  FPS≈1399  阶段=stage2_linear  速度=1.00  直行间隔=180  aim=0.100/lead  rotate=-0.07
[进度] 24,231,936/100,000,000 (24.2%)  FPS≈1386  阶段=stage2_linear  速度=1.00  直行间隔=180  aim=0.100/lead  rotate=-0.07
[进度] 24,248,320/100,000,000 (24.2%)  FPS≈1507  阶段=stage2_linear  速度=1.00  直行间隔=180  aim=0.100/lead  rotate=-0.07
[进度] 24,264,704/100,000,000 (24.3%)  FPS≈1420  阶段=stage2_linear  速度=1.00  直行间隔=180  aim=0.100/lead  rotate=-0.07
[进度] 24,281,088/100,000,000 (24.3%)  FPS≈1398  阶段=stage2_linear  速度=1.00  直行间隔=180  aim=0.100/lead  rotate=-0.07
[进度] 24,297,472/100,000,000 (24.3%)  FPS≈1563  阶段=stage2_linear  速度=1.00  直行间隔=180  aim=0.100/lead  rotate=-0.07
[进度] 24,313,856/100,000,000 (24.3%)  FPS≈1458  阶段=stage2_linear  速度=1.00  直行间隔=180  aim=0.100/lead  rotate=-0.07
[存盘] 课程元数据 model_t24313856_stage1_stage2_linear.curriculum.json  stage=stage2_linear  bot=linear v=1.00
[存盘] runs/curriculum_aim/20260922_225205/checkpoints/model_t24313856_stage1_stage2_linear.zip
[评测] 开始（100 局）…
  [评测进度] 10/100  kill(命中/开火)=0.148  direct(直击/开火)=0.037  弹数=27
  [评测进度] 20/100  kill(命中/开火)=0.213  direct(直击/开火)=0.016  弹数=61
  [评测进度] 30/100  kill(命中/开火)=0.186  direct(直击/开火)=0.031  弹数=97
  [评测进度] 40/100  kill(命中/开火)=0.185  direct(直击/开火)=0.038  弹数=130
  [评测进度] 50/100  kill(命中/开火)=0.216  direct(直击/开火)=0.039  弹数=153
  [评测进度] 60/100  kill(命中/开火)=0.199  direct(直击/开火)=0.031  弹数=191
  [评测进度] 70/100  kill(命中/开火)=0.197  direct(直击/开火)=0.027  弹数=223
  [评测进度] 80/100  kill(命中/开火)=0.178  direct(直击/开火)=0.027  弹数=259
  [评测进度] 90/100  kill(命中/开火)=0.192  direct(直击/开火)=0.038  弹数=287
  [评测进度] 100/100  kill(命中/开火)=0.188  direct(直击/开火)=0.041  弹数=319
------------------------------------------------------------
[评测] 阶段=stage2_linear  局数=100
  kill_rate(命中/开火) = 0.188  hit_rate(直击/开火) = 0.041  中位TTK = 600
  TTK口径     : 首直击步数；无直击=该局结束步数（评测步限封顶）
  晋级条件 直击/开火 hit_rate≥0.06  当前=0.041  → 指标未达标
  附加门槛 : 需对手速度≥1.00（当前=1.00）
  转向阶梯中 : phase=3  rotate=-0.07  （此期间不晋级下一阶段，只按 hit_rate 下调转向）
  未晋级阶段：转向阶梯进行中（属预期）
------------------------------------------------------------
[进度] 24,330,240/100,000,000 (24.3%)  FPS≈1384  阶段=stage2_linear  速度=1.00  直行间隔=180  aim=0.100/lead  rotate=-0.07
[进度] 24,346,624/100,000,000 (24.3%)  FPS≈1450  阶段=stage2_linear  速度=1.00  直行间隔=180  aim=0.100/lead  rotate=-0.07
[进度] 24,363,008/100,000,000 (24.4%)  FPS≈1402  阶段=stage2_linear  速度=1.00  直行间隔=180  aim=0.100/lead  rotate=-0.07
[进度] 24,379,392/100,000,000 (24.4%)  FPS≈1550  阶段=stage2_linear  速度=1.00  直行间隔=180  aim=0.100/lead  rotate=-0.07
[进度] 24,395,776/100,000,000 (24.4%)  FPS≈1436  阶段=stage2_linear  速度=1.00  直行间隔=180  aim=0.100/lead  rotate=-0.07
[进度] 24,412,160/100,000,000 (24.4%)  FPS≈1261  阶段=stage2_linear  速度=1.00  直行间隔=180  aim=0.100/lead  rotate=-0.07
[进度] 24,428,544/100,000,000 (24.4%)  FPS≈1376  阶段=stage2_linear  速度=1.00  直行间隔=180  aim=0.100/lead  rotate=-0.07
[存盘] 课程元数据 model_t24428544_stage1_stage2_linear.curriculum.json  stage=stage2_linear  bot=linear v=1.00
[存盘] runs/curriculum_aim/20260922_225205/checkpoints/model_t24428544_stage1_stage2_linear.zip
[评测] 开始（100 局）…
  [评测进度] 10/100  kill(命中/开火)=0.171  direct(直击/开火)=0.029  弹数=35
  [评测进度] 20/100  kill(命中/开火)=0.224  direct(直击/开火)=0.075  弹数=67
  [评测进度] 30/100  kill(命中/开火)=0.210  direct(直击/开火)=0.060  弹数=100
  [评测进度] 40/100  kill(命中/开火)=0.200  direct(直击/开火)=0.044  弹数=135
  [评测进度] 50/100  kill(命中/开火)=0.233  direct(直击/开火)=0.055  弹数=163
  [评测进度] 60/100  kill(命中/开火)=0.228  direct(直击/开火)=0.051  弹数=197
  [评测进度] 70/100  kill(命中/开火)=0.228  direct(直击/开火)=0.052  弹数=232
  [评测进度] 80/100  kill(命中/开火)=0.248  direct(直击/开火)=0.074  弹数=258
  [评测进度] 90/100  kill(命中/开火)=0.250  direct(直击/开火)=0.076  弹数=288
  [评测进度] 100/100  kill(命中/开火)=0.242  direct(直击/开火)=0.071  弹数=326
------------------------------------------------------------
[评测] 阶段=stage2_linear  局数=100
  kill_rate(命中/开火) = 0.242  hit_rate(直击/开火) = 0.071  中位TTK = 600
  TTK口径     : 首直击步数；无直击=该局结束步数（评测步限封顶）
  晋级条件 直击/开火 hit_rate≥0.06  当前=0.071  → 指标达标
  附加门槛 : 需对手速度≥1.00（当前=1.00）
  转向阶梯中 : phase=3  rotate=-0.07  （此期间不晋级下一阶段，只按 hit_rate 下调转向）
  未晋级阶段：转向阶梯进行中（属预期）
------------------------------------------------------------
[进度] 24,444,928/100,000,000 (24.4%)  FPS≈1423  阶段=stage2_linear  速度=1.00  直行间隔=180  aim=0.100/lead  rotate=-0.07
[进度] 24,461,312/100,000,000 (24.5%)  FPS≈1432  阶段=stage2_linear  速度=1.00  直行间隔=180  aim=0.100/lead  rotate=-0.07
[进度] 24,477,696/100,000,000 (24.5%)  FPS≈1543  阶段=stage2_linear  速度=1.00  直行间隔=180  aim=0.100/lead  rotate=-0.07
[进度] 24,494,080/100,000,000 (24.5%)  FPS≈1300  阶段=stage2_linear  速度=1.00  直行间隔=180  aim=0.100/lead  rotate=-0.07
[进度] 24,510,464/100,000,000 (24.5%)  FPS≈1418  阶段=stage2_linear  速度=1.00  直行间隔=180  aim=0.100/lead  rotate=-0.07
[进度] 24,526,848/100,000,000 (24.5%)  FPS≈1352  阶段=stage2_linear  速度=1.00  直行间隔=180  aim=0.100/lead  rotate=-0.07
[进度] 24,543,232/100,000,000 (24.5%)  FPS≈1281  阶段=stage2_linear  速度=1.00  直行间隔=180  aim=0.100/lead  rotate=-0.07
[存盘] 课程元数据 model_t24543232_stage1_stage2_linear.curriculum.json  stage=stage2_linear  bot=linear v=1.00
[存盘] runs/curriculum_aim/20260922_225205/checkpoints/model_t24543232_stage1_stage2_linear.zip
[评测] 开始（100 局）…
  [评测进度] 10/100  kill(命中/开火)=0.100  direct(直击/开火)=0.000  弹数=30
  [评测进度] 20/100  kill(命中/开火)=0.190  direct(直击/开火)=0.017  弹数=58
  [评测进度] 30/100  kill(命中/开火)=0.250  direct(直击/开火)=0.045  弹数=88
  [评测进度] 40/100  kill(命中/开火)=0.233  direct(直击/开火)=0.043  弹数=116
  [评测进度] 50/100  kill(命中/开火)=0.230  direct(直击/开火)=0.036  弹数=139
  [评测进度] 60/100  kill(命中/开火)=0.216  direct(直击/开火)=0.035  弹数=171
  [评测进度] 70/100  kill(命中/开火)=0.208  direct(直击/开火)=0.035  弹数=202
  [评测进度] 80/100  kill(命中/开火)=0.212  direct(直击/开火)=0.039  弹数=231
  [评测进度] 90/100  kill(命中/开火)=0.212  direct(直击/开火)=0.035  弹数=259
  [评测进度] 100/100  kill(命中/开火)=0.209  direct(直击/开火)=0.035  弹数=282
------------------------------------------------------------
[评测] 阶段=stage2_linear  局数=100
  kill_rate(命中/开火) = 0.209  hit_rate(直击/开火) = 0.035  中位TTK = 600
  TTK口径     : 首直击步数；无直击=该局结束步数（评测步限封顶）
  晋级条件 直击/开火 hit_rate≥0.06  当前=0.035  → 指标未达标
  附加门槛 : 需对手速度≥1.00（当前=1.00）
  转向阶梯中 : phase=3  rotate=-0.07  （此期间不晋级下一阶段，只按 hit_rate 下调转向）
  未晋级阶段：转向阶梯进行中（属预期）
------------------------------------------------------------
[进度] 24,559,616/100,000,000 (24.6%)  FPS≈1455  阶段=stage2_linear  速度=1.00  直行间隔=180  aim=0.100/lead  rotate=-0.07
[进度] 24,576,000/100,000,000 (24.6%)  FPS≈1505  阶段=stage2_linear  速度=1.00  直行间隔=180  aim=0.100/lead  rotate=-0.07
[进度] 24,592,384/100,000,000 (24.6%)  FPS≈1395  阶段=stage2_linear  速度=1.00  直行间隔=180  aim=0.100/lead  rotate=-0.07
[进度] 24,608,768/100,000,000 (24.6%)  FPS≈1561  阶段=stage2_linear  速度=1.00  直行间隔=180  aim=0.100/lead  rotate=-0.07
[进度] 24,625,152/100,000,000 (24.6%)  FPS≈1463  阶段=stage2_linear  速度=1.00  直行间隔=180  aim=0.100/lead  rotate=-0.07
[进度] 24,641,536/100,000,000 (24.6%)  FPS≈1545  阶段=stage2_linear  速度=1.00  直行间隔=180  aim=0.100/lead  rotate=-0.07
[进度] 24,657,920/100,000,000 (24.7%)  FPS≈1392  阶段=stage2_linear  速度=1.00  直行间隔=180  aim=0.100/lead  rotate=-0.07
[存盘] 课程元数据 model_t24657920_stage1_stage2_linear.curriculum.json  stage=stage2_linear  bot=linear v=1.00
[存盘] runs/curriculum_aim/20260922_225205/checkpoints/model_t24657920_stage1_stage2_linear.zip
[评测] 开始（100 局）…
  [评测进度] 10/100  kill(命中/开火)=0.273  direct(直击/开火)=0.091  弹数=22
  [评测进度] 20/100  kill(命中/开火)=0.349  direct(直击/开火)=0.070  弹数=43
  [评测进度] 30/100  kill(命中/开火)=0.264  direct(直击/开火)=0.056  弹数=72
  [评测进度] 40/100  kill(命中/开火)=0.255  direct(直击/开火)=0.051  弹数=98
  [评测进度] 50/100  kill(命中/开火)=0.259  direct(直击/开火)=0.060  弹数=116
  [评测进度] 60/100  kill(命中/开火)=0.237  direct(直击/开火)=0.050  弹数=139
  [评测进度] 70/100  kill(命中/开火)=0.222  direct(直击/开火)=0.048  弹数=167
  [评测进度] 80/100  kill(命中/开火)=0.228  direct(直击/开火)=0.043  弹数=184
  [评测进度] 90/100  kill(命中/开火)=0.220  direct(直击/开火)=0.048  弹数=209
  [评测进度] 100/100  kill(命中/开火)=0.225  direct(直击/开火)=0.051  弹数=236
------------------------------------------------------------
[评测] 阶段=stage2_linear  局数=100
  kill_rate(命中/开火) = 0.225  hit_rate(直击/开火) = 0.051  中位TTK = 600
  TTK口径     : 首直击步数；无直击=该局结束步数（评测步限封顶）
  晋级条件 直击/开火 hit_rate≥0.06  当前=0.051  → 指标未达标
  附加门槛 : 需对手速度≥1.00（当前=1.00）
  转向阶梯中 : phase=3  rotate=-0.07  （此期间不晋级下一阶段，只按 hit_rate 下调转向）
  未晋级阶段：转向阶梯进行中（属预期）
------------------------------------------------------------
[进度] 24,674,304/100,000,000 (24.7%)  FPS≈1415  阶段=stage2_linear  速度=1.00  直行间隔=180  aim=0.100/lead  rotate=-0.07
[进度] 24,690,688/100,000,000 (24.7%)  FPS≈1504  阶段=stage2_linear  速度=1.00  直行间隔=180  aim=0.100/lead  rotate=-0.07
[进度] 24,707,072/100,000,000 (24.7%)  FPS≈1348  阶段=stage2_linear  速度=1.00  直行间隔=180  aim=0.100/lead  rotate=-0.07
[进度] 24,723,456/100,000,000 (24.7%)  FPS≈1346  阶段=stage2_linear  速度=1.00  直行间隔=180  aim=0.100/lead  rotate=-0.07
[进度] 24,739,840/100,000,000 (24.7%)  FPS≈1420  阶段=stage2_linear  速度=1.00  直行间隔=180  aim=0.100/lead  rotate=-0.07
[进度] 24,756,224/100,000,000 (24.8%)  FPS≈1300  阶段=stage2_linear  速度=1.00  直行间隔=180  aim=0.100/lead  rotate=-0.07
[进度] 24,772,608/100,000,000 (24.8%)  FPS≈1400  阶段=stage2_linear  速度=1.00  直行间隔=180  aim=0.100/lead  rotate=-0.07
[存盘] 课程元数据 model_t24772608_stage1_stage2_linear.curriculum.json  stage=stage2_linear  bot=linear v=1.00
[存盘] runs/curriculum_aim/20260922_225205/checkpoints/model_t24772608_stage1_stage2_linear.zip
[评测] 开始（100 局）…
  [评测进度] 10/100  kill(命中/开火)=0.182  direct(直击/开火)=0.045  弹数=22
  [评测进度] 20/100  kill(命中/开火)=0.243  direct(直击/开火)=0.081  弹数=37
  [评测进度] 30/100  kill(命中/开火)=0.267  direct(直击/开火)=0.050  弹数=60
  [评测进度] 40/100  kill(命中/开火)=0.267  direct(直击/开火)=0.035  弹数=86
  [评测进度] 50/100  kill(命中/开火)=0.226  direct(直击/开火)=0.026  弹数=115
  [评测进度] 60/100  kill(命中/开火)=0.216  direct(直击/开火)=0.030  弹数=134
  [评测进度] 70/100  kill(命中/开火)=0.225  direct(直击/开火)=0.044  弹数=160
  [评测进度] 80/100  kill(命中/开火)=0.216  direct(直击/开火)=0.043  弹数=185
  [评测进度] 90/100  kill(命中/开火)=0.223  direct(直击/开火)=0.043  弹数=211
  [评测进度] 100/100  kill(命中/开火)=0.224  direct(直击/开火)=0.040  弹数=223
------------------------------------------------------------
[评测] 阶段=stage2_linear  局数=100
  kill_rate(命中/开火) = 0.224  hit_rate(直击/开火) = 0.040  中位TTK = 600
  TTK口径     : 首直击步数；无直击=该局结束步数（评测步限封顶）
  晋级条件 直击/开火 hit_rate≥0.06  当前=0.040  → 指标未达标
  附加门槛 : 需对手速度≥1.00（当前=1.00）
  转向阶梯中 : phase=3  rotate=-0.07  （此期间不晋级下一阶段，只按 hit_rate 下调转向）
  未晋级阶段：转向阶梯进行中（属预期）
------------------------------------------------------------
[进度] 24,788,992/100,000,000 (24.8%)  FPS≈1380  阶段=stage2_linear  速度=1.00  直行间隔=180  aim=0.100/lead  rotate=-0.07
[进度] 24,805,376/100,000,000 (24.8%)  FPS≈1320  阶段=stage2_linear  速度=1.00  直行间隔=180  aim=0.100/lead  rotate=-0.07
[进度] 24,821,760/100,000,000 (24.8%)  FPS≈1404  阶段=stage2_linear  速度=1.00  直行间隔=180  aim=0.100/lead  rotate=-0.07
[进度] 24,838,144/100,000,000 (24.8%)  FPS≈1369  阶段=stage2_linear  速度=1.00  直行间隔=180  aim=0.100/lead  rotate=-0.07
[进度] 24,854,528/100,000,000 (24.9%)  FPS≈1325  阶段=stage2_linear  速度=1.00  直行间隔=180  aim=0.100/lead  rotate=-0.07
[进度] 24,870,912/100,000,000 (24.9%)  FPS≈1447  阶段=stage2_linear  速度=1.00  直行间隔=180  aim=0.100/lead  rotate=-0.07
[进度] 24,887,296/100,000,000 (24.9%)  FPS≈1327  阶段=stage2_linear  速度=1.00  直行间隔=180  aim=0.100/lead  rotate=-0.07
[存盘] 课程元数据 model_t24887296_stage1_stage2_linear.curriculum.json  stage=stage2_linear  bot=linear v=1.00
[存盘] runs/curriculum_aim/20260922_225205/checkpoints/model_t24887296_stage1_stage2_linear.zip
[评测] 开始（100 局）…
  [评测进度] 10/100  kill(命中/开火)=0.133  direct(直击/开火)=0.000  弹数=15
  [评测进度] 20/100  kill(命中/开火)=0.163  direct(直击/开火)=0.047  弹数=43
  [评测进度] 30/100  kill(命中/开火)=0.172  direct(直击/开火)=0.047  弹数=64
  [评测进度] 40/100  kill(命中/开火)=0.188  direct(直击/开火)=0.047  弹数=85
  [评测进度] 50/100  kill(命中/开火)=0.206  direct(直击/开火)=0.056  弹数=107
  [评测进度] 60/100  kill(命中/开火)=0.241  direct(直击/开火)=0.058  弹数=137
  [评测进度] 70/100  kill(命中/开火)=0.248  direct(直击/开火)=0.052  弹数=153
  [评测进度] 80/100  kill(命中/开火)=0.241  direct(直击/开火)=0.048  弹数=166
  [评测进度] 90/100  kill(命中/开火)=0.231  direct(直击/开火)=0.048  弹数=186
  [评测进度] 100/100  kill(命中/开火)=0.223  direct(直击/开火)=0.047  弹数=215
------------------------------------------------------------
[评测] 阶段=stage2_linear  局数=100
  kill_rate(命中/开火) = 0.223  hit_rate(直击/开火) = 0.047  中位TTK = 600
  TTK口径     : 首直击步数；无直击=该局结束步数（评测步限封顶）
  晋级条件 直击/开火 hit_rate≥0.06  当前=0.047  → 指标未达标
  附加门槛 : 需对手速度≥1.00（当前=1.00）
  转向阶梯中 : phase=3  rotate=-0.07  （此期间不晋级下一阶段，只按 hit_rate 下调转向）
  未晋级阶段：转向阶梯进行中（属预期）
------------------------------------------------------------
[进度] 24,903,680/100,000,000 (24.9%)  FPS≈1433  阶段=stage2_linear  速度=1.00  直行间隔=180  aim=0.100/lead  rotate=-0.07
[进度] 24,920,064/100,000,000 (24.9%)  FPS≈1391  阶段=stage2_linear  速度=1.00  直行间隔=180  aim=0.100/lead  rotate=-0.07
[进度] 24,936,448/100,000,000 (24.9%)  FPS≈1329  阶段=stage2_linear  速度=1.00  直行间隔=180  aim=0.100/lead  rotate=-0.07
[进度] 24,952,832/100,000,000 (25.0%)  FPS≈1578  阶段=stage2_linear  速度=1.00  直行间隔=180  aim=0.100/lead  rotate=-0.07
[进度] 24,969,216/100,000,000 (25.0%)  FPS≈1375  阶段=stage2_linear  速度=1.00  直行间隔=180  aim=0.100/lead  rotate=-0.07
[进度] 24,985,600/100,000,000 (25.0%)  FPS≈1439  阶段=stage2_linear  速度=1.00  直行间隔=180  aim=0.100/lead  rotate=-0.07
[进度] 25,001,984/100,000,000 (25.0%)  FPS≈1327  阶段=stage2_linear  速度=1.00  直行间隔=180  aim=0.100/lead  rotate=-0.07
[存盘] 课程元数据 model_t25001984_stage1_stage2_linear.curriculum.json  stage=stage2_linear  bot=linear v=1.00
[存盘] runs/curriculum_aim/20260922_225205/checkpoints/model_t25001984_stage1_stage2_linear.zip
[评测] 开始（100 局）…
  [评测进度] 10/100  kill(命中/开火)=0.350  direct(直击/开火)=0.100  弹数=20
  [评测进度] 20/100  kill(命中/开火)=0.222  direct(直击/开火)=0.056  弹数=36
  [评测进度] 30/100  kill(命中/开火)=0.205  direct(直击/开火)=0.027  弹数=73
  [评测进度] 40/100  kill(命中/开火)=0.181  direct(直击/开火)=0.021  弹数=94
  [评测进度] 50/100  kill(命中/开火)=0.176  direct(直击/开火)=0.017  弹数=119
  [评测进度] 60/100  kill(命中/开火)=0.180  direct(直击/开火)=0.022  弹数=139
  [评测进度] 70/100  kill(命中/开火)=0.184  direct(直击/开火)=0.018  弹数=163
  [评测进度] 80/100  kill(命中/开火)=0.199  direct(直击/开火)=0.037  弹数=191
  [评测进度] 90/100  kill(命中/开火)=0.213  direct(直击/开火)=0.042  弹数=216
  [评测进度] 100/100  kill(命中/开火)=0.223  direct(直击/开火)=0.037  弹数=242
------------------------------------------------------------
[评测] 阶段=stage2_linear  局数=100
  kill_rate(命中/开火) = 0.223  hit_rate(直击/开火) = 0.037  中位TTK = 600
  TTK口径     : 首直击步数；无直击=该局结束步数（评测步限封顶）
  晋级条件 直击/开火 hit_rate≥0.06  当前=0.037  → 指标未达标
  附加门槛 : 需对手速度≥1.00（当前=1.00）
  转向阶梯中 : phase=3  rotate=-0.07  （此期间不晋级下一阶段，只按 hit_rate 下调转向）
  未晋级阶段：转向阶梯进行中（属预期）
------------------------------------------------------------
[进度] 25,018,368/100,000,000 (25.0%)  FPS≈1477  阶段=stage2_linear  速度=1.00  直行间隔=180  aim=0.100/lead  rotate=-0.07
[进度] 25,034,752/100,000,000 (25.0%)  FPS≈1396  阶段=stage2_linear  速度=1.00  直行间隔=180  aim=0.100/lead  rotate=-0.07
[进度] 25,051,136/100,000,000 (25.1%)  FPS≈1371  阶段=stage2_linear  速度=1.00  直行间隔=180  aim=0.100/lead  rotate=-0.07
[进度] 25,067,520/100,000,000 (25.1%)  FPS≈1430  阶段=stage2_linear  速度=1.00  直行间隔=180  aim=0.100/lead  rotate=-0.07
[进度] 25,083,904/100,000,000 (25.1%)  FPS≈1340  阶段=stage2_linear  速度=1.00  直行间隔=180  aim=0.100/lead  rotate=-0.07
[进度] 25,100,288/100,000,000 (25.1%)  FPS≈1351  阶段=stage2_linear  速度=1.00  直行间隔=180  aim=0.100/lead  rotate=-0.07
[进度] 25,116,672/100,000,000 (25.1%)  FPS≈1337  阶段=stage2_linear  速度=1.00  直行间隔=180  aim=0.100/lead  rotate=-0.07
[存盘] 课程元数据 model_t25116672_stage1_stage2_linear.curriculum.json  stage=stage2_linear  bot=linear v=1.00
[存盘] runs/curriculum_aim/20260922_225205/checkpoints/model_t25116672_stage1_stage2_linear.zip
[评测] 开始（100 局）…
  [评测进度] 10/100  kill(命中/开火)=0.300  direct(直击/开火)=0.050  弹数=20
  [评测进度] 20/100  kill(命中/开火)=0.237  direct(直击/开火)=0.079  弹数=38
  [评测进度] 30/100  kill(命中/开火)=0.212  direct(直击/开火)=0.076  弹数=66
  [评测进度] 40/100  kill(命中/开火)=0.208  direct(直击/开火)=0.073  弹数=96
  [评测进度] 50/100  kill(命中/开火)=0.200  direct(直击/开火)=0.067  弹数=120
  [评测进度] 60/100  kill(命中/开火)=0.192  direct(直击/开火)=0.060  弹数=151
  [评测进度] 70/100  kill(命中/开火)=0.173  direct(直击/开火)=0.050  弹数=179
  [评测进度] 80/100  kill(命中/开火)=0.192  direct(直击/开火)=0.053  弹数=208
  [评测进度] 90/100  kill(命中/开火)=0.199  direct(直击/开火)=0.047  弹数=236
  [评测进度] 100/100  kill(命中/开火)=0.206  direct(直击/开火)=0.042  弹数=262
------------------------------------------------------------
[评测] 阶段=stage2_linear  局数=100
  kill_rate(命中/开火) = 0.206  hit_rate(直击/开火) = 0.042  中位TTK = 600
  TTK口径     : 首直击步数；无直击=该局结束步数（评测步限封顶）
  晋级条件 直击/开火 hit_rate≥0.06  当前=0.042  → 指标未达标
  附加门槛 : 需对手速度≥1.00（当前=1.00）
  转向阶梯中 : phase=3  rotate=-0.07  （此期间不晋级下一阶段，只按 hit_rate 下调转向）
  未晋级阶段：转向阶梯进行中（属预期）
------------------------------------------------------------
[进度] 25,133,056/100,000,000 (25.1%)  FPS≈1456  阶段=stage2_linear  速度=1.00  直行间隔=180  aim=0.100/lead  rotate=-0.07
[进度] 25,149,440/100,000,000 (25.1%)  FPS≈1384  阶段=stage2_linear  速度=1.00  直行间隔=180  aim=0.100/lead  rotate=-0.07
[进度] 25,165,824/100,000,000 (25.2%)  FPS≈1386  阶段=stage2_linear  速度=1.00  直行间隔=180  aim=0.100/lead  rotate=-0.07
[进度] 25,182,208/100,000,000 (25.2%)  FPS≈1404  阶段=stage2_linear  速度=1.00  直行间隔=180  aim=0.100/lead  rotate=-0.07
[进度] 25,198,592/100,000,000 (25.2%)  FPS≈1286  阶段=stage2_linear  速度=1.00  直行间隔=180  aim=0.100/lead  rotate=-0.07
[进度] 25,214,976/100,000,000 (25.2%)  FPS≈1385  阶段=stage2_linear  速度=1.00  直行间隔=180  aim=0.100/lead  rotate=-0.07
[进度] 25,231,360/100,000,000 (25.2%)  FPS≈1438  阶段=stage2_linear  速度=1.00  直行间隔=180  aim=0.100/lead  rotate=-0.07
[存盘] 课程元数据 model_t25231360_stage1_stage2_linear.curriculum.json  stage=stage2_linear  bot=linear v=1.00
[存盘] runs/curriculum_aim/20260922_225205/checkpoints/model_t25231360_stage1_stage2_linear.zip
[评测] 开始（100 局）…
  [评测进度] 10/100  kill(命中/开火)=0.333  direct(直击/开火)=0.000  弹数=33
  [评测进度] 20/100  kill(命中/开火)=0.318  direct(直击/开火)=0.015  弹数=66
  [评测进度] 30/100  kill(命中/开火)=0.323  direct(直击/开火)=0.042  弹数=96
  [评测进度] 40/100  kill(命中/开火)=0.321  direct(直击/开火)=0.037  弹数=134
  [评测进度] 50/100  kill(命中/开火)=0.275  direct(直击/开火)=0.035  弹数=171
  [评测进度] 60/100  kill(命中/开火)=0.275  direct(直击/开火)=0.045  弹数=200
  [评测进度] 70/100  kill(命中/开火)=0.264  direct(直击/开火)=0.052  弹数=231
  [评测进度] 80/100  kill(命中/开火)=0.262  direct(直击/开火)=0.052  弹数=267
  [评测进度] 90/100  kill(命中/开火)=0.242  direct(直击/开火)=0.048  弹数=293
  [评测进度] 100/100  kill(命中/开火)=0.235  direct(直击/开火)=0.049  弹数=324
------------------------------------------------------------
[评测] 阶段=stage2_linear  局数=100
  kill_rate(命中/开火) = 0.235  hit_rate(直击/开火) = 0.049  中位TTK = 600
  TTK口径     : 首直击步数；无直击=该局结束步数（评测步限封顶）
  晋级条件 直击/开火 hit_rate≥0.06  当前=0.049  → 指标未达标
  附加门槛 : 需对手速度≥1.00（当前=1.00）
  转向阶梯中 : phase=3  rotate=-0.07  （此期间不晋级下一阶段，只按 hit_rate 下调转向）
  未晋级阶段：转向阶梯进行中（属预期）
------------------------------------------------------------
[进度] 25,247,744/100,000,000 (25.2%)  FPS≈1498  阶段=stage2_linear  速度=1.00  直行间隔=180  aim=0.100/lead  rotate=-0.07
[进度] 25,264,128/100,000,000 (25.3%)  FPS≈1529  阶段=stage2_linear  速度=1.00  直行间隔=180  aim=0.100/lead  rotate=-0.07
[进度] 25,280,512/100,000,000 (25.3%)  FPS≈1407  阶段=stage2_linear  速度=1.00  直行间隔=180  aim=0.100/lead  rotate=-0.07
[进度] 25,296,896/100,000,000 (25.3%)  FPS≈1399  阶段=stage2_linear  速度=1.00  直行间隔=180  aim=0.100/lead  rotate=-0.07
[进度] 25,313,280/100,000,000 (25.3%)  FPS≈1282  阶段=stage2_linear  速度=1.00  直行间隔=180  aim=0.100/lead  rotate=-0.07
[进度] 25,329,664/100,000,000 (25.3%)  FPS≈1397  阶段=stage2_linear  速度=1.00  直行间隔=180  aim=0.100/lead  rotate=-0.07
[进度] 25,346,048/100,000,000 (25.3%)  FPS≈1397  阶段=stage2_linear  速度=1.00  直行间隔=180  aim=0.100/lead  rotate=-0.07
[存盘] 课程元数据 model_t25346048_stage1_stage2_linear.curriculum.json  stage=stage2_linear  bot=linear v=1.00
[存盘] runs/curriculum_aim/20260922_225205/checkpoints/model_t25346048_stage1_stage2_linear.zip
[评测] 开始（100 局）…
  [评测进度] 10/100  kill(命中/开火)=0.167  direct(直击/开火)=0.000  弹数=30
  [评测进度] 20/100  kill(命中/开火)=0.232  direct(直击/开火)=0.143  弹数=56
  [评测进度] 30/100  kill(命中/开火)=0.244  direct(直击/开火)=0.100  弹数=90
  [评测进度] 40/100  kill(命中/开火)=0.293  direct(直击/开火)=0.103  弹数=116
  [评测进度] 50/100  kill(命中/开火)=0.245  direct(直击/开火)=0.082  弹数=147
  [评测进度] 60/100  kill(命中/开火)=0.238  direct(直击/开火)=0.077  弹数=181
  [评测进度] 70/100  kill(命中/开火)=0.256  direct(直击/开火)=0.070  弹数=215
  [评测进度] 80/100  kill(命中/开火)=0.263  direct(直击/开火)=0.067  弹数=255
  [评测进度] 90/100  kill(命中/开火)=0.252  direct(直击/开火)=0.071  弹数=282
  [评测进度] 100/100  kill(命中/开火)=0.239  direct(直击/开火)=0.066  弹数=318
------------------------------------------------------------
[评测] 阶段=stage2_linear  局数=100
  kill_rate(命中/开火) = 0.239  hit_rate(直击/开火) = 0.066  中位TTK = 600
  TTK口径     : 首直击步数；无直击=该局结束步数（评测步限封顶）
  晋级条件 直击/开火 hit_rate≥0.06  当前=0.066  → 指标达标
  附加门槛 : 需对手速度≥1.00（当前=1.00）
  转向阶梯中 : phase=3  rotate=-0.07  （此期间不晋级下一阶段，只按 hit_rate 下调转向）
  未晋级阶段：转向阶梯进行中（属预期）
------------------------------------------------------------
[进度] 25,362,432/100,000,000 (25.4%)  FPS≈1482  阶段=stage2_linear  速度=1.00  直行间隔=180  aim=0.100/lead  rotate=-0.07
[进度] 25,378,816/100,000,000 (25.4%)  FPS≈1426  阶段=stage2_linear  速度=1.00  直行间隔=180  aim=0.100/lead  rotate=-0.07
[进度] 25,395,200/100,000,000 (25.4%)  FPS≈1465  阶段=stage2_linear  速度=1.00  直行间隔=180  aim=0.100/lead  rotate=-0.07
[进度] 25,411,584/100,000,000 (25.4%)  FPS≈1241  阶段=stage2_linear  速度=1.00  直行间隔=180  aim=0.100/lead  rotate=-0.07
[进度] 25,427,968/100,000,000 (25.4%)  FPS≈1294  阶段=stage2_linear  速度=1.00  直行间隔=180  aim=0.100/lead  rotate=-0.07
[进度] 25,444,352/100,000,000 (25.4%)  FPS≈1442  阶段=stage2_linear  速度=1.00  直行间隔=180  aim=0.100/lead  rotate=-0.07
[进度] 25,460,736/100,000,000 (25.5%)  FPS≈1538  阶段=stage2_linear  速度=1.00  直行间隔=180  aim=0.100/lead  rotate=-0.07
[存盘] 课程元数据 model_t25460736_stage1_stage2_linear.curriculum.json  stage=stage2_linear  bot=linear v=1.00
[存盘] runs/curriculum_aim/20260922_225205/checkpoints/model_t25460736_stage1_stage2_linear.zip
[评测] 开始（100 局）…
  [评测进度] 10/100  kill(命中/开火)=0.206  direct(直击/开火)=0.059  弹数=34
  [评测进度] 20/100  kill(命中/开火)=0.212  direct(直击/开火)=0.045  弹数=66
  [评测进度] 30/100  kill(命中/开火)=0.262  direct(直击/开火)=0.039  弹数=103
  [评测进度] 40/100  kill(命中/开火)=0.267  direct(直击/开火)=0.052  弹数=135
  [评测进度] 50/100  kill(命中/开火)=0.282  direct(直击/开火)=0.061  弹数=163
  [评测进度] 60/100  kill(命中/开火)=0.288  direct(直击/开火)=0.073  弹数=191
  [评测进度] 70/100  kill(命中/开火)=0.268  direct(直击/开火)=0.071  弹数=224
  [评测进度] 80/100  kill(命中/开火)=0.262  direct(直击/开火)=0.069  弹数=260
  [评测进度] 90/100  kill(命中/开火)=0.259  direct(直击/开火)=0.068  弹数=294
  [评测进度] 100/100  kill(命中/开火)=0.252  direct(直击/开火)=0.074  弹数=325
------------------------------------------------------------
[评测] 阶段=stage2_linear  局数=100
  kill_rate(命中/开火) = 0.252  hit_rate(直击/开火) = 0.074  中位TTK = 600
  TTK口径     : 首直击步数；无直击=该局结束步数（评测步限封顶）
  晋级条件 直击/开火 hit_rate≥0.06  当前=0.074  → 指标达标
  附加门槛 : 需对手速度≥1.00（当前=1.00）
  转向阶梯中 : phase=3  rotate=-0.07  （此期间不晋级下一阶段，只按 hit_rate 下调转向）
  未晋级阶段：转向阶梯进行中（属预期）
------------------------------------------------------------
[进度] 25,477,120/100,000,000 (25.5%)  FPS≈1507  阶段=stage2_linear  速度=1.00  直行间隔=180  aim=0.100/lead  rotate=-0.07
[进度] 25,493,504/100,000,000 (25.5%)  FPS≈1368  阶段=stage2_linear  速度=1.00  直行间隔=180  aim=0.100/lead  rotate=-0.07
[进度] 25,509,888/100,000,000 (25.5%)  FPS≈1523  阶段=stage2_linear  速度=1.00  直行间隔=180  aim=0.100/lead  rotate=-0.07
[进度] 25,526,272/100,000,000 (25.5%)  FPS≈1410  阶段=stage2_linear  速度=1.00  直行间隔=180  aim=0.100/lead  rotate=-0.07
[进度] 25,542,656/100,000,000 (25.5%)  FPS≈1453  阶段=stage2_linear  速度=1.00  直行间隔=180  aim=0.100/lead  rotate=-0.07
[进度] 25,559,040/100,000,000 (25.6%)  FPS≈1322  阶段=stage2_linear  速度=1.00  直行间隔=180  aim=0.100/lead  rotate=-0.07
[进度] 25,575,424/100,000,000 (25.6%)  FPS≈1306  阶段=stage2_linear  速度=1.00  直行间隔=180  aim=0.100/lead  rotate=-0.07
[存盘] 课程元数据 model_t25575424_stage1_stage2_linear.curriculum.json  stage=stage2_linear  bot=linear v=1.00
[存盘] runs/curriculum_aim/20260922_225205/checkpoints/model_t25575424_stage1_stage2_linear.zip
[评测] 开始（100 局）…
  [评测进度] 10/100  kill(命中/开火)=0.161  direct(直击/开火)=0.065  弹数=31
  [评测进度] 20/100  kill(命中/开火)=0.172  direct(直击/开火)=0.069  弹数=58
  [评测进度] 30/100  kill(命中/开火)=0.226  direct(直击/开火)=0.048  弹数=84
  [评测进度] 40/100  kill(命中/开火)=0.193  direct(直击/开火)=0.046  弹数=109
  [评测进度] 50/100  kill(命中/开火)=0.188  direct(直击/开火)=0.043  弹数=138
  [评测进度] 60/100  kill(命中/开火)=0.216  direct(直击/开火)=0.048  弹数=167
  [评测进度] 70/100  kill(命中/开火)=0.199  direct(直击/开火)=0.039  弹数=206
  [评测进度] 80/100  kill(命中/开火)=0.192  direct(直击/开火)=0.038  弹数=234
  [评测进度] 90/100  kill(命中/开火)=0.190  direct(直击/开火)=0.036  弹数=274
  [评测进度] 100/100  kill(命中/开火)=0.193  direct(直击/开火)=0.043  弹数=301
------------------------------------------------------------
[评测] 阶段=stage2_linear  局数=100
  kill_rate(命中/开火) = 0.193  hit_rate(直击/开火) = 0.043  中位TTK = 600
  TTK口径     : 首直击步数；无直击=该局结束步数（评测步限封顶）
  晋级条件 直击/开火 hit_rate≥0.06  当前=0.043  → 指标未达标
  附加门槛 : 需对手速度≥1.00（当前=1.00）
  转向阶梯中 : phase=3  rotate=-0.07  （此期间不晋级下一阶段，只按 hit_rate 下调转向）
  未晋级阶段：转向阶梯进行中（属预期）
------------------------------------------------------------
[进度] 25,591,808/100,000,000 (25.6%)  FPS≈1449  阶段=stage2_linear  速度=1.00  直行间隔=180  aim=0.100/lead  rotate=-0.07
[进度] 25,608,192/100,000,000 (25.6%)  FPS≈1397  阶段=stage2_linear  速度=1.00  直行间隔=180  aim=0.100/lead  rotate=-0.07
[进度] 25,624,576/100,000,000 (25.6%)  FPS≈1464  阶段=stage2_linear  速度=1.00  直行间隔=180  aim=0.100/lead  rotate=-0.07
[进度] 25,640,960/100,000,000 (25.6%)  FPS≈1296  阶段=stage2_linear  速度=1.00  直行间隔=180  aim=0.100/lead  rotate=-0.07
[进度] 25,657,344/100,000,000 (25.7%)  FPS≈1347  阶段=stage2_linear  速度=1.00  直行间隔=180  aim=0.100/lead  rotate=-0.07
[进度] 25,673,728/100,000,000 (25.7%)  FPS≈1492  阶段=stage2_linear  速度=1.00  直行间隔=180  aim=0.100/lead  rotate=-0.07
[进度] 25,690,112/100,000,000 (25.7%)  FPS≈1388  阶段=stage2_linear  速度=1.00  直行间隔=180  aim=0.100/lead  rotate=-0.07
[存盘] 课程元数据 model_t25690112_stage1_stage2_linear.curriculum.json  stage=stage2_linear  bot=linear v=1.00
[存盘] runs/curriculum_aim/20260922_225205/checkpoints/model_t25690112_stage1_stage2_linear.zip
[评测] 开始（100 局）…
  [评测进度] 10/100  kill(命中/开火)=0.250  direct(直击/开火)=0.100  弹数=40
  [评测进度] 20/100  kill(命中/开火)=0.254  direct(直击/开火)=0.090  弹数=67
  [评测进度] 30/100  kill(命中/开火)=0.271  direct(直击/开火)=0.094  弹数=96
  [评测进度] 40/100  kill(命中/开火)=0.290  direct(直击/开火)=0.092  弹数=131
  [评测进度] 50/100  kill(命中/开火)=0.288  direct(直击/开火)=0.098  弹数=163
  [评测进度] 60/100  kill(命中/开火)=0.291  direct(直击/开火)=0.095  弹数=199
  [评测进度] 70/100  kill(命中/开火)=0.296  direct(直击/开火)=0.086  弹数=233
  [评测进度] 80/100  kill(命中/开火)=0.281  direct(直击/开火)=0.078  弹数=270
  [评测进度] 90/100  kill(命中/开火)=0.273  direct(直击/开火)=0.072  弹数=304
  [评测进度] 100/100  kill(命中/开火)=0.260  direct(直击/开火)=0.073  弹数=331
------------------------------------------------------------
[评测] 阶段=stage2_linear  局数=100
  kill_rate(命中/开火) = 0.260  hit_rate(直击/开火) = 0.073  中位TTK = 600
  TTK口径     : 首直击步数；无直击=该局结束步数（评测步限封顶）
  晋级条件 直击/开火 hit_rate≥0.06  当前=0.073  → 指标达标
  附加门槛 : 需对手速度≥1.00（当前=1.00）
  转向阶梯中 : phase=3  rotate=-0.07  （此期间不晋级下一阶段，只按 hit_rate 下调转向）
  未晋级阶段：转向阶梯进行中（属预期）
------------------------------------------------------------
[进度] 25,706,496/100,000,000 (25.7%)  FPS≈1434  阶段=stage2_linear  速度=1.00  直行间隔=180  aim=0.100/lead  rotate=-0.07
[进度] 25,722,880/100,000,000 (25.7%)  FPS≈1319  阶段=stage2_linear  速度=1.00  直行间隔=180  aim=0.100/lead  rotate=-0.07
[进度] 25,739,264/100,000,000 (25.7%)  FPS≈1425  阶段=stage2_linear  速度=1.00  直行间隔=180  aim=0.100/lead  rotate=-0.07
[进度] 25,755,648/100,000,000 (25.8%)  FPS≈1319  阶段=stage2_linear  速度=1.00  直行间隔=180  aim=0.100/lead  rotate=-0.07
[进度] 25,772,032/100,000,000 (25.8%)  FPS≈1346  阶段=stage2_linear  速度=1.00  直行间隔=180  aim=0.100/lead  rotate=-0.07
[进度] 25,788,416/100,000,000 (25.8%)  FPS≈1391  阶段=stage2_linear  速度=1.00  直行间隔=180  aim=0.100/lead  rotate=-0.07
[进度] 25,804,800/100,000,000 (25.8%)  FPS≈1433  阶段=stage2_linear  速度=1.00  直行间隔=180  aim=0.100/lead  rotate=-0.07
[存盘] 课程元数据 model_t25804800_stage1_stage2_linear.curriculum.json  stage=stage2_linear  bot=linear v=1.00
[存盘] runs/curriculum_aim/20260922_225205/checkpoints/model_t25804800_stage1_stage2_linear.zip
[评测] 开始（100 局）…
  [评测进度] 10/100  kill(命中/开火)=0.324  direct(直击/开火)=0.029  弹数=34
  [评测进度] 20/100  kill(命中/开火)=0.279  direct(直击/开火)=0.029  弹数=68
  [评测进度] 30/100  kill(命中/开火)=0.277  direct(直击/开火)=0.074  弹数=94
  [评测进度] 40/100  kill(命中/开火)=0.252  direct(直击/开火)=0.081  弹数=123
  [评测进度] 50/100  kill(命中/开火)=0.250  direct(直击/开火)=0.079  弹数=152
  [评测进度] 60/100  kill(命中/开火)=0.209  direct(直击/开火)=0.068  弹数=191
  [评测进度] 70/100  kill(命中/开火)=0.209  direct(直击/开火)=0.074  弹数=215
  [评测进度] 80/100  kill(命中/开火)=0.228  direct(直击/开火)=0.075  弹数=241
  [评测进度] 90/100  kill(命中/开火)=0.223  direct(直击/开火)=0.069  弹数=274
  [评测进度] 100/100  kill(命中/开火)=0.234  direct(直击/开火)=0.066  弹数=304
------------------------------------------------------------
[评测] 阶段=stage2_linear  局数=100
  kill_rate(命中/开火) = 0.234  hit_rate(直击/开火) = 0.066  中位TTK = 600
  TTK口径     : 首直击步数；无直击=该局结束步数（评测步限封顶）
  晋级条件 直击/开火 hit_rate≥0.06  当前=0.066  → 指标达标
  附加门槛 : 需对手速度≥1.00（当前=1.00）
  转向阶梯中 : phase=3  rotate=-0.07  （此期间不晋级下一阶段，只按 hit_rate 下调转向）
  未晋级阶段：转向阶梯进行中（属预期）
------------------------------------------------------------
[进度] 25,821,184/100,000,000 (25.8%)  FPS≈1556  阶段=stage2_linear  速度=1.00  直行间隔=180  aim=0.100/lead  rotate=-0.07
[进度] 25,837,568/100,000,000 (25.8%)  FPS≈1419  阶段=stage2_linear  速度=1.00  直行间隔=180  aim=0.100/lead  rotate=-0.07
[进度] 25,853,952/100,000,000 (25.9%)  FPS≈1387  阶段=stage2_linear  速度=1.00  直行间隔=180  aim=0.100/lead  rotate=-0.07
[进度] 25,870,336/100,000,000 (25.9%)  FPS≈1352  阶段=stage2_linear  速度=1.00  直行间隔=180  aim=0.100/lead  rotate=-0.07
[进度] 25,886,720/100,000,000 (25.9%)  FPS≈1397  阶段=stage2_linear  速度=1.00  直行间隔=180  aim=0.100/lead  rotate=-0.07
[进度] 25,903,104/100,000,000 (25.9%)  FPS≈1210  阶段=stage2_linear  速度=1.00  直行间隔=180  aim=0.100/lead  rotate=-0.07
[进度] 25,919,488/100,000,000 (25.9%)  FPS≈1297  阶段=stage2_linear  速度=1.00  直行间隔=180  aim=0.100/lead  rotate=-0.07
[存盘] 课程元数据 model_t25919488_stage1_stage2_linear.curriculum.json  stage=stage2_linear  bot=linear v=1.00
[存盘] runs/curriculum_aim/20260922_225205/checkpoints/model_t25919488_stage1_stage2_linear.zip
[评测] 开始（100 局）…
  [评测进度] 10/100  kill(命中/开火)=0.205  direct(直击/开火)=0.000  弹数=39
  [评测进度] 20/100  kill(命中/开火)=0.203  direct(直击/开火)=0.014  弹数=74
  [评测进度] 30/100  kill(命中/开火)=0.250  direct(直击/开火)=0.046  弹数=108
  [评测进度] 40/100  kill(命中/开火)=0.235  direct(直击/开火)=0.051  弹数=136
  [评测进度] 50/100  kill(命中/开火)=0.233  direct(直击/开火)=0.041  弹数=172
  [评测进度] 60/100  kill(命中/开火)=0.218  direct(直击/开火)=0.049  弹数=206
  [评测进度] 70/100  kill(命中/开火)=0.232  direct(直击/开火)=0.051  弹数=237
  [评测进度] 80/100  kill(命中/开火)=0.241  direct(直击/开火)=0.056  弹数=266
  [评测进度] 90/100  kill(命中/开火)=0.238  direct(直击/开火)=0.064  弹数=298
  [评测进度] 100/100  kill(命中/开火)=0.232  direct(直击/开火)=0.061  弹数=328
------------------------------------------------------------
[评测] 阶段=stage2_linear  局数=100
  kill_rate(命中/开火) = 0.232  hit_rate(直击/开火) = 0.061  中位TTK = 600
  TTK口径     : 首直击步数；无直击=该局结束步数（评测步限封顶）
  晋级条件 直击/开火 hit_rate≥0.06  当前=0.061  → 指标达标
  附加门槛 : 需对手速度≥1.00（当前=1.00）
  转向阶梯中 : phase=3  rotate=-0.07  （此期间不晋级下一阶段，只按 hit_rate 下调转向）
  未晋级阶段：转向阶梯进行中（属预期）
------------------------------------------------------------
[进度] 25,935,872/100,000,000 (25.9%)  FPS≈1513  阶段=stage2_linear  速度=1.00  直行间隔=180  aim=0.100/lead  rotate=-0.07
[进度] 25,952,256/100,000,000 (26.0%)  FPS≈1342  阶段=stage2_linear  速度=1.00  直行间隔=180  aim=0.100/lead  rotate=-0.07
[进度] 25,968,640/100,000,000 (26.0%)  FPS≈1435  阶段=stage2_linear  速度=1.00  直行间隔=180  aim=0.100/lead  rotate=-0.07
[进度] 25,985,024/100,000,000 (26.0%)  FPS≈1418  阶段=stage2_linear  速度=1.00  直行间隔=180  aim=0.100/lead  rotate=-0.07
[进度] 26,001,408/100,000,000 (26.0%)  FPS≈1332  阶段=stage2_linear  速度=1.00  直行间隔=180  aim=0.100/lead  rotate=-0.07
[进度] 26,017,792/100,000,000 (26.0%)  FPS≈1332  阶段=stage2_linear  速度=1.00  直行间隔=180  aim=0.100/lead  rotate=-0.07
[进度] 26,034,176/100,000,000 (26.0%)  FPS≈1486  阶段=stage2_linear  速度=1.00  直行间隔=180  aim=0.100/lead  rotate=-0.07
[存盘] 课程元数据 model_t26034176_stage1_stage2_linear.curriculum.json  stage=stage2_linear  bot=linear v=1.00
[存盘] runs/curriculum_aim/20260922_225205/checkpoints/model_t26034176_stage1_stage2_linear.zip
[评测] 开始（100 局）…
  [评测进度] 10/100  kill(命中/开火)=0.237  direct(直击/开火)=0.079  弹数=38
  [评测进度] 20/100  kill(命中/开火)=0.270  direct(直击/开火)=0.068  弹数=74
  [评测进度] 30/100  kill(命中/开火)=0.280  direct(直击/开火)=0.075  弹数=107
  [评测进度] 40/100  kill(命中/开火)=0.287  direct(直击/开火)=0.070  弹数=143
  [评测进度] 50/100  kill(命中/开火)=0.270  direct(直击/开火)=0.069  弹数=174
  [评测进度] 60/100  kill(命中/开火)=0.251  direct(直击/开火)=0.065  弹数=215
  [评测进度] 70/100  kill(命中/开火)=0.264  direct(直击/开火)=0.068  弹数=250
  [评测进度] 80/100  kill(命中/开火)=0.250  direct(直击/开火)=0.061  弹数=280
  [评测进度] 90/100  kill(命中/开火)=0.243  direct(直击/开火)=0.066  弹数=305
  [评测进度] 100/100  kill(命中/开火)=0.249  direct(直击/开火)=0.068  弹数=337
------------------------------------------------------------
[评测] 阶段=stage2_linear  局数=100
  kill_rate(命中/开火) = 0.249  hit_rate(直击/开火) = 0.068  中位TTK = 600
  TTK口径     : 首直击步数；无直击=该局结束步数（评测步限封顶）
  晋级条件 直击/开火 hit_rate≥0.06  当前=0.068  → 指标达标
  附加门槛 : 需对手速度≥1.00（当前=1.00）
  转向阶梯中 : phase=3  rotate=-0.07  （此期间不晋级下一阶段，只按 hit_rate 下调转向）
  未晋级阶段：转向阶梯进行中（属预期）
------------------------------------------------------------
[进度] 26,050,560/100,000,000 (26.1%)  FPS≈1358  阶段=stage2_linear  速度=1.00  直行间隔=180  aim=0.100/lead  rotate=-0.07
[进度] 26,066,944/100,000,000 (26.1%)  FPS≈1488  阶段=stage2_linear  速度=1.00  直行间隔=180  aim=0.100/lead  rotate=-0.07
[进度] 26,083,328/100,000,000 (26.1%)  FPS≈1303  阶段=stage2_linear  速度=1.00  直行间隔=180  aim=0.100/lead  rotate=-0.07
[进度] 26,099,712/100,000,000 (26.1%)  FPS≈1259  阶段=stage2_linear  速度=1.00  直行间隔=180  aim=0.100/lead  rotate=-0.07
[进度] 26,116,096/100,000,000 (26.1%)  FPS≈1294  阶段=stage2_linear  速度=1.00  直行间隔=180  aim=0.100/lead  rotate=-0.07
[进度] 26,132,480/100,000,000 (26.1%)  FPS≈1307  阶段=stage2_linear  速度=1.00  直行间隔=180  aim=0.100/lead  rotate=-0.07
[进度] 26,148,864/100,000,000 (26.1%)  FPS≈1403  阶段=stage2_linear  速度=1.00  直行间隔=180  aim=0.100/lead  rotate=-0.07
[存盘] 课程元数据 model_t26148864_stage1_stage2_linear.curriculum.json  stage=stage2_linear  bot=linear v=1.00
[存盘] runs/curriculum_aim/20260922_225205/checkpoints/model_t26148864_stage1_stage2_linear.zip
[评测] 开始（100 局）…
  [评测进度] 10/100  kill(命中/开火)=0.317  direct(直击/开火)=0.024  弹数=41
  [评测进度] 20/100  kill(命中/开火)=0.338  direct(直击/开火)=0.056  弹数=71
  [评测进度] 30/100  kill(命中/开火)=0.330  direct(直击/开火)=0.066  弹数=106
  [评测进度] 40/100  kill(命中/开火)=0.329  direct(直击/开火)=0.064  弹数=140
  [评测进度] 50/100  kill(命中/开火)=0.316  direct(直击/开火)=0.068  弹数=177
  [评测进度] 60/100  kill(命中/开火)=0.292  direct(直击/开火)=0.055  弹数=219
  [评测进度] 70/100  kill(命中/开火)=0.292  direct(直击/开火)=0.052  弹数=250
  [评测进度] 80/100  kill(命中/开火)=0.283  direct(直击/开火)=0.056  弹数=286
  [评测进度] 90/100  kill(命中/开火)=0.275  direct(直击/开火)=0.056  弹数=324
  [评测进度] 100/100  kill(命中/开火)=0.271  direct(直击/开火)=0.062  弹数=354
------------------------------------------------------------
[评测] 阶段=stage2_linear  局数=100
  kill_rate(命中/开火) = 0.271  hit_rate(直击/开火) = 0.062  中位TTK = 600
  TTK口径     : 首直击步数；无直击=该局结束步数（评测步限封顶）
  晋级条件 直击/开火 hit_rate≥0.06  当前=0.062  → 指标达标
  附加门槛 : 需对手速度≥1.00（当前=1.00）
  转向阶梯中 : phase=3  rotate=-0.07  （此期间不晋级下一阶段，只按 hit_rate 下调转向）
  未晋级阶段：转向阶梯进行中（属预期）
------------------------------------------------------------
[进度] 26,165,248/100,000,000 (26.2%)  FPS≈1522  阶段=stage2_linear  速度=1.00  直行间隔=180  aim=0.100/lead  rotate=-0.07
[进度] 26,181,632/100,000,000 (26.2%)  FPS≈1349  阶段=stage2_linear  速度=1.00  直行间隔=180  aim=0.100/lead  rotate=-0.07
[进度] 26,198,016/100,000,000 (26.2%)  FPS≈1347  阶段=stage2_linear  速度=1.00  直行间隔=180  aim=0.100/lead  rotate=-0.07
[进度] 26,214,400/100,000,000 (26.2%)  FPS≈1335  阶段=stage2_linear  速度=1.00  直行间隔=180  aim=0.100/lead  rotate=-0.07
[进度] 26,230,784/100,000,000 (26.2%)  FPS≈1275  阶段=stage2_linear  速度=1.00  直行间隔=180  aim=0.100/lead  rotate=-0.07
[进度] 26,247,168/100,000,000 (26.2%)  FPS≈1385  阶段=stage2_linear  速度=1.00  直行间隔=180  aim=0.100/lead  rotate=-0.07
[进度] 26,263,552/100,000,000 (26.3%)  FPS≈1232  阶段=stage2_linear  速度=1.00  直行间隔=180  aim=0.100/lead  rotate=-0.07
[存盘] 课程元数据 model_t26263552_stage1_stage2_linear.curriculum.json  stage=stage2_linear  bot=linear v=1.00
[存盘] runs/curriculum_aim/20260922_225205/checkpoints/model_t26263552_stage1_stage2_linear.zip
[评测] 开始（100 局）…
  [评测进度] 10/100  kill(命中/开火)=0.237  direct(直击/开火)=0.079  弹数=38
  [评测进度] 20/100  kill(命中/开火)=0.173  direct(直击/开火)=0.049  弹数=81
  [评测进度] 30/100  kill(命中/开火)=0.207  direct(直击/开火)=0.066  弹数=121
  [评测进度] 40/100  kill(命中/开火)=0.224  direct(直击/开火)=0.077  弹数=156
  [评测进度] 50/100  kill(命中/开火)=0.223  direct(直击/开火)=0.066  弹数=197
  [评测进度] 60/100  kill(命中/开火)=0.226  direct(直击/开火)=0.063  弹数=239
  [评测进度] 70/100  kill(命中/开火)=0.211  direct(直击/开火)=0.061  弹数=280
  [评测进度] 80/100  kill(命中/开火)=0.223  direct(直击/开火)=0.067  弹数=314
  [评测进度] 90/100  kill(命中/开火)=0.226  direct(直击/开火)=0.070  弹数=341
  [评测进度] 100/100  kill(命中/开火)=0.231  direct(直击/开火)=0.072  弹数=376
------------------------------------------------------------
[评测] 阶段=stage2_linear  局数=100
  kill_rate(命中/开火) = 0.231  hit_rate(直击/开火) = 0.072  中位TTK = 600
  TTK口径     : 首直击步数；无直击=该局结束步数（评测步限封顶）
  晋级条件 直击/开火 hit_rate≥0.06  当前=0.072  → 指标达标
  附加门槛 : 需对手速度≥1.00（当前=1.00）
  转向阶梯中 : phase=3  rotate=-0.07  （此期间不晋级下一阶段，只按 hit_rate 下调转向）
  未晋级阶段：转向阶梯进行中（属预期）
------------------------------------------------------------
[进度] 26,279,936/100,000,000 (26.3%)  FPS≈1557  阶段=stage2_linear  速度=1.00  直行间隔=180  aim=0.100/lead  rotate=-0.07
[进度] 26,296,320/100,000,000 (26.3%)  FPS≈1451  阶段=stage2_linear  速度=1.00  直行间隔=180  aim=0.100/lead  rotate=-0.07
[进度] 26,312,704/100,000,000 (26.3%)  FPS≈1330  阶段=stage2_linear  速度=1.00  直行间隔=180  aim=0.100/lead  rotate=-0.07
[进度] 26,329,088/100,000,000 (26.3%)  FPS≈1352  阶段=stage2_linear  速度=1.00  直行间隔=180  aim=0.100/lead  rotate=-0.07
[进度] 26,345,472/100,000,000 (26.3%)  FPS≈1409  阶段=stage2_linear  速度=1.00  直行间隔=180  aim=0.100/lead  rotate=-0.07
[进度] 26,361,856/100,000,000 (26.4%)  FPS≈1199  阶段=stage2_linear  速度=1.00  直行间隔=180  aim=0.100/lead  rotate=-0.07
[进度] 26,378,240/100,000,000 (26.4%)  FPS≈1263  阶段=stage2_linear  速度=1.00  直行间隔=180  aim=0.100/lead  rotate=-0.07
[存盘] 课程元数据 model_t26378240_stage1_stage2_linear.curriculum.json  stage=stage2_linear  bot=linear v=1.00
[存盘] runs/curriculum_aim/20260922_225205/checkpoints/model_t26378240_stage1_stage2_linear.zip
[评测] 开始（100 局）…
  [评测进度] 10/100  kill(命中/开火)=0.175  direct(直击/开火)=0.000  弹数=40
  [评测进度] 20/100  kill(命中/开火)=0.233  direct(直击/开火)=0.014  弹数=73
  [评测进度] 30/100  kill(命中/开火)=0.245  direct(直击/开火)=0.019  弹数=106
  [评测进度] 40/100  kill(命中/开火)=0.228  direct(直击/开火)=0.021  弹数=145
  [评测进度] 50/100  kill(命中/开火)=0.219  direct(直击/开火)=0.027  弹数=183
  [评测进度] 60/100  kill(命中/开火)=0.236  direct(直击/开火)=0.037  弹数=216
  [评测进度] 70/100  kill(命中/开火)=0.248  direct(直击/开火)=0.040  弹数=250
  [评测进度] 80/100  kill(命中/开火)=0.261  direct(直击/开火)=0.042  弹数=284
  [评测进度] 90/100  kill(命中/开火)=0.269  direct(直击/开火)=0.054  弹数=316
  [评测进度] 100/100  kill(命中/开火)=0.275  direct(直击/开火)=0.054  弹数=353
------------------------------------------------------------
[评测] 阶段=stage2_linear  局数=100
  kill_rate(命中/开火) = 0.275  hit_rate(直击/开火) = 0.054  中位TTK = 600
  TTK口径     : 首直击步数；无直击=该局结束步数（评测步限封顶）
  晋级条件 直击/开火 hit_rate≥0.06  当前=0.054  → 指标未达标
  附加门槛 : 需对手速度≥1.00（当前=1.00）
  转向阶梯中 : phase=3  rotate=-0.07  （此期间不晋级下一阶段，只按 hit_rate 下调转向）
  未晋级阶段：转向阶梯进行中（属预期）
------------------------------------------------------------
[进度] 26,394,624/100,000,000 (26.4%)  FPS≈1451  阶段=stage2_linear  速度=1.00  直行间隔=180  aim=0.100/lead  rotate=-0.07
[进度] 26,411,008/100,000,000 (26.4%)  FPS≈1438  阶段=stage2_linear  速度=1.00  直行间隔=180  aim=0.100/lead  rotate=-0.07
[进度] 26,427,392/100,000,000 (26.4%)  FPS≈1499  阶段=stage2_linear  速度=1.00  直行间隔=180  aim=0.100/lead  rotate=-0.07
[进度] 26,443,776/100,000,000 (26.4%)  FPS≈1392  阶段=stage2_linear  速度=1.00  直行间隔=180  aim=0.100/lead  rotate=-0.07
[进度] 26,460,160/100,000,000 (26.5%)  FPS≈1419  阶段=stage2_linear  速度=1.00  直行间隔=180  aim=0.100/lead  rotate=-0.07
[进度] 26,476,544/100,000,000 (26.5%)  FPS≈1306  阶段=stage2_linear  速度=1.00  直行间隔=180  aim=0.100/lead  rotate=-0.07
[进度] 26,492,928/100,000,000 (26.5%)  FPS≈1264  阶段=stage2_linear  速度=1.00  直行间隔=180  aim=0.100/lead  rotate=-0.07
[存盘] 课程元数据 model_t26492928_stage1_stage2_linear.curriculum.json  stage=stage2_linear  bot=linear v=1.00
[存盘] runs/curriculum_aim/20260922_225205/checkpoints/model_t26492928_stage1_stage2_linear.zip
[评测] 开始（100 局）…
  [评测进度] 10/100  kill(命中/开火)=0.250  direct(直击/开火)=0.036  弹数=28
  [评测进度] 20/100  kill(命中/开火)=0.212  direct(直击/开火)=0.030  弹数=66
  [评测进度] 30/100  kill(命中/开火)=0.230  direct(直击/开火)=0.057  弹数=87
  [评测进度] 40/100  kill(命中/开火)=0.258  direct(直击/开火)=0.067  弹数=120
  [评测进度] 50/100  kill(命中/开火)=0.273  direct(直击/开火)=0.071  弹数=154
  [评测进度] 60/100  kill(命中/开火)=0.254  direct(直击/开火)=0.072  弹数=181
  [评测进度] 70/100  kill(命中/开火)=0.270  direct(直击/开火)=0.071  弹数=211
  [评测进度] 80/100  kill(命中/开火)=0.271  direct(直击/开火)=0.072  弹数=236
  [评测进度] 90/100  kill(命中/开火)=0.262  direct(直击/开火)=0.074  弹数=271
  [评测进度] 100/100  kill(命中/开火)=0.261  direct(直击/开火)=0.076  弹数=303
------------------------------------------------------------
[评测] 阶段=stage2_linear  局数=100
  kill_rate(命中/开火) = 0.261  hit_rate(直击/开火) = 0.076  中位TTK = 600
  TTK口径     : 首直击步数；无直击=该局结束步数（评测步限封顶）
  晋级条件 直击/开火 hit_rate≥0.06  当前=0.076  → 指标达标
  附加门槛 : 需对手速度≥1.00（当前=1.00）
  转向阶梯中 : phase=3  rotate=-0.07  （此期间不晋级下一阶段，只按 hit_rate 下调转向）
  未晋级阶段：转向阶梯进行中（属预期）
------------------------------------------------------------
[进度] 26,509,312/100,000,000 (26.5%)  FPS≈1483  阶段=stage2_linear  速度=1.00  直行间隔=180  aim=0.100/lead  rotate=-0.07
[进度] 26,525,696/100,000,000 (26.5%)  FPS≈1468  阶段=stage2_linear  速度=1.00  直行间隔=180  aim=0.100/lead  rotate=-0.07
[进度] 26,542,080/100,000,000 (26.5%)  FPS≈1389  阶段=stage2_linear  速度=1.00  直行间隔=180  aim=0.100/lead  rotate=-0.07
[进度] 26,558,464/100,000,000 (26.6%)  FPS≈1384  阶段=stage2_linear  速度=1.00  直行间隔=180  aim=0.100/lead  rotate=-0.07
[进度] 26,574,848/100,000,000 (26.6%)  FPS≈1291  阶段=stage2_linear  速度=1.00  直行间隔=180  aim=0.100/lead  rotate=-0.07
[进度] 26,591,232/100,000,000 (26.6%)  FPS≈1341  阶段=stage2_linear  速度=1.00  直行间隔=180  aim=0.100/lead  rotate=-0.07
[进度] 26,607,616/100,000,000 (26.6%)  FPS≈1423  阶段=stage2_linear  速度=1.00  直行间隔=180  aim=0.100/lead  rotate=-0.07
[存盘] 课程元数据 model_t26607616_stage1_stage2_linear.curriculum.json  stage=stage2_linear  bot=linear v=1.00
[存盘] runs/curriculum_aim/20260922_225205/checkpoints/model_t26607616_stage1_stage2_linear.zip
[评测] 开始（100 局）…
  [评测进度] 10/100  kill(命中/开火)=0.115  direct(直击/开火)=0.038  弹数=26
  [评测进度] 20/100  kill(命中/开火)=0.240  direct(直击/开火)=0.120  弹数=50
  [评测进度] 30/100  kill(命中/开火)=0.260  direct(直击/开火)=0.123  弹数=73
  [评测进度] 40/100  kill(命中/开火)=0.248  direct(直击/开火)=0.110  弹数=109
  [评测进度] 50/100  kill(命中/开火)=0.257  direct(直击/开火)=0.110  弹数=136
  [评测进度] 60/100  kill(命中/开火)=0.272  direct(直击/开火)=0.099  弹数=162
  [评测进度] 70/100  kill(命中/开火)=0.265  direct(直击/开火)=0.097  弹数=196
  [评测进度] 80/100  kill(命中/开火)=0.279  direct(直击/开火)=0.099  弹数=222
  [评测进度] 90/100  kill(命中/开火)=0.282  direct(直击/开火)=0.101  弹数=248
  [评测进度] 100/100  kill(命中/开火)=0.274  direct(直击/开火)=0.099  弹数=274
------------------------------------------------------------
[评测] 阶段=stage2_linear  局数=100
  kill_rate(命中/开火) = 0.274  hit_rate(直击/开火) = 0.099  中位TTK = 600
  TTK口径     : 首直击步数；无直击=该局结束步数（评测步限封顶）
  晋级条件 直击/开火 hit_rate≥0.06  当前=0.099  → 指标达标
  附加门槛 : 需对手速度≥1.00（当前=1.00）
  转向阶梯中 : phase=3  rotate=-0.07  （此期间不晋级下一阶段，只按 hit_rate 下调转向）
  未晋级阶段：转向阶梯进行中（属预期）
------------------------------------------------------------
[进度] 26,624,000/100,000,000 (26.6%)  FPS≈1556  阶段=stage2_linear  速度=1.00  直行间隔=180  aim=0.100/lead  rotate=-0.07
[进度] 26,640,384/100,000,000 (26.6%)  FPS≈1481  阶段=stage2_linear  速度=1.00  直行间隔=180  aim=0.100/lead  rotate=-0.07
[进度] 26,656,768/100,000,000 (26.7%)  FPS≈1327  阶段=stage2_linear  速度=1.00  直行间隔=180  aim=0.100/lead  rotate=-0.07
[进度] 26,673,152/100,000,000 (26.7%)  FPS≈1298  阶段=stage2_linear  速度=1.00  直行间隔=180  aim=0.100/lead  rotate=-0.07
[进度] 26,689,536/100,000,000 (26.7%)  FPS≈1409  阶段=stage2_linear  速度=1.00  直行间隔=180  aim=0.100/lead  rotate=-0.07
[进度] 26,705,920/100,000,000 (26.7%)  FPS≈1388  阶段=stage2_linear  速度=1.00  直行间隔=180  aim=0.100/lead  rotate=-0.07
[进度] 26,722,304/100,000,000 (26.7%)  FPS≈1284  阶段=stage2_linear  速度=1.00  直行间隔=180  aim=0.100/lead  rotate=-0.07
[存盘] 课程元数据 model_t26722304_stage1_stage2_linear.curriculum.json  stage=stage2_linear  bot=linear v=1.00
[存盘] runs/curriculum_aim/20260922_225205/checkpoints/model_t26722304_stage1_stage2_linear.zip
[评测] 开始（100 局）…
  [评测进度] 10/100  kill(命中/开火)=0.400  direct(直击/开火)=0.100  弹数=20
  [评测进度] 20/100  kill(命中/开火)=0.294  direct(直击/开火)=0.059  弹数=51
  [评测进度] 30/100  kill(命中/开火)=0.256  direct(直击/开火)=0.064  弹数=78
  [评测进度] 40/100  kill(命中/开火)=0.259  direct(直击/开火)=0.056  弹数=108
  [评测进度] 50/100  kill(命中/开火)=0.264  direct(直击/开火)=0.054  弹数=129
  [评测进度] 60/100  kill(命中/开火)=0.278  direct(直击/开火)=0.063  弹数=158
  [评测进度] 70/100  kill(命中/开火)=0.276  direct(直击/开火)=0.066  弹数=181
  [评测进度] 80/100  kill(命中/开火)=0.278  direct(直击/开火)=0.061  弹数=212
  [评测进度] 90/100  kill(命中/开火)=0.283  direct(直击/开火)=0.059  弹数=237
  [评测进度] 100/100  kill(命中/开火)=0.286  direct(直击/开火)=0.060  弹数=266
------------------------------------------------------------
[评测] 阶段=stage2_linear  局数=100
  kill_rate(命中/开火) = 0.286  hit_rate(直击/开火) = 0.060  中位TTK = 600
  TTK口径     : 首直击步数；无直击=该局结束步数（评测步限封顶）
  晋级条件 直击/开火 hit_rate≥0.06  当前=0.060  → 指标达标
  附加门槛 : 需对手速度≥1.00（当前=1.00）
  转向阶梯中 : phase=3  rotate=-0.07  （此期间不晋级下一阶段，只按 hit_rate 下调转向）
  未晋级阶段：转向阶梯进行中（属预期）
------------------------------------------------------------
[进度] 26,738,688/100,000,000 (26.7%)  FPS≈1431  阶段=stage2_linear  速度=1.00  直行间隔=180  aim=0.100/lead  rotate=-0.07
[进度] 26,755,072/100,000,000 (26.8%)  FPS≈1381  阶段=stage2_linear  速度=1.00  直行间隔=180  aim=0.100/lead  rotate=-0.07
[进度] 26,771,456/100,000,000 (26.8%)  FPS≈1439  阶段=stage2_linear  速度=1.00  直行间隔=180  aim=0.100/lead  rotate=-0.07
[进度] 26,787,840/100,000,000 (26.8%)  FPS≈1335  阶段=stage2_linear  速度=1.00  直行间隔=180  aim=0.100/lead  rotate=-0.07
[进度] 26,804,224/100,000,000 (26.8%)  FPS≈1323  阶段=stage2_linear  速度=1.00  直行间隔=180  aim=0.100/lead  rotate=-0.07
[进度] 26,820,608/100,000,000 (26.8%)  FPS≈1275  阶段=stage2_linear  速度=1.00  直行间隔=180  aim=0.100/lead  rotate=-0.07
[进度] 26,836,992/100,000,000 (26.8%)  FPS≈1281  阶段=stage2_linear  速度=1.00  直行间隔=180  aim=0.100/lead  rotate=-0.07
[存盘] 课程元数据 model_t26836992_stage1_stage2_linear.curriculum.json  stage=stage2_linear  bot=linear v=1.00
[存盘] runs/curriculum_aim/20260922_225205/checkpoints/model_t26836992_stage1_stage2_linear.zip
[评测] 开始（100 局）…
  [评测进度] 10/100  kill(命中/开火)=0.095  direct(直击/开火)=0.048  弹数=21
  [评测进度] 20/100  kill(命中/开火)=0.120  direct(直击/开火)=0.060  弹数=50
  [评测进度] 30/100  kill(命中/开火)=0.165  direct(直击/开火)=0.051  弹数=79
  [评测进度] 40/100  kill(命中/开火)=0.239  direct(直击/开火)=0.073  弹数=109
  [评测进度] 50/100  kill(命中/开火)=0.250  direct(直击/开火)=0.064  弹数=140
  [评测进度] 60/100  kill(命中/开火)=0.242  direct(直击/开火)=0.075  弹数=161
  [评测进度] 70/100  kill(命中/开火)=0.258  direct(直击/开火)=0.089  弹数=190
  [评测进度] 80/100  kill(命中/开火)=0.274  direct(直击/开火)=0.093  弹数=215
  [评测进度] 90/100  kill(命中/开火)=0.283  direct(直击/开火)=0.107  弹数=233
  [评测进度] 100/100  kill(命中/开火)=0.280  direct(直击/开火)=0.105  弹数=257
------------------------------------------------------------
[评测] 阶段=stage2_linear  局数=100
  kill_rate(命中/开火) = 0.280  hit_rate(直击/开火) = 0.105  中位TTK = 600
  TTK口径     : 首直击步数；无直击=该局结束步数（评测步限封顶）
  晋级条件 直击/开火 hit_rate≥0.06  当前=0.105  → 指标达标
  附加门槛 : 需对手速度≥1.00（当前=1.00）
  转向阶梯中 : phase=3  rotate=-0.07  （此期间不晋级下一阶段，只按 hit_rate 下调转向）
  未晋级阶段：转向阶梯进行中（属预期）
------------------------------------------------------------
[进度] 26,853,376/100,000,000 (26.9%)  FPS≈1443  阶段=stage2_linear  速度=1.00  直行间隔=180  aim=0.100/lead  rotate=-0.07
[进度] 26,869,760/100,000,000 (26.9%)  FPS≈1410  阶段=stage2_linear  速度=1.00  直行间隔=180  aim=0.100/lead  rotate=-0.07
[进度] 26,886,144/100,000,000 (26.9%)  FPS≈1361  阶段=stage2_linear  速度=1.00  直行间隔=180  aim=0.100/lead  rotate=-0.07
[进度] 26,902,528/100,000,000 (26.9%)  FPS≈1525  阶段=stage2_linear  速度=1.00  直行间隔=180  aim=0.100/lead  rotate=-0.07
[进度] 26,918,912/100,000,000 (26.9%)  FPS≈1314  阶段=stage2_linear  速度=1.00  直行间隔=180  aim=0.100/lead  rotate=-0.07
[进度] 26,935,296/100,000,000 (26.9%)  FPS≈1313  阶段=stage2_linear  速度=1.00  直行间隔=180  aim=0.100/lead  rotate=-0.07
[进度] 26,951,680/100,000,000 (27.0%)  FPS≈1367  阶段=stage2_linear  速度=1.00  直行间隔=180  aim=0.100/lead  rotate=-0.07
[存盘] 课程元数据 model_t26951680_stage1_stage2_linear.curriculum.json  stage=stage2_linear  bot=linear v=1.00
[存盘] runs/curriculum_aim/20260922_225205/checkpoints/model_t26951680_stage1_stage2_linear.zip
[评测] 开始（100 局）…
  [评测进度] 10/100  kill(命中/开火)=0.345  direct(直击/开火)=0.069  弹数=29
  [评测进度] 20/100  kill(命中/开火)=0.296  direct(直击/开火)=0.056  弹数=54
  [评测进度] 30/100  kill(命中/开火)=0.239  direct(直击/开火)=0.045  弹数=88
  [评测进度] 40/100  kill(命中/开火)=0.239  direct(直击/开火)=0.055  弹数=109
  [评测进度] 50/100  kill(命中/开火)=0.241  direct(直击/开火)=0.060  弹数=133
  [评测进度] 60/100  kill(命中/开火)=0.258  direct(直击/开火)=0.082  弹数=159
  [评测进度] 70/100  kill(命中/开火)=0.282  direct(直击/开火)=0.074  弹数=188
  [评测进度] 80/100  kill(命中/开火)=0.279  direct(直击/开火)=0.077  弹数=208
  [评测进度] 90/100  kill(命中/开火)=0.279  direct(直击/开火)=0.079  弹数=229
  [评测进度] 100/100  kill(命中/开火)=0.281  direct(直击/开火)=0.085  弹数=260
------------------------------------------------------------
[评测] 阶段=stage2_linear  局数=100
  kill_rate(命中/开火) = 0.281  hit_rate(直击/开火) = 0.085  中位TTK = 600
  TTK口径     : 首直击步数；无直击=该局结束步数（评测步限封顶）
  晋级条件 直击/开火 hit_rate≥0.06  当前=0.085  → 指标达标
  附加门槛 : 需对手速度≥1.00（当前=1.00）
  转向阶梯中 : phase=3  rotate=-0.07  （此期间不晋级下一阶段，只按 hit_rate 下调转向）
  未晋级阶段：转向阶梯进行中（属预期）
------------------------------------------------------------
[进度] 26,968,064/100,000,000 (27.0%)  FPS≈1402  阶段=stage2_linear  速度=1.00  直行间隔=180  aim=0.100/lead  rotate=-0.07
[进度] 26,984,448/100,000,000 (27.0%)  FPS≈1374  阶段=stage2_linear  速度=1.00  直行间隔=180  aim=0.100/lead  rotate=-0.07
[进度] 27,000,832/100,000,000 (27.0%)  FPS≈1385  阶段=stage2_linear  速度=1.00  直行间隔=180  aim=0.100/lead  rotate=-0.07
[进度] 27,017,216/100,000,000 (27.0%)  FPS≈1324  阶段=stage2_linear  速度=1.00  直行间隔=180  aim=0.100/lead  rotate=-0.07
[进度] 27,033,600/100,000,000 (27.0%)  FPS≈1378  阶段=stage2_linear  速度=1.00  直行间隔=180  aim=0.100/lead  rotate=-0.07
[进度] 27,049,984/100,000,000 (27.0%)  FPS≈1335  阶段=stage2_linear  速度=1.00  直行间隔=180  aim=0.100/lead  rotate=-0.07
[进度] 27,066,368/100,000,000 (27.1%)  FPS≈1334  阶段=stage2_linear  速度=1.00  直行间隔=180  aim=0.100/lead  rotate=-0.07
[存盘] 课程元数据 model_t27066368_stage1_stage2_linear.curriculum.json  stage=stage2_linear  bot=linear v=1.00
[存盘] runs/curriculum_aim/20260922_225205/checkpoints/model_t27066368_stage1_stage2_linear.zip
[评测] 开始（100 局）…
  [评测进度] 10/100  kill(命中/开火)=0.143  direct(直击/开火)=0.048  弹数=21
  [评测进度] 20/100  kill(命中/开火)=0.227  direct(直击/开火)=0.091  弹数=44
  [评测进度] 30/100  kill(命中/开火)=0.212  direct(直击/开火)=0.076  弹数=66
  [评测进度] 40/100  kill(命中/开火)=0.247  direct(直击/开火)=0.099  弹数=81
  [评测进度] 50/100  kill(命中/开火)=0.257  direct(直击/开火)=0.105  弹数=105
  [评测进度] 60/100  kill(命中/开火)=0.260  direct(直击/开火)=0.094  弹数=127
  [评测进度] 70/100  kill(命中/开火)=0.252  direct(直击/开火)=0.099  弹数=151
  [评测进度] 80/100  kill(命中/开火)=0.262  direct(直击/开火)=0.116  弹数=172
  [评测进度] 90/100  kill(命中/开火)=0.264  direct(直击/开火)=0.124  弹数=193
  [评测进度] 100/100  kill(命中/开火)=0.263  direct(直击/开火)=0.115  弹数=217
------------------------------------------------------------
[评测] 阶段=stage2_linear  局数=100
  kill_rate(命中/开火) = 0.263  hit_rate(直击/开火) = 0.115  中位TTK = 600
  TTK口径     : 首直击步数；无直击=该局结束步数（评测步限封顶）
  晋级条件 直击/开火 hit_rate≥0.06  当前=0.115  → 指标达标
  附加门槛 : 需对手速度≥1.00（当前=1.00）
  转向阶梯中 : phase=3  rotate=-0.07  （此期间不晋级下一阶段，只按 hit_rate 下调转向）
  未晋级阶段：转向阶梯进行中（属预期）
------------------------------------------------------------
[进度] 27,082,752/100,000,000 (27.1%)  FPS≈1503  阶段=stage2_linear  速度=1.00  直行间隔=180  aim=0.100/lead  rotate=-0.07
[进度] 27,099,136/100,000,000 (27.1%)  FPS≈1463  阶段=stage2_linear  速度=1.00  直行间隔=180  aim=0.100/lead  rotate=-0.07
[进度] 27,115,520/100,000,000 (27.1%)  FPS≈1347  阶段=stage2_linear  速度=1.00  直行间隔=180  aim=0.100/lead  rotate=-0.07
[进度] 27,131,904/100,000,000 (27.1%)  FPS≈1284  阶段=stage2_linear  速度=1.00  直行间隔=180  aim=0.100/lead  rotate=-0.07
[进度] 27,148,288/100,000,000 (27.1%)  FPS≈1488  阶段=stage2_linear  速度=1.00  直行间隔=180  aim=0.100/lead  rotate=-0.07
[进度] 27,164,672/100,000,000 (27.2%)  FPS≈1294  阶段=stage2_linear  速度=1.00  直行间隔=180  aim=0.100/lead  rotate=-0.07
[进度] 27,181,056/100,000,000 (27.2%)  FPS≈1365  阶段=stage2_linear  速度=1.00  直行间隔=180  aim=0.100/lead  rotate=-0.07
[存盘] 课程元数据 model_t27181056_stage1_stage2_linear.curriculum.json  stage=stage2_linear  bot=linear v=1.00
[存盘] runs/curriculum_aim/20260922_225205/checkpoints/model_t27181056_stage1_stage2_linear.zip
[评测] 开始（100 局）…
  [评测进度] 10/100  kill(命中/开火)=0.138  direct(直击/开火)=0.034  弹数=29
  [评测进度] 20/100  kill(命中/开火)=0.255  direct(直击/开火)=0.078  弹数=51
  [评测进度] 30/100  kill(命中/开火)=0.269  direct(直击/开火)=0.064  弹数=78
  [评测进度] 40/100  kill(命中/开火)=0.235  direct(直击/开火)=0.051  弹数=98
  [评测进度] 50/100  kill(命中/开火)=0.226  direct(直击/开火)=0.048  弹数=124
  [评测进度] 60/100  kill(命中/开火)=0.229  direct(直击/开火)=0.050  弹数=140
  [评测进度] 70/100  kill(命中/开火)=0.233  direct(直击/开火)=0.055  弹数=163
  [评测进度] 80/100  kill(命中/开火)=0.243  direct(直击/开火)=0.065  弹数=185
  [评测进度] 90/100  kill(命中/开火)=0.236  direct(直击/开火)=0.069  弹数=203
  [评测进度] 100/100  kill(命中/开火)=0.252  direct(直击/开火)=0.070  弹数=230
------------------------------------------------------------
[评测] 阶段=stage2_linear  局数=100
  kill_rate(命中/开火) = 0.252  hit_rate(直击/开火) = 0.070  中位TTK = 600
  TTK口径     : 首直击步数；无直击=该局结束步数（评测步限封顶）
  晋级条件 直击/开火 hit_rate≥0.06  当前=0.070  → 指标达标
  附加门槛 : 需对手速度≥1.00（当前=1.00）
  转向阶梯中 : phase=3  rotate=-0.07  （此期间不晋级下一阶段，只按 hit_rate 下调转向）
  未晋级阶段：转向阶梯进行中（属预期）
------------------------------------------------------------
[进度] 27,197,440/100,000,000 (27.2%)  FPS≈1502  阶段=stage2_linear  速度=1.00  直行间隔=180  aim=0.100/lead  rotate=-0.07
[进度] 27,213,824/100,000,000 (27.2%)  FPS≈1407  阶段=stage2_linear  速度=1.00  直行间隔=180  aim=0.100/lead  rotate=-0.07
[进度] 27,230,208/100,000,000 (27.2%)  FPS≈1364  阶段=stage2_linear  速度=1.00  直行间隔=180  aim=0.100/lead  rotate=-0.07
[进度] 27,246,592/100,000,000 (27.2%)  FPS≈1309  阶段=stage2_linear  速度=1.00  直行间隔=180  aim=0.100/lead  rotate=-0.07
[进度] 27,262,976/100,000,000 (27.3%)  FPS≈1298  阶段=stage2_linear  速度=1.00  直行间隔=180  aim=0.100/lead  rotate=-0.07
[进度] 27,279,360/100,000,000 (27.3%)  FPS≈1340  阶段=stage2_linear  速度=1.00  直行间隔=180  aim=0.100/lead  rotate=-0.07
[进度] 27,295,744/100,000,000 (27.3%)  FPS≈1345  阶段=stage2_linear  速度=1.00  直行间隔=180  aim=0.100/lead  rotate=-0.07
[存盘] 课程元数据 model_t27295744_stage1_stage2_linear.curriculum.json  stage=stage2_linear  bot=linear v=1.00
[存盘] runs/curriculum_aim/20260922_225205/checkpoints/model_t27295744_stage1_stage2_linear.zip
[评测] 开始（100 局）…
  [评测进度] 10/100  kill(命中/开火)=0.318  direct(直击/开火)=0.091  弹数=22
  [评测进度] 20/100  kill(命中/开火)=0.359  direct(直击/开火)=0.128  弹数=39
  [评测进度] 30/100  kill(命中/开火)=0.351  direct(直击/开火)=0.105  弹数=57
  [评测进度] 40/100  kill(命中/开火)=0.319  direct(直击/开火)=0.083  弹数=72
  [评测进度] 50/100  kill(命中/开火)=0.299  direct(直击/开火)=0.072  弹数=97
  [评测进度] 60/100  kill(命中/开火)=0.319  direct(直击/开火)=0.097  弹数=113
  [评测进度] 70/100  kill(命中/开火)=0.315  direct(直击/开火)=0.102  弹数=127
  [评测进度] 80/100  kill(命中/开火)=0.294  direct(直击/开火)=0.091  弹数=143
  [评测进度] 90/100  kill(命中/开火)=0.290  direct(直击/开火)=0.084  弹数=155
  [评测进度] 100/100  kill(命中/开火)=0.322  direct(直击/开火)=0.098  弹数=174
------------------------------------------------------------
[评测] 阶段=stage2_linear  局数=100
  kill_rate(命中/开火) = 0.322  hit_rate(直击/开火) = 0.098  中位TTK = 600
  TTK口径     : 首直击步数；无直击=该局结束步数（评测步限封顶）
  晋级条件 直击/开火 hit_rate≥0.06  当前=0.098  → 指标达标
  附加门槛 : 需对手速度≥1.00（当前=1.00）
  转向阶梯中 : phase=3  rotate=-0.07  （此期间不晋级下一阶段，只按 hit_rate 下调转向）
  未晋级阶段：转向阶梯进行中（属预期）
------------------------------------------------------------
[进度] 27,312,128/100,000,000 (27.3%)  FPS≈1374  阶段=stage2_linear  速度=1.00  直行间隔=180  aim=0.100/lead  rotate=-0.07
[进度] 27,328,512/100,000,000 (27.3%)  FPS≈1510  阶段=stage2_linear  速度=1.00  直行间隔=180  aim=0.100/lead  rotate=-0.07
[进度] 27,344,896/100,000,000 (27.3%)  FPS≈1369  阶段=stage2_linear  速度=1.00  直行间隔=180  aim=0.100/lead  rotate=-0.07
[进度] 27,361,280/100,000,000 (27.4%)  FPS≈1402  阶段=stage2_linear  速度=1.00  直行间隔=180  aim=0.100/lead  rotate=-0.07
[进度] 27,377,664/100,000,000 (27.4%)  FPS≈1331  阶段=stage2_linear  速度=1.00  直行间隔=180  aim=0.100/lead  rotate=-0.07
[进度] 27,394,048/100,000,000 (27.4%)  FPS≈1243  阶段=stage2_linear  速度=1.00  直行间隔=180  aim=0.100/lead  rotate=-0.07
[进度] 27,410,432/100,000,000 (27.4%)  FPS≈1252  阶段=stage2_linear  速度=1.00  直行间隔=180  aim=0.100/lead  rotate=-0.07
[存盘] 课程元数据 model_t27410432_stage1_stage2_linear.curriculum.json  stage=stage2_linear  bot=linear v=1.00
[存盘] runs/curriculum_aim/20260922_225205/checkpoints/model_t27410432_stage1_stage2_linear.zip
[评测] 开始（100 局）…
  [评测进度] 10/100  kill(命中/开火)=0.478  direct(直击/开火)=0.130  弹数=23
  [评测进度] 20/100  kill(命中/开火)=0.387  direct(直击/开火)=0.097  弹数=31
  [评测进度] 30/100  kill(命中/开火)=0.421  direct(直击/开火)=0.105  弹数=38
  [评测进度] 40/100  kill(命中/开火)=0.346  direct(直击/开火)=0.077  弹数=52
  [评测进度] 50/100  kill(命中/开火)=0.343  direct(直击/开火)=0.075  弹数=67
  [评测进度] 60/100  kill(命中/开火)=0.333  direct(直击/开火)=0.080  弹数=75
  [评测进度] 70/100  kill(命中/开火)=0.313  direct(直击/开火)=0.084  弹数=83
  [评测进度] 80/100  kill(命中/开火)=0.288  direct(直击/开火)=0.077  弹数=104
  [评测进度] 90/100  kill(命中/开火)=0.275  direct(直击/开火)=0.075  弹数=120
  [评测进度] 100/100  kill(命中/开火)=0.289  direct(直击/开火)=0.081  弹数=135
------------------------------------------------------------
[评测] 阶段=stage2_linear  局数=100
  kill_rate(命中/开火) = 0.289  hit_rate(直击/开火) = 0.081  中位TTK = 600
  TTK口径     : 首直击步数；无直击=该局结束步数（评测步限封顶）
  晋级条件 直击/开火 hit_rate≥0.06  当前=0.081  → 指标达标
  附加门槛 : 需对手速度≥1.00（当前=1.00）
  转向阶梯中 : phase=3  rotate=-0.07  （此期间不晋级下一阶段，只按 hit_rate 下调转向）
  未晋级阶段：转向阶梯进行中（属预期）
------------------------------------------------------------
[进度] 27,426,816/100,000,000 (27.4%)  FPS≈1513  阶段=stage2_linear  速度=1.00  直行间隔=180  aim=0.100/lead  rotate=-0.07
[进度] 27,443,200/100,000,000 (27.4%)  FPS≈1377  阶段=stage2_linear  速度=1.00  直行间隔=180  aim=0.100/lead  rotate=-0.07
[进度] 27,459,584/100,000,000 (27.5%)  FPS≈1318  阶段=stage2_linear  速度=1.00  直行间隔=180  aim=0.100/lead  rotate=-0.07
[进度] 27,475,968/100,000,000 (27.5%)  FPS≈1438  阶段=stage2_linear  速度=1.00  直行间隔=180  aim=0.100/lead  rotate=-0.07
[进度] 27,492,352/100,000,000 (27.5%)  FPS≈1509  阶段=stage2_linear  速度=1.00  直行间隔=180  aim=0.100/lead  rotate=-0.07
[进度] 27,508,736/100,000,000 (27.5%)  FPS≈1549  阶段=stage2_linear  速度=1.00  直行间隔=180  aim=0.100/lead  rotate=-0.07
[进度] 27,525,120/100,000,000 (27.5%)  FPS≈1264  阶段=stage2_linear  速度=1.00  直行间隔=180  aim=0.100/lead  rotate=-0.07
[存盘] 课程元数据 model_t27525120_stage1_stage2_linear.curriculum.json  stage=stage2_linear  bot=linear v=1.00
[存盘] runs/curriculum_aim/20260922_225205/checkpoints/model_t27525120_stage1_stage2_linear.zip
[评测] 开始（100 局）…
  [评测进度] 10/100  kill(命中/开火)=0.455  direct(直击/开火)=0.182  弹数=11
  [评测进度] 20/100  kill(命中/开火)=0.455  direct(直击/开火)=0.273  弹数=22
  [评测进度] 30/100  kill(命中/开火)=0.417  direct(直击/开火)=0.194  弹数=36
  [评测进度] 40/100  kill(命中/开火)=0.326  direct(直击/开火)=0.152  弹数=46
  [评测进度] 50/100  kill(命中/开火)=0.328  direct(直击/开火)=0.172  弹数=58
  [评测进度] 60/100  kill(命中/开火)=0.343  direct(直击/开火)=0.179  弹数=67
  [评测进度] 70/100  kill(命中/开火)=0.354  direct(直击/开火)=0.171  弹数=82
  [评测进度] 80/100  kill(命中/开火)=0.348  direct(直击/开火)=0.152  弹数=92
  [评测进度] 90/100  kill(命中/开火)=0.356  direct(直击/开火)=0.144  弹数=104
  [评测进度] 100/100  kill(命中/开火)=0.358  direct(直击/开火)=0.133  弹数=120
------------------------------------------------------------
[评测] 阶段=stage2_linear  局数=100
  kill_rate(命中/开火) = 0.358  hit_rate(直击/开火) = 0.133  中位TTK = 600
  TTK口径     : 首直击步数；无直击=该局结束步数（评测步限封顶）
  晋级条件 直击/开火 hit_rate≥0.06  当前=0.133  → 指标达标
  附加门槛 : 需对手速度≥1.00（当前=1.00）
  转向阶梯中 : phase=3  rotate=-0.07  （此期间不晋级下一阶段，只按 hit_rate 下调转向）
  未晋级阶段：转向阶梯进行中（属预期）
------------------------------------------------------------
[进度] 27,541,504/100,000,000 (27.5%)  FPS≈1425  阶段=stage2_linear  速度=1.00  直行间隔=180  aim=0.100/lead  rotate=-0.07
[进度] 27,557,888/100,000,000 (27.6%)  FPS≈1408  阶段=stage2_linear  速度=1.00  直行间隔=180  aim=0.100/lead  rotate=-0.07
[进度] 27,574,272/100,000,000 (27.6%)  FPS≈1370  阶段=stage2_linear  速度=1.00  直行间隔=180  aim=0.100/lead  rotate=-0.07
[进度] 27,590,656/100,000,000 (27.6%)  FPS≈1369  阶段=stage2_linear  速度=1.00  直行间隔=180  aim=0.100/lead  rotate=-0.07
[进度] 27,607,040/100,000,000 (27.6%)  FPS≈1430  阶段=stage2_linear  速度=1.00  直行间隔=180  aim=0.100/lead  rotate=-0.07
[进度] 27,623,424/100,000,000 (27.6%)  FPS≈1293  阶段=stage2_linear  速度=1.00  直行间隔=180  aim=0.100/lead  rotate=-0.07
[进度] 27,639,808/100,000,000 (27.6%)  FPS≈1402  阶段=stage2_linear  速度=1.00  直行间隔=180  aim=0.100/lead  rotate=-0.07
[存盘] 课程元数据 model_t27639808_stage1_stage2_linear.curriculum.json  stage=stage2_linear  bot=linear v=1.00
[存盘] runs/curriculum_aim/20260922_225205/checkpoints/model_t27639808_stage1_stage2_linear.zip
[评测] 开始（100 局）…
  [评测进度] 10/100  kill(命中/开火)=0.304  direct(直击/开火)=0.000  弹数=23
  [评测进度] 20/100  kill(命中/开火)=0.261  direct(直击/开火)=0.000  弹数=46
  [评测进度] 30/100  kill(命中/开火)=0.282  direct(直击/开火)=0.014  弹数=71
  [评测进度] 40/100  kill(命中/开火)=0.309  direct(直击/开火)=0.052  弹数=97
  [评测进度] 50/100  kill(命中/开火)=0.311  direct(直击/开火)=0.050  弹数=119
  [评测进度] 60/100  kill(命中/开火)=0.315  direct(直击/开火)=0.063  弹数=143
  [评测进度] 70/100  kill(命中/开火)=0.307  direct(直击/开火)=0.067  弹数=163
  [评测进度] 80/100  kill(命中/开火)=0.301  direct(直击/开火)=0.075  弹数=186
  [评测进度] 90/100  kill(命中/开火)=0.296  direct(直击/开火)=0.073  弹数=206
  [评测进度] 100/100  kill(命中/开火)=0.280  direct(直击/开火)=0.078  弹数=232
------------------------------------------------------------
[评测] 阶段=stage2_linear  局数=100
  kill_rate(命中/开火) = 0.280  hit_rate(直击/开火) = 0.078  中位TTK = 600
  TTK口径     : 首直击步数；无直击=该局结束步数（评测步限封顶）
  晋级条件 直击/开火 hit_rate≥0.06  当前=0.078  → 指标达标
  附加门槛 : 需对手速度≥1.00（当前=1.00）
  转向阶梯中 : phase=3  rotate=-0.07  （此期间不晋级下一阶段，只按 hit_rate 下调转向）
  未晋级阶段：转向阶梯进行中（属预期）
------------------------------------------------------------
[进度] 27,656,192/100,000,000 (27.7%)  FPS≈1371  阶段=stage2_linear  速度=1.00  直行间隔=180  aim=0.100/lead  rotate=-0.07
[进度] 27,672,576/100,000,000 (27.7%)  FPS≈1452  阶段=stage2_linear  速度=1.00  直行间隔=180  aim=0.100/lead  rotate=-0.07
[进度] 27,688,960/100,000,000 (27.7%)  FPS≈1431  阶段=stage2_linear  速度=1.00  直行间隔=180  aim=0.100/lead  rotate=-0.07
[进度] 27,705,344/100,000,000 (27.7%)  FPS≈1455  阶段=stage2_linear  速度=1.00  直行间隔=180  aim=0.100/lead  rotate=-0.07
[进度] 27,721,728/100,000,000 (27.7%)  FPS≈1534  阶段=stage2_linear  速度=1.00  直行间隔=180  aim=0.100/lead  rotate=-0.07
[进度] 27,738,112/100,000,000 (27.7%)  FPS≈1299  阶段=stage2_linear  速度=1.00  直行间隔=180  aim=0.100/lead  rotate=-0.07
[进度] 27,754,496/100,000,000 (27.8%)  FPS≈1287  阶段=stage2_linear  速度=1.00  直行间隔=180  aim=0.100/lead  rotate=-0.07
[存盘] 课程元数据 model_t27754496_stage1_stage2_linear.curriculum.json  stage=stage2_linear  bot=linear v=1.00
[存盘] runs/curriculum_aim/20260922_225205/checkpoints/model_t27754496_stage1_stage2_linear.zip
[评测] 开始（100 局）…
  [评测进度] 10/100  kill(命中/开火)=0.500  direct(直击/开火)=0.167  弹数=12
  [评测进度] 20/100  kill(命中/开火)=0.303  direct(直击/开火)=0.061  弹数=33
  [评测进度] 30/100  kill(命中/开火)=0.300  direct(直击/开火)=0.060  弹数=50
  [评测进度] 40/100  kill(命中/开火)=0.348  direct(直击/开火)=0.106  弹数=66
  [评测进度] 50/100  kill(命中/开火)=0.353  direct(直击/开火)=0.106  弹数=85
  [评测进度] 60/100  kill(命中/开火)=0.333  direct(直击/开火)=0.108  弹数=102
  [评测进度] 70/100  kill(命中/开火)=0.330  direct(直击/开火)=0.107  弹数=112
  [评测进度] 80/100  kill(命中/开火)=0.336  direct(直击/开火)=0.098  弹数=122
  [评测进度] 90/100  kill(命中/开火)=0.319  direct(直击/开火)=0.089  弹数=135
  [评测进度] 100/100  kill(命中/开火)=0.322  direct(直击/开火)=0.092  弹数=152
------------------------------------------------------------
[评测] 阶段=stage2_linear  局数=100
  kill_rate(命中/开火) = 0.322  hit_rate(直击/开火) = 0.092  中位TTK = 600
  TTK口径     : 首直击步数；无直击=该局结束步数（评测步限封顶）
  晋级条件 直击/开火 hit_rate≥0.06  当前=0.092  → 指标达标
  附加门槛 : 需对手速度≥1.00（当前=1.00）
  转向阶梯中 : phase=3  rotate=-0.07  （此期间不晋级下一阶段，只按 hit_rate 下调转向）
  未晋级阶段：转向阶梯进行中（属预期）
------------------------------------------------------------
[进度] 27,770,880/100,000,000 (27.8%)  FPS≈1502  阶段=stage2_linear  速度=1.00  直行间隔=180  aim=0.100/lead  rotate=-0.07
[进度] 27,787,264/100,000,000 (27.8%)  FPS≈1540  阶段=stage2_linear  速度=1.00  直行间隔=180  aim=0.100/lead  rotate=-0.07
[进度] 27,803,648/100,000,000 (27.8%)  FPS≈1363  阶段=stage2_linear  速度=1.00  直行间隔=180  aim=0.100/lead  rotate=-0.07
[进度] 27,820,032/100,000,000 (27.8%)  FPS≈1420  阶段=stage2_linear  速度=1.00  直行间隔=180  aim=0.100/lead  rotate=-0.07
[进度] 27,836,416/100,000,000 (27.8%)  FPS≈1331  阶段=stage2_linear  速度=1.00  直行间隔=180  aim=0.100/lead  rotate=-0.07
[进度] 27,852,800/100,000,000 (27.9%)  FPS≈1413  阶段=stage2_linear  速度=1.00  直行间隔=180  aim=0.100/lead  rotate=-0.07
[进度] 27,869,184/100,000,000 (27.9%)  FPS≈1259  阶段=stage2_linear  速度=1.00  直行间隔=180  aim=0.100/lead  rotate=-0.07
[存盘] 课程元数据 model_t27869184_stage1_stage2_linear.curriculum.json  stage=stage2_linear  bot=linear v=1.00
[存盘] runs/curriculum_aim/20260922_225205/checkpoints/model_t27869184_stage1_stage2_linear.zip
[评测] 开始（100 局）…
  [评测进度] 10/100  kill(命中/开火)=0.389  direct(直击/开火)=0.111  弹数=18
  [评测进度] 20/100  kill(命中/开火)=0.308  direct(直击/开火)=0.077  弹数=39
  [评测进度] 30/100  kill(命中/开火)=0.254  direct(直击/开火)=0.068  弹数=59
  [评测进度] 40/100  kill(命中/开火)=0.269  direct(直击/开火)=0.064  弹数=78
  [评测进度] 50/100  kill(命中/开火)=0.260  direct(直击/开火)=0.080  弹数=100
  [评测进度] 60/100  kill(命中/开火)=0.244  direct(直击/开火)=0.081  弹数=123
  [评测进度] 70/100  kill(命中/开火)=0.283  direct(直击/开火)=0.109  弹数=138
  [评测进度] 80/100  kill(命中/开火)=0.293  direct(直击/开火)=0.113  弹数=150
  [评测进度] 90/100  kill(命中/开火)=0.297  direct(直击/开火)=0.103  弹数=165
  [评测进度] 100/100  kill(命中/开火)=0.316  direct(直击/开火)=0.112  弹数=187
------------------------------------------------------------
[评测] 阶段=stage2_linear  局数=100
  kill_rate(命中/开火) = 0.316  hit_rate(直击/开火) = 0.112  中位TTK = 600
  TTK口径     : 首直击步数；无直击=该局结束步数（评测步限封顶）
  晋级条件 直击/开火 hit_rate≥0.06  当前=0.112  → 指标达标
  附加门槛 : 需对手速度≥1.00（当前=1.00）
  转向阶梯中 : phase=3  rotate=-0.07  （此期间不晋级下一阶段，只按 hit_rate 下调转向）
  未晋级阶段：转向阶梯进行中（属预期）
------------------------------------------------------------
[进度] 27,885,568/100,000,000 (27.9%)  FPS≈1529  阶段=stage2_linear  速度=1.00  直行间隔=180  aim=0.100/lead  rotate=-0.07
[进度] 27,901,952/100,000,000 (27.9%)  FPS≈1507  阶段=stage2_linear  速度=1.00  直行间隔=180  aim=0.100/lead  rotate=-0.07
[进度] 27,918,336/100,000,000 (27.9%)  FPS≈1449  阶段=stage2_linear  速度=1.00  直行间隔=180  aim=0.100/lead  rotate=-0.07
[进度] 27,934,720/100,000,000 (27.9%)  FPS≈1436  阶段=stage2_linear  速度=1.00  直行间隔=180  aim=0.100/lead  rotate=-0.07
[进度] 27,951,104/100,000,000 (28.0%)  FPS≈1347  阶段=stage2_linear  速度=1.00  直行间隔=180  aim=0.100/lead  rotate=-0.07
[进度] 27,967,488/100,000,000 (28.0%)  FPS≈1315  阶段=stage2_linear  速度=1.00  直行间隔=180  aim=0.100/lead  rotate=-0.07
[进度] 27,983,872/100,000,000 (28.0%)  FPS≈1438  阶段=stage2_linear  速度=1.00  直行间隔=180  aim=0.100/lead  rotate=-0.07
[存盘] 课程元数据 model_t27983872_stage1_stage2_linear.curriculum.json  stage=stage2_linear  bot=linear v=1.00
[存盘] runs/curriculum_aim/20260922_225205/checkpoints/model_t27983872_stage1_stage2_linear.zip
[评测] 开始（100 局）…
  [评测进度] 10/100  kill(命中/开火)=0.200  direct(直击/开火)=0.080  弹数=25
  [评测进度] 20/100  kill(命中/开火)=0.228  direct(直击/开火)=0.070  弹数=57
  [评测进度] 30/100  kill(命中/开火)=0.215  direct(直击/开火)=0.076  弹数=79
  [评测进度] 40/100  kill(命中/开火)=0.271  direct(直击/开火)=0.093  弹数=107
  [评测进度] 50/100  kill(命中/开火)=0.244  direct(直击/开火)=0.076  弹数=131
  [评测进度] 60/100  kill(命中/开火)=0.265  direct(直击/开火)=0.086  弹数=151
  [评测进度] 70/100  kill(命中/开火)=0.263  direct(直击/开火)=0.084  弹数=179
  [评测进度] 80/100  kill(命中/开火)=0.275  direct(直击/开火)=0.088  弹数=204
  [评测进度] 90/100  kill(命中/开火)=0.263  direct(直击/开火)=0.080  弹数=224
  [评测进度] 100/100  kill(命中/开火)=0.259  direct(直击/开火)=0.077  弹数=247
------------------------------------------------------------
[评测] 阶段=stage2_linear  局数=100
  kill_rate(命中/开火) = 0.259  hit_rate(直击/开火) = 0.077  中位TTK = 600
  TTK口径     : 首直击步数；无直击=该局结束步数（评测步限封顶）
  晋级条件 直击/开火 hit_rate≥0.06  当前=0.077  → 指标达标
  附加门槛 : 需对手速度≥1.00（当前=1.00）
  转向阶梯中 : phase=3  rotate=-0.07  （此期间不晋级下一阶段，只按 hit_rate 下调转向）
  未晋级阶段：转向阶梯进行中（属预期）
------------------------------------------------------------
[进度] 28,000,256/100,000,000 (28.0%)  FPS≈1339  阶段=stage2_linear  速度=1.00  直行间隔=180  aim=0.100/lead  rotate=-0.07
[进度] 28,016,640/100,000,000 (28.0%)  FPS≈1383  阶段=stage2_linear  速度=1.00  直行间隔=180  aim=0.100/lead  rotate=-0.07
[进度] 28,033,024/100,000,000 (28.0%)  FPS≈1375  阶段=stage2_linear  速度=1.00  直行间隔=180  aim=0.100/lead  rotate=-0.07
[进度] 28,049,408/100,000,000 (28.0%)  FPS≈1303  阶段=stage2_linear  速度=1.00  直行间隔=180  aim=0.100/lead  rotate=-0.07
[进度] 28,065,792/100,000,000 (28.1%)  FPS≈1313  阶段=stage2_linear  速度=1.00  直行间隔=180  aim=0.100/lead  rotate=-0.07
[进度] 28,082,176/100,000,000 (28.1%)  FPS≈1327  阶段=stage2_linear  速度=1.00  直行间隔=180  aim=0.100/lead  rotate=-0.07
[进度] 28,098,560/100,000,000 (28.1%)  FPS≈1276  阶段=stage2_linear  速度=1.00  直行间隔=180  aim=0.100/lead  rotate=-0.07
[存盘] 课程元数据 model_t28098560_stage1_stage2_linear.curriculum.json  stage=stage2_linear  bot=linear v=1.00
[存盘] runs/curriculum_aim/20260922_225205/checkpoints/model_t28098560_stage1_stage2_linear.zip
[评测] 开始（100 局）…
  [评测进度] 10/100  kill(命中/开火)=0.250  direct(直击/开火)=0.071  弹数=28
  [评测进度] 20/100  kill(命中/开火)=0.264  direct(直击/开火)=0.113  弹数=53
  [评测进度] 30/100  kill(命中/开火)=0.241  direct(直击/开火)=0.089  弹数=79
  [评测进度] 40/100  kill(命中/开火)=0.287  direct(直击/开火)=0.102  弹数=108
  [评测进度] 50/100  kill(命中/开火)=0.303  direct(直击/开火)=0.083  弹数=132
  [评测进度] 60/100  kill(命中/开火)=0.302  direct(直击/开火)=0.082  弹数=159
  [评测进度] 70/100  kill(命中/开火)=0.288  direct(直击/开火)=0.076  弹数=184
  [评测进度] 80/100  kill(命中/开火)=0.260  direct(直击/开火)=0.065  弹数=215
  [评测进度] 90/100  kill(命中/开火)=0.270  direct(直击/开火)=0.065  弹数=248
  [评测进度] 100/100  kill(命中/开火)=0.279  direct(直击/开火)=0.065  弹数=276
------------------------------------------------------------
[评测] 阶段=stage2_linear  局数=100
  kill_rate(命中/开火) = 0.279  hit_rate(直击/开火) = 0.065  中位TTK = 600
  TTK口径     : 首直击步数；无直击=该局结束步数（评测步限封顶）
  晋级条件 直击/开火 hit_rate≥0.06  当前=0.065  → 指标达标
  附加门槛 : 需对手速度≥1.00（当前=1.00）
  转向阶梯中 : phase=3  rotate=-0.07  （此期间不晋级下一阶段，只按 hit_rate 下调转向）
  未晋级阶段：转向阶梯进行中（属预期）
------------------------------------------------------------
[进度] 28,114,944/100,000,000 (28.1%)  FPS≈1585  阶段=stage2_linear  速度=1.00  直行间隔=180  aim=0.100/lead  rotate=-0.07
[进度] 28,131,328/100,000,000 (28.1%)  FPS≈1417  阶段=stage2_linear  速度=1.00  直行间隔=180  aim=0.100/lead  rotate=-0.07
[进度] 28,147,712/100,000,000 (28.1%)  FPS≈1522  阶段=stage2_linear  速度=1.00  直行间隔=180  aim=0.100/lead  rotate=-0.07
[进度] 28,164,096/100,000,000 (28.2%)  FPS≈1354  阶段=stage2_linear  速度=1.00  直行间隔=180  aim=0.100/lead  rotate=-0.07
[进度] 28,180,480/100,000,000 (28.2%)  FPS≈1253  阶段=stage2_linear  速度=1.00  直行间隔=180  aim=0.100/lead  rotate=-0.07
[进度] 28,196,864/100,000,000 (28.2%)  FPS≈1432  阶段=stage2_linear  速度=1.00  直行间隔=180  aim=0.100/lead  rotate=-0.07
[进度] 28,213,248/100,000,000 (28.2%)  FPS≈1385  阶段=stage2_linear  速度=1.00  直行间隔=180  aim=0.100/lead  rotate=-0.07
[存盘] 课程元数据 model_t28213248_stage1_stage2_linear.curriculum.json  stage=stage2_linear  bot=linear v=1.00
[存盘] runs/curriculum_aim/20260922_225205/checkpoints/model_t28213248_stage1_stage2_linear.zip
[评测] 开始（100 局）…
  [评测进度] 10/100  kill(命中/开火)=0.243  direct(直击/开火)=0.000  弹数=37
  [评测进度] 20/100  kill(命中/开火)=0.254  direct(直击/开火)=0.034  弹数=59
  [评测进度] 30/100  kill(命中/开火)=0.244  direct(直击/开火)=0.058  弹数=86
  [评测进度] 40/100  kill(命中/开火)=0.270  direct(直击/开火)=0.063  弹数=111
  [评测进度] 50/100  kill(命中/开火)=0.283  direct(直击/开火)=0.058  弹数=138
  [评测进度] 60/100  kill(命中/开火)=0.295  direct(直击/开火)=0.072  弹数=166
  [评测进度] 70/100  kill(命中/开火)=0.284  direct(直击/开火)=0.062  弹数=194
  [评测进度] 80/100  kill(命中/开火)=0.292  direct(直击/开火)=0.071  弹数=212
  [评测进度] 90/100  kill(命中/开火)=0.308  direct(直击/开火)=0.075  弹数=240
  [评测进度] 100/100  kill(命中/开火)=0.326  direct(直击/开火)=0.081  弹数=258
------------------------------------------------------------
[评测] 阶段=stage2_linear  局数=100
  kill_rate(命中/开火) = 0.326  hit_rate(直击/开火) = 0.081  中位TTK = 600
  TTK口径     : 首直击步数；无直击=该局结束步数（评测步限封顶）
  晋级条件 直击/开火 hit_rate≥0.06  当前=0.081  → 指标达标
  附加门槛 : 需对手速度≥1.00（当前=1.00）
  转向阶梯中 : phase=3  rotate=-0.07  （此期间不晋级下一阶段，只按 hit_rate 下调转向）
  未晋级阶段：转向阶梯进行中（属预期）
------------------------------------------------------------
[进度] 28,229,632/100,000,000 (28.2%)  FPS≈1492  阶段=stage2_linear  速度=1.00  直行间隔=180  aim=0.100/lead  rotate=-0.07
[进度] 28,246,016/100,000,000 (28.2%)  FPS≈1318  阶段=stage2_linear  速度=1.00  直行间隔=180  aim=0.100/lead  rotate=-0.07
[进度] 28,262,400/100,000,000 (28.3%)  FPS≈1368  阶段=stage2_linear  速度=1.00  直行间隔=180  aim=0.100/lead  rotate=-0.07
[进度] 28,278,784/100,000,000 (28.3%)  FPS≈1464  阶段=stage2_linear  速度=1.00  直行间隔=180  aim=0.100/lead  rotate=-0.07
[进度] 28,295,168/100,000,000 (28.3%)  FPS≈1443  阶段=stage2_linear  速度=1.00  直行间隔=180  aim=0.100/lead  rotate=-0.07
[进度] 28,311,552/100,000,000 (28.3%)  FPS≈1554  阶段=stage2_linear  速度=1.00  直行间隔=180  aim=0.100/lead  rotate=-0.07
[进度] 28,327,936/100,000,000 (28.3%)  FPS≈1393  阶段=stage2_linear  速度=1.00  直行间隔=180  aim=0.100/lead  rotate=-0.07
[存盘] 课程元数据 model_t28327936_stage1_stage2_linear.curriculum.json  stage=stage2_linear  bot=linear v=1.00
[存盘] runs/curriculum_aim/20260922_225205/checkpoints/model_t28327936_stage1_stage2_linear.zip
[评测] 开始（100 局）…
  [评测进度] 10/100  kill(命中/开火)=0.316  direct(直击/开火)=0.211  弹数=19
  [评测进度] 20/100  kill(命中/开火)=0.318  direct(直击/开火)=0.159  弹数=44
  [评测进度] 30/100  kill(命中/开火)=0.286  direct(直击/开火)=0.114  弹数=70
  [评测进度] 40/100  kill(命中/开火)=0.305  direct(直击/开火)=0.095  弹数=105
  [评测进度] 50/100  kill(命中/开火)=0.306  direct(直击/开火)=0.089  弹数=124
  [评测进度] 60/100  kill(命中/开火)=0.278  direct(直击/开火)=0.070  弹数=158
  [评测进度] 70/100  kill(命中/开火)=0.267  direct(直击/开火)=0.064  弹数=187
  [评测进度] 80/100  kill(命中/开火)=0.262  direct(直击/开火)=0.062  弹数=210
  [评测进度] 90/100  kill(命中/开火)=0.250  direct(直击/开火)=0.059  弹数=236
  [评测进度] 100/100  kill(命中/开火)=0.248  direct(直击/开火)=0.053  弹数=262
------------------------------------------------------------
[评测] 阶段=stage2_linear  局数=100
  kill_rate(命中/开火) = 0.248  hit_rate(直击/开火) = 0.053  中位TTK = 600
  TTK口径     : 首直击步数；无直击=该局结束步数（评测步限封顶）
  晋级条件 直击/开火 hit_rate≥0.06  当前=0.053  → 指标未达标
  附加门槛 : 需对手速度≥1.00（当前=1.00）
  转向阶梯中 : phase=3  rotate=-0.07  （此期间不晋级下一阶段，只按 hit_rate 下调转向）
  未晋级阶段：转向阶梯进行中（属预期）
------------------------------------------------------------
[进度] 28,344,320/100,000,000 (28.3%)  FPS≈1443  阶段=stage2_linear  速度=1.00  直行间隔=180  aim=0.100/lead  rotate=-0.07
[进度] 28,360,704/100,000,000 (28.4%)  FPS≈1337  阶段=stage2_linear  速度=1.00  直行间隔=180  aim=0.100/lead  rotate=-0.07
[进度] 28,377,088/100,000,000 (28.4%)  FPS≈1335  阶段=stage2_linear  速度=1.00  直行间隔=180  aim=0.100/lead  rotate=-0.07
[进度] 28,393,472/100,000,000 (28.4%)  FPS≈1430  阶段=stage2_linear  速度=1.00  直行间隔=180  aim=0.100/lead  rotate=-0.07
[进度] 28,409,856/100,000,000 (28.4%)  FPS≈1516  阶段=stage2_linear  速度=1.00  直行间隔=180  aim=0.100/lead  rotate=-0.07
[进度] 28,426,240/100,000,000 (28.4%)  FPS≈1343  阶段=stage2_linear  速度=1.00  直行间隔=180  aim=0.100/lead  rotate=-0.07
[进度] 28,442,624/100,000,000 (28.4%)  FPS≈1574  阶段=stage2_linear  速度=1.00  直行间隔=180  aim=0.100/lead  rotate=-0.07
[存盘] 课程元数据 model_t28442624_stage1_stage2_linear.curriculum.json  stage=stage2_linear  bot=linear v=1.00
[存盘] runs/curriculum_aim/20260922_225205/checkpoints/model_t28442624_stage1_stage2_linear.zip
[评测] 开始（100 局）…
  [评测进度] 10/100  kill(命中/开火)=0.179  direct(直击/开火)=0.071  弹数=28
  [评测进度] 20/100  kill(命中/开火)=0.208  direct(直击/开火)=0.104  弹数=48
  [评测进度] 30/100  kill(命中/开火)=0.189  direct(直击/开火)=0.081  弹数=74
  [评测进度] 40/100  kill(命中/开火)=0.198  direct(直击/开火)=0.083  弹数=96
  [评测进度] 50/100  kill(命中/开火)=0.210  direct(直击/开火)=0.081  弹数=124
  [评测进度] 60/100  kill(命中/开火)=0.199  direct(直击/开火)=0.079  弹数=151
  [评测进度] 70/100  kill(命中/开火)=0.217  direct(直击/开火)=0.103  弹数=175
  [评测进度] 80/100  kill(命中/开火)=0.227  direct(直击/开火)=0.089  弹数=203
  [评测进度] 90/100  kill(命中/开火)=0.231  direct(直击/开火)=0.084  弹数=225
  [评测进度] 100/100  kill(命中/开火)=0.241  direct(直击/开火)=0.106  弹数=245
------------------------------------------------------------
[评测] 阶段=stage2_linear  局数=100
  kill_rate(命中/开火) = 0.241  hit_rate(直击/开火) = 0.106  中位TTK = 600
  TTK口径     : 首直击步数；无直击=该局结束步数（评测步限封顶）
  晋级条件 直击/开火 hit_rate≥0.06  当前=0.106  → 指标达标
  附加门槛 : 需对手速度≥1.00（当前=1.00）
  转向阶梯中 : phase=3  rotate=-0.07  （此期间不晋级下一阶段，只按 hit_rate 下调转向）
  未晋级阶段：转向阶梯进行中（属预期）
------------------------------------------------------------
[进度] 28,459,008/100,000,000 (28.5%)  FPS≈1533  阶段=stage2_linear  速度=1.00  直行间隔=180  aim=0.100/lead  rotate=-0.07
[进度] 28,475,392/100,000,000 (28.5%)  FPS≈1402  阶段=stage2_linear  速度=1.00  直行间隔=180  aim=0.100/lead  rotate=-0.07
[进度] 28,491,776/100,000,000 (28.5%)  FPS≈1531  阶段=stage2_linear  速度=1.00  直行间隔=180  aim=0.100/lead  rotate=-0.07
[进度] 28,508,160/100,000,000 (28.5%)  FPS≈1455  阶段=stage2_linear  速度=1.00  直行间隔=180  aim=0.100/lead  rotate=-0.07
[进度] 28,524,544/100,000,000 (28.5%)  FPS≈1261  阶段=stage2_linear  速度=1.00  直行间隔=180  aim=0.100/lead  rotate=-0.07
[进度] 28,540,928/100,000,000 (28.5%)  FPS≈1391  阶段=stage2_linear  速度=1.00  直行间隔=180  aim=0.100/lead  rotate=-0.07
[进度] 28,557,312/100,000,000 (28.6%)  FPS≈1440  阶段=stage2_linear  速度=1.00  直行间隔=180  aim=0.100/lead  rotate=-0.07
[存盘] 课程元数据 model_t28557312_stage1_stage2_linear.curriculum.json  stage=stage2_linear  bot=linear v=1.00
[存盘] runs/curriculum_aim/20260922_225205/checkpoints/model_t28557312_stage1_stage2_linear.zip
[评测] 开始（100 局）…
  [评测进度] 10/100  kill(命中/开火)=0.182  direct(直击/开火)=0.091  弹数=33
  [评测进度] 20/100  kill(命中/开火)=0.265  direct(直击/开火)=0.059  弹数=68
  [评测进度] 30/100  kill(命中/开火)=0.222  direct(直击/开火)=0.051  弹数=99
  [评测进度] 40/100  kill(命中/开火)=0.250  direct(直击/开火)=0.073  弹数=124
  [评测进度] 50/100  kill(命中/开火)=0.245  direct(直击/开火)=0.071  弹数=155
  [评测进度] 60/100  kill(命中/开火)=0.247  direct(直击/开火)=0.074  弹数=190
  [评测进度] 70/100  kill(命中/开火)=0.257  direct(直击/开火)=0.063  弹数=222
  [评测进度] 80/100  kill(命中/开火)=0.273  direct(直击/开火)=0.076  弹数=249
  [评测进度] 90/100  kill(命中/开火)=0.276  direct(直击/开火)=0.068  弹数=279
  [评测进度] 100/100  kill(命中/开火)=0.267  direct(直击/开火)=0.070  弹数=315
------------------------------------------------------------
[评测] 阶段=stage2_linear  局数=100
  kill_rate(命中/开火) = 0.267  hit_rate(直击/开火) = 0.070  中位TTK = 600
  TTK口径     : 首直击步数；无直击=该局结束步数（评测步限封顶）
  晋级条件 直击/开火 hit_rate≥0.06  当前=0.070  → 指标达标
  附加门槛 : 需对手速度≥1.00（当前=1.00）
  转向阶梯中 : phase=3  rotate=-0.07  （此期间不晋级下一阶段，只按 hit_rate 下调转向）
  未晋级阶段：转向阶梯进行中（属预期）
------------------------------------------------------------
[进度] 28,573,696/100,000,000 (28.6%)  FPS≈1392  阶段=stage2_linear  速度=1.00  直行间隔=180  aim=0.100/lead  rotate=-0.07
[进度] 28,590,080/100,000,000 (28.6%)  FPS≈1393  阶段=stage2_linear  速度=1.00  直行间隔=180  aim=0.100/lead  rotate=-0.07
[进度] 28,606,464/100,000,000 (28.6%)  FPS≈1309  阶段=stage2_linear  速度=1.00  直行间隔=180  aim=0.100/lead  rotate=-0.07
[进度] 28,622,848/100,000,000 (28.6%)  FPS≈1320  阶段=stage2_linear  速度=1.00  直行间隔=180  aim=0.100/lead  rotate=-0.07
[进度] 28,639,232/100,000,000 (28.6%)  FPS≈1292  阶段=stage2_linear  速度=1.00  直行间隔=180  aim=0.100/lead  rotate=-0.07
[进度] 28,655,616/100,000,000 (28.7%)  FPS≈1481  阶段=stage2_linear  速度=1.00  直行间隔=180  aim=0.100/lead  rotate=-0.07
[进度] 28,672,000/100,000,000 (28.7%)  FPS≈1291  阶段=stage2_linear  速度=1.00  直行间隔=180  aim=0.100/lead  rotate=-0.07
[存盘] 课程元数据 model_t28672000_stage1_stage2_linear.curriculum.json  stage=stage2_linear  bot=linear v=1.00
[存盘] runs/curriculum_aim/20260922_225205/checkpoints/model_t28672000_stage1_stage2_linear.zip
[评测] 开始（100 局）…
  [评测进度] 10/100  kill(命中/开火)=0.303  direct(直击/开火)=0.061  弹数=33
  [评测进度] 20/100  kill(命中/开火)=0.351  direct(直击/开火)=0.088  弹数=57
  [评测进度] 30/100  kill(命中/开火)=0.333  direct(直击/开火)=0.083  弹数=84
  [评测进度] 40/100  kill(命中/开火)=0.282  direct(直击/开火)=0.060  弹数=117
  [评测进度] 50/100  kill(命中/开火)=0.289  direct(直击/开火)=0.056  弹数=142
  [评测进度] 60/100  kill(命中/开火)=0.279  direct(直击/开火)=0.052  弹数=172
  [评测进度] 70/100  kill(命中/开火)=0.264  direct(直击/开火)=0.056  弹数=197
  [评测进度] 80/100  kill(命中/开火)=0.258  direct(直击/开火)=0.055  弹数=217
  [评测进度] 90/100  kill(命中/开火)=0.245  direct(直击/开火)=0.049  弹数=245
  [评测进度] 100/100  kill(命中/开火)=0.252  direct(直击/开火)=0.048  弹数=270
------------------------------------------------------------
[评测] 阶段=stage2_linear  局数=100
  kill_rate(命中/开火) = 0.252  hit_rate(直击/开火) = 0.048  中位TTK = 600
  TTK口径     : 首直击步数；无直击=该局结束步数（评测步限封顶）
  晋级条件 直击/开火 hit_rate≥0.06  当前=0.048  → 指标未达标
  附加门槛 : 需对手速度≥1.00（当前=1.00）
  转向阶梯中 : phase=3  rotate=-0.07  （此期间不晋级下一阶段，只按 hit_rate 下调转向）
  未晋级阶段：转向阶梯进行中（属预期）
------------------------------------------------------------
[进度] 28,688,384/100,000,000 (28.7%)  FPS≈1455  阶段=stage2_linear  速度=1.00  直行间隔=180  aim=0.100/lead  rotate=-0.07
[进度] 28,704,768/100,000,000 (28.7%)  FPS≈1364  阶段=stage2_linear  速度=1.00  直行间隔=180  aim=0.100/lead  rotate=-0.07
[进度] 28,721,152/100,000,000 (28.7%)  FPS≈1413  阶段=stage2_linear  速度=1.00  直行间隔=180  aim=0.100/lead  rotate=-0.07
[进度] 28,737,536/100,000,000 (28.7%)  FPS≈1373  阶段=stage2_linear  速度=1.00  直行间隔=180  aim=0.100/lead  rotate=-0.07
[进度] 28,753,920/100,000,000 (28.8%)  FPS≈1430  阶段=stage2_linear  速度=1.00  直行间隔=180  aim=0.100/lead  rotate=-0.07
[进度] 28,770,304/100,000,000 (28.8%)  FPS≈1415  阶段=stage2_linear  速度=1.00  直行间隔=180  aim=0.100/lead  rotate=-0.07
[进度] 28,786,688/100,000,000 (28.8%)  FPS≈1303  阶段=stage2_linear  速度=1.00  直行间隔=180  aim=0.100/lead  rotate=-0.07
[存盘] 课程元数据 model_t28786688_stage1_stage2_linear.curriculum.json  stage=stage2_linear  bot=linear v=1.00
[存盘] runs/curriculum_aim/20260922_225205/checkpoints/model_t28786688_stage1_stage2_linear.zip
[评测] 开始（100 局）…
  [评测进度] 10/100  kill(命中/开火)=0.440  direct(直击/开火)=0.120  弹数=25
  [评测进度] 20/100  kill(命中/开火)=0.333  direct(直击/开火)=0.078  弹数=51
  [评测进度] 30/100  kill(命中/开火)=0.333  direct(直击/开火)=0.083  弹数=84
  [评测进度] 40/100  kill(命中/开火)=0.336  direct(直击/开火)=0.093  弹数=107
  [评测进度] 50/100  kill(命中/开火)=0.290  direct(直击/开火)=0.080  弹数=138
  [评测进度] 60/100  kill(命中/开火)=0.277  direct(直击/开火)=0.066  弹数=166
  [评测进度] 70/100  kill(命中/开火)=0.266  direct(直击/开火)=0.070  弹数=199
  [评测进度] 80/100  kill(命中/开火)=0.263  direct(直击/开火)=0.078  弹数=232
  [评测进度] 90/100  kill(命中/开火)=0.256  direct(直击/开火)=0.078  弹数=270
  [评测进度] 100/100  kill(命中/开火)=0.262  direct(直击/开火)=0.083  弹数=302
------------------------------------------------------------
[评测] 阶段=stage2_linear  局数=100
  kill_rate(命中/开火) = 0.262  hit_rate(直击/开火) = 0.083  中位TTK = 600
  TTK口径     : 首直击步数；无直击=该局结束步数（评测步限封顶）
  晋级条件 直击/开火 hit_rate≥0.06  当前=0.083  → 指标达标
  附加门槛 : 需对手速度≥1.00（当前=1.00）
  转向阶梯中 : phase=3  rotate=-0.07  （此期间不晋级下一阶段，只按 hit_rate 下调转向）
  未晋级阶段：转向阶梯进行中（属预期）
------------------------------------------------------------
[进度] 28,803,072/100,000,000 (28.8%)  FPS≈1389  阶段=stage2_linear  速度=1.00  直行间隔=180  aim=0.100/lead  rotate=-0.07
[进度] 28,819,456/100,000,000 (28.8%)  FPS≈1390  阶段=stage2_linear  速度=1.00  直行间隔=180  aim=0.100/lead  rotate=-0.07
[进度] 28,835,840/100,000,000 (28.8%)  FPS≈1397  阶段=stage2_linear  速度=1.00  直行间隔=180  aim=0.100/lead  rotate=-0.07
[进度] 28,852,224/100,000,000 (28.9%)  FPS≈1317  阶段=stage2_linear  速度=1.00  直行间隔=180  aim=0.100/lead  rotate=-0.07
[进度] 28,868,608/100,000,000 (28.9%)  FPS≈1405  阶段=stage2_linear  速度=1.00  直行间隔=180  aim=0.100/lead  rotate=-0.07
[进度] 28,884,992/100,000,000 (28.9%)  FPS≈1538  阶段=stage2_linear  速度=1.00  直行间隔=180  aim=0.100/lead  rotate=-0.07
[进度] 28,901,376/100,000,000 (28.9%)  FPS≈1476  阶段=stage2_linear  速度=1.00  直行间隔=180  aim=0.100/lead  rotate=-0.07
[存盘] 课程元数据 model_t28901376_stage1_stage2_linear.curriculum.json  stage=stage2_linear  bot=linear v=1.00
[存盘] runs/curriculum_aim/20260922_225205/checkpoints/model_t28901376_stage1_stage2_linear.zip
[评测] 开始（100 局）…
  [评测进度] 10/100  kill(命中/开火)=0.312  direct(直击/开火)=0.062  弹数=32
  [评测进度] 20/100  kill(命中/开火)=0.197  direct(直击/开火)=0.042  弹数=71
  [评测进度] 30/100  kill(命中/开火)=0.229  direct(直击/开火)=0.046  弹数=109
  [评测进度] 40/100  kill(命中/开火)=0.216  direct(直击/开火)=0.050  弹数=139
  [评测进度] 50/100  kill(命中/开火)=0.217  direct(直击/开火)=0.054  弹数=166
  [评测进度] 60/100  kill(命中/开火)=0.211  direct(直击/开火)=0.067  弹数=194
  [评测进度] 70/100  kill(命中/开火)=0.221  direct(直击/开火)=0.077  弹数=222
  [评测进度] 80/100  kill(命中/开火)=0.224  direct(直击/开火)=0.079  弹数=254
  [评测进度] 90/100  kill(命中/开火)=0.222  direct(直击/开火)=0.073  弹数=288
  [评测进度] 100/100  kill(命中/开火)=0.217  direct(直击/开火)=0.070  弹数=313
------------------------------------------------------------
[评测] 阶段=stage2_linear  局数=100
  kill_rate(命中/开火) = 0.217  hit_rate(直击/开火) = 0.070  中位TTK = 600
  TTK口径     : 首直击步数；无直击=该局结束步数（评测步限封顶）
  晋级条件 直击/开火 hit_rate≥0.06  当前=0.070  → 指标达标
  附加门槛 : 需对手速度≥1.00（当前=1.00）
  转向阶梯中 : phase=3  rotate=-0.07  （此期间不晋级下一阶段，只按 hit_rate 下调转向）
  未晋级阶段：转向阶梯进行中（属预期）
------------------------------------------------------------
[进度] 28,917,760/100,000,000 (28.9%)  FPS≈1403  阶段=stage2_linear  速度=1.00  直行间隔=180  aim=0.100/lead  rotate=-0.07
[进度] 28,934,144/100,000,000 (28.9%)  FPS≈1372  阶段=stage2_linear  速度=1.00  直行间隔=180  aim=0.100/lead  rotate=-0.07
[进度] 28,950,528/100,000,000 (29.0%)  FPS≈1450  阶段=stage2_linear  速度=1.00  直行间隔=180  aim=0.100/lead  rotate=-0.07
[进度] 28,966,912/100,000,000 (29.0%)  FPS≈1466  阶段=stage2_linear  速度=1.00  直行间隔=180  aim=0.100/lead  rotate=-0.07
[进度] 28,983,296/100,000,000 (29.0%)  FPS≈1349  阶段=stage2_linear  速度=1.00  直行间隔=180  aim=0.100/lead  rotate=-0.07
[进度] 28,999,680/100,000,000 (29.0%)  FPS≈1295  阶段=stage2_linear  速度=1.00  直行间隔=180  aim=0.100/lead  rotate=-0.07
[进度] 29,016,064/100,000,000 (29.0%)  FPS≈1449  阶段=stage2_linear  速度=1.00  直行间隔=180  aim=0.100/lead  rotate=-0.07
[存盘] 课程元数据 model_t29016064_stage1_stage2_linear.curriculum.json  stage=stage2_linear  bot=linear v=1.00
[存盘] runs/curriculum_aim/20260922_225205/checkpoints/model_t29016064_stage1_stage2_linear.zip
[评测] 开始（100 局）…
  [评测进度] 10/100  kill(命中/开火)=0.269  direct(直击/开火)=0.192  弹数=26
  [评测进度] 20/100  kill(命中/开火)=0.250  direct(直击/开火)=0.125  弹数=56
  [评测进度] 30/100  kill(命中/开火)=0.244  direct(直击/开火)=0.116  弹数=86
  [评测进度] 40/100  kill(命中/开火)=0.231  direct(直击/开火)=0.091  弹数=121
  [评测进度] 50/100  kill(命中/开火)=0.242  direct(直击/开火)=0.096  弹数=157
  [评测进度] 60/100  kill(命中/开火)=0.265  direct(直击/开火)=0.114  弹数=185
  [评测进度] 70/100  kill(命中/开火)=0.266  direct(直击/开火)=0.117  弹数=214
  [评测进度] 80/100  kill(命中/开火)=0.268  direct(直击/开火)=0.118  弹数=246
  [评测进度] 90/100  kill(命中/开火)=0.262  direct(直击/开火)=0.113  弹数=275
  [评测进度] 100/100  kill(命中/开火)=0.262  direct(直击/开火)=0.111  弹数=305
------------------------------------------------------------
[评测] 阶段=stage2_linear  局数=100
  kill_rate(命中/开火) = 0.262  hit_rate(直击/开火) = 0.111  中位TTK = 600
  TTK口径     : 首直击步数；无直击=该局结束步数（评测步限封顶）
  晋级条件 直击/开火 hit_rate≥0.06  当前=0.111  → 指标达标
  附加门槛 : 需对手速度≥1.00（当前=1.00）
  转向阶梯中 : phase=3  rotate=-0.07  （此期间不晋级下一阶段，只按 hit_rate 下调转向）
  未晋级阶段：转向阶梯进行中（属预期）
------------------------------------------------------------
[进度] 29,032,448/100,000,000 (29.0%)  FPS≈1447  阶段=stage2_linear  速度=1.00  直行间隔=180  aim=0.100/lead  rotate=-0.07
[进度] 29,048,832/100,000,000 (29.0%)  FPS≈1473  阶段=stage2_linear  速度=1.00  直行间隔=180  aim=0.100/lead  rotate=-0.07
[进度] 29,065,216/100,000,000 (29.1%)  FPS≈1461  阶段=stage2_linear  速度=1.00  直行间隔=180  aim=0.100/lead  rotate=-0.07
[进度] 29,081,600/100,000,000 (29.1%)  FPS≈1306  阶段=stage2_linear  速度=1.00  直行间隔=180  aim=0.100/lead  rotate=-0.07
[进度] 29,097,984/100,000,000 (29.1%)  FPS≈1381  阶段=stage2_linear  速度=1.00  直行间隔=180  aim=0.100/lead  rotate=-0.07
[进度] 29,114,368/100,000,000 (29.1%)  FPS≈1394  阶段=stage2_linear  速度=1.00  直行间隔=180  aim=0.100/lead  rotate=-0.07
[进度] 29,130,752/100,000,000 (29.1%)  FPS≈1369  阶段=stage2_linear  速度=1.00  直行间隔=180  aim=0.100/lead  rotate=-0.07
[存盘] 课程元数据 model_t29130752_stage1_stage2_linear.curriculum.json  stage=stage2_linear  bot=linear v=1.00
[存盘] runs/curriculum_aim/20260922_225205/checkpoints/model_t29130752_stage1_stage2_linear.zip
[评测] 开始（100 局）…
  [评测进度] 10/100  kill(命中/开火)=0.400  direct(直击/开火)=0.143  弹数=35
  [评测进度] 20/100  kill(命中/开火)=0.359  direct(直击/开火)=0.156  弹数=64
  [评测进度] 30/100  kill(命中/开火)=0.360  direct(直击/开火)=0.174  弹数=86
  [评测进度] 40/100  kill(命中/开火)=0.357  direct(直击/开火)=0.152  弹数=112
  [评测进度] 50/100  kill(命中/开火)=0.338  direct(直击/开火)=0.128  弹数=148
  [评测进度] 60/100  kill(命中/开火)=0.333  direct(直击/开火)=0.141  弹数=177
  [评测进度] 70/100  kill(命中/开火)=0.324  direct(直击/开火)=0.136  弹数=213
  [评测进度] 80/100  kill(命中/开火)=0.328  direct(直击/开火)=0.131  弹数=244
  [评测进度] 90/100  kill(命中/开火)=0.305  direct(直击/开火)=0.124  弹数=282
  [评测进度] 100/100  kill(命中/开火)=0.287  direct(直击/开火)=0.113  弹数=327
------------------------------------------------------------
[评测] 阶段=stage2_linear  局数=100
  kill_rate(命中/开火) = 0.287  hit_rate(直击/开火) = 0.113  中位TTK = 600
  TTK口径     : 首直击步数；无直击=该局结束步数（评测步限封顶）
  晋级条件 直击/开火 hit_rate≥0.06  当前=0.113  → 指标达标
  附加门槛 : 需对手速度≥1.00（当前=1.00）
  转向阶梯中 : phase=3  rotate=-0.07  （此期间不晋级下一阶段，只按 hit_rate 下调转向）
  未晋级阶段：转向阶梯进行中（属预期）
------------------------------------------------------------
[进度] 29,147,136/100,000,000 (29.1%)  FPS≈1422  阶段=stage2_linear  速度=1.00  直行间隔=180  aim=0.100/lead  rotate=-0.07
[进度] 29,163,520/100,000,000 (29.2%)  FPS≈1450  阶段=stage2_linear  速度=1.00  直行间隔=180  aim=0.100/lead  rotate=-0.07
[进度] 29,179,904/100,000,000 (29.2%)  FPS≈1321  阶段=stage2_linear  速度=1.00  直行间隔=180  aim=0.100/lead  rotate=-0.07
[进度] 29,196,288/100,000,000 (29.2%)  FPS≈1450  阶段=stage2_linear  速度=1.00  直行间隔=180  aim=0.100/lead  rotate=-0.07
[进度] 29,212,672/100,000,000 (29.2%)  FPS≈1338  阶段=stage2_linear  速度=1.00  直行间隔=180  aim=0.100/lead  rotate=-0.07
[进度] 29,229,056/100,000,000 (29.2%)  FPS≈1401  阶段=stage2_linear  速度=1.00  直行间隔=180  aim=0.100/lead  rotate=-0.07
[进度] 29,245,440/100,000,000 (29.2%)  FPS≈1432  阶段=stage2_linear  速度=1.00  直行间隔=180  aim=0.100/lead  rotate=-0.07
[存盘] 课程元数据 model_t29245440_stage1_stage2_linear.curriculum.json  stage=stage2_linear  bot=linear v=1.00
[存盘] runs/curriculum_aim/20260922_225205/checkpoints/model_t29245440_stage1_stage2_linear.zip
[评测] 开始（100 局）…
  [评测进度] 10/100  kill(命中/开火)=0.219  direct(直击/开火)=0.094  弹数=32
  [评测进度] 20/100  kill(命中/开火)=0.262  direct(直击/开火)=0.092  弹数=65
  [评测进度] 30/100  kill(命中/开火)=0.286  direct(直击/开火)=0.092  弹数=98
  [评测进度] 40/100  kill(命中/开火)=0.282  direct(直击/开火)=0.084  弹数=131
  [评测进度] 50/100  kill(命中/开火)=0.260  direct(直击/开火)=0.077  弹数=169
  [评测进度] 60/100  kill(命中/开火)=0.265  direct(直击/开火)=0.071  弹数=196
  [评测进度] 70/100  kill(命中/开火)=0.253  direct(直击/开火)=0.064  弹数=233
  [评测进度] 80/100  kill(命中/开火)=0.260  direct(直击/开火)=0.060  弹数=265
  [评测进度] 90/100  kill(命中/开火)=0.248  direct(直击/开火)=0.059  弹数=303
  [评测进度] 100/100  kill(命中/开火)=0.249  direct(直击/开火)=0.066  弹数=334
------------------------------------------------------------
[评测] 阶段=stage2_linear  局数=100
  kill_rate(命中/开火) = 0.249  hit_rate(直击/开火) = 0.066  中位TTK = 600
  TTK口径     : 首直击步数；无直击=该局结束步数（评测步限封顶）
  晋级条件 直击/开火 hit_rate≥0.06  当前=0.066  → 指标达标
  附加门槛 : 需对手速度≥1.00（当前=1.00）
  转向阶梯中 : phase=3  rotate=-0.07  （此期间不晋级下一阶段，只按 hit_rate 下调转向）
  未晋级阶段：转向阶梯进行中（属预期）
------------------------------------------------------------
[进度] 29,261,824/100,000,000 (29.3%)  FPS≈1464  阶段=stage2_linear  速度=1.00  直行间隔=180  aim=0.100/lead  rotate=-0.07
[进度] 29,278,208/100,000,000 (29.3%)  FPS≈1319  阶段=stage2_linear  速度=1.00  直行间隔=180  aim=0.100/lead  rotate=-0.07
[进度] 29,294,592/100,000,000 (29.3%)  FPS≈1308  阶段=stage2_linear  速度=1.00  直行间隔=180  aim=0.100/lead  rotate=-0.07
[进度] 29,310,976/100,000,000 (29.3%)  FPS≈1508  阶段=stage2_linear  速度=1.00  直行间隔=180  aim=0.100/lead  rotate=-0.07
[进度] 29,327,360/100,000,000 (29.3%)  FPS≈1390  阶段=stage2_linear  速度=1.00  直行间隔=180  aim=0.100/lead  rotate=-0.07
[进度] 29,343,744/100,000,000 (29.3%)  FPS≈1429  阶段=stage2_linear  速度=1.00  直行间隔=180  aim=0.100/lead  rotate=-0.07
[进度] 29,360,128/100,000,000 (29.4%)  FPS≈1481  阶段=stage2_linear  速度=1.00  直行间隔=180  aim=0.100/lead  rotate=-0.07
[存盘] 课程元数据 model_t29360128_stage1_stage2_linear.curriculum.json  stage=stage2_linear  bot=linear v=1.00
[存盘] runs/curriculum_aim/20260922_225205/checkpoints/model_t29360128_stage1_stage2_linear.zip
[评测] 开始（100 局）…
  [评测进度] 10/100  kill(命中/开火)=0.310  direct(直击/开火)=0.103  弹数=29
  [评测进度] 20/100  kill(命中/开火)=0.299  direct(直击/开火)=0.075  弹数=67
  [评测进度] 30/100  kill(命中/开火)=0.333  direct(直击/开火)=0.095  弹数=105
  [评测进度] 40/100  kill(命中/开火)=0.308  direct(直击/开火)=0.112  弹数=143
  [评测进度] 50/100  kill(命中/开火)=0.293  direct(直击/开火)=0.103  弹数=184
  [评测进度] 60/100  kill(命中/开火)=0.288  direct(直击/开火)=0.111  弹数=208
  [评测进度] 70/100  kill(命中/开火)=0.298  direct(直击/开火)=0.109  弹数=238
  [评测进度] 80/100  kill(命中/开火)=0.308  direct(直击/开火)=0.114  弹数=273
  [评测进度] 90/100  kill(命中/开火)=0.287  direct(直击/开火)=0.105  弹数=314
  [评测进度] 100/100  kill(命中/开火)=0.295  direct(直击/开火)=0.112  弹数=349
------------------------------------------------------------
[评测] 阶段=stage2_linear  局数=100
  kill_rate(命中/开火) = 0.295  hit_rate(直击/开火) = 0.112  中位TTK = 600
  TTK口径     : 首直击步数；无直击=该局结束步数（评测步限封顶）
  晋级条件 直击/开火 hit_rate≥0.06  当前=0.112  → 指标达标
  附加门槛 : 需对手速度≥1.00（当前=1.00）
  转向阶梯中 : phase=3  rotate=-0.07  （此期间不晋级下一阶段，只按 hit_rate 下调转向）
  未晋级阶段：转向阶梯进行中（属预期）
------------------------------------------------------------
[进度] 29,376,512/100,000,000 (29.4%)  FPS≈1416  阶段=stage2_linear  速度=1.00  直行间隔=180  aim=0.100/lead  rotate=-0.07
[进度] 29,392,896/100,000,000 (29.4%)  FPS≈1362  阶段=stage2_linear  速度=1.00  直行间隔=180  aim=0.100/lead  rotate=-0.07
[进度] 29,409,280/100,000,000 (29.4%)  FPS≈1419  阶段=stage2_linear  速度=1.00  直行间隔=180  aim=0.100/lead  rotate=-0.07
[进度] 29,425,664/100,000,000 (29.4%)  FPS≈1389  阶段=stage2_linear  速度=1.00  直行间隔=180  aim=0.100/lead  rotate=-0.07
[进度] 29,442,048/100,000,000 (29.4%)  FPS≈1368  阶段=stage2_linear  速度=1.00  直行间隔=180  aim=0.100/lead  rotate=-0.07
[进度] 29,458,432/100,000,000 (29.5%)  FPS≈1498  阶段=stage2_linear  速度=1.00  直行间隔=180  aim=0.100/lead  rotate=-0.07
[进度] 29,474,816/100,000,000 (29.5%)  FPS≈1296  阶段=stage2_linear  速度=1.00  直行间隔=180  aim=0.100/lead  rotate=-0.07
[存盘] 课程元数据 model_t29474816_stage1_stage2_linear.curriculum.json  stage=stage2_linear  bot=linear v=1.00
[存盘] runs/curriculum_aim/20260922_225205/checkpoints/model_t29474816_stage1_stage2_linear.zip
[评测] 开始（100 局）…
  [评测进度] 10/100  kill(命中/开火)=0.206  direct(直击/开火)=0.088  弹数=34
  [评测进度] 20/100  kill(命中/开火)=0.258  direct(直击/开火)=0.097  弹数=62
  [评测进度] 30/100  kill(命中/开火)=0.287  direct(直击/开火)=0.115  弹数=87
  [评测进度] 40/100  kill(命中/开火)=0.293  direct(直击/开火)=0.112  弹数=116
  [评测进度] 50/100  kill(命中/开火)=0.271  direct(直击/开火)=0.111  弹数=144
  [评测进度] 60/100  kill(命中/开火)=0.267  direct(直击/开火)=0.110  弹数=172
  [评测进度] 70/100  kill(命中/开火)=0.298  direct(直击/开火)=0.106  弹数=198
  [评测进度] 80/100  kill(命中/开火)=0.295  direct(直击/开火)=0.114  弹数=220
  [评测进度] 90/100  kill(命中/开火)=0.289  direct(直击/开火)=0.107  弹数=253
  [评测进度] 100/100  kill(命中/开火)=0.279  direct(直击/开火)=0.100  弹数=280
------------------------------------------------------------
[评测] 阶段=stage2_linear  局数=100
  kill_rate(命中/开火) = 0.279  hit_rate(直击/开火) = 0.100  中位TTK = 600
  TTK口径     : 首直击步数；无直击=该局结束步数（评测步限封顶）
  晋级条件 直击/开火 hit_rate≥0.06  当前=0.100  → 指标达标
  附加门槛 : 需对手速度≥1.00（当前=1.00）
  转向阶梯中 : phase=3  rotate=-0.07  （此期间不晋级下一阶段，只按 hit_rate 下调转向）
  未晋级阶段：转向阶梯进行中（属预期）
------------------------------------------------------------
[进度] 29,491,200/100,000,000 (29.5%)  FPS≈1450  阶段=stage2_linear  速度=1.00  直行间隔=180  aim=0.100/lead  rotate=-0.07
[进度] 29,507,584/100,000,000 (29.5%)  FPS≈1343  阶段=stage2_linear  速度=1.00  直行间隔=180  aim=0.100/lead  rotate=-0.07
[进度] 29,523,968/100,000,000 (29.5%)  FPS≈1386  阶段=stage2_linear  速度=1.00  直行间隔=180  aim=0.100/lead  rotate=-0.07
[进度] 29,540,352/100,000,000 (29.5%)  FPS≈1420  阶段=stage2_linear  速度=1.00  直行间隔=180  aim=0.100/lead  rotate=-0.07
[进度] 29,556,736/100,000,000 (29.6%)  FPS≈1318  阶段=stage2_linear  速度=1.00  直行间隔=180  aim=0.100/lead  rotate=-0.07
[进度] 29,573,120/100,000,000 (29.6%)  FPS≈1292  阶段=stage2_linear  速度=1.00  直行间隔=180  aim=0.100/lead  rotate=-0.07
[进度] 29,589,504/100,000,000 (29.6%)  FPS≈1546  阶段=stage2_linear  速度=1.00  直行间隔=180  aim=0.100/lead  rotate=-0.07
[存盘] 课程元数据 model_t29589504_stage1_stage2_linear.curriculum.json  stage=stage2_linear  bot=linear v=1.00
[存盘] runs/curriculum_aim/20260922_225205/checkpoints/model_t29589504_stage1_stage2_linear.zip
[评测] 开始（100 局）…
  [评测进度] 10/100  kill(命中/开火)=0.306  direct(直击/开火)=0.083  弹数=36
  [评测进度] 20/100  kill(命中/开火)=0.338  direct(直击/开火)=0.103  弹数=68
  [评测进度] 30/100  kill(命中/开火)=0.299  direct(直击/开火)=0.113  弹数=97
  [评测进度] 40/100  kill(命中/开火)=0.302  direct(直击/开火)=0.119  弹数=126
  [评测进度] 50/100  kill(命中/开火)=0.321  direct(直击/开火)=0.122  弹数=156
  [评测进度] 60/100  kill(命中/开火)=0.344  direct(直击/开火)=0.131  弹数=183
  [评测进度] 70/100  kill(命中/开火)=0.346  direct(直击/开火)=0.126  弹数=214
  [评测进度] 80/100  kill(命中/开火)=0.348  direct(直击/开火)=0.119  弹数=244
  [评测进度] 90/100  kill(命中/开火)=0.332  direct(直击/开火)=0.116  弹数=277
  [评测进度] 100/100  kill(命中/开火)=0.345  direct(直击/开火)=0.124  弹数=307
------------------------------------------------------------
[评测] 阶段=stage2_linear  局数=100
  kill_rate(命中/开火) = 0.345  hit_rate(直击/开火) = 0.124  中位TTK = 600
  TTK口径     : 首直击步数；无直击=该局结束步数（评测步限封顶）
  晋级条件 直击/开火 hit_rate≥0.06  当前=0.124  → 指标达标
  附加门槛 : 需对手速度≥1.00（当前=1.00）
  转向阶梯中 : phase=3  rotate=-0.07  （此期间不晋级下一阶段，只按 hit_rate 下调转向）
  未晋级阶段：转向阶梯进行中（属预期）
------------------------------------------------------------
[进度] 29,605,888/100,000,000 (29.6%)  FPS≈1385  阶段=stage2_linear  速度=1.00  直行间隔=180  aim=0.100/lead  rotate=-0.07
[进度] 29,622,272/100,000,000 (29.6%)  FPS≈1300  阶段=stage2_linear  速度=1.00  直行间隔=180  aim=0.100/lead  rotate=-0.07
[进度] 29,638,656/100,000,000 (29.6%)  FPS≈1411  阶段=stage2_linear  速度=1.00  直行间隔=180  aim=0.100/lead  rotate=-0.07
[进度] 29,655,040/100,000,000 (29.7%)  FPS≈1318  阶段=stage2_linear  速度=1.00  直行间隔=180  aim=0.100/lead  rotate=-0.07
[进度] 29,671,424/100,000,000 (29.7%)  FPS≈1288  阶段=stage2_linear  速度=1.00  直行间隔=180  aim=0.100/lead  rotate=-0.07
[进度] 29,687,808/100,000,000 (29.7%)  FPS≈1375  阶段=stage2_linear  速度=1.00  直行间隔=180  aim=0.100/lead  rotate=-0.07
[进度] 29,704,192/100,000,000 (29.7%)  FPS≈1404  阶段=stage2_linear  速度=1.00  直行间隔=180  aim=0.100/lead  rotate=-0.07
[存盘] 课程元数据 model_t29704192_stage1_stage2_linear.curriculum.json  stage=stage2_linear  bot=linear v=1.00
[存盘] runs/curriculum_aim/20260922_225205/checkpoints/model_t29704192_stage1_stage2_linear.zip
[评测] 开始（100 局）…
  [评测进度] 10/100  kill(命中/开火)=0.240  direct(直击/开火)=0.160  弹数=25
  [评测进度] 20/100  kill(命中/开火)=0.264  direct(直击/开火)=0.132  弹数=53
  [评测进度] 30/100  kill(命中/开火)=0.304  direct(直击/开火)=0.139  弹数=79
  [评测进度] 40/100  kill(命中/开火)=0.304  direct(直击/开火)=0.098  弹数=112
  [评测进度] 50/100  kill(命中/开火)=0.305  direct(直击/开火)=0.115  弹数=131
  [评测进度] 60/100  kill(命中/开火)=0.305  direct(直击/开火)=0.117  弹数=154
  [评测进度] 70/100  kill(命中/开火)=0.286  direct(直击/开火)=0.095  弹数=189
  [评测进度] 80/100  kill(命中/开火)=0.290  direct(直击/开火)=0.098  弹数=214
  [评测进度] 90/100  kill(命中/开火)=0.272  direct(直击/开火)=0.089  弹数=246
  [评测进度] 100/100  kill(命中/开火)=0.260  direct(直击/开火)=0.083  弹数=277
------------------------------------------------------------
[评测] 阶段=stage2_linear  局数=100
  kill_rate(命中/开火) = 0.260  hit_rate(直击/开火) = 0.083  中位TTK = 600
  TTK口径     : 首直击步数；无直击=该局结束步数（评测步限封顶）
  晋级条件 直击/开火 hit_rate≥0.06  当前=0.083  → 指标达标
  附加门槛 : 需对手速度≥1.00（当前=1.00）
  转向阶梯中 : phase=3  rotate=-0.07  （此期间不晋级下一阶段，只按 hit_rate 下调转向）
  未晋级阶段：转向阶梯进行中（属预期）
------------------------------------------------------------
[进度] 29,720,576/100,000,000 (29.7%)  FPS≈1387  阶段=stage2_linear  速度=1.00  直行间隔=180  aim=0.100/lead  rotate=-0.07
[进度] 29,736,960/100,000,000 (29.7%)  FPS≈1519  阶段=stage2_linear  速度=1.00  直行间隔=180  aim=0.100/lead  rotate=-0.07
[进度] 29,753,344/100,000,000 (29.8%)  FPS≈1552  阶段=stage2_linear  速度=1.00  直行间隔=180  aim=0.100/lead  rotate=-0.07
[进度] 29,769,728/100,000,000 (29.8%)  FPS≈1501  阶段=stage2_linear  速度=1.00  直行间隔=180  aim=0.100/lead  rotate=-0.07
[进度] 29,786,112/100,000,000 (29.8%)  FPS≈1393  阶段=stage2_linear  速度=1.00  直行间隔=180  aim=0.100/lead  rotate=-0.07
[进度] 29,802,496/100,000,000 (29.8%)  FPS≈1425  阶段=stage2_linear  速度=1.00  直行间隔=180  aim=0.100/lead  rotate=-0.07
[进度] 29,818,880/100,000,000 (29.8%)  FPS≈1404  阶段=stage2_linear  速度=1.00  直行间隔=180  aim=0.100/lead  rotate=-0.07
[存盘] 课程元数据 model_t29818880_stage1_stage2_linear.curriculum.json  stage=stage2_linear  bot=linear v=1.00
[存盘] runs/curriculum_aim/20260922_225205/checkpoints/model_t29818880_stage1_stage2_linear.zip
[评测] 开始（100 局）…
  [评测进度] 10/100  kill(命中/开火)=0.353  direct(直击/开火)=0.147  弹数=34
  [评测进度] 20/100  kill(命中/开火)=0.385  direct(直击/开火)=0.173  弹数=52
  [评测进度] 30/100  kill(命中/开火)=0.333  direct(直击/开火)=0.115  弹数=87
  [评测进度] 40/100  kill(命中/开火)=0.303  direct(直击/开火)=0.128  弹数=109
  [评测进度] 50/100  kill(命中/开火)=0.333  direct(直击/开火)=0.121  弹数=132
  [评测进度] 60/100  kill(命中/开火)=0.338  direct(直击/开火)=0.146  弹数=151
  [评测进度] 70/100  kill(命中/开火)=0.328  direct(直击/开火)=0.138  弹数=174
  [评测进度] 80/100  kill(命中/开火)=0.322  direct(直击/开火)=0.123  弹数=211
  [评测进度] 90/100  kill(命中/开火)=0.310  direct(直击/开火)=0.116  弹数=242
  [评测进度] 100/100  kill(命中/开火)=0.312  direct(直击/开火)=0.114  弹数=263
------------------------------------------------------------
[评测] 阶段=stage2_linear  局数=100
  kill_rate(命中/开火) = 0.312  hit_rate(直击/开火) = 0.114  中位TTK = 600
  TTK口径     : 首直击步数；无直击=该局结束步数（评测步限封顶）
  晋级条件 直击/开火 hit_rate≥0.06  当前=0.114  → 指标达标
  附加门槛 : 需对手速度≥1.00（当前=1.00）
  转向阶梯中 : phase=3  rotate=-0.07  （此期间不晋级下一阶段，只按 hit_rate 下调转向）
  未晋级阶段：转向阶梯进行中（属预期）
------------------------------------------------------------
[进度] 29,835,264/100,000,000 (29.8%)  FPS≈1365  阶段=stage2_linear  速度=1.00  直行间隔=180  aim=0.100/lead  rotate=-0.07
[进度] 29,851,648/100,000,000 (29.9%)  FPS≈1327  阶段=stage2_linear  速度=1.00  直行间隔=180  aim=0.100/lead  rotate=-0.07
[进度] 29,868,032/100,000,000 (29.9%)  FPS≈1391  阶段=stage2_linear  速度=1.00  直行间隔=180  aim=0.100/lead  rotate=-0.07
[进度] 29,884,416/100,000,000 (29.9%)  FPS≈1426  阶段=stage2_linear  速度=1.00  直行间隔=180  aim=0.100/lead  rotate=-0.07
[进度] 29,900,800/100,000,000 (29.9%)  FPS≈1298  阶段=stage2_linear  速度=1.00  直行间隔=180  aim=0.100/lead  rotate=-0.07
[进度] 29,917,184/100,000,000 (29.9%)  FPS≈1311  阶段=stage2_linear  速度=1.00  直行间隔=180  aim=0.100/lead  rotate=-0.07
[进度] 29,933,568/100,000,000 (29.9%)  FPS≈1326  阶段=stage2_linear  速度=1.00  直行间隔=180  aim=0.100/lead  rotate=-0.07
[存盘] 课程元数据 model_t29933568_stage1_stage2_linear.curriculum.json  stage=stage2_linear  bot=linear v=1.00
[存盘] runs/curriculum_aim/20260922_225205/checkpoints/model_t29933568_stage1_stage2_linear.zip
[评测] 开始（100 局）…
  [评测进度] 10/100  kill(命中/开火)=0.300  direct(直击/开火)=0.100  弹数=20
  [评测进度] 20/100  kill(命中/开火)=0.295  direct(直击/开火)=0.091  弹数=44
  [评测进度] 30/100  kill(命中/开火)=0.262  direct(直击/开火)=0.092  弹数=65
  [评测进度] 40/100  kill(命中/开火)=0.264  direct(直击/开火)=0.110  弹数=91
  [评测进度] 50/100  kill(命中/开火)=0.241  direct(直击/开火)=0.103  弹数=116
  [评测进度] 60/100  kill(命中/开火)=0.258  direct(直击/开火)=0.114  弹数=132
  [评测进度] 70/100  kill(命中/开火)=0.272  direct(直击/开火)=0.116  弹数=147
  [评测进度] 80/100  kill(命中/开火)=0.266  direct(直击/开火)=0.116  弹数=173
  [评测进度] 90/100  kill(命中/开火)=0.286  direct(直击/开火)=0.120  弹数=192
  [评测进度] 100/100  kill(命中/开火)=0.284  direct(直击/开火)=0.118  弹数=204
------------------------------------------------------------
[评测] 阶段=stage2_linear  局数=100
  kill_rate(命中/开火) = 0.284  hit_rate(直击/开火) = 0.118  中位TTK = 600
  TTK口径     : 首直击步数；无直击=该局结束步数（评测步限封顶）
  晋级条件 直击/开火 hit_rate≥0.06  当前=0.118  → 指标达标
  附加门槛 : 需对手速度≥1.00（当前=1.00）
  转向阶梯中 : phase=3  rotate=-0.07  （此期间不晋级下一阶段，只按 hit_rate 下调转向）
  未晋级阶段：转向阶梯进行中（属预期）
------------------------------------------------------------
[进度] 29,949,952/100,000,000 (29.9%)  FPS≈1491  阶段=stage2_linear  速度=1.00  直行间隔=180  aim=0.100/lead  rotate=-0.07
[进度] 29,966,336/100,000,000 (30.0%)  FPS≈1462  阶段=stage2_linear  速度=1.00  直行间隔=180  aim=0.100/lead  rotate=-0.07
[进度] 29,982,720/100,000,000 (30.0%)  FPS≈1368  阶段=stage2_linear  速度=1.00  直行间隔=180  aim=0.100/lead  rotate=-0.07
[进度] 29,999,104/100,000,000 (30.0%)  FPS≈1278  阶段=stage2_linear  速度=1.00  直行间隔=180  aim=0.100/lead  rotate=-0.07
[进度] 30,015,488/100,000,000 (30.0%)  FPS≈1403  阶段=stage2_linear  速度=1.00  直行间隔=180  aim=0.100/lead  rotate=-0.07
[进度] 30,031,872/100,000,000 (30.0%)  FPS≈1464  阶段=stage2_linear  速度=1.00  直行间隔=180  aim=0.100/lead  rotate=-0.07
[进度] 30,048,256/100,000,000 (30.0%)  FPS≈1418  阶段=stage2_linear  速度=1.00  直行间隔=180  aim=0.100/lead  rotate=-0.07
[存盘] 课程元数据 model_t30048256_stage1_stage2_linear.curriculum.json  stage=stage2_linear  bot=linear v=1.00
[存盘] runs/curriculum_aim/20260922_225205/checkpoints/model_t30048256_stage1_stage2_linear.zip
[评测] 开始（100 局）…
  [评测进度] 10/100  kill(命中/开火)=0.214  direct(直击/开火)=0.000  弹数=28
  [评测进度] 20/100  kill(命中/开火)=0.316  direct(直击/开火)=0.088  弹数=57
  [评测进度] 30/100  kill(命中/开火)=0.333  direct(直击/开火)=0.080  弹数=87
  [评测进度] 40/100  kill(命中/开火)=0.319  direct(直击/开火)=0.071  弹数=113
  [评测进度] 50/100  kill(命中/开火)=0.331  direct(直击/开火)=0.088  弹数=136
  [评测进度] 60/100  kill(命中/开火)=0.312  direct(直击/开火)=0.089  弹数=157
  [评测进度] 70/100  kill(命中/开火)=0.311  direct(直击/开火)=0.096  弹数=177
  [评测进度] 80/100  kill(命中/开火)=0.289  direct(直击/开火)=0.090  弹数=201
  [评测进度] 90/100  kill(命中/开火)=0.288  direct(直击/开火)=0.100  弹数=219
  [评测进度] 100/100  kill(命中/开火)=0.292  direct(直击/开火)=0.100  弹数=240
------------------------------------------------------------
[评测] 阶段=stage2_linear  局数=100
  kill_rate(命中/开火) = 0.292  hit_rate(直击/开火) = 0.100  中位TTK = 600
  TTK口径     : 首直击步数；无直击=该局结束步数（评测步限封顶）
  晋级条件 直击/开火 hit_rate≥0.06  当前=0.100  → 指标达标
  附加门槛 : 需对手速度≥1.00（当前=1.00）
  转向阶梯中 : phase=3  rotate=-0.07  （此期间不晋级下一阶段，只按 hit_rate 下调转向）
  未晋级阶段：转向阶梯进行中（属预期）
------------------------------------------------------------
[进度] 30,064,640/100,000,000 (30.1%)  FPS≈1509  阶段=stage2_linear  速度=1.00  直行间隔=180  aim=0.100/lead  rotate=-0.07
[进度] 30,081,024/100,000,000 (30.1%)  FPS≈1360  阶段=stage2_linear  速度=1.00  直行间隔=180  aim=0.100/lead  rotate=-0.07
[进度] 30,097,408/100,000,000 (30.1%)  FPS≈1343  阶段=stage2_linear  速度=1.00  直行间隔=180  aim=0.100/lead  rotate=-0.07
[进度] 30,113,792/100,000,000 (30.1%)  FPS≈1471  阶段=stage2_linear  速度=1.00  直行间隔=180  aim=0.100/lead  rotate=-0.07
[进度] 30,130,176/100,000,000 (30.1%)  FPS≈1292  阶段=stage2_linear  速度=1.00  直行间隔=180  aim=0.100/lead  rotate=-0.07
[进度] 30,146,560/100,000,000 (30.1%)  FPS≈1343  阶段=stage2_linear  速度=1.00  直行间隔=180  aim=0.100/lead  rotate=-0.07
[进度] 30,162,944/100,000,000 (30.2%)  FPS≈1202  阶段=stage2_linear  速度=1.00  直行间隔=180  aim=0.100/lead  rotate=-0.07
[存盘] 课程元数据 model_t30162944_stage1_stage2_linear.curriculum.json  stage=stage2_linear  bot=linear v=1.00
[存盘] runs/curriculum_aim/20260922_225205/checkpoints/model_t30162944_stage1_stage2_linear.zip
[评测] 开始（100 局）…
  [评测进度] 10/100  kill(命中/开火)=0.382  direct(直击/开火)=0.029  弹数=34
  [评测进度] 20/100  kill(命中/开火)=0.359  direct(直击/开火)=0.047  弹数=64
  [评测进度] 30/100  kill(命中/开火)=0.330  direct(直击/开火)=0.055  弹数=91
  [评测进度] 40/100  kill(命中/开火)=0.270  direct(直击/开火)=0.040  弹数=126
  [评测进度] 50/100  kill(命中/开火)=0.258  direct(直击/开火)=0.040  弹数=151
  [评测进度] 60/100  kill(命中/开火)=0.295  direct(直击/开火)=0.051  弹数=176
  [评测进度] 70/100  kill(命中/开火)=0.279  direct(直击/开火)=0.056  弹数=197
  [评测进度] 80/100  kill(命中/开火)=0.284  direct(直击/开火)=0.058  弹数=225
  [评测进度] 90/100  kill(命中/开火)=0.285  direct(直击/开火)=0.065  弹数=246
  [评测进度] 100/100  kill(命中/开火)=0.292  direct(直击/开火)=0.066  弹数=271
------------------------------------------------------------
[评测] 阶段=stage2_linear  局数=100
  kill_rate(命中/开火) = 0.292  hit_rate(直击/开火) = 0.066  中位TTK = 600
  TTK口径     : 首直击步数；无直击=该局结束步数（评测步限封顶）
  晋级条件 直击/开火 hit_rate≥0.06  当前=0.066  → 指标达标
  附加门槛 : 需对手速度≥1.00（当前=1.00）
  转向阶梯中 : phase=3  rotate=-0.07  （此期间不晋级下一阶段，只按 hit_rate 下调转向）
  未晋级阶段：转向阶梯进行中（属预期）
------------------------------------------------------------
[进度] 30,179,328/100,000,000 (30.2%)  FPS≈1359  阶段=stage2_linear  速度=1.00  直行间隔=180  aim=0.100/lead  rotate=-0.07
[进度] 30,195,712/100,000,000 (30.2%)  FPS≈1520  阶段=stage2_linear  速度=1.00  直行间隔=180  aim=0.100/lead  rotate=-0.07
[进度] 30,212,096/100,000,000 (30.2%)  FPS≈1394  阶段=stage2_linear  速度=1.00  直行间隔=180  aim=0.100/lead  rotate=-0.07
[进度] 30,228,480/100,000,000 (30.2%)  FPS≈1307  阶段=stage2_linear  速度=1.00  直行间隔=180  aim=0.100/lead  rotate=-0.07
[进度] 30,244,864/100,000,000 (30.2%)  FPS≈1295  阶段=stage2_linear  速度=1.00  直行间隔=180  aim=0.100/lead  rotate=-0.07
[进度] 30,261,248/100,000,000 (30.3%)  FPS≈1527  阶段=stage2_linear  速度=1.00  直行间隔=180  aim=0.100/lead  rotate=-0.07
[进度] 30,277,632/100,000,000 (30.3%)  FPS≈1348  阶段=stage2_linear  速度=1.00  直行间隔=180  aim=0.100/lead  rotate=-0.07
[存盘] 课程元数据 model_t30277632_stage1_stage2_linear.curriculum.json  stage=stage2_linear  bot=linear v=1.00
[存盘] runs/curriculum_aim/20260922_225205/checkpoints/model_t30277632_stage1_stage2_linear.zip
[评测] 开始（100 局）…
  [评测进度] 10/100  kill(命中/开火)=0.242  direct(直击/开火)=0.061  弹数=33
  [评测进度] 20/100  kill(命中/开火)=0.309  direct(直击/开火)=0.091  弹数=55
  [评测进度] 30/100  kill(命中/开火)=0.296  direct(直击/开火)=0.111  弹数=81
  [评测进度] 40/100  kill(命中/开火)=0.330  direct(直击/开火)=0.155  弹数=103
  [评测进度] 50/100  kill(命中/开火)=0.343  direct(直击/开火)=0.153  弹数=137
  [评测进度] 60/100  kill(命中/开火)=0.341  direct(直击/开火)=0.152  弹数=164
  [评测进度] 70/100  kill(命中/开火)=0.362  direct(直击/开火)=0.151  弹数=185
  [评测进度] 80/100  kill(命中/开火)=0.355  direct(直击/开火)=0.138  弹数=217
  [评测进度] 90/100  kill(命中/开火)=0.346  direct(直击/开火)=0.136  弹数=243
  [评测进度] 100/100  kill(命中/开火)=0.359  direct(直击/开火)=0.141  弹数=270
------------------------------------------------------------
[评测] 阶段=stage2_linear  局数=100
  kill_rate(命中/开火) = 0.359  hit_rate(直击/开火) = 0.141  中位TTK = 600
  TTK口径     : 首直击步数；无直击=该局结束步数（评测步限封顶）
  晋级条件 直击/开火 hit_rate≥0.06  当前=0.141  → 指标达标
  附加门槛 : 需对手速度≥1.00（当前=1.00）
  转向阶梯中 : phase=3  rotate=-0.07  （此期间不晋级下一阶段，只按 hit_rate 下调转向）
  未晋级阶段：转向阶梯进行中（属预期）
------------------------------------------------------------
[进度] 30,294,016/100,000,000 (30.3%)  FPS≈1408  阶段=stage2_linear  速度=1.00  直行间隔=180  aim=0.100/lead  rotate=-0.07
[进度] 30,310,400/100,000,000 (30.3%)  FPS≈1421  阶段=stage2_linear  速度=1.00  直行间隔=180  aim=0.100/lead  rotate=-0.07
[进度] 30,326,784/100,000,000 (30.3%)  FPS≈1378  阶段=stage2_linear  速度=1.00  直行间隔=180  aim=0.100/lead  rotate=-0.07
[进度] 30,343,168/100,000,000 (30.3%)  FPS≈1421  阶段=stage2_linear  速度=1.00  直行间隔=180  aim=0.100/lead  rotate=-0.07
[进度] 30,359,552/100,000,000 (30.4%)  FPS≈1461  阶段=stage2_linear  速度=1.00  直行间隔=180  aim=0.100/lead  rotate=-0.07
[进度] 30,375,936/100,000,000 (30.4%)  FPS≈1300  阶段=stage2_linear  速度=1.00  直行间隔=180  aim=0.100/lead  rotate=-0.07
[进度] 30,392,320/100,000,000 (30.4%)  FPS≈1347  阶段=stage2_linear  速度=1.00  直行间隔=180  aim=0.100/lead  rotate=-0.07
[存盘] 课程元数据 model_t30392320_stage1_stage2_linear.curriculum.json  stage=stage2_linear  bot=linear v=1.00
[存盘] runs/curriculum_aim/20260922_225205/checkpoints/model_t30392320_stage1_stage2_linear.zip
[评测] 开始（100 局）…
  [评测进度] 10/100  kill(命中/开火)=0.304  direct(直击/开火)=0.130  弹数=23
  [评测进度] 20/100  kill(命中/开火)=0.218  direct(直击/开火)=0.091  弹数=55
  [评测进度] 30/100  kill(命中/开火)=0.190  direct(直击/开火)=0.089  弹数=79
  [评测进度] 40/100  kill(命中/开火)=0.204  direct(直击/开火)=0.074  弹数=108
  [评测进度] 50/100  kill(命中/开火)=0.193  direct(直击/开火)=0.086  弹数=140
  [评测进度] 60/100  kill(命中/开火)=0.220  direct(直击/开火)=0.085  弹数=164
  [评测进度] 70/100  kill(命中/开火)=0.222  direct(直击/开火)=0.082  弹数=194
  [评测进度] 80/100  kill(命中/开火)=0.241  direct(直击/开火)=0.093  弹数=216
  [评测进度] 90/100  kill(命中/开火)=0.243  direct(直击/开火)=0.093  弹数=247
  [评测进度] 100/100  kill(命中/开火)=0.239  direct(直击/开火)=0.092  弹数=272
------------------------------------------------------------
[评测] 阶段=stage2_linear  局数=100
  kill_rate(命中/开火) = 0.239  hit_rate(直击/开火) = 0.092  中位TTK = 600
  TTK口径     : 首直击步数；无直击=该局结束步数（评测步限封顶）
  晋级条件 直击/开火 hit_rate≥0.06  当前=0.092  → 指标达标
  附加门槛 : 需对手速度≥1.00（当前=1.00）
  转向阶梯中 : phase=3  rotate=-0.07  （此期间不晋级下一阶段，只按 hit_rate 下调转向）
  未晋级阶段：转向阶梯进行中（属预期）
------------------------------------------------------------
[进度] 30,408,704/100,000,000 (30.4%)  FPS≈1406  阶段=stage2_linear  速度=1.00  直行间隔=180  aim=0.100/lead  rotate=-0.07
[进度] 30,425,088/100,000,000 (30.4%)  FPS≈1341  阶段=stage2_linear  速度=1.00  直行间隔=180  aim=0.100/lead  rotate=-0.07
[进度] 30,441,472/100,000,000 (30.4%)  FPS≈1399  阶段=stage2_linear  速度=1.00  直行间隔=180  aim=0.100/lead  rotate=-0.07
[进度] 30,457,856/100,000,000 (30.5%)  FPS≈1425  阶段=stage2_linear  速度=1.00  直行间隔=180  aim=0.100/lead  rotate=-0.07
[进度] 30,474,240/100,000,000 (30.5%)  FPS≈1288  阶段=stage2_linear  速度=1.00  直行间隔=180  aim=0.100/lead  rotate=-0.07
[进度] 30,490,624/100,000,000 (30.5%)  FPS≈1294  阶段=stage2_linear  速度=1.00  直行间隔=180  aim=0.100/lead  rotate=-0.07
[进度] 30,507,008/100,000,000 (30.5%)  FPS≈1390  阶段=stage2_linear  速度=1.00  直行间隔=180  aim=0.100/lead  rotate=-0.07
[存盘] 课程元数据 model_t30507008_stage1_stage2_linear.curriculum.json  stage=stage2_linear  bot=linear v=1.00
[存盘] runs/curriculum_aim/20260922_225205/checkpoints/model_t30507008_stage1_stage2_linear.zip
[评测] 开始（100 局）…
  [评测进度] 10/100  kill(命中/开火)=0.333  direct(直击/开火)=0.167  弹数=18
  [评测进度] 20/100  kill(命中/开火)=0.390  direct(直击/开火)=0.098  弹数=41
  [评测进度] 30/100  kill(命中/开火)=0.323  direct(直击/开火)=0.062  弹数=65
  [评测进度] 40/100  kill(命中/开火)=0.357  direct(直击/开火)=0.071  弹数=84
  [评测进度] 50/100  kill(命中/开火)=0.317  direct(直击/开火)=0.059  弹数=101
  [评测进度] 60/100  kill(命中/开火)=0.294  direct(直击/开火)=0.056  弹数=126
  [评测进度] 70/100  kill(命中/开火)=0.304  direct(直击/开火)=0.063  弹数=158
  [评测进度] 80/100  kill(命中/开火)=0.302  direct(直击/开火)=0.067  弹数=179
  [评测进度] 90/100  kill(命中/开火)=0.305  direct(直击/开火)=0.080  弹数=200
  [评测进度] 100/100  kill(命中/开火)=0.294  direct(直击/开火)=0.075  弹数=228
------------------------------------------------------------
[评测] 阶段=stage2_linear  局数=100
  kill_rate(命中/开火) = 0.294  hit_rate(直击/开火) = 0.075  中位TTK = 600
  TTK口径     : 首直击步数；无直击=该局结束步数（评测步限封顶）
  晋级条件 直击/开火 hit_rate≥0.06  当前=0.075  → 指标达标
  附加门槛 : 需对手速度≥1.00（当前=1.00）
  转向阶梯中 : phase=3  rotate=-0.07  （此期间不晋级下一阶段，只按 hit_rate 下调转向）
  未晋级阶段：转向阶梯进行中（属预期）
------------------------------------------------------------
[进度] 30,523,392/100,000,000 (30.5%)  FPS≈1416  阶段=stage2_linear  速度=1.00  直行间隔=180  aim=0.100/lead  rotate=-0.07
[进度] 30,539,776/100,000,000 (30.5%)  FPS≈1447  阶段=stage2_linear  速度=1.00  直行间隔=180  aim=0.100/lead  rotate=-0.07
[进度] 30,556,160/100,000,000 (30.6%)  FPS≈1446  阶段=stage2_linear  速度=1.00  直行间隔=180  aim=0.100/lead  rotate=-0.07
[进度] 30,572,544/100,000,000 (30.6%)  FPS≈1374  阶段=stage2_linear  速度=1.00  直行间隔=180  aim=0.100/lead  rotate=-0.07
[进度] 30,588,928/100,000,000 (30.6%)  FPS≈1254  阶段=stage2_linear  速度=1.00  直行间隔=180  aim=0.100/lead  rotate=-0.07
[进度] 30,605,312/100,000,000 (30.6%)  FPS≈1448  阶段=stage2_linear  速度=1.00  直行间隔=180  aim=0.100/lead  rotate=-0.07
[进度] 30,621,696/100,000,000 (30.6%)  FPS≈1397  阶段=stage2_linear  速度=1.00  直行间隔=180  aim=0.100/lead  rotate=-0.07
[存盘] 课程元数据 model_t30621696_stage1_stage2_linear.curriculum.json  stage=stage2_linear  bot=linear v=1.00
[存盘] runs/curriculum_aim/20260922_225205/checkpoints/model_t30621696_stage1_stage2_linear.zip
[评测] 开始（100 局）…
  [评测进度] 10/100  kill(命中/开火)=0.500  direct(直击/开火)=0.286  弹数=14
  [评测进度] 20/100  kill(命中/开火)=0.414  direct(直击/开火)=0.241  弹数=29
  [评测进度] 30/100  kill(命中/开火)=0.396  direct(直击/开火)=0.208  弹数=53
  [评测进度] 40/100  kill(命中/开火)=0.382  direct(直击/开火)=0.171  弹数=76
  [评测进度] 50/100  kill(命中/开火)=0.326  direct(直击/开火)=0.137  弹数=95
  [评测进度] 60/100  kill(命中/开火)=0.316  direct(直击/开火)=0.137  弹数=117
  [评测进度] 70/100  kill(命中/开火)=0.333  direct(直击/开火)=0.138  弹数=138
  [评测进度] 80/100  kill(命中/开火)=0.312  direct(直击/开火)=0.121  弹数=157
  [评测进度] 90/100  kill(命中/开火)=0.317  direct(直击/开火)=0.111  弹数=180
  [评测进度] 100/100  kill(命中/开火)=0.333  direct(直击/开火)=0.108  弹数=195
------------------------------------------------------------
[评测] 阶段=stage2_linear  局数=100
  kill_rate(命中/开火) = 0.333  hit_rate(直击/开火) = 0.108  中位TTK = 600
  TTK口径     : 首直击步数；无直击=该局结束步数（评测步限封顶）
  晋级条件 直击/开火 hit_rate≥0.06  当前=0.108  → 指标达标
  附加门槛 : 需对手速度≥1.00（当前=1.00）
  转向阶梯中 : phase=3  rotate=-0.07  （此期间不晋级下一阶段，只按 hit_rate 下调转向）
  未晋级阶段：转向阶梯进行中（属预期）
------------------------------------------------------------
[进度] 30,638,080/100,000,000 (30.6%)  FPS≈1467  阶段=stage2_linear  速度=1.00  直行间隔=180  aim=0.100/lead  rotate=-0.07
[进度] 30,654,464/100,000,000 (30.7%)  FPS≈1373  阶段=stage2_linear  速度=1.00  直行间隔=180  aim=0.100/lead  rotate=-0.07
[进度] 30,670,848/100,000,000 (30.7%)  FPS≈1378  阶段=stage2_linear  速度=1.00  直行间隔=180  aim=0.100/lead  rotate=-0.07
[进度] 30,687,232/100,000,000 (30.7%)  FPS≈1420  阶段=stage2_linear  速度=1.00  直行间隔=180  aim=0.100/lead  rotate=-0.07
[进度] 30,703,616/100,000,000 (30.7%)  FPS≈1475  阶段=stage2_linear  速度=1.00  直行间隔=180  aim=0.100/lead  rotate=-0.07
[进度] 30,720,000/100,000,000 (30.7%)  FPS≈1324  阶段=stage2_linear  速度=1.00  直行间隔=180  aim=0.100/lead  rotate=-0.07
[进度] 30,736,384/100,000,000 (30.7%)  FPS≈1455  阶段=stage2_linear  速度=1.00  直行间隔=180  aim=0.100/lead  rotate=-0.07
[存盘] 课程元数据 model_t30736384_stage1_stage2_linear.curriculum.json  stage=stage2_linear  bot=linear v=1.00
[存盘] runs/curriculum_aim/20260922_225205/checkpoints/model_t30736384_stage1_stage2_linear.zip
[评测] 开始（100 局）…
  [评测进度] 10/100  kill(命中/开火)=0.235  direct(直击/开火)=0.059  弹数=17
  [评测进度] 20/100  kill(命中/开火)=0.211  direct(直击/开火)=0.026  弹数=38
  [评测进度] 30/100  kill(命中/开火)=0.228  direct(直击/开火)=0.035  弹数=57
  [评测进度] 40/100  kill(命中/开火)=0.243  direct(直击/开火)=0.054  弹数=74
  [评测进度] 50/100  kill(命中/开火)=0.258  direct(直击/开火)=0.054  弹数=93
  [评测进度] 60/100  kill(命中/开火)=0.267  direct(直击/开火)=0.058  弹数=120
  [评测进度] 70/100  kill(命中/开火)=0.274  direct(直击/开火)=0.062  弹数=146
  [评测进度] 80/100  kill(命中/开火)=0.273  direct(直击/开火)=0.061  弹数=165
  [评测进度] 90/100  kill(命中/开火)=0.261  direct(直击/开火)=0.059  弹数=188
  [评测进度] 100/100  kill(命中/开火)=0.262  direct(直击/开火)=0.057  弹数=210
------------------------------------------------------------
[评测] 阶段=stage2_linear  局数=100
  kill_rate(命中/开火) = 0.262  hit_rate(直击/开火) = 0.057  中位TTK = 600
  TTK口径     : 首直击步数；无直击=该局结束步数（评测步限封顶）
  晋级条件 直击/开火 hit_rate≥0.06  当前=0.057  → 指标未达标
  附加门槛 : 需对手速度≥1.00（当前=1.00）
  转向阶梯中 : phase=3  rotate=-0.07  （此期间不晋级下一阶段，只按 hit_rate 下调转向）
  未晋级阶段：转向阶梯进行中（属预期）
------------------------------------------------------------
[进度] 30,752,768/100,000,000 (30.8%)  FPS≈1353  阶段=stage2_linear  速度=1.00  直行间隔=180  aim=0.100/lead  rotate=-0.07
[进度] 30,769,152/100,000,000 (30.8%)  FPS≈1306  阶段=stage2_linear  速度=1.00  直行间隔=180  aim=0.100/lead  rotate=-0.07
[进度] 30,785,536/100,000,000 (30.8%)  FPS≈1465  阶段=stage2_linear  速度=1.00  直行间隔=180  aim=0.100/lead  rotate=-0.07
[进度] 30,801,920/100,000,000 (30.8%)  FPS≈1301  阶段=stage2_linear  速度=1.00  直行间隔=180  aim=0.100/lead  rotate=-0.07
[进度] 30,818,304/100,000,000 (30.8%)  FPS≈1288  阶段=stage2_linear  速度=1.00  直行间隔=180  aim=0.100/lead  rotate=-0.07
[进度] 30,834,688/100,000,000 (30.8%)  FPS≈1433  阶段=stage2_linear  速度=1.00  直行间隔=180  aim=0.100/lead  rotate=-0.07
[进度] 30,851,072/100,000,000 (30.9%)  FPS≈1450  阶段=stage2_linear  速度=1.00  直行间隔=180  aim=0.100/lead  rotate=-0.07
[存盘] 课程元数据 model_t30851072_stage1_stage2_linear.curriculum.json  stage=stage2_linear  bot=linear v=1.00
[存盘] runs/curriculum_aim/20260922_225205/checkpoints/model_t30851072_stage1_stage2_linear.zip
[评测] 开始（100 局）…
  [评测进度] 10/100  kill(命中/开火)=0.261  direct(直击/开火)=0.087  弹数=23
  [评测进度] 20/100  kill(命中/开火)=0.298  direct(直击/开火)=0.064  弹数=47
  [评测进度] 30/100  kill(命中/开火)=0.302  direct(直击/开火)=0.079  弹数=63
  [评测进度] 40/100  kill(命中/开火)=0.291  direct(直击/开火)=0.101  弹数=79
  [评测进度] 50/100  kill(命中/开火)=0.257  direct(直击/开火)=0.099  弹数=101
  [评测进度] 60/100  kill(命中/开火)=0.273  direct(直击/开火)=0.102  弹数=128
  [评测进度] 70/100  kill(命中/开火)=0.278  direct(直击/开火)=0.097  弹数=144
  [评测进度] 80/100  kill(命中/开火)=0.252  direct(直击/开火)=0.086  弹数=163
  [评测进度] 90/100  kill(命中/开火)=0.253  direct(直击/开火)=0.084  弹数=178
  [评测进度] 100/100  kill(命中/开火)=0.252  direct(直击/开火)=0.078  弹数=206
------------------------------------------------------------
[评测] 阶段=stage2_linear  局数=100
  kill_rate(命中/开火) = 0.252  hit_rate(直击/开火) = 0.078  中位TTK = 600
  TTK口径     : 首直击步数；无直击=该局结束步数（评测步限封顶）
  晋级条件 直击/开火 hit_rate≥0.06  当前=0.078  → 指标达标
  附加门槛 : 需对手速度≥1.00（当前=1.00）
  转向阶梯中 : phase=3  rotate=-0.07  （此期间不晋级下一阶段，只按 hit_rate 下调转向）
  未晋级阶段：转向阶梯进行中（属预期）
------------------------------------------------------------
[进度] 30,867,456/100,000,000 (30.9%)  FPS≈1331  阶段=stage2_linear  速度=1.00  直行间隔=180  aim=0.100/lead  rotate=-0.07
[进度] 30,883,840/100,000,000 (30.9%)  FPS≈1432  阶段=stage2_linear  速度=1.00  直行间隔=180  aim=0.100/lead  rotate=-0.07
[进度] 30,900,224/100,000,000 (30.9%)  FPS≈1370  阶段=stage2_linear  速度=1.00  直行间隔=180  aim=0.100/lead  rotate=-0.07
[进度] 30,916,608/100,000,000 (30.9%)  FPS≈1422  阶段=stage2_linear  速度=1.00  直行间隔=180  aim=0.100/lead  rotate=-0.07
[进度] 30,932,992/100,000,000 (30.9%)  FPS≈1322  阶段=stage2_linear  速度=1.00  直行间隔=180  aim=0.100/lead  rotate=-0.07
[进度] 30,949,376/100,000,000 (30.9%)  FPS≈1227  阶段=stage2_linear  速度=1.00  直行间隔=180  aim=0.100/lead  rotate=-0.07
[进度] 30,965,760/100,000,000 (31.0%)  FPS≈1379  阶段=stage2_linear  速度=1.00  直行间隔=180  aim=0.100/lead  rotate=-0.07
[存盘] 课程元数据 model_t30965760_stage1_stage2_linear.curriculum.json  stage=stage2_linear  bot=linear v=1.00
[存盘] runs/curriculum_aim/20260922_225205/checkpoints/model_t30965760_stage1_stage2_linear.zip
[评测] 开始（100 局）…
  [评测进度] 10/100  kill(命中/开火)=0.333  direct(直击/开火)=0.067  弹数=15
  [评测进度] 20/100  kill(命中/开火)=0.300  direct(直击/开火)=0.050  弹数=40
  [评测进度] 30/100  kill(命中/开火)=0.259  direct(直击/开火)=0.034  弹数=58
  [评测进度] 40/100  kill(命中/开火)=0.269  direct(直击/开火)=0.038  弹数=78
  [评测进度] 50/100  kill(命中/开火)=0.284  direct(直击/开火)=0.039  弹数=102
  [评测进度] 60/100  kill(命中/开火)=0.278  direct(直击/开火)=0.040  弹数=126
  [评测进度] 70/100  kill(命中/开火)=0.293  direct(直击/开火)=0.041  弹数=147
  [评测进度] 80/100  kill(命中/开火)=0.306  direct(直击/开火)=0.041  弹数=170
  [评测进度] 90/100  kill(命中/开火)=0.292  direct(直击/开火)=0.049  弹数=185
  [评测进度] 100/100  kill(命中/开火)=0.305  direct(直击/开火)=0.054  弹数=203
------------------------------------------------------------
[评测] 阶段=stage2_linear  局数=100
  kill_rate(命中/开火) = 0.305  hit_rate(直击/开火) = 0.054  中位TTK = 600
  TTK口径     : 首直击步数；无直击=该局结束步数（评测步限封顶）
  晋级条件 直击/开火 hit_rate≥0.06  当前=0.054  → 指标未达标
  附加门槛 : 需对手速度≥1.00（当前=1.00）
  转向阶梯中 : phase=3  rotate=-0.07  （此期间不晋级下一阶段，只按 hit_rate 下调转向）
  未晋级阶段：转向阶梯进行中（属预期）
------------------------------------------------------------
[进度] 30,982,144/100,000,000 (31.0%)  FPS≈1356  阶段=stage2_linear  速度=1.00  直行间隔=180  aim=0.100/lead  rotate=-0.07
[进度] 30,998,528/100,000,000 (31.0%)  FPS≈1356  阶段=stage2_linear  速度=1.00  直行间隔=180  aim=0.100/lead  rotate=-0.07
[进度] 31,014,912/100,000,000 (31.0%)  FPS≈1331  阶段=stage2_linear  速度=1.00  直行间隔=180  aim=0.100/lead  rotate=-0.07
[进度] 31,031,296/100,000,000 (31.0%)  FPS≈1316  阶段=stage2_linear  速度=1.00  直行间隔=180  aim=0.100/lead  rotate=-0.07
[进度] 31,047,680/100,000,000 (31.0%)  FPS≈1357  阶段=stage2_linear  速度=1.00  直行间隔=180  aim=0.100/lead  rotate=-0.07
[进度] 31,064,064/100,000,000 (31.1%)  FPS≈1341  阶段=stage2_linear  速度=1.00  直行间隔=180  aim=0.100/lead  rotate=-0.07
[进度] 31,080,448/100,000,000 (31.1%)  FPS≈1402  阶段=stage2_linear  速度=1.00  直行间隔=180  aim=0.100/lead  rotate=-0.07
[存盘] 课程元数据 model_t31080448_stage1_stage2_linear.curriculum.json  stage=stage2_linear  bot=linear v=1.00
[存盘] runs/curriculum_aim/20260922_225205/checkpoints/model_t31080448_stage1_stage2_linear.zip
[评测] 开始（100 局）…
  [评测进度] 10/100  kill(命中/开火)=0.231  direct(直击/开火)=0.077  弹数=26
  [评测进度] 20/100  kill(命中/开火)=0.255  direct(直击/开火)=0.043  弹数=47
  [评测进度] 30/100  kill(命中/开火)=0.205  direct(直击/开火)=0.038  弹数=78
  [评测进度] 40/100  kill(命中/开火)=0.240  direct(直击/开火)=0.058  弹数=104
  [评测进度] 50/100  kill(命中/开火)=0.236  direct(直击/开火)=0.063  弹数=127
  [评测进度] 60/100  kill(命中/开火)=0.257  direct(直击/开火)=0.068  弹数=148
  [评测进度] 70/100  kill(命中/开火)=0.272  direct(直击/开火)=0.069  弹数=173
  [评测进度] 80/100  kill(命中/开火)=0.281  direct(直击/开火)=0.060  弹数=199
  [评测进度] 90/100  kill(命中/开火)=0.276  direct(直击/开火)=0.053  弹数=225
  [评测进度] 100/100  kill(命中/开火)=0.289  direct(直击/开火)=0.062  弹数=242
------------------------------------------------------------
[评测] 阶段=stage2_linear  局数=100
  kill_rate(命中/开火) = 0.289  hit_rate(直击/开火) = 0.062  中位TTK = 600
  TTK口径     : 首直击步数；无直击=该局结束步数（评测步限封顶）
  晋级条件 直击/开火 hit_rate≥0.06  当前=0.062  → 指标达标
  附加门槛 : 需对手速度≥1.00（当前=1.00）
  转向阶梯中 : phase=3  rotate=-0.07  （此期间不晋级下一阶段，只按 hit_rate 下调转向）
  未晋级阶段：转向阶梯进行中（属预期）
------------------------------------------------------------
[进度] 31,096,832/100,000,000 (31.1%)  FPS≈1397  阶段=stage2_linear  速度=1.00  直行间隔=180  aim=0.100/lead  rotate=-0.07
[进度] 31,113,216/100,000,000 (31.1%)  FPS≈1355  阶段=stage2_linear  速度=1.00  直行间隔=180  aim=0.100/lead  rotate=-0.07
[进度] 31,129,600/100,000,000 (31.1%)  FPS≈1421  阶段=stage2_linear  速度=1.00  直行间隔=180  aim=0.100/lead  rotate=-0.07
[进度] 31,145,984/100,000,000 (31.1%)  FPS≈1420  阶段=stage2_linear  速度=1.00  直行间隔=180  aim=0.100/lead  rotate=-0.07
[进度] 31,162,368/100,000,000 (31.2%)  FPS≈1478  阶段=stage2_linear  速度=1.00  直行间隔=180  aim=0.100/lead  rotate=-0.07
[进度] 31,178,752/100,000,000 (31.2%)  FPS≈1411  阶段=stage2_linear  速度=1.00  直行间隔=180  aim=0.100/lead  rotate=-0.07
[进度] 31,195,136/100,000,000 (31.2%)  FPS≈1380  阶段=stage2_linear  速度=1.00  直行间隔=180  aim=0.100/lead  rotate=-0.07
[存盘] 课程元数据 model_t31195136_stage1_stage2_linear.curriculum.json  stage=stage2_linear  bot=linear v=1.00
[存盘] runs/curriculum_aim/20260922_225205/checkpoints/model_t31195136_stage1_stage2_linear.zip
[评测] 开始（100 局）…
  [评测进度] 10/100  kill(命中/开火)=0.250  direct(直击/开火)=0.042  弹数=24
  [评测进度] 20/100  kill(命中/开火)=0.273  direct(直击/开火)=0.068  弹数=44
  [评测进度] 30/100  kill(命中/开火)=0.208  direct(直击/开火)=0.056  弹数=72
  [评测进度] 40/100  kill(命中/开火)=0.218  direct(直击/开火)=0.040  弹数=101
  [评测进度] 50/100  kill(命中/开火)=0.225  direct(直击/开火)=0.058  弹数=120
  [评测进度] 60/100  kill(命中/开火)=0.255  direct(直击/开火)=0.069  弹数=145
  [评测进度] 70/100  kill(命中/开火)=0.257  direct(直击/开火)=0.072  弹数=167
  [评测进度] 80/100  kill(命中/开火)=0.263  direct(直击/开火)=0.074  弹数=190
  [评测进度] 90/100  kill(命中/开火)=0.274  direct(直击/开火)=0.074  弹数=215
  [评测进度] 100/100  kill(命中/开火)=0.256  direct(直击/开火)=0.073  弹数=234
------------------------------------------------------------
[评测] 阶段=stage2_linear  局数=100
  kill_rate(命中/开火) = 0.256  hit_rate(直击/开火) = 0.073  中位TTK = 600
  TTK口径     : 首直击步数；无直击=该局结束步数（评测步限封顶）
  晋级条件 直击/开火 hit_rate≥0.06  当前=0.073  → 指标达标
  附加门槛 : 需对手速度≥1.00（当前=1.00）
  转向阶梯中 : phase=3  rotate=-0.07  （此期间不晋级下一阶段，只按 hit_rate 下调转向）
  未晋级阶段：转向阶梯进行中（属预期）
------------------------------------------------------------
[进度] 31,211,520/100,000,000 (31.2%)  FPS≈1551  阶段=stage2_linear  速度=1.00  直行间隔=180  aim=0.100/lead  rotate=-0.07
[进度] 31,227,904/100,000,000 (31.2%)  FPS≈1459  阶段=stage2_linear  速度=1.00  直行间隔=180  aim=0.100/lead  rotate=-0.07
[进度] 31,244,288/100,000,000 (31.2%)  FPS≈1431  阶段=stage2_linear  速度=1.00  直行间隔=180  aim=0.100/lead  rotate=-0.07
[进度] 31,260,672/100,000,000 (31.3%)  FPS≈1426  阶段=stage2_linear  速度=1.00  直行间隔=180  aim=0.100/lead  rotate=-0.07
[进度] 31,277,056/100,000,000 (31.3%)  FPS≈1442  阶段=stage2_linear  速度=1.00  直行间隔=180  aim=0.100/lead  rotate=-0.07
[进度] 31,293,440/100,000,000 (31.3%)  FPS≈1460  阶段=stage2_linear  速度=1.00  直行间隔=180  aim=0.100/lead  rotate=-0.07
[进度] 31,309,824/100,000,000 (31.3%)  FPS≈1410  阶段=stage2_linear  速度=1.00  直行间隔=180  aim=0.100/lead  rotate=-0.07
[存盘] 课程元数据 model_t31309824_stage1_stage2_linear.curriculum.json  stage=stage2_linear  bot=linear v=1.00
[存盘] runs/curriculum_aim/20260922_225205/checkpoints/model_t31309824_stage1_stage2_linear.zip
[评测] 开始（100 局）…
  [评测进度] 10/100  kill(命中/开火)=0.375  direct(直击/开火)=0.125  弹数=16
  [评测进度] 20/100  kill(命中/开火)=0.343  direct(直击/开火)=0.114  弹数=35
  [评测进度] 30/100  kill(命中/开火)=0.339  direct(直击/开火)=0.107  弹数=56
  [评测进度] 40/100  kill(命中/开火)=0.319  direct(直击/开火)=0.087  弹数=69
  [评测进度] 50/100  kill(命中/开火)=0.284  direct(直击/开火)=0.068  弹数=88
  [评测进度] 60/100  kill(命中/开火)=0.284  direct(直击/开火)=0.064  弹数=109
  [评测进度] 70/100  kill(命中/开火)=0.294  direct(直击/开火)=0.063  弹数=126
  [评测进度] 80/100  kill(命中/开火)=0.279  direct(直击/开火)=0.057  弹数=140
  [评测进度] 90/100  kill(命中/开火)=0.268  direct(直击/开火)=0.057  弹数=157
  [评测进度] 100/100  kill(命中/开火)=0.271  direct(直击/开火)=0.056  弹数=177
------------------------------------------------------------
[评测] 阶段=stage2_linear  局数=100
  kill_rate(命中/开火) = 0.271  hit_rate(直击/开火) = 0.056  中位TTK = 600
  TTK口径     : 首直击步数；无直击=该局结束步数（评测步限封顶）
  晋级条件 直击/开火 hit_rate≥0.06  当前=0.056  → 指标未达标
  附加门槛 : 需对手速度≥1.00（当前=1.00）
  转向阶梯中 : phase=3  rotate=-0.07  （此期间不晋级下一阶段，只按 hit_rate 下调转向）
  未晋级阶段：转向阶梯进行中（属预期）
------------------------------------------------------------
[进度] 31,326,208/100,000,000 (31.3%)  FPS≈1394  阶段=stage2_linear  速度=1.00  直行间隔=180  aim=0.100/lead  rotate=-0.07
[进度] 31,342,592/100,000,000 (31.3%)  FPS≈1376  阶段=stage2_linear  速度=1.00  直行间隔=180  aim=0.100/lead  rotate=-0.07
[进度] 31,358,976/100,000,000 (31.4%)  FPS≈1290  阶段=stage2_linear  速度=1.00  直行间隔=180  aim=0.100/lead  rotate=-0.07
[进度] 31,375,360/100,000,000 (31.4%)  FPS≈1545  阶段=stage2_linear  速度=1.00  直行间隔=180  aim=0.100/lead  rotate=-0.07
[进度] 31,391,744/100,000,000 (31.4%)  FPS≈1381  阶段=stage2_linear  速度=1.00  直行间隔=180  aim=0.100/lead  rotate=-0.07
[进度] 31,408,128/100,000,000 (31.4%)  FPS≈1399  阶段=stage2_linear  速度=1.00  直行间隔=180  aim=0.100/lead  rotate=-0.07
[进度] 31,424,512/100,000,000 (31.4%)  FPS≈1339  阶段=stage2_linear  速度=1.00  直行间隔=180  aim=0.100/lead  rotate=-0.07
[存盘] 课程元数据 model_t31424512_stage1_stage2_linear.curriculum.json  stage=stage2_linear  bot=linear v=1.00
[存盘] runs/curriculum_aim/20260922_225205/checkpoints/model_t31424512_stage1_stage2_linear.zip
[评测] 开始（100 局）…
  [评测进度] 10/100  kill(命中/开火)=0.292  direct(直击/开火)=0.000  弹数=24
  [评测进度] 20/100  kill(命中/开火)=0.205  direct(直击/开火)=0.000  弹数=39
  [评测进度] 30/100  kill(命中/开火)=0.175  direct(直击/开火)=0.016  弹数=63
  [评测进度] 40/100  kill(命中/开火)=0.193  direct(直击/开火)=0.034  弹数=88
  [评测进度] 50/100  kill(命中/开火)=0.194  direct(直击/开火)=0.029  弹数=103
  [评测进度] 60/100  kill(命中/开火)=0.221  direct(直击/开火)=0.041  弹数=122
  [评测进度] 70/100  kill(命中/开火)=0.241  direct(直击/开火)=0.050  弹数=141
  [评测进度] 80/100  kill(命中/开火)=0.236  direct(直击/开火)=0.043  弹数=161
  [评测进度] 90/100  kill(命中/开火)=0.263  direct(直击/开火)=0.050  弹数=179
  [评测进度] 100/100  kill(命中/开火)=0.289  direct(直击/开火)=0.060  弹数=201
------------------------------------------------------------
[评测] 阶段=stage2_linear  局数=100
  kill_rate(命中/开火) = 0.289  hit_rate(直击/开火) = 0.060  中位TTK = 600
  TTK口径     : 首直击步数；无直击=该局结束步数（评测步限封顶）
  晋级条件 直击/开火 hit_rate≥0.06  当前=0.060  → 指标未达标
  附加门槛 : 需对手速度≥1.00（当前=1.00）
  转向阶梯中 : phase=3  rotate=-0.07  （此期间不晋级下一阶段，只按 hit_rate 下调转向）
  未晋级阶段：转向阶梯进行中（属预期）
------------------------------------------------------------
[进度] 31,440,896/100,000,000 (31.4%)  FPS≈1417  阶段=stage2_linear  速度=1.00  直行间隔=180  aim=0.100/lead  rotate=-0.07
[进度] 31,457,280/100,000,000 (31.5%)  FPS≈1546  阶段=stage2_linear  速度=1.00  直行间隔=180  aim=0.100/lead  rotate=-0.07
[进度] 31,473,664/100,000,000 (31.5%)  FPS≈1481  阶段=stage2_linear  速度=1.00  直行间隔=180  aim=0.100/lead  rotate=-0.07
[进度] 31,490,048/100,000,000 (31.5%)  FPS≈1405  阶段=stage2_linear  速度=1.00  直行间隔=180  aim=0.100/lead  rotate=-0.07
[进度] 31,506,432/100,000,000 (31.5%)  FPS≈1499  阶段=stage2_linear  速度=1.00  直行间隔=180  aim=0.100/lead  rotate=-0.07
[进度] 31,522,816/100,000,000 (31.5%)  FPS≈1493  阶段=stage2_linear  速度=1.00  直行间隔=180  aim=0.100/lead  rotate=-0.07
[进度] 31,539,200/100,000,000 (31.5%)  FPS≈1443  阶段=stage2_linear  速度=1.00  直行间隔=180  aim=0.100/lead  rotate=-0.07
[存盘] 课程元数据 model_t31539200_stage1_stage2_linear.curriculum.json  stage=stage2_linear  bot=linear v=1.00
[存盘] runs/curriculum_aim/20260922_225205/checkpoints/model_t31539200_stage1_stage2_linear.zip
[评测] 开始（100 局）…
  [评测进度] 10/100  kill(命中/开火)=0.294  direct(直击/开火)=0.176  弹数=17
  [评测进度] 20/100  kill(命中/开火)=0.182  direct(直击/开火)=0.091  弹数=33
  [评测进度] 30/100  kill(命中/开火)=0.220  direct(直击/开火)=0.060  弹数=50
  [评测进度] 40/100  kill(命中/开火)=0.250  direct(直击/开火)=0.078  弹数=64
  [评测进度] 50/100  kill(命中/开火)=0.247  direct(直击/开火)=0.071  弹数=85
  [评测进度] 60/100  kill(命中/开火)=0.282  direct(直击/开火)=0.055  弹数=110
  [评测进度] 70/100  kill(命中/开火)=0.287  direct(直击/开火)=0.054  弹数=129
  [评测进度] 80/100  kill(命中/开火)=0.281  direct(直击/开火)=0.062  弹数=146
  [评测进度] 90/100  kill(命中/开火)=0.269  direct(直击/开火)=0.060  弹数=167
  [评测进度] 100/100  kill(命中/开火)=0.289  direct(直击/开火)=0.063  弹数=190
------------------------------------------------------------
[评测] 阶段=stage2_linear  局数=100
  kill_rate(命中/开火) = 0.289  hit_rate(直击/开火) = 0.063  中位TTK = 600
  TTK口径     : 首直击步数；无直击=该局结束步数（评测步限封顶）
  晋级条件 直击/开火 hit_rate≥0.06  当前=0.063  → 指标达标
  附加门槛 : 需对手速度≥1.00（当前=1.00）
  转向阶梯中 : phase=3  rotate=-0.07  （此期间不晋级下一阶段，只按 hit_rate 下调转向）
  未晋级阶段：转向阶梯进行中（属预期）
------------------------------------------------------------
[进度] 31,555,584/100,000,000 (31.6%)  FPS≈1492  阶段=stage2_linear  速度=1.00  直行间隔=180  aim=0.100/lead  rotate=-0.07
[进度] 31,571,968/100,000,000 (31.6%)  FPS≈1358  阶段=stage2_linear  速度=1.00  直行间隔=180  aim=0.100/lead  rotate=-0.07
[进度] 31,588,352/100,000,000 (31.6%)  FPS≈1366  阶段=stage2_linear  速度=1.00  直行间隔=180  aim=0.100/lead  rotate=-0.07
[进度] 31,604,736/100,000,000 (31.6%)  FPS≈1547  阶段=stage2_linear  速度=1.00  直行间隔=180  aim=0.100/lead  rotate=-0.07
[进度] 31,621,120/100,000,000 (31.6%)  FPS≈1370  阶段=stage2_linear  速度=1.00  直行间隔=180  aim=0.100/lead  rotate=-0.07
[进度] 31,637,504/100,000,000 (31.6%)  FPS≈1290  阶段=stage2_linear  速度=1.00  直行间隔=180  aim=0.100/lead  rotate=-0.07
[进度] 31,653,888/100,000,000 (31.7%)  FPS≈1459  阶段=stage2_linear  速度=1.00  直行间隔=180  aim=0.100/lead  rotate=-0.07
[存盘] 课程元数据 model_t31653888_stage1_stage2_linear.curriculum.json  stage=stage2_linear  bot=linear v=1.00
[存盘] runs/curriculum_aim/20260922_225205/checkpoints/model_t31653888_stage1_stage2_linear.zip
[评测] 开始（100 局）…
  [评测进度] 10/100  kill(命中/开火)=0.148  direct(直击/开火)=0.000  弹数=27
  [评测进度] 20/100  kill(命中/开火)=0.234  direct(直击/开火)=0.021  弹数=47
  [评测进度] 30/100  kill(命中/开火)=0.247  direct(直击/开火)=0.027  弹数=73
  [评测进度] 40/100  kill(命中/开火)=0.250  direct(直击/开火)=0.042  弹数=96
  [评测进度] 50/100  kill(命中/开火)=0.246  direct(直击/开火)=0.035  弹数=114
  [评测进度] 60/100  kill(命中/开火)=0.248  direct(直击/开火)=0.051  弹数=137
  [评测进度] 70/100  kill(命中/开火)=0.263  direct(直击/开火)=0.075  弹数=160
  [评测进度] 80/100  kill(命中/开火)=0.241  direct(直击/开火)=0.064  弹数=187
  [评测进度] 90/100  kill(命中/开火)=0.239  direct(直击/开火)=0.062  弹数=209
  [评测进度] 100/100  kill(命中/开火)=0.238  direct(直击/开火)=0.065  弹数=231
------------------------------------------------------------
[评测] 阶段=stage2_linear  局数=100
  kill_rate(命中/开火) = 0.238  hit_rate(直击/开火) = 0.065  中位TTK = 600
  TTK口径     : 首直击步数；无直击=该局结束步数（评测步限封顶）
  晋级条件 直击/开火 hit_rate≥0.06  当前=0.065  → 指标达标
  附加门槛 : 需对手速度≥1.00（当前=1.00）
  转向阶梯中 : phase=3  rotate=-0.07  （此期间不晋级下一阶段，只按 hit_rate 下调转向）
  未晋级阶段：转向阶梯进行中（属预期）
------------------------------------------------------------
[进度] 31,670,272/100,000,000 (31.7%)  FPS≈1550  阶段=stage2_linear  速度=1.00  直行间隔=180  aim=0.100/lead  rotate=-0.07
[进度] 31,686,656/100,000,000 (31.7%)  FPS≈1319  阶段=stage2_linear  速度=1.00  直行间隔=180  aim=0.100/lead  rotate=-0.07
[进度] 31,703,040/100,000,000 (31.7%)  FPS≈1405  阶段=stage2_linear  速度=1.00  直行间隔=180  aim=0.100/lead  rotate=-0.07
[进度] 31,719,424/100,000,000 (31.7%)  FPS≈1420  阶段=stage2_linear  速度=1.00  直行间隔=180  aim=0.100/lead  rotate=-0.07
[进度] 31,735,808/100,000,000 (31.7%)  FPS≈1471  阶段=stage2_linear  速度=1.00  直行间隔=180  aim=0.100/lead  rotate=-0.07
[进度] 31,752,192/100,000,000 (31.8%)  FPS≈1502  阶段=stage2_linear  速度=1.00  直行间隔=180  aim=0.100/lead  rotate=-0.07
[进度] 31,768,576/100,000,000 (31.8%)  FPS≈1333  阶段=stage2_linear  速度=1.00  直行间隔=180  aim=0.100/lead  rotate=-0.07
[存盘] 课程元数据 model_t31768576_stage1_stage2_linear.curriculum.json  stage=stage2_linear  bot=linear v=1.00
[存盘] runs/curriculum_aim/20260922_225205/checkpoints/model_t31768576_stage1_stage2_linear.zip
[评测] 开始（100 局）…
  [评测进度] 10/100  kill(命中/开火)=0.296  direct(直击/开火)=0.037  弹数=27
  [评测进度] 20/100  kill(命中/开火)=0.222  direct(直击/开火)=0.037  弹数=54
  [评测进度] 30/100  kill(命中/开火)=0.231  direct(直击/开火)=0.051  弹数=78
  [评测进度] 40/100  kill(命中/开火)=0.290  direct(直击/开火)=0.070  弹数=100
  [评测进度] 50/100  kill(命中/开火)=0.273  direct(直击/开火)=0.055  弹数=128
  [评测进度] 60/100  kill(命中/开火)=0.272  direct(直击/开火)=0.053  弹数=151
  [评测进度] 70/100  kill(命中/开火)=0.304  direct(直击/开火)=0.064  弹数=171
  [评测进度] 80/100  kill(命中/开火)=0.295  direct(直击/开火)=0.063  弹数=190
  [评测进度] 90/100  kill(命中/开火)=0.288  direct(直击/开火)=0.066  弹数=212
  [评测进度] 100/100  kill(命中/开火)=0.289  direct(直击/开火)=0.073  弹数=232
------------------------------------------------------------
[评测] 阶段=stage2_linear  局数=100
  kill_rate(命中/开火) = 0.289  hit_rate(直击/开火) = 0.073  中位TTK = 600
  TTK口径     : 首直击步数；无直击=该局结束步数（评测步限封顶）
  晋级条件 直击/开火 hit_rate≥0.06  当前=0.073  → 指标达标
  附加门槛 : 需对手速度≥1.00（当前=1.00）
  转向阶梯中 : phase=3  rotate=-0.07  （此期间不晋级下一阶段，只按 hit_rate 下调转向）
  未晋级阶段：转向阶梯进行中（属预期）
------------------------------------------------------------
[进度] 31,784,960/100,000,000 (31.8%)  FPS≈1442  阶段=stage2_linear  速度=1.00  直行间隔=180  aim=0.100/lead  rotate=-0.07
[进度] 31,801,344/100,000,000 (31.8%)  FPS≈1462  阶段=stage2_linear  速度=1.00  直行间隔=180  aim=0.100/lead  rotate=-0.07
[进度] 31,817,728/100,000,000 (31.8%)  FPS≈1346  阶段=stage2_linear  速度=1.00  直行间隔=180  aim=0.100/lead  rotate=-0.07
[进度] 31,834,112/100,000,000 (31.8%)  FPS≈1364  阶段=stage2_linear  速度=1.00  直行间隔=180  aim=0.100/lead  rotate=-0.07
[进度] 31,850,496/100,000,000 (31.9%)  FPS≈1345  阶段=stage2_linear  速度=1.00  直行间隔=180  aim=0.100/lead  rotate=-0.07
[进度] 31,866,880/100,000,000 (31.9%)  FPS≈1254  阶段=stage2_linear  速度=1.00  直行间隔=180  aim=0.100/lead  rotate=-0.07
[进度] 31,883,264/100,000,000 (31.9%)  FPS≈1494  阶段=stage2_linear  速度=1.00  直行间隔=180  aim=0.100/lead  rotate=-0.07
[存盘] 课程元数据 model_t31883264_stage1_stage2_linear.curriculum.json  stage=stage2_linear  bot=linear v=1.00
[存盘] runs/curriculum_aim/20260922_225205/checkpoints/model_t31883264_stage1_stage2_linear.zip
[评测] 开始（100 局）…
  [评测进度] 10/100  kill(命中/开火)=0.217  direct(直击/开火)=0.000  弹数=23
  [评测进度] 20/100  kill(命中/开火)=0.250  direct(直击/开火)=0.023  弹数=44
  [评测进度] 30/100  kill(命中/开火)=0.239  direct(直击/开火)=0.045  弹数=67
  [评测进度] 40/100  kill(命中/开火)=0.275  direct(直击/开火)=0.044  弹数=91
  [评测进度] 50/100  kill(命中/开火)=0.294  direct(直击/开火)=0.064  弹数=109
  [评测进度] 60/100  kill(命中/开火)=0.254  direct(直击/开火)=0.051  弹数=138
  [评测进度] 70/100  kill(命中/开火)=0.241  direct(直击/开火)=0.056  弹数=162
  [评测进度] 80/100  kill(命中/开火)=0.236  direct(直击/开火)=0.056  弹数=178
  [评测进度] 90/100  kill(命中/开火)=0.235  direct(直击/开火)=0.071  弹数=196
  [评测进度] 100/100  kill(命中/开火)=0.248  direct(直击/开火)=0.087  弹数=218
------------------------------------------------------------
[评测] 阶段=stage2_linear  局数=100
  kill_rate(命中/开火) = 0.248  hit_rate(直击/开火) = 0.087  中位TTK = 600
  TTK口径     : 首直击步数；无直击=该局结束步数（评测步限封顶）
  晋级条件 直击/开火 hit_rate≥0.06  当前=0.087  → 指标达标
  附加门槛 : 需对手速度≥1.00（当前=1.00）
  转向阶梯中 : phase=3  rotate=-0.07  （此期间不晋级下一阶段，只按 hit_rate 下调转向）
  未晋级阶段：转向阶梯进行中（属预期）
------------------------------------------------------------
[进度] 31,899,648/100,000,000 (31.9%)  FPS≈1411  阶段=stage2_linear  速度=1.00  直行间隔=180  aim=0.100/lead  rotate=-0.07
[进度] 31,916,032/100,000,000 (31.9%)  FPS≈1493  阶段=stage2_linear  速度=1.00  直行间隔=180  aim=0.100/lead  rotate=-0.07
[进度] 31,932,416/100,000,000 (31.9%)  FPS≈1446  阶段=stage2_linear  速度=1.00  直行间隔=180  aim=0.100/lead  rotate=-0.07
[进度] 31,948,800/100,000,000 (31.9%)  FPS≈1419  阶段=stage2_linear  速度=1.00  直行间隔=180  aim=0.100/lead  rotate=-0.07
[进度] 31,965,184/100,000,000 (32.0%)  FPS≈1326  阶段=stage2_linear  速度=1.00  直行间隔=180  aim=0.100/lead  rotate=-0.07
[进度] 31,981,568/100,000,000 (32.0%)  FPS≈1427  阶段=stage2_linear  速度=1.00  直行间隔=180  aim=0.100/lead  rotate=-0.07
[进度] 31,997,952/100,000,000 (32.0%)  FPS≈1308  阶段=stage2_linear  速度=1.00  直行间隔=180  aim=0.100/lead  rotate=-0.07
[存盘] 课程元数据 model_t31997952_stage1_stage2_linear.curriculum.json  stage=stage2_linear  bot=linear v=1.00
[存盘] runs/curriculum_aim/20260922_225205/checkpoints/model_t31997952_stage1_stage2_linear.zip
[评测] 开始（100 局）…
  [评测进度] 10/100  kill(命中/开火)=0.227  direct(直击/开火)=0.091  弹数=22
  [评测进度] 20/100  kill(命中/开火)=0.200  direct(直击/开火)=0.057  弹数=35
  [评测进度] 30/100  kill(命中/开火)=0.250  direct(直击/开火)=0.089  弹数=56
  [评测进度] 40/100  kill(命中/开火)=0.233  direct(直击/开火)=0.082  弹数=73
  [评测进度] 50/100  kill(命中/开火)=0.223  direct(直击/开火)=0.074  弹数=94
  [评测进度] 60/100  kill(命中/开火)=0.259  direct(直击/开火)=0.103  弹数=116
  [评测进度] 70/100  kill(命中/开火)=0.257  direct(直击/开火)=0.086  弹数=140
  [评测进度] 80/100  kill(命中/开火)=0.256  direct(直击/开火)=0.081  弹数=160
  [评测进度] 90/100  kill(命中/开火)=0.266  direct(直击/开火)=0.075  弹数=173
  [评测进度] 100/100  kill(命中/开火)=0.277  direct(直击/开火)=0.072  弹数=195
------------------------------------------------------------
[评测] 阶段=stage2_linear  局数=100
  kill_rate(命中/开火) = 0.277  hit_rate(直击/开火) = 0.072  中位TTK = 600
  TTK口径     : 首直击步数；无直击=该局结束步数（评测步限封顶）
  晋级条件 直击/开火 hit_rate≥0.06  当前=0.072  → 指标达标
  附加门槛 : 需对手速度≥1.00（当前=1.00）
  转向阶梯中 : phase=3  rotate=-0.07  （此期间不晋级下一阶段，只按 hit_rate 下调转向）
  未晋级阶段：转向阶梯进行中（属预期）
------------------------------------------------------------
[进度] 32,014,336/100,000,000 (32.0%)  FPS≈1413  阶段=stage2_linear  速度=1.00  直行间隔=180  aim=0.100/lead  rotate=-0.07
[进度] 32,030,720/100,000,000 (32.0%)  FPS≈1411  阶段=stage2_linear  速度=1.00  直行间隔=180  aim=0.100/lead  rotate=-0.07
[进度] 32,047,104/100,000,000 (32.0%)  FPS≈1528  阶段=stage2_linear  速度=1.00  直行间隔=180  aim=0.100/lead  rotate=-0.07
[进度] 32,063,488/100,000,000 (32.1%)  FPS≈1577  阶段=stage2_linear  速度=1.00  直行间隔=180  aim=0.100/lead  rotate=-0.07
[进度] 32,079,872/100,000,000 (32.1%)  FPS≈1240  阶段=stage2_linear  速度=1.00  直行间隔=180  aim=0.100/lead  rotate=-0.07
[进度] 32,096,256/100,000,000 (32.1%)  FPS≈1399  阶段=stage2_linear  速度=1.00  直行间隔=180  aim=0.100/lead  rotate=-0.07
[进度] 32,112,640/100,000,000 (32.1%)  FPS≈1405  阶段=stage2_linear  速度=1.00  直行间隔=180  aim=0.100/lead  rotate=-0.07
[存盘] 课程元数据 model_t32112640_stage1_stage2_linear.curriculum.json  stage=stage2_linear  bot=linear v=1.00
[存盘] runs/curriculum_aim/20260922_225205/checkpoints/model_t32112640_stage1_stage2_linear.zip
[评测] 开始（100 局）…
  [评测进度] 10/100  kill(命中/开火)=0.250  direct(直击/开火)=0.000  弹数=20
  [评测进度] 20/100  kill(命中/开火)=0.271  direct(直击/开火)=0.021  弹数=48
  [评测进度] 30/100  kill(命中/开火)=0.288  direct(直击/开火)=0.045  弹数=66
  [评测进度] 40/100  kill(命中/开火)=0.216  direct(直击/开火)=0.034  弹数=88
  [评测进度] 50/100  kill(命中/开火)=0.224  direct(直击/开火)=0.037  弹数=107
  [评测进度] 60/100  kill(命中/开火)=0.234  direct(直击/开火)=0.039  弹数=128
  [评测进度] 70/100  kill(命中/开火)=0.233  direct(直击/开火)=0.033  弹数=150
  [评测进度] 80/100  kill(命中/开火)=0.250  direct(直击/开火)=0.036  弹数=168
  [评测进度] 90/100  kill(命中/开火)=0.249  direct(直击/开火)=0.032  弹数=185
  [评测进度] 100/100  kill(命中/开火)=0.250  direct(直击/开火)=0.029  弹数=208
------------------------------------------------------------
[评测] 阶段=stage2_linear  局数=100
  kill_rate(命中/开火) = 0.250  hit_rate(直击/开火) = 0.029  中位TTK = 600
  TTK口径     : 首直击步数；无直击=该局结束步数（评测步限封顶）
  晋级条件 直击/开火 hit_rate≥0.06  当前=0.029  → 指标未达标
  附加门槛 : 需对手速度≥1.00（当前=1.00）
  转向阶梯中 : phase=3  rotate=-0.07  （此期间不晋级下一阶段，只按 hit_rate 下调转向）
  未晋级阶段：转向阶梯进行中（属预期）
------------------------------------------------------------
[进度] 32,129,024/100,000,000 (32.1%)  FPS≈1383  阶段=stage2_linear  速度=1.00  直行间隔=180  aim=0.100/lead  rotate=-0.07
[进度] 32,145,408/100,000,000 (32.1%)  FPS≈1351  阶段=stage2_linear  速度=1.00  直行间隔=180  aim=0.100/lead  rotate=-0.07
[进度] 32,161,792/100,000,000 (32.2%)  FPS≈1522  阶段=stage2_linear  速度=1.00  直行间隔=180  aim=0.100/lead  rotate=-0.07
[进度] 32,178,176/100,000,000 (32.2%)  FPS≈1391  阶段=stage2_linear  速度=1.00  直行间隔=180  aim=0.100/lead  rotate=-0.07
[进度] 32,194,560/100,000,000 (32.2%)  FPS≈1458  阶段=stage2_linear  速度=1.00  直行间隔=180  aim=0.100/lead  rotate=-0.07
[进度] 32,210,944/100,000,000 (32.2%)  FPS≈1565  阶段=stage2_linear  速度=1.00  直行间隔=180  aim=0.100/lead  rotate=-0.07
[进度] 32,227,328/100,000,000 (32.2%)  FPS≈1437  阶段=stage2_linear  速度=1.00  直行间隔=180  aim=0.100/lead  rotate=-0.07
[存盘] 课程元数据 model_t32227328_stage1_stage2_linear.curriculum.json  stage=stage2_linear  bot=linear v=1.00
[存盘] runs/curriculum_aim/20260922_225205/checkpoints/model_t32227328_stage1_stage2_linear.zip
[评测] 开始（100 局）…
  [评测进度] 10/100  kill(命中/开火)=0.273  direct(直击/开火)=0.136  弹数=22
  [评测进度] 20/100  kill(命中/开火)=0.184  direct(直击/开火)=0.061  弹数=49
  [评测进度] 30/100  kill(命中/开火)=0.219  direct(直击/开火)=0.055  弹数=73
  [评测进度] 40/100  kill(命中/开火)=0.205  direct(直击/开火)=0.057  弹数=88
  [评测进度] 50/100  kill(命中/开火)=0.198  direct(直击/开火)=0.057  弹数=106
  [评测进度] 60/100  kill(命中/开火)=0.213  direct(直击/开火)=0.079  弹数=127
  [评测进度] 70/100  kill(命中/开火)=0.229  direct(直击/开火)=0.083  弹数=144
  [评测进度] 80/100  kill(命中/开火)=0.256  direct(直击/开火)=0.085  弹数=164
  [评测进度] 90/100  kill(命中/开火)=0.275  direct(直击/开火)=0.082  弹数=182
  [评测进度] 100/100  kill(命中/开火)=0.278  direct(直击/开火)=0.076  弹数=198
------------------------------------------------------------
[评测] 阶段=stage2_linear  局数=100
  kill_rate(命中/开火) = 0.278  hit_rate(直击/开火) = 0.076  中位TTK = 600
  TTK口径     : 首直击步数；无直击=该局结束步数（评测步限封顶）
  晋级条件 直击/开火 hit_rate≥0.06  当前=0.076  → 指标达标
  附加门槛 : 需对手速度≥1.00（当前=1.00）
  转向阶梯中 : phase=3  rotate=-0.07  （此期间不晋级下一阶段，只按 hit_rate 下调转向）
  未晋级阶段：转向阶梯进行中（属预期）
------------------------------------------------------------
[进度] 32,243,712/100,000,000 (32.2%)  FPS≈1510  阶段=stage2_linear  速度=1.00  直行间隔=180  aim=0.100/lead  rotate=-0.07
[进度] 32,260,096/100,000,000 (32.3%)  FPS≈1399  阶段=stage2_linear  速度=1.00  直行间隔=180  aim=0.100/lead  rotate=-0.07
[进度] 32,276,480/100,000,000 (32.3%)  FPS≈1538  阶段=stage2_linear  速度=1.00  直行间隔=180  aim=0.100/lead  rotate=-0.07
[进度] 32,292,864/100,000,000 (32.3%)  FPS≈1359  阶段=stage2_linear  速度=1.00  直行间隔=180  aim=0.100/lead  rotate=-0.07
[进度] 32,309,248/100,000,000 (32.3%)  FPS≈1331  阶段=stage2_linear  速度=1.00  直行间隔=180  aim=0.100/lead  rotate=-0.07
[进度] 32,325,632/100,000,000 (32.3%)  FPS≈1576  阶段=stage2_linear  速度=1.00  直行间隔=180  aim=0.100/lead  rotate=-0.07
[进度] 32,342,016/100,000,000 (32.3%)  FPS≈1503  阶段=stage2_linear  速度=1.00  直行间隔=180  aim=0.100/lead  rotate=-0.07
[存盘] 课程元数据 model_t32342016_stage1_stage2_linear.curriculum.json  stage=stage2_linear  bot=linear v=1.00
[存盘] runs/curriculum_aim/20260922_225205/checkpoints/model_t32342016_stage1_stage2_linear.zip
[评测] 开始（100 局）…
  [评测进度] 10/100  kill(命中/开火)=0.583  direct(直击/开火)=0.083  弹数=12
  [评测进度] 20/100  kill(命中/开火)=0.455  direct(直击/开火)=0.091  弹数=33
  [评测进度] 30/100  kill(命中/开火)=0.462  direct(直击/开火)=0.115  弹数=52
  [评测进度] 40/100  kill(命中/开火)=0.431  direct(直击/开火)=0.111  弹数=72
  [评测进度] 50/100  kill(命中/开火)=0.415  direct(直击/开火)=0.098  弹数=82
  [评测进度] 60/100  kill(命中/开火)=0.414  direct(直击/开火)=0.101  弹数=99
  [评测进度] 70/100  kill(命中/开火)=0.375  direct(直击/开火)=0.083  弹数=120
  [评测进度] 80/100  kill(命中/开火)=0.363  direct(直击/开火)=0.089  弹数=135
  [评测进度] 90/100  kill(命中/开火)=0.350  direct(直击/开火)=0.081  弹数=160
  [评测进度] 100/100  kill(命中/开火)=0.339  direct(直击/开火)=0.082  弹数=183
------------------------------------------------------------
[评测] 阶段=stage2_linear  局数=100
  kill_rate(命中/开火) = 0.339  hit_rate(直击/开火) = 0.082  中位TTK = 600
  TTK口径     : 首直击步数；无直击=该局结束步数（评测步限封顶）
  晋级条件 直击/开火 hit_rate≥0.06  当前=0.082  → 指标达标
  附加门槛 : 需对手速度≥1.00（当前=1.00）
  转向阶梯中 : phase=3  rotate=-0.07  （此期间不晋级下一阶段，只按 hit_rate 下调转向）
  未晋级阶段：转向阶梯进行中（属预期）
------------------------------------------------------------
[进度] 32,358,400/100,000,000 (32.4%)  FPS≈1421  阶段=stage2_linear  速度=1.00  直行间隔=180  aim=0.100/lead  rotate=-0.07
[进度] 32,374,784/100,000,000 (32.4%)  FPS≈1437  阶段=stage2_linear  速度=1.00  直行间隔=180  aim=0.100/lead  rotate=-0.07
[进度] 32,391,168/100,000,000 (32.4%)  FPS≈1489  阶段=stage2_linear  速度=1.00  直行间隔=180  aim=0.100/lead  rotate=-0.07
[进度] 32,407,552/100,000,000 (32.4%)  FPS≈1479  阶段=stage2_linear  速度=1.00  直行间隔=180  aim=0.100/lead  rotate=-0.07
[进度] 32,423,936/100,000,000 (32.4%)  FPS≈1312  阶段=stage2_linear  速度=1.00  直行间隔=180  aim=0.100/lead  rotate=-0.07
[进度] 32,440,320/100,000,000 (32.4%)  FPS≈1340  阶段=stage2_linear  速度=1.00  直行间隔=180  aim=0.100/lead  rotate=-0.07
[进度] 32,456,704/100,000,000 (32.5%)  FPS≈1416  阶段=stage2_linear  速度=1.00  直行间隔=180  aim=0.100/lead  rotate=-0.07
[存盘] 课程元数据 model_t32456704_stage1_stage2_linear.curriculum.json  stage=stage2_linear  bot=linear v=1.00
[存盘] runs/curriculum_aim/20260922_225205/checkpoints/model_t32456704_stage1_stage2_linear.zip
[评测] 开始（100 局）…
  [评测进度] 10/100  kill(命中/开火)=0.250  direct(直击/开火)=0.062  弹数=16
  [评测进度] 20/100  kill(命中/开火)=0.324  direct(直击/开火)=0.081  弹数=37
  [评测进度] 30/100  kill(命中/开火)=0.250  direct(直击/开火)=0.071  弹数=56
  [评测进度] 40/100  kill(命中/开火)=0.274  direct(直击/开火)=0.055  弹数=73
  [评测进度] 50/100  kill(命中/开火)=0.286  direct(直击/开火)=0.088  弹数=91
  [评测进度] 60/100  kill(命中/开火)=0.291  direct(直击/开火)=0.091  弹数=110
  [评测进度] 70/100  kill(命中/开火)=0.278  direct(直击/开火)=0.087  弹数=126
  [评测进度] 80/100  kill(命中/开火)=0.274  direct(直击/开火)=0.075  弹数=146
  [评测进度] 90/100  kill(命中/开火)=0.262  direct(直击/开火)=0.073  弹数=164
  [评测进度] 100/100  kill(命中/开火)=0.253  direct(直击/开火)=0.075  弹数=174
------------------------------------------------------------
[评测] 阶段=stage2_linear  局数=100
  kill_rate(命中/开火) = 0.253  hit_rate(直击/开火) = 0.075  中位TTK = 600
  TTK口径     : 首直击步数；无直击=该局结束步数（评测步限封顶）
  晋级条件 直击/开火 hit_rate≥0.06  当前=0.075  → 指标达标
  附加门槛 : 需对手速度≥1.00（当前=1.00）
  转向阶梯中 : phase=3  rotate=-0.07  （此期间不晋级下一阶段，只按 hit_rate 下调转向）
  未晋级阶段：转向阶梯进行中（属预期）
------------------------------------------------------------
[进度] 32,473,088/100,000,000 (32.5%)  FPS≈1365  阶段=stage2_linear  速度=1.00  直行间隔=180  aim=0.100/lead  rotate=-0.07
[进度] 32,489,472/100,000,000 (32.5%)  FPS≈1354  阶段=stage2_linear  速度=1.00  直行间隔=180  aim=0.100/lead  rotate=-0.07
[进度] 32,505,856/100,000,000 (32.5%)  FPS≈1376  阶段=stage2_linear  速度=1.00  直行间隔=180  aim=0.100/lead  rotate=-0.07
[进度] 32,522,240/100,000,000 (32.5%)  FPS≈1417  阶段=stage2_linear  速度=1.00  直行间隔=180  aim=0.100/lead  rotate=-0.07
[进度] 32,538,624/100,000,000 (32.5%)  FPS≈1482  阶段=stage2_linear  速度=1.00  直行间隔=180  aim=0.100/lead  rotate=-0.07
[进度] 32,555,008/100,000,000 (32.6%)  FPS≈1343  阶段=stage2_linear  速度=1.00  直行间隔=180  aim=0.100/lead  rotate=-0.07
[进度] 32,571,392/100,000,000 (32.6%)  FPS≈1516  阶段=stage2_linear  速度=1.00  直行间隔=180  aim=0.100/lead  rotate=-0.07
[存盘] 课程元数据 model_t32571392_stage1_stage2_linear.curriculum.json  stage=stage2_linear  bot=linear v=1.00
[存盘] runs/curriculum_aim/20260922_225205/checkpoints/model_t32571392_stage1_stage2_linear.zip
[评测] 开始（100 局）…
  [评测进度] 10/100  kill(命中/开火)=0.316  direct(直击/开火)=0.105  弹数=19
  [评测进度] 20/100  kill(命中/开火)=0.350  direct(直击/开火)=0.175  弹数=40
  [评测进度] 30/100  kill(命中/开火)=0.286  direct(直击/开火)=0.111  弹数=63
  [评测进度] 40/100  kill(命中/开火)=0.275  direct(直击/开火)=0.087  弹数=80
  [评测进度] 50/100  kill(命中/开火)=0.277  direct(直击/开火)=0.089  弹数=101
  [评测进度] 60/100  kill(命中/开火)=0.287  direct(直击/开火)=0.085  弹数=129
  [评测进度] 70/100  kill(命中/开火)=0.285  direct(直击/开火)=0.093  弹数=151
  [评测进度] 80/100  kill(命中/开火)=0.291  direct(直击/开火)=0.093  弹数=172
  [评测进度] 90/100  kill(命中/开火)=0.286  direct(直击/开火)=0.082  弹数=196
  [评测进度] 100/100  kill(命中/开火)=0.301  direct(直击/开火)=0.087  弹数=219
------------------------------------------------------------
[评测] 阶段=stage2_linear  局数=100
  kill_rate(命中/开火) = 0.301  hit_rate(直击/开火) = 0.087  中位TTK = 600
  TTK口径     : 首直击步数；无直击=该局结束步数（评测步限封顶）
  晋级条件 直击/开火 hit_rate≥0.06  当前=0.087  → 指标达标
  附加门槛 : 需对手速度≥1.00（当前=1.00）
  转向阶梯中 : phase=3  rotate=-0.07  （此期间不晋级下一阶段，只按 hit_rate 下调转向）
  未晋级阶段：转向阶梯进行中（属预期）
------------------------------------------------------------
[进度] 32,587,776/100,000,000 (32.6%)  FPS≈1399  阶段=stage2_linear  速度=1.00  直行间隔=180  aim=0.100/lead  rotate=-0.07
[进度] 32,604,160/100,000,000 (32.6%)  FPS≈1530  阶段=stage2_linear  速度=1.00  直行间隔=180  aim=0.100/lead  rotate=-0.07
[进度] 32,620,544/100,000,000 (32.6%)  FPS≈1408  阶段=stage2_linear  速度=1.00  直行间隔=180  aim=0.100/lead  rotate=-0.07
[进度] 32,636,928/100,000,000 (32.6%)  FPS≈1322  阶段=stage2_linear  速度=1.00  直行间隔=180  aim=0.100/lead  rotate=-0.07
[进度] 32,653,312/100,000,000 (32.7%)  FPS≈1325  阶段=stage2_linear  速度=1.00  直行间隔=180  aim=0.100/lead  rotate=-0.07
[进度] 32,669,696/100,000,000 (32.7%)  FPS≈1552  阶段=stage2_linear  速度=1.00  直行间隔=180  aim=0.100/lead  rotate=-0.07
[进度] 32,686,080/100,000,000 (32.7%)  FPS≈1314  阶段=stage2_linear  速度=1.00  直行间隔=180  aim=0.100/lead  rotate=-0.07
[存盘] 课程元数据 model_t32686080_stage1_stage2_linear.curriculum.json  stage=stage2_linear  bot=linear v=1.00
[存盘] runs/curriculum_aim/20260922_225205/checkpoints/model_t32686080_stage1_stage2_linear.zip
[评测] 开始（100 局）…
  [评测进度] 10/100  kill(命中/开火)=0.333  direct(直击/开火)=0.048  弹数=21
  [评测进度] 20/100  kill(命中/开火)=0.289  direct(直击/开火)=0.053  弹数=38
  [评测进度] 30/100  kill(命中/开火)=0.269  direct(直击/开火)=0.077  弹数=52
  [评测进度] 40/100  kill(命中/开火)=0.241  direct(直击/开火)=0.063  弹数=79
  [评测进度] 50/100  kill(命中/开火)=0.269  direct(直击/开火)=0.086  弹数=93
  [评测进度] 60/100  kill(命中/开火)=0.262  direct(直击/开火)=0.075  弹数=107
  [评测进度] 70/100  kill(命中/开火)=0.252  direct(直击/开火)=0.076  弹数=119
  [评测进度] 80/100  kill(命中/开火)=0.248  direct(直击/开火)=0.068  弹数=133
  [评测进度] 90/100  kill(命中/开火)=0.241  direct(直击/开火)=0.070  弹数=158
  [评测进度] 100/100  kill(命中/开火)=0.244  direct(直击/开火)=0.068  弹数=176
------------------------------------------------------------
[评测] 阶段=stage2_linear  局数=100
  kill_rate(命中/开火) = 0.244  hit_rate(直击/开火) = 0.068  中位TTK = 600
  TTK口径     : 首直击步数；无直击=该局结束步数（评测步限封顶）
  晋级条件 直击/开火 hit_rate≥0.06  当前=0.068  → 指标达标
  附加门槛 : 需对手速度≥1.00（当前=1.00）
  转向阶梯中 : phase=3  rotate=-0.07  （此期间不晋级下一阶段，只按 hit_rate 下调转向）
  未晋级阶段：转向阶梯进行中（属预期）
------------------------------------------------------------
[进度] 32,702,464/100,000,000 (32.7%)  FPS≈1317  阶段=stage2_linear  速度=1.00  直行间隔=180  aim=0.100/lead  rotate=-0.07
[进度] 32,718,848/100,000,000 (32.7%)  FPS≈1406  阶段=stage2_linear  速度=1.00  直行间隔=180  aim=0.100/lead  rotate=-0.07
[进度] 32,735,232/100,000,000 (32.7%)  FPS≈1527  阶段=stage2_linear  速度=1.00  直行间隔=180  aim=0.100/lead  rotate=-0.07
[进度] 32,751,616/100,000,000 (32.8%)  FPS≈1447  阶段=stage2_linear  速度=1.00  直行间隔=180  aim=0.100/lead  rotate=-0.07
[进度] 32,768,000/100,000,000 (32.8%)  FPS≈1275  阶段=stage2_linear  速度=1.00  直行间隔=180  aim=0.100/lead  rotate=-0.07
[进度] 32,784,384/100,000,000 (32.8%)  FPS≈1301  阶段=stage2_linear  速度=1.00  直行间隔=180  aim=0.100/lead  rotate=-0.07
[进度] 32,800,768/100,000,000 (32.8%)  FPS≈1311  阶段=stage2_linear  速度=1.00  直行间隔=180  aim=0.100/lead  rotate=-0.07
[存盘] 课程元数据 model_t32800768_stage1_stage2_linear.curriculum.json  stage=stage2_linear  bot=linear v=1.00
[存盘] runs/curriculum_aim/20260922_225205/checkpoints/model_t32800768_stage1_stage2_linear.zip
[评测] 开始（100 局）…
  [评测进度] 10/100  kill(命中/开火)=0.467  direct(直击/开火)=0.200  弹数=15
  [评测进度] 20/100  kill(命中/开火)=0.318  direct(直击/开火)=0.091  弹数=44
  [评测进度] 30/100  kill(命中/开火)=0.302  direct(直击/开火)=0.111  弹数=63
  [评测进度] 40/100  kill(命中/开火)=0.302  direct(直击/开火)=0.105  弹数=86
  [评测进度] 50/100  kill(命中/开火)=0.300  direct(直击/开火)=0.100  弹数=110
  [评测进度] 60/100  kill(命中/开火)=0.297  direct(直击/开火)=0.087  弹数=138
  [评测进度] 70/100  kill(命中/开火)=0.290  direct(直击/开火)=0.084  弹数=155
  [评测进度] 80/100  kill(命中/开火)=0.287  direct(直击/开火)=0.078  弹数=167
  [评测进度] 90/100  kill(命中/开火)=0.280  direct(直击/开火)=0.074  弹数=189
  [评测进度] 100/100  kill(命中/开火)=0.294  direct(直击/开火)=0.065  弹数=214
------------------------------------------------------------
[评测] 阶段=stage2_linear  局数=100
  kill_rate(命中/开火) = 0.294  hit_rate(直击/开火) = 0.065  中位TTK = 600
  TTK口径     : 首直击步数；无直击=该局结束步数（评测步限封顶）
  晋级条件 直击/开火 hit_rate≥0.06  当前=0.065  → 指标达标
  附加门槛 : 需对手速度≥1.00（当前=1.00）
  转向阶梯中 : phase=3  rotate=-0.07  （此期间不晋级下一阶段，只按 hit_rate 下调转向）
  未晋级阶段：转向阶梯进行中（属预期）
------------------------------------------------------------
[进度] 32,817,152/100,000,000 (32.8%)  FPS≈1435  阶段=stage2_linear  速度=1.00  直行间隔=180  aim=0.100/lead  rotate=-0.07
[进度] 32,833,536/100,000,000 (32.8%)  FPS≈1281  阶段=stage2_linear  速度=1.00  直行间隔=180  aim=0.100/lead  rotate=-0.07
[进度] 32,849,920/100,000,000 (32.8%)  FPS≈1343  阶段=stage2_linear  速度=1.00  直行间隔=180  aim=0.100/lead  rotate=-0.07
[进度] 32,866,304/100,000,000 (32.9%)  FPS≈1328  阶段=stage2_linear  速度=1.00  直行间隔=180  aim=0.100/lead  rotate=-0.07
[进度] 32,882,688/100,000,000 (32.9%)  FPS≈1433  阶段=stage2_linear  速度=1.00  直行间隔=180  aim=0.100/lead  rotate=-0.07
[进度] 32,899,072/100,000,000 (32.9%)  FPS≈1414  阶段=stage2_linear  速度=1.00  直行间隔=180  aim=0.100/lead  rotate=-0.07
[进度] 32,915,456/100,000,000 (32.9%)  FPS≈1444  阶段=stage2_linear  速度=1.00  直行间隔=180  aim=0.100/lead  rotate=-0.07
[存盘] 课程元数据 model_t32915456_stage1_stage2_linear.curriculum.json  stage=stage2_linear  bot=linear v=1.00
[存盘] runs/curriculum_aim/20260922_225205/checkpoints/model_t32915456_stage1_stage2_linear.zip
[评测] 开始（100 局）…
  [评测进度] 10/100  kill(命中/开火)=0.286  direct(直击/开火)=0.095  弹数=21
  [评测进度] 20/100  kill(命中/开火)=0.222  direct(直击/开火)=0.111  弹数=36
  [评测进度] 30/100  kill(命中/开火)=0.214  direct(直击/开火)=0.089  弹数=56
  [评测进度] 40/100  kill(命中/开火)=0.230  direct(直击/开火)=0.108  弹数=74
  [评测进度] 50/100  kill(命中/开火)=0.253  direct(直击/开火)=0.111  弹数=99
  [评测进度] 60/100  kill(命中/开火)=0.275  direct(直击/开火)=0.117  弹数=120
  [评测进度] 70/100  kill(命中/开火)=0.275  direct(直击/开火)=0.116  弹数=138
  [评测进度] 80/100  kill(命中/开火)=0.264  direct(直击/开火)=0.113  弹数=159
  [评测进度] 90/100  kill(命中/开火)=0.290  direct(直击/开火)=0.120  弹数=183
  [评测进度] 100/100  kill(命中/开火)=0.276  direct(直击/开火)=0.111  弹数=199
------------------------------------------------------------
[评测] 阶段=stage2_linear  局数=100
  kill_rate(命中/开火) = 0.276  hit_rate(直击/开火) = 0.111  中位TTK = 600
  TTK口径     : 首直击步数；无直击=该局结束步数（评测步限封顶）
  晋级条件 直击/开火 hit_rate≥0.06  当前=0.111  → 指标达标
  附加门槛 : 需对手速度≥1.00（当前=1.00）
  转向阶梯中 : phase=3  rotate=-0.07  （此期间不晋级下一阶段，只按 hit_rate 下调转向）
  未晋级阶段：转向阶梯进行中（属预期）
------------------------------------------------------------
[进度] 32,931,840/100,000,000 (32.9%)  FPS≈1341  阶段=stage2_linear  速度=1.00  直行间隔=180  aim=0.100/lead  rotate=-0.07
[进度] 32,948,224/100,000,000 (32.9%)  FPS≈1332  阶段=stage2_linear  速度=1.00  直行间隔=180  aim=0.100/lead  rotate=-0.07
[进度] 32,964,608/100,000,000 (33.0%)  FPS≈1399  阶段=stage2_linear  速度=1.00  直行间隔=180  aim=0.100/lead  rotate=-0.07
[进度] 32,980,992/100,000,000 (33.0%)  FPS≈1344  阶段=stage2_linear  速度=1.00  直行间隔=180  aim=0.100/lead  rotate=-0.07
[进度] 32,997,376/100,000,000 (33.0%)  FPS≈1272  阶段=stage2_linear  速度=1.00  直行间隔=180  aim=0.100/lead  rotate=-0.07
[进度] 33,013,760/100,000,000 (33.0%)  FPS≈1482  阶段=stage2_linear  速度=1.00  直行间隔=180  aim=0.100/lead  rotate=-0.07
[进度] 33,030,144/100,000,000 (33.0%)  FPS≈1405  阶段=stage2_linear  速度=1.00  直行间隔=180  aim=0.100/lead  rotate=-0.07
[存盘] 课程元数据 model_t33030144_stage1_stage2_linear.curriculum.json  stage=stage2_linear  bot=linear v=1.00
[存盘] runs/curriculum_aim/20260922_225205/checkpoints/model_t33030144_stage1_stage2_linear.zip
[评测] 开始（100 局）…
  [评测进度] 10/100  kill(命中/开火)=0.400  direct(直击/开火)=0.100  弹数=20
  [评测进度] 20/100  kill(命中/开火)=0.371  direct(直击/开火)=0.114  弹数=35
  [评测进度] 30/100  kill(命中/开火)=0.314  direct(直击/开火)=0.118  弹数=51
  [评测进度] 40/100  kill(命中/开火)=0.313  direct(直击/开火)=0.090  弹数=67
  [评测进度] 50/100  kill(命中/开火)=0.301  direct(直击/开火)=0.084  弹数=83
  [评测进度] 60/100  kill(命中/开火)=0.327  direct(直击/开火)=0.077  弹数=104
  [评测进度] 70/100  kill(命中/开火)=0.320  direct(直击/开火)=0.088  弹数=125
  [评测进度] 80/100  kill(命中/开火)=0.301  direct(直击/开火)=0.084  弹数=143
  [评测进度] 90/100  kill(命中/开火)=0.312  direct(直击/开火)=0.087  弹数=160
  [评测进度] 100/100  kill(命中/开火)=0.306  direct(直击/开火)=0.082  弹数=183
------------------------------------------------------------
[评测] 阶段=stage2_linear  局数=100
  kill_rate(命中/开火) = 0.306  hit_rate(直击/开火) = 0.082  中位TTK = 600
  TTK口径     : 首直击步数；无直击=该局结束步数（评测步限封顶）
  晋级条件 直击/开火 hit_rate≥0.06  当前=0.082  → 指标达标
  附加门槛 : 需对手速度≥1.00（当前=1.00）
  转向阶梯中 : phase=3  rotate=-0.07  （此期间不晋级下一阶段，只按 hit_rate 下调转向）
  未晋级阶段：转向阶梯进行中（属预期）
------------------------------------------------------------
[进度] 33,046,528/100,000,000 (33.0%)  FPS≈1390  阶段=stage2_linear  速度=1.00  直行间隔=180  aim=0.100/lead  rotate=-0.07
[进度] 33,062,912/100,000,000 (33.1%)  FPS≈1403  阶段=stage2_linear  速度=1.00  直行间隔=180  aim=0.100/lead  rotate=-0.07
[进度] 33,079,296/100,000,000 (33.1%)  FPS≈1440  阶段=stage2_linear  速度=1.00  直行间隔=180  aim=0.100/lead  rotate=-0.07
[进度] 33,095,680/100,000,000 (33.1%)  FPS≈1263  阶段=stage2_linear  速度=1.00  直行间隔=180  aim=0.100/lead  rotate=-0.07
[进度] 33,112,064/100,000,000 (33.1%)  FPS≈1465  阶段=stage2_linear  速度=1.00  直行间隔=180  aim=0.100/lead  rotate=-0.07
[进度] 33,128,448/100,000,000 (33.1%)  FPS≈1281  阶段=stage2_linear  速度=1.00  直行间隔=180  aim=0.100/lead  rotate=-0.07
[进度] 33,144,832/100,000,000 (33.1%)  FPS≈1534  阶段=stage2_linear  速度=1.00  直行间隔=180  aim=0.100/lead  rotate=-0.07
[存盘] 课程元数据 model_t33144832_stage1_stage2_linear.curriculum.json  stage=stage2_linear  bot=linear v=1.00
[存盘] runs/curriculum_aim/20260922_225205/checkpoints/model_t33144832_stage1_stage2_linear.zip
[评测] 开始（100 局）…
  [评测进度] 10/100  kill(命中/开火)=0.353  direct(直击/开火)=0.176  弹数=17
  [评测进度] 20/100  kill(命中/开火)=0.419  direct(直击/开火)=0.161  弹数=31
  [评测进度] 30/100  kill(命中/开火)=0.347  direct(直击/开火)=0.143  弹数=49
  [评测进度] 40/100  kill(命中/开火)=0.304  direct(直击/开火)=0.130  弹数=69
  [评测进度] 50/100  kill(命中/开火)=0.326  direct(直击/开火)=0.151  弹数=86
  [评测进度] 60/100  kill(命中/开火)=0.319  direct(直击/开火)=0.133  弹数=113
  [评测进度] 70/100  kill(命中/开火)=0.307  direct(直击/开火)=0.126  弹数=127
  [评测进度] 80/100  kill(命中/开火)=0.311  direct(直击/开火)=0.119  弹数=151
  [评测进度] 90/100  kill(命中/开火)=0.297  direct(直击/开火)=0.116  弹数=172
  [评测进度] 100/100  kill(命中/开火)=0.295  direct(直击/开火)=0.109  弹数=193
------------------------------------------------------------
[评测] 阶段=stage2_linear  局数=100
  kill_rate(命中/开火) = 0.295  hit_rate(直击/开火) = 0.109  中位TTK = 600
  TTK口径     : 首直击步数；无直击=该局结束步数（评测步限封顶）
  晋级条件 直击/开火 hit_rate≥0.06  当前=0.109  → 指标达标
  附加门槛 : 需对手速度≥1.00（当前=1.00）
  转向阶梯中 : phase=3  rotate=-0.07  （此期间不晋级下一阶段，只按 hit_rate 下调转向）
  未晋级阶段：转向阶梯进行中（属预期）
------------------------------------------------------------
[进度] 33,161,216/100,000,000 (33.2%)  FPS≈1328  阶段=stage2_linear  速度=1.00  直行间隔=180  aim=0.100/lead  rotate=-0.07
[进度] 33,177,600/100,000,000 (33.2%)  FPS≈1477  阶段=stage2_linear  速度=1.00  直行间隔=180  aim=0.100/lead  rotate=-0.07
[进度] 33,193,984/100,000,000 (33.2%)  FPS≈1469  阶段=stage2_linear  速度=1.00  直行间隔=180  aim=0.100/lead  rotate=-0.07
[进度] 33,210,368/100,000,000 (33.2%)  FPS≈1403  阶段=stage2_linear  速度=1.00  直行间隔=180  aim=0.100/lead  rotate=-0.07
[进度] 33,226,752/100,000,000 (33.2%)  FPS≈1466  阶段=stage2_linear  速度=1.00  直行间隔=180  aim=0.100/lead  rotate=-0.07
[进度] 33,243,136/100,000,000 (33.2%)  FPS≈1322  阶段=stage2_linear  速度=1.00  直行间隔=180  aim=0.100/lead  rotate=-0.07
[进度] 33,259,520/100,000,000 (33.3%)  FPS≈1476  阶段=stage2_linear  速度=1.00  直行间隔=180  aim=0.100/lead  rotate=-0.07
[存盘] 课程元数据 model_t33259520_stage1_stage2_linear.curriculum.json  stage=stage2_linear  bot=linear v=1.00
[存盘] runs/curriculum_aim/20260922_225205/checkpoints/model_t33259520_stage1_stage2_linear.zip
[评测] 开始（100 局）…
  [评测进度] 10/100  kill(命中/开火)=0.214  direct(直击/开火)=0.071  弹数=14
  [评测进度] 20/100  kill(命中/开火)=0.238  direct(直击/开火)=0.119  弹数=42
  [评测进度] 30/100  kill(命中/开火)=0.262  direct(直击/开火)=0.115  弹数=61
  [评测进度] 40/100  kill(命中/开火)=0.239  direct(直击/开火)=0.080  弹数=88
  [评测进度] 50/100  kill(命中/开火)=0.208  direct(直击/开火)=0.066  弹数=106
  [评测进度] 60/100  kill(命中/开火)=0.192  direct(直击/开火)=0.062  弹数=130
  [评测进度] 70/100  kill(命中/开火)=0.218  direct(直击/开火)=0.061  弹数=147
  [评测进度] 80/100  kill(命中/开火)=0.234  direct(直击/开火)=0.058  弹数=171
  [评测进度] 90/100  kill(命中/开火)=0.253  direct(直击/开火)=0.063  弹数=190
  [评测进度] 100/100  kill(命中/开火)=0.260  direct(直击/开火)=0.067  弹数=208
------------------------------------------------------------
[评测] 阶段=stage2_linear  局数=100
  kill_rate(命中/开火) = 0.260  hit_rate(直击/开火) = 0.067  中位TTK = 600
  TTK口径     : 首直击步数；无直击=该局结束步数（评测步限封顶）
  晋级条件 直击/开火 hit_rate≥0.06  当前=0.067  → 指标达标
  附加门槛 : 需对手速度≥1.00（当前=1.00）
  转向阶梯中 : phase=3  rotate=-0.07  （此期间不晋级下一阶段，只按 hit_rate 下调转向）
  未晋级阶段：转向阶梯进行中（属预期）
------------------------------------------------------------
[进度] 33,275,904/100,000,000 (33.3%)  FPS≈1441  阶段=stage2_linear  速度=1.00  直行间隔=180  aim=0.100/lead  rotate=-0.07
[进度] 33,292,288/100,000,000 (33.3%)  FPS≈1356  阶段=stage2_linear  速度=1.00  直行间隔=180  aim=0.100/lead  rotate=-0.07
[进度] 33,308,672/100,000,000 (33.3%)  FPS≈1355  阶段=stage2_linear  速度=1.00  直行间隔=180  aim=0.100/lead  rotate=-0.07
[进度] 33,325,056/100,000,000 (33.3%)  FPS≈1367  阶段=stage2_linear  速度=1.00  直行间隔=180  aim=0.100/lead  rotate=-0.07
[进度] 33,341,440/100,000,000 (33.3%)  FPS≈1341  阶段=stage2_linear  速度=1.00  直行间隔=180  aim=0.100/lead  rotate=-0.07
[进度] 33,357,824/100,000,000 (33.4%)  FPS≈1398  阶段=stage2_linear  速度=1.00  直行间隔=180  aim=0.100/lead  rotate=-0.07
[进度] 33,374,208/100,000,000 (33.4%)  FPS≈1333  阶段=stage2_linear  速度=1.00  直行间隔=180  aim=0.100/lead  rotate=-0.07
[存盘] 课程元数据 model_t33374208_stage1_stage2_linear.curriculum.json  stage=stage2_linear  bot=linear v=1.00
[存盘] runs/curriculum_aim/20260922_225205/checkpoints/model_t33374208_stage1_stage2_linear.zip
[评测] 开始（100 局）…
  [评测进度] 10/100  kill(命中/开火)=0.348  direct(直击/开火)=0.087  弹数=23
  [评测进度] 20/100  kill(命中/开火)=0.308  direct(直击/开火)=0.051  弹数=39
  [评测进度] 30/100  kill(命中/开火)=0.264  direct(直击/开火)=0.057  弹数=53
  [评测进度] 40/100  kill(命中/开火)=0.271  direct(直击/开火)=0.071  弹数=70
  [评测进度] 50/100  kill(命中/开火)=0.265  direct(直击/开火)=0.060  弹数=83
  [评测进度] 60/100  kill(命中/开火)=0.273  direct(直击/开火)=0.073  弹数=110
  [评测进度] 70/100  kill(命中/开火)=0.277  direct(直击/开火)=0.077  弹数=130
  [评测进度] 80/100  kill(命中/开火)=0.260  direct(直击/开火)=0.073  弹数=150
  [评测进度] 90/100  kill(命中/开火)=0.269  direct(直击/开火)=0.070  弹数=171
  [评测进度] 100/100  kill(命中/开火)=0.270  direct(直击/开火)=0.076  弹数=185
------------------------------------------------------------
[评测] 阶段=stage2_linear  局数=100
  kill_rate(命中/开火) = 0.270  hit_rate(直击/开火) = 0.076  中位TTK = 600
  TTK口径     : 首直击步数；无直击=该局结束步数（评测步限封顶）
  晋级条件 直击/开火 hit_rate≥0.06  当前=0.076  → 指标达标
  附加门槛 : 需对手速度≥1.00（当前=1.00）
  转向阶梯中 : phase=3  rotate=-0.07  （此期间不晋级下一阶段，只按 hit_rate 下调转向）
  未晋级阶段：转向阶梯进行中（属预期）
------------------------------------------------------------
[进度] 33,390,592/100,000,000 (33.4%)  FPS≈1411  阶段=stage2_linear  速度=1.00  直行间隔=180  aim=0.100/lead  rotate=-0.07
[进度] 33,406,976/100,000,000 (33.4%)  FPS≈1366  阶段=stage2_linear  速度=1.00  直行间隔=180  aim=0.100/lead  rotate=-0.07
[进度] 33,423,360/100,000,000 (33.4%)  FPS≈1452  阶段=stage2_linear  速度=1.00  直行间隔=180  aim=0.100/lead  rotate=-0.07
[进度] 33,439,744/100,000,000 (33.4%)  FPS≈1312  阶段=stage2_linear  速度=1.00  直行间隔=180  aim=0.100/lead  rotate=-0.07
[进度] 33,456,128/100,000,000 (33.5%)  FPS≈1407  阶段=stage2_linear  速度=1.00  直行间隔=180  aim=0.100/lead  rotate=-0.07
[进度] 33,472,512/100,000,000 (33.5%)  FPS≈1391  阶段=stage2_linear  速度=1.00  直行间隔=180  aim=0.100/lead  rotate=-0.07
[进度] 33,488,896/100,000,000 (33.5%)  FPS≈1246  阶段=stage2_linear  速度=1.00  直行间隔=180  aim=0.100/lead  rotate=-0.07
[存盘] 课程元数据 model_t33488896_stage1_stage2_linear.curriculum.json  stage=stage2_linear  bot=linear v=1.00
[存盘] runs/curriculum_aim/20260922_225205/checkpoints/model_t33488896_stage1_stage2_linear.zip
[评测] 开始（100 局）…
  [评测进度] 10/100  kill(命中/开火)=0.143  direct(直击/开火)=0.071  弹数=14
  [评测进度] 20/100  kill(命中/开火)=0.219  direct(直击/开火)=0.062  弹数=32
  [评测进度] 30/100  kill(命中/开火)=0.283  direct(直击/开火)=0.087  弹数=46
  [评测进度] 40/100  kill(命中/开火)=0.296  direct(直击/开火)=0.099  弹数=71
  [评测进度] 50/100  kill(命中/开火)=0.315  direct(直击/开火)=0.120  弹数=92
  [评测进度] 60/100  kill(命中/开火)=0.306  direct(直击/开火)=0.117  弹数=111
  [评测进度] 70/100  kill(命中/开火)=0.302  direct(直击/开火)=0.111  弹数=126
  [评测进度] 80/100  kill(命中/开火)=0.322  direct(直击/开火)=0.116  弹数=146
  [评测进度] 90/100  kill(命中/开火)=0.327  direct(直击/开火)=0.103  弹数=165
  [评测进度] 100/100  kill(命中/开火)=0.321  direct(直击/开火)=0.100  弹数=190
------------------------------------------------------------
[评测] 阶段=stage2_linear  局数=100
  kill_rate(命中/开火) = 0.321  hit_rate(直击/开火) = 0.100  中位TTK = 600
  TTK口径     : 首直击步数；无直击=该局结束步数（评测步限封顶）
  晋级条件 直击/开火 hit_rate≥0.06  当前=0.100  → 指标达标
  附加门槛 : 需对手速度≥1.00（当前=1.00）
  转向阶梯中 : phase=3  rotate=-0.07  （此期间不晋级下一阶段，只按 hit_rate 下调转向）
  未晋级阶段：转向阶梯进行中（属预期）
------------------------------------------------------------
[进度] 33,505,280/100,000,000 (33.5%)  FPS≈1497  阶段=stage2_linear  速度=1.00  直行间隔=180  aim=0.100/lead  rotate=-0.07
[进度] 33,521,664/100,000,000 (33.5%)  FPS≈1535  阶段=stage2_linear  速度=1.00  直行间隔=180  aim=0.100/lead  rotate=-0.07
[进度] 33,538,048/100,000,000 (33.5%)  FPS≈1512  阶段=stage2_linear  速度=1.00  直行间隔=180  aim=0.100/lead  rotate=-0.07
[进度] 33,554,432/100,000,000 (33.6%)  FPS≈1321  阶段=stage2_linear  速度=1.00  直行间隔=180  aim=0.100/lead  rotate=-0.07
[进度] 33,570,816/100,000,000 (33.6%)  FPS≈1225  阶段=stage2_linear  速度=1.00  直行间隔=180  aim=0.100/lead  rotate=-0.07
[进度] 33,587,200/100,000,000 (33.6%)  FPS≈1468  阶段=stage2_linear  速度=1.00  直行间隔=180  aim=0.100/lead  rotate=-0.07
[进度] 33,603,584/100,000,000 (33.6%)  FPS≈1273  阶段=stage2_linear  速度=1.00  直行间隔=180  aim=0.100/lead  rotate=-0.07
[存盘] 课程元数据 model_t33603584_stage1_stage2_linear.curriculum.json  stage=stage2_linear  bot=linear v=1.00
[存盘] runs/curriculum_aim/20260922_225205/checkpoints/model_t33603584_stage1_stage2_linear.zip
[评测] 开始（100 局）…
  [评测进度] 10/100  kill(命中/开火)=0.321  direct(直击/开火)=0.071  弹数=28
  [评测进度] 20/100  kill(命中/开火)=0.309  direct(直击/开火)=0.055  弹数=55
  [评测进度] 30/100  kill(命中/开火)=0.274  direct(直击/开火)=0.068  弹数=73
  [评测进度] 40/100  kill(命中/开火)=0.295  direct(直击/开火)=0.074  弹数=95
  [评测进度] 50/100  kill(命中/开火)=0.287  direct(直击/开火)=0.074  弹数=108
  [评测进度] 60/100  kill(命中/开火)=0.280  direct(直击/开火)=0.068  弹数=132
  [评测进度] 70/100  kill(命中/开火)=0.281  direct(直击/开火)=0.065  弹数=153
  [评测进度] 80/100  kill(命中/开火)=0.282  direct(直击/开火)=0.072  弹数=181
  [评测进度] 90/100  kill(命中/开火)=0.288  direct(直击/开火)=0.073  弹数=205
  [评测进度] 100/100  kill(命中/开火)=0.284  direct(直击/开火)=0.069  弹数=232
------------------------------------------------------------
[评测] 阶段=stage2_linear  局数=100
  kill_rate(命中/开火) = 0.284  hit_rate(直击/开火) = 0.069  中位TTK = 600
  TTK口径     : 首直击步数；无直击=该局结束步数（评测步限封顶）
  晋级条件 直击/开火 hit_rate≥0.06  当前=0.069  → 指标达标
  附加门槛 : 需对手速度≥1.00（当前=1.00）
  转向阶梯中 : phase=3  rotate=-0.07  （此期间不晋级下一阶段，只按 hit_rate 下调转向）
  未晋级阶段：转向阶梯进行中（属预期）
------------------------------------------------------------
[进度] 33,619,968/100,000,000 (33.6%)  FPS≈1411  阶段=stage2_linear  速度=1.00  直行间隔=180  aim=0.100/lead  rotate=-0.07
[进度] 33,636,352/100,000,000 (33.6%)  FPS≈1375  阶段=stage2_linear  速度=1.00  直行间隔=180  aim=0.100/lead  rotate=-0.07
[进度] 33,652,736/100,000,000 (33.7%)  FPS≈1408  阶段=stage2_linear  速度=1.00  直行间隔=180  aim=0.100/lead  rotate=-0.07
[进度] 33,669,120/100,000,000 (33.7%)  FPS≈1381  阶段=stage2_linear  速度=1.00  直行间隔=180  aim=0.100/lead  rotate=-0.07
[进度] 33,685,504/100,000,000 (33.7%)  FPS≈1548  阶段=stage2_linear  速度=1.00  直行间隔=180  aim=0.100/lead  rotate=-0.07
[进度] 33,701,888/100,000,000 (33.7%)  FPS≈1263  阶段=stage2_linear  速度=1.00  直行间隔=180  aim=0.100/lead  rotate=-0.07
[进度] 33,718,272/100,000,000 (33.7%)  FPS≈1357  阶段=stage2_linear  速度=1.00  直行间隔=180  aim=0.100/lead  rotate=-0.07
[存盘] 课程元数据 model_t33718272_stage1_stage2_linear.curriculum.json  stage=stage2_linear  bot=linear v=1.00
[存盘] runs/curriculum_aim/20260922_225205/checkpoints/model_t33718272_stage1_stage2_linear.zip
[评测] 开始（100 局）…
  [评测进度] 10/100  kill(命中/开火)=0.348  direct(直击/开火)=0.174  弹数=23
  [评测进度] 20/100  kill(命中/开火)=0.341  direct(直击/开火)=0.182  弹数=44
  [评测进度] 30/100  kill(命中/开火)=0.338  direct(直击/开火)=0.154  弹数=65
  [评测进度] 40/100  kill(命中/开火)=0.362  direct(直击/开火)=0.175  弹数=80
  [评测进度] 50/100  kill(命中/开火)=0.333  direct(直击/开火)=0.162  弹数=99
  [评测进度] 60/100  kill(命中/开火)=0.316  direct(直击/开火)=0.154  弹数=117
  [评测进度] 70/100  kill(命中/开火)=0.318  direct(直击/开火)=0.147  弹数=129
  [评测进度] 80/100  kill(命中/开火)=0.307  direct(直击/开火)=0.140  弹数=150
  [评测进度] 90/100  kill(命中/开火)=0.305  direct(直击/开火)=0.132  弹数=167
  [评测进度] 100/100  kill(命中/开火)=0.305  direct(直击/开火)=0.126  弹数=190
------------------------------------------------------------
[评测] 阶段=stage2_linear  局数=100
  kill_rate(命中/开火) = 0.305  hit_rate(直击/开火) = 0.126  中位TTK = 600
  TTK口径     : 首直击步数；无直击=该局结束步数（评测步限封顶）
  晋级条件 直击/开火 hit_rate≥0.06  当前=0.126  → 指标达标
  附加门槛 : 需对手速度≥1.00（当前=1.00）
  转向阶梯中 : phase=3  rotate=-0.07  （此期间不晋级下一阶段，只按 hit_rate 下调转向）
  未晋级阶段：转向阶梯进行中（属预期）
------------------------------------------------------------
[进度] 33,734,656/100,000,000 (33.7%)  FPS≈1380  阶段=stage2_linear  速度=1.00  直行间隔=180  aim=0.100/lead  rotate=-0.07
[进度] 33,751,040/100,000,000 (33.8%)  FPS≈1417  阶段=stage2_linear  速度=1.00  直行间隔=180  aim=0.100/lead  rotate=-0.07
[进度] 33,767,424/100,000,000 (33.8%)  FPS≈1445  阶段=stage2_linear  速度=1.00  直行间隔=180  aim=0.100/lead  rotate=-0.07
[进度] 33,783,808/100,000,000 (33.8%)  FPS≈1423  阶段=stage2_linear  速度=1.00  直行间隔=180  aim=0.100/lead  rotate=-0.07
[进度] 33,800,192/100,000,000 (33.8%)  FPS≈1358  阶段=stage2_linear  速度=1.00  直行间隔=180  aim=0.100/lead  rotate=-0.07
[进度] 33,816,576/100,000,000 (33.8%)  FPS≈1356  阶段=stage2_linear  速度=1.00  直行间隔=180  aim=0.100/lead  rotate=-0.07
[进度] 33,832,960/100,000,000 (33.8%)  FPS≈1312  阶段=stage2_linear  速度=1.00  直行间隔=180  aim=0.100/lead  rotate=-0.07
[存盘] 课程元数据 model_t33832960_stage1_stage2_linear.curriculum.json  stage=stage2_linear  bot=linear v=1.00
[存盘] runs/curriculum_aim/20260922_225205/checkpoints/model_t33832960_stage1_stage2_linear.zip
[评测] 开始（100 局）…
  [评测进度] 10/100  kill(命中/开火)=0.211  direct(直击/开火)=0.053  弹数=19
  [评测进度] 20/100  kill(命中/开火)=0.389  direct(直击/开火)=0.167  弹数=36
  [评测进度] 30/100  kill(命中/开火)=0.368  direct(直击/开火)=0.193  弹数=57
  [评测进度] 40/100  kill(命中/开火)=0.315  direct(直击/开火)=0.178  弹数=73
  [评测进度] 50/100  kill(命中/开火)=0.291  direct(直击/开火)=0.151  弹数=86
  [评测进度] 60/100  kill(命中/开火)=0.273  direct(直击/开火)=0.131  弹数=99
  [评测进度] 70/100  kill(命中/开火)=0.270  direct(直击/开火)=0.139  弹数=115
  [评测进度] 80/100  kill(命中/开火)=0.267  direct(直击/开火)=0.122  弹数=131
  [评测进度] 90/100  kill(命中/开火)=0.261  direct(直击/开火)=0.120  弹数=142
  [评测进度] 100/100  kill(命中/开火)=0.255  direct(直击/开火)=0.108  弹数=157
------------------------------------------------------------
[评测] 阶段=stage2_linear  局数=100
  kill_rate(命中/开火) = 0.255  hit_rate(直击/开火) = 0.108  中位TTK = 600
  TTK口径     : 首直击步数；无直击=该局结束步数（评测步限封顶）
  晋级条件 直击/开火 hit_rate≥0.06  当前=0.108  → 指标达标
  附加门槛 : 需对手速度≥1.00（当前=1.00）
  转向阶梯中 : phase=3  rotate=-0.07  （此期间不晋级下一阶段，只按 hit_rate 下调转向）
  未晋级阶段：转向阶梯进行中（属预期）
------------------------------------------------------------
[进度] 33,849,344/100,000,000 (33.8%)  FPS≈1423  阶段=stage2_linear  速度=1.00  直行间隔=180  aim=0.100/lead  rotate=-0.07
[进度] 33,865,728/100,000,000 (33.9%)  FPS≈1471  阶段=stage2_linear  速度=1.00  直行间隔=180  aim=0.100/lead  rotate=-0.07
[进度] 33,882,112/100,000,000 (33.9%)  FPS≈1294  阶段=stage2_linear  速度=1.00  直行间隔=180  aim=0.100/lead  rotate=-0.07
[进度] 33,898,496/100,000,000 (33.9%)  FPS≈1406  阶段=stage2_linear  速度=1.00  直行间隔=180  aim=0.100/lead  rotate=-0.07
[进度] 33,914,880/100,000,000 (33.9%)  FPS≈1397  阶段=stage2_linear  速度=1.00  直行间隔=180  aim=0.100/lead  rotate=-0.07
[进度] 33,931,264/100,000,000 (33.9%)  FPS≈1458  阶段=stage2_linear  速度=1.00  直行间隔=180  aim=0.100/lead  rotate=-0.07
[进度] 33,947,648/100,000,000 (33.9%)  FPS≈1463  阶段=stage2_linear  速度=1.00  直行间隔=180  aim=0.100/lead  rotate=-0.07
[存盘] 课程元数据 model_t33947648_stage1_stage2_linear.curriculum.json  stage=stage2_linear  bot=linear v=1.00
[存盘] runs/curriculum_aim/20260922_225205/checkpoints/model_t33947648_stage1_stage2_linear.zip
[评测] 开始（100 局）…
  [评测进度] 10/100  kill(命中/开火)=0.273  direct(直击/开火)=0.136  弹数=22
  [评测进度] 20/100  kill(命中/开火)=0.295  direct(直击/开火)=0.091  弹数=44
  [评测进度] 30/100  kill(命中/开火)=0.279  direct(直击/开火)=0.088  弹数=68
  [评测进度] 40/100  kill(命中/开火)=0.329  direct(直击/开火)=0.129  弹数=85
  [评测进度] 50/100  kill(命中/开火)=0.290  direct(直击/开火)=0.112  弹数=107
  [评测进度] 60/100  kill(命中/开火)=0.285  direct(直击/开火)=0.108  弹数=130
  [评测进度] 70/100  kill(命中/开火)=0.307  direct(直击/开火)=0.120  弹数=150
  [评测进度] 80/100  kill(命中/开火)=0.304  direct(直击/开火)=0.107  弹数=168
  [评测进度] 90/100  kill(命中/开火)=0.299  direct(直击/开火)=0.096  弹数=187
  [评测进度] 100/100  kill(命中/开火)=0.285  direct(直击/开火)=0.097  弹数=207
------------------------------------------------------------
[评测] 阶段=stage2_linear  局数=100
  kill_rate(命中/开火) = 0.285  hit_rate(直击/开火) = 0.097  中位TTK = 600
  TTK口径     : 首直击步数；无直击=该局结束步数（评测步限封顶）
  晋级条件 直击/开火 hit_rate≥0.06  当前=0.097  → 指标达标
  附加门槛 : 需对手速度≥1.00（当前=1.00）
  转向阶梯中 : phase=3  rotate=-0.07  （此期间不晋级下一阶段，只按 hit_rate 下调转向）
  未晋级阶段：转向阶梯进行中（属预期）
------------------------------------------------------------
[进度] 33,964,032/100,000,000 (34.0%)  FPS≈1540  阶段=stage2_linear  速度=1.00  直行间隔=180  aim=0.100/lead  rotate=-0.07
[进度] 33,980,416/100,000,000 (34.0%)  FPS≈1369  阶段=stage2_linear  速度=1.00  直行间隔=180  aim=0.100/lead  rotate=-0.07
[进度] 33,996,800/100,000,000 (34.0%)  FPS≈1296  阶段=stage2_linear  速度=1.00  直行间隔=180  aim=0.100/lead  rotate=-0.07
[进度] 34,013,184/100,000,000 (34.0%)  FPS≈1464  阶段=stage2_linear  速度=1.00  直行间隔=180  aim=0.100/lead  rotate=-0.07
[进度] 34,029,568/100,000,000 (34.0%)  FPS≈1504  阶段=stage2_linear  速度=1.00  直行间隔=180  aim=0.100/lead  rotate=-0.07
[进度] 34,045,952/100,000,000 (34.0%)  FPS≈1431  阶段=stage2_linear  速度=1.00  直行间隔=180  aim=0.100/lead  rotate=-0.07
[进度] 34,062,336/100,000,000 (34.1%)  FPS≈1472  阶段=stage2_linear  速度=1.00  直行间隔=180  aim=0.100/lead  rotate=-0.07
[存盘] 课程元数据 model_t34062336_stage1_stage2_linear.curriculum.json  stage=stage2_linear  bot=linear v=1.00
[存盘] runs/curriculum_aim/20260922_225205/checkpoints/model_t34062336_stage1_stage2_linear.zip
[评测] 开始（100 局）…
  [评测进度] 10/100  kill(命中/开火)=0.412  direct(直击/开火)=0.235  弹数=17
  [评测进度] 20/100  kill(命中/开火)=0.415  direct(直击/开火)=0.171  弹数=41
  [评测进度] 30/100  kill(命中/开火)=0.375  direct(直击/开火)=0.141  弹数=64
  [评测进度] 40/100  kill(命中/开火)=0.341  direct(直击/开火)=0.136  弹数=88
  [评测进度] 50/100  kill(命中/开火)=0.313  direct(直击/开火)=0.122  弹数=115
  [评测进度] 60/100  kill(命中/开火)=0.293  direct(直击/开火)=0.100  弹数=140
  [评测进度] 70/100  kill(命中/开火)=0.275  direct(直击/开火)=0.094  弹数=160
  [评测进度] 80/100  kill(命中/开火)=0.283  direct(直击/开火)=0.083  弹数=180
  [评测进度] 90/100  kill(命中/开火)=0.291  direct(直击/开火)=0.079  弹数=203
  [评测进度] 100/100  kill(命中/开火)=0.296  direct(直击/开火)=0.085  弹数=223
------------------------------------------------------------
[评测] 阶段=stage2_linear  局数=100
  kill_rate(命中/开火) = 0.296  hit_rate(直击/开火) = 0.085  中位TTK = 600
  TTK口径     : 首直击步数；无直击=该局结束步数（评测步限封顶）
  晋级条件 直击/开火 hit_rate≥0.06  当前=0.085  → 指标达标
  附加门槛 : 需对手速度≥1.00（当前=1.00）
  转向阶梯中 : phase=3  rotate=-0.07  （此期间不晋级下一阶段，只按 hit_rate 下调转向）
  未晋级阶段：转向阶梯进行中（属预期）
------------------------------------------------------------
[进度] 34,078,720/100,000,000 (34.1%)  FPS≈1476  阶段=stage2_linear  速度=1.00  直行间隔=180  aim=0.100/lead  rotate=-0.07
[进度] 34,095,104/100,000,000 (34.1%)  FPS≈1448  阶段=stage2_linear  速度=1.00  直行间隔=180  aim=0.100/lead  rotate=-0.07
[进度] 34,111,488/100,000,000 (34.1%)  FPS≈1467  阶段=stage2_linear  速度=1.00  直行间隔=180  aim=0.100/lead  rotate=-0.07
[进度] 34,127,872/100,000,000 (34.1%)  FPS≈1349  阶段=stage2_linear  速度=1.00  直行间隔=180  aim=0.100/lead  rotate=-0.07
[进度] 34,144,256/100,000,000 (34.1%)  FPS≈1533  阶段=stage2_linear  速度=1.00  直行间隔=180  aim=0.100/lead  rotate=-0.07
[进度] 34,160,640/100,000,000 (34.2%)  FPS≈1405  阶段=stage2_linear  速度=1.00  直行间隔=180  aim=0.100/lead  rotate=-0.07
[进度] 34,177,024/100,000,000 (34.2%)  FPS≈1331  阶段=stage2_linear  速度=1.00  直行间隔=180  aim=0.100/lead  rotate=-0.07
[存盘] 课程元数据 model_t34177024_stage1_stage2_linear.curriculum.json  stage=stage2_linear  bot=linear v=1.00
[存盘] runs/curriculum_aim/20260922_225205/checkpoints/model_t34177024_stage1_stage2_linear.zip
[评测] 开始（100 局）…
  [评测进度] 10/100  kill(命中/开火)=0.375  direct(直击/开火)=0.042  弹数=24
  [评测进度] 20/100  kill(命中/开火)=0.316  direct(直击/开火)=0.053  弹数=38
  [评测进度] 30/100  kill(命中/开火)=0.288  direct(直击/开火)=0.068  弹数=59
  [评测进度] 40/100  kill(命中/开火)=0.333  direct(直击/开火)=0.051  弹数=78
  [评测进度] 50/100  kill(命中/开火)=0.327  direct(直击/开火)=0.059  弹数=101
  [评测进度] 60/100  kill(命中/开火)=0.306  direct(直击/开火)=0.050  弹数=121
  [评测进度] 70/100  kill(命中/开火)=0.286  direct(直击/开火)=0.043  弹数=140
  [评测进度] 80/100  kill(命中/开火)=0.281  direct(直击/开火)=0.062  弹数=160
  [评测进度] 90/100  kill(命中/开火)=0.260  direct(直击/开火)=0.056  弹数=177
  [评测进度] 100/100  kill(命中/开火)=0.264  direct(直击/开火)=0.061  弹数=197
------------------------------------------------------------
[评测] 阶段=stage2_linear  局数=100
  kill_rate(命中/开火) = 0.264  hit_rate(直击/开火) = 0.061  中位TTK = 600
  TTK口径     : 首直击步数；无直击=该局结束步数（评测步限封顶）
  晋级条件 直击/开火 hit_rate≥0.06  当前=0.061  → 指标达标
  附加门槛 : 需对手速度≥1.00（当前=1.00）
  转向阶梯中 : phase=3  rotate=-0.07  （此期间不晋级下一阶段，只按 hit_rate 下调转向）
  未晋级阶段：转向阶梯进行中（属预期）
------------------------------------------------------------
[进度] 34,193,408/100,000,000 (34.2%)  FPS≈1394  阶段=stage2_linear  速度=1.00  直行间隔=180  aim=0.100/lead  rotate=-0.07
[进度] 34,209,792/100,000,000 (34.2%)  FPS≈1374  阶段=stage2_linear  速度=1.00  直行间隔=180  aim=0.100/lead  rotate=-0.07
[进度] 34,226,176/100,000,000 (34.2%)  FPS≈1391  阶段=stage2_linear  速度=1.00  直行间隔=180  aim=0.100/lead  rotate=-0.07
[进度] 34,242,560/100,000,000 (34.2%)  FPS≈1414  阶段=stage2_linear  速度=1.00  直行间隔=180  aim=0.100/lead  rotate=-0.07
[进度] 34,258,944/100,000,000 (34.3%)  FPS≈1460  阶段=stage2_linear  速度=1.00  直行间隔=180  aim=0.100/lead  rotate=-0.07
[进度] 34,275,328/100,000,000 (34.3%)  FPS≈1289  阶段=stage2_linear  速度=1.00  直行间隔=180  aim=0.100/lead  rotate=-0.07
[进度] 34,291,712/100,000,000 (34.3%)  FPS≈1421  阶段=stage2_linear  速度=1.00  直行间隔=180  aim=0.100/lead  rotate=-0.07
[存盘] 课程元数据 model_t34291712_stage1_stage2_linear.curriculum.json  stage=stage2_linear  bot=linear v=1.00
[存盘] runs/curriculum_aim/20260922_225205/checkpoints/model_t34291712_stage1_stage2_linear.zip
[评测] 开始（100 局）…
  [评测进度] 10/100  kill(命中/开火)=0.267  direct(直击/开火)=0.133  弹数=15
  [评测进度] 20/100  kill(命中/开火)=0.243  direct(直击/开火)=0.081  弹数=37
  [评测进度] 30/100  kill(命中/开火)=0.333  direct(直击/开火)=0.105  弹数=57
  [评测进度] 40/100  kill(命中/开火)=0.315  direct(直击/开火)=0.123  弹数=73
  [评测进度] 50/100  kill(命中/开火)=0.298  direct(直击/开火)=0.117  弹数=94
  [评测进度] 60/100  kill(命中/开火)=0.297  direct(直击/开火)=0.099  弹数=111
  [评测进度] 70/100  kill(命中/开火)=0.300  direct(直击/开火)=0.108  弹数=130
  [评测进度] 80/100  kill(命中/开火)=0.286  direct(直击/开火)=0.104  弹数=154
  [评测进度] 90/100  kill(命中/开火)=0.267  direct(直击/开火)=0.089  弹数=180
  [评测进度] 100/100  kill(命中/开火)=0.270  direct(直击/开火)=0.092  弹数=196
------------------------------------------------------------
[评测] 阶段=stage2_linear  局数=100
  kill_rate(命中/开火) = 0.270  hit_rate(直击/开火) = 0.092  中位TTK = 600
  TTK口径     : 首直击步数；无直击=该局结束步数（评测步限封顶）
  晋级条件 直击/开火 hit_rate≥0.06  当前=0.092  → 指标达标
  附加门槛 : 需对手速度≥1.00（当前=1.00）
  转向阶梯中 : phase=3  rotate=-0.07  （此期间不晋级下一阶段，只按 hit_rate 下调转向）
  未晋级阶段：转向阶梯进行中（属预期）
------------------------------------------------------------
[进度] 34,308,096/100,000,000 (34.3%)  FPS≈1396  阶段=stage2_linear  速度=1.00  直行间隔=180  aim=0.100/lead  rotate=-0.07
[进度] 34,324,480/100,000,000 (34.3%)  FPS≈1393  阶段=stage2_linear  速度=1.00  直行间隔=180  aim=0.100/lead  rotate=-0.07
[进度] 34,340,864/100,000,000 (34.3%)  FPS≈1538  阶段=stage2_linear  速度=1.00  直行间隔=180  aim=0.100/lead  rotate=-0.07
[进度] 34,357,248/100,000,000 (34.4%)  FPS≈1302  阶段=stage2_linear  速度=1.00  直行间隔=180  aim=0.100/lead  rotate=-0.07
[进度] 34,373,632/100,000,000 (34.4%)  FPS≈1421  阶段=stage2_linear  速度=1.00  直行间隔=180  aim=0.100/lead  rotate=-0.07
[进度] 34,390,016/100,000,000 (34.4%)  FPS≈1275  阶段=stage2_linear  速度=1.00  直行间隔=180  aim=0.100/lead  rotate=-0.07
[进度] 34,406,400/100,000,000 (34.4%)  FPS≈1400  阶段=stage2_linear  速度=1.00  直行间隔=180  aim=0.100/lead  rotate=-0.07
[存盘] 课程元数据 model_t34406400_stage1_stage2_linear.curriculum.json  stage=stage2_linear  bot=linear v=1.00
[存盘] runs/curriculum_aim/20260922_225205/checkpoints/model_t34406400_stage1_stage2_linear.zip
[评测] 开始（100 局）…
  [评测进度] 10/100  kill(命中/开火)=0.316  direct(直击/开火)=0.211  弹数=19
  [评测进度] 20/100  kill(命中/开火)=0.442  direct(直击/开火)=0.163  弹数=43
  [评测进度] 30/100  kill(命中/开火)=0.361  direct(直击/开火)=0.131  弹数=61
  [评测进度] 40/100  kill(命中/开火)=0.333  direct(直击/开火)=0.115  弹数=87
  [评测进度] 50/100  kill(命中/开火)=0.333  direct(直击/开火)=0.108  弹数=102
  [评测进度] 60/100  kill(命中/开火)=0.339  direct(直击/开火)=0.116  弹数=121
  [评测进度] 70/100  kill(命中/开火)=0.331  direct(直击/开火)=0.127  弹数=142
  [评测进度] 80/100  kill(命中/开火)=0.321  direct(直击/开火)=0.115  弹数=165
  [评测进度] 90/100  kill(命中/开火)=0.321  direct(直击/开火)=0.107  弹数=187
  [评测进度] 100/100  kill(命中/开火)=0.288  direct(直击/开火)=0.098  弹数=215
------------------------------------------------------------
[评测] 阶段=stage2_linear  局数=100
  kill_rate(命中/开火) = 0.288  hit_rate(直击/开火) = 0.098  中位TTK = 600
  TTK口径     : 首直击步数；无直击=该局结束步数（评测步限封顶）
  晋级条件 直击/开火 hit_rate≥0.06  当前=0.098  → 指标达标
  附加门槛 : 需对手速度≥1.00（当前=1.00）
  转向阶梯中 : phase=3  rotate=-0.07  （此期间不晋级下一阶段，只按 hit_rate 下调转向）
  未晋级阶段：转向阶梯进行中（属预期）
------------------------------------------------------------
[进度] 34,422,784/100,000,000 (34.4%)  FPS≈1542  阶段=stage2_linear  速度=1.00  直行间隔=180  aim=0.100/lead  rotate=-0.07
[进度] 34,439,168/100,000,000 (34.4%)  FPS≈1379  阶段=stage2_linear  速度=1.00  直行间隔=180  aim=0.100/lead  rotate=-0.07
[进度] 34,455,552/100,000,000 (34.5%)  FPS≈1473  阶段=stage2_linear  速度=1.00  直行间隔=180  aim=0.100/lead  rotate=-0.07
[进度] 34,471,936/100,000,000 (34.5%)  FPS≈1502  阶段=stage2_linear  速度=1.00  直行间隔=180  aim=0.100/lead  rotate=-0.07
[进度] 34,488,320/100,000,000 (34.5%)  FPS≈1386  阶段=stage2_linear  速度=1.00  直行间隔=180  aim=0.100/lead  rotate=-0.07
[进度] 34,504,704/100,000,000 (34.5%)  FPS≈1301  阶段=stage2_linear  速度=1.00  直行间隔=180  aim=0.100/lead  rotate=-0.07
[进度] 34,521,088/100,000,000 (34.5%)  FPS≈1406  阶段=stage2_linear  速度=1.00  直行间隔=180  aim=0.100/lead  rotate=-0.07
[存盘] 课程元数据 model_t34521088_stage1_stage2_linear.curriculum.json  stage=stage2_linear  bot=linear v=1.00
[存盘] runs/curriculum_aim/20260922_225205/checkpoints/model_t34521088_stage1_stage2_linear.zip
[评测] 开始（100 局）…
  [评测进度] 10/100  kill(命中/开火)=0.333  direct(直击/开火)=0.111  弹数=18
  [评测进度] 20/100  kill(命中/开火)=0.263  direct(直击/开火)=0.079  弹数=38
  [评测进度] 30/100  kill(命中/开火)=0.286  direct(直击/开火)=0.071  弹数=56
  [评测进度] 40/100  kill(命中/开火)=0.325  direct(直击/开火)=0.113  弹数=80
  [评测进度] 50/100  kill(命中/开火)=0.314  direct(直击/开火)=0.105  弹数=105
  [评测进度] 60/100  kill(命中/开火)=0.326  direct(直击/开火)=0.098  弹数=132
  [评测进度] 70/100  kill(命中/开火)=0.322  direct(直击/开火)=0.112  弹数=152
  [评测进度] 80/100  kill(命中/开火)=0.339  direct(直击/开火)=0.135  弹数=171
  [评测进度] 90/100  kill(命中/开火)=0.326  direct(直击/开火)=0.126  弹数=190
  [评测进度] 100/100  kill(命中/开火)=0.330  direct(直击/开火)=0.121  弹数=206
------------------------------------------------------------
[评测] 阶段=stage2_linear  局数=100
  kill_rate(命中/开火) = 0.330  hit_rate(直击/开火) = 0.121  中位TTK = 600
  TTK口径     : 首直击步数；无直击=该局结束步数（评测步限封顶）
  晋级条件 直击/开火 hit_rate≥0.06  当前=0.121  → 指标达标
  附加门槛 : 需对手速度≥1.00（当前=1.00）
  转向阶梯中 : phase=3  rotate=-0.07  （此期间不晋级下一阶段，只按 hit_rate 下调转向）
  未晋级阶段：转向阶梯进行中（属预期）
------------------------------------------------------------
[进度] 34,537,472/100,000,000 (34.5%)  FPS≈1475  阶段=stage2_linear  速度=1.00  直行间隔=180  aim=0.100/lead  rotate=-0.07
[进度] 34,553,856/100,000,000 (34.6%)  FPS≈1407  阶段=stage2_linear  速度=1.00  直行间隔=180  aim=0.100/lead  rotate=-0.07
[进度] 34,570,240/100,000,000 (34.6%)  FPS≈1389  阶段=stage2_linear  速度=1.00  直行间隔=180  aim=0.100/lead  rotate=-0.07
[进度] 34,586,624/100,000,000 (34.6%)  FPS≈1399  阶段=stage2_linear  速度=1.00  直行间隔=180  aim=0.100/lead  rotate=-0.07
[进度] 34,603,008/100,000,000 (34.6%)  FPS≈1398  阶段=stage2_linear  速度=1.00  直行间隔=180  aim=0.100/lead  rotate=-0.07
[进度] 34,619,392/100,000,000 (34.6%)  FPS≈1475  阶段=stage2_linear  速度=1.00  直行间隔=180  aim=0.100/lead  rotate=-0.07
[进度] 34,635,776/100,000,000 (34.6%)  FPS≈1291  阶段=stage2_linear  速度=1.00  直行间隔=180  aim=0.100/lead  rotate=-0.07
[存盘] 课程元数据 model_t34635776_stage1_stage2_linear.curriculum.json  stage=stage2_linear  bot=linear v=1.00
[存盘] runs/curriculum_aim/20260922_225205/checkpoints/model_t34635776_stage1_stage2_linear.zip
[评测] 开始（100 局）…
  [评测进度] 10/100  kill(命中/开火)=0.130  direct(直击/开火)=0.043  弹数=23
  [评测进度] 20/100  kill(命中/开火)=0.217  direct(直击/开火)=0.065  弹数=46
  [评测进度] 30/100  kill(命中/开火)=0.266  direct(直击/开火)=0.109  弹数=64
  [评测进度] 40/100  kill(命中/开火)=0.263  direct(直击/开火)=0.105  弹数=95
  [评测进度] 50/100  kill(命中/开火)=0.267  direct(直击/开火)=0.103  弹数=116
  [评测进度] 60/100  kill(命中/开火)=0.281  direct(直击/开火)=0.096  弹数=135
  [评测进度] 70/100  kill(命中/开火)=0.277  direct(直击/开火)=0.088  弹数=159
  [评测进度] 80/100  kill(命中/开火)=0.276  direct(直击/开火)=0.097  弹数=185
  [评测进度] 90/100  kill(命中/开火)=0.263  direct(直击/开火)=0.096  弹数=209
  [评测进度] 100/100  kill(命中/开火)=0.268  direct(直击/开火)=0.101  弹数=228
------------------------------------------------------------
[评测] 阶段=stage2_linear  局数=100
  kill_rate(命中/开火) = 0.268  hit_rate(直击/开火) = 0.101  中位TTK = 600
  TTK口径     : 首直击步数；无直击=该局结束步数（评测步限封顶）
  晋级条件 直击/开火 hit_rate≥0.06  当前=0.101  → 指标达标
  附加门槛 : 需对手速度≥1.00（当前=1.00）
  转向阶梯中 : phase=3  rotate=-0.07  （此期间不晋级下一阶段，只按 hit_rate 下调转向）
  未晋级阶段：转向阶梯进行中（属预期）
------------------------------------------------------------
[进度] 34,652,160/100,000,000 (34.7%)  FPS≈1380  阶段=stage2_linear  速度=1.00  直行间隔=180  aim=0.100/lead  rotate=-0.07
[进度] 34,668,544/100,000,000 (34.7%)  FPS≈1463  阶段=stage2_linear  速度=1.00  直行间隔=180  aim=0.100/lead  rotate=-0.07
[进度] 34,684,928/100,000,000 (34.7%)  FPS≈1357  阶段=stage2_linear  速度=1.00  直行间隔=180  aim=0.100/lead  rotate=-0.07
[进度] 34,701,312/100,000,000 (34.7%)  FPS≈1342  阶段=stage2_linear  速度=1.00  直行间隔=180  aim=0.100/lead  rotate=-0.07
[进度] 34,717,696/100,000,000 (34.7%)  FPS≈1368  阶段=stage2_linear  速度=1.00  直行间隔=180  aim=0.100/lead  rotate=-0.07
[进度] 34,734,080/100,000,000 (34.7%)  FPS≈1269  阶段=stage2_linear  速度=1.00  直行间隔=180  aim=0.100/lead  rotate=-0.07
[进度] 34,750,464/100,000,000 (34.8%)  FPS≈1388  阶段=stage2_linear  速度=1.00  直行间隔=180  aim=0.100/lead  rotate=-0.07
[存盘] 课程元数据 model_t34750464_stage1_stage2_linear.curriculum.json  stage=stage2_linear  bot=linear v=1.00
[存盘] runs/curriculum_aim/20260922_225205/checkpoints/model_t34750464_stage1_stage2_linear.zip
[评测] 开始（100 局）…
  [评测进度] 10/100  kill(命中/开火)=0.111  direct(直击/开火)=0.000  弹数=18
  [评测进度] 20/100  kill(命中/开火)=0.220  direct(直击/开火)=0.024  弹数=41
  [评测进度] 30/100  kill(命中/开火)=0.206  direct(直击/开火)=0.032  弹数=63
  [评测进度] 40/100  kill(命中/开火)=0.230  direct(直击/开火)=0.046  弹数=87
  [评测进度] 50/100  kill(命中/开火)=0.230  direct(直击/开火)=0.044  弹数=113
  [评测进度] 60/100  kill(命中/开火)=0.228  direct(直击/开火)=0.041  弹数=145
  [评测进度] 70/100  kill(命中/开火)=0.234  direct(直击/开火)=0.041  弹数=171
  [评测进度] 80/100  kill(命中/开火)=0.237  direct(直击/开火)=0.046  弹数=194
  [评测进度] 90/100  kill(命中/开火)=0.241  direct(直击/开火)=0.059  弹数=220
  [评测进度] 100/100  kill(命中/开火)=0.261  direct(直击/开火)=0.058  弹数=241
------------------------------------------------------------
[评测] 阶段=stage2_linear  局数=100
  kill_rate(命中/开火) = 0.261  hit_rate(直击/开火) = 0.058  中位TTK = 600
  TTK口径     : 首直击步数；无直击=该局结束步数（评测步限封顶）
  晋级条件 直击/开火 hit_rate≥0.06  当前=0.058  → 指标未达标
  附加门槛 : 需对手速度≥1.00（当前=1.00）
  转向阶梯中 : phase=3  rotate=-0.07  （此期间不晋级下一阶段，只按 hit_rate 下调转向）
  未晋级阶段：转向阶梯进行中（属预期）
------------------------------------------------------------
[进度] 34,766,848/100,000,000 (34.8%)  FPS≈1431  阶段=stage2_linear  速度=1.00  直行间隔=180  aim=0.100/lead  rotate=-0.07
[进度] 34,783,232/100,000,000 (34.8%)  FPS≈1354  阶段=stage2_linear  速度=1.00  直行间隔=180  aim=0.100/lead  rotate=-0.07
[进度] 34,799,616/100,000,000 (34.8%)  FPS≈1481  阶段=stage2_linear  速度=1.00  直行间隔=180  aim=0.100/lead  rotate=-0.07
[进度] 34,816,000/100,000,000 (34.8%)  FPS≈1534  阶段=stage2_linear  速度=1.00  直行间隔=180  aim=0.100/lead  rotate=-0.07
[进度] 34,832,384/100,000,000 (34.8%)  FPS≈1316  阶段=stage2_linear  速度=1.00  直行间隔=180  aim=0.100/lead  rotate=-0.07
[进度] 34,848,768/100,000,000 (34.8%)  FPS≈1336  阶段=stage2_linear  速度=1.00  直行间隔=180  aim=0.100/lead  rotate=-0.07
[进度] 34,865,152/100,000,000 (34.9%)  FPS≈1343  阶段=stage2_linear  速度=1.00  直行间隔=180  aim=0.100/lead  rotate=-0.07
[存盘] 课程元数据 model_t34865152_stage1_stage2_linear.curriculum.json  stage=stage2_linear  bot=linear v=1.00
[存盘] runs/curriculum_aim/20260922_225205/checkpoints/model_t34865152_stage1_stage2_linear.zip
[评测] 开始（100 局）…
  [评测进度] 10/100  kill(命中/开火)=0.222  direct(直击/开火)=0.074  弹数=27
  [评测进度] 20/100  kill(命中/开火)=0.240  direct(直击/开火)=0.080  弹数=50
  [评测进度] 30/100  kill(命中/开火)=0.235  direct(直击/开火)=0.062  弹数=81
  [评测进度] 40/100  kill(命中/开火)=0.257  direct(直击/开火)=0.083  弹数=109
  [评测进度] 50/100  kill(命中/开火)=0.282  direct(直击/开火)=0.077  弹数=142
  [评测进度] 60/100  kill(命中/开火)=0.283  direct(直击/开火)=0.078  弹数=166
  [评测进度] 70/100  kill(命中/开火)=0.281  direct(直击/开火)=0.078  弹数=192
  [评测进度] 80/100  kill(命中/开火)=0.282  direct(直击/开火)=0.080  弹数=213
  [评测进度] 90/100  kill(命中/开火)=0.298  direct(直击/开火)=0.080  弹数=238
  [评测进度] 100/100  kill(命中/开火)=0.287  direct(直击/开火)=0.075  弹数=265
------------------------------------------------------------
[评测] 阶段=stage2_linear  局数=100
  kill_rate(命中/开火) = 0.287  hit_rate(直击/开火) = 0.075  中位TTK = 600
  TTK口径     : 首直击步数；无直击=该局结束步数（评测步限封顶）
  晋级条件 直击/开火 hit_rate≥0.06  当前=0.075  → 指标达标
  附加门槛 : 需对手速度≥1.00（当前=1.00）
  转向阶梯中 : phase=3  rotate=-0.07  （此期间不晋级下一阶段，只按 hit_rate 下调转向）
  未晋级阶段：转向阶梯进行中（属预期）
------------------------------------------------------------
[进度] 34,881,536/100,000,000 (34.9%)  FPS≈1473  阶段=stage2_linear  速度=1.00  直行间隔=180  aim=0.100/lead  rotate=-0.07
[进度] 34,897,920/100,000,000 (34.9%)  FPS≈1361  阶段=stage2_linear  速度=1.00  直行间隔=180  aim=0.100/lead  rotate=-0.07
[进度] 34,914,304/100,000,000 (34.9%)  FPS≈1351  阶段=stage2_linear  速度=1.00  直行间隔=180  aim=0.100/lead  rotate=-0.07
[进度] 34,930,688/100,000,000 (34.9%)  FPS≈1367  阶段=stage2_linear  速度=1.00  直行间隔=180  aim=0.100/lead  rotate=-0.07
[进度] 34,947,072/100,000,000 (34.9%)  FPS≈1557  阶段=stage2_linear  速度=1.00  直行间隔=180  aim=0.100/lead  rotate=-0.07
[进度] 34,963,456/100,000,000 (35.0%)  FPS≈1351  阶段=stage2_linear  速度=1.00  直行间隔=180  aim=0.100/lead  rotate=-0.07
[进度] 34,979,840/100,000,000 (35.0%)  FPS≈1298  阶段=stage2_linear  速度=1.00  直行间隔=180  aim=0.100/lead  rotate=-0.07
[存盘] 课程元数据 model_t34979840_stage1_stage2_linear.curriculum.json  stage=stage2_linear  bot=linear v=1.00
[存盘] runs/curriculum_aim/20260922_225205/checkpoints/model_t34979840_stage1_stage2_linear.zip
[评测] 开始（100 局）…
  [评测进度] 10/100  kill(命中/开火)=0.393  direct(直击/开火)=0.179  弹数=28
  [评测进度] 20/100  kill(命中/开火)=0.292  direct(直击/开火)=0.092  弹数=65
  [评测进度] 30/100  kill(命中/开火)=0.326  direct(直击/开火)=0.087  弹数=92
  [评测进度] 40/100  kill(命中/开火)=0.344  direct(直击/开火)=0.074  弹数=122
  [评测进度] 50/100  kill(命中/开火)=0.333  direct(直击/开火)=0.069  弹数=144
  [评测进度] 60/100  kill(命中/开火)=0.312  direct(直击/开火)=0.064  弹数=173
  [评测进度] 70/100  kill(命中/开火)=0.313  direct(直击/开火)=0.075  弹数=201
  [评测进度] 80/100  kill(命中/开火)=0.303  direct(直击/开火)=0.079  弹数=228
  [评测进度] 90/100  kill(命中/开火)=0.312  direct(直击/开火)=0.088  弹数=250
  [评测进度] 100/100  kill(命中/开火)=0.306  direct(直击/开火)=0.089  弹数=281
------------------------------------------------------------
[评测] 阶段=stage2_linear  局数=100
  kill_rate(命中/开火) = 0.306  hit_rate(直击/开火) = 0.089  中位TTK = 600
  TTK口径     : 首直击步数；无直击=该局结束步数（评测步限封顶）
  晋级条件 直击/开火 hit_rate≥0.06  当前=0.089  → 指标达标
  附加门槛 : 需对手速度≥1.00（当前=1.00）
  转向阶梯中 : phase=3  rotate=-0.07  （此期间不晋级下一阶段，只按 hit_rate 下调转向）
  未晋级阶段：转向阶梯进行中（属预期）
------------------------------------------------------------
[进度] 34,996,224/100,000,000 (35.0%)  FPS≈1480  阶段=stage2_linear  速度=1.00  直行间隔=180  aim=0.100/lead  rotate=-0.07
[进度] 35,012,608/100,000,000 (35.0%)  FPS≈1438  阶段=stage2_linear  速度=1.00  直行间隔=180  aim=0.100/lead  rotate=-0.07
[进度] 35,028,992/100,000,000 (35.0%)  FPS≈1342  阶段=stage2_linear  速度=1.00  直行间隔=180  aim=0.100/lead  rotate=-0.07
[进度] 35,045,376/100,000,000 (35.0%)  FPS≈1365  阶段=stage2_linear  速度=1.00  直行间隔=180  aim=0.100/lead  rotate=-0.07
[进度] 35,061,760/100,000,000 (35.1%)  FPS≈1348  阶段=stage2_linear  速度=1.00  直行间隔=180  aim=0.100/lead  rotate=-0.07
[进度] 35,078,144/100,000,000 (35.1%)  FPS≈1479  阶段=stage2_linear  速度=1.00  直行间隔=180  aim=0.100/lead  rotate=-0.07
[进度] 35,094,528/100,000,000 (35.1%)  FPS≈1239  阶段=stage2_linear  速度=1.00  直行间隔=180  aim=0.100/lead  rotate=-0.07
[存盘] 课程元数据 model_t35094528_stage1_stage2_linear.curriculum.json  stage=stage2_linear  bot=linear v=1.00
[存盘] runs/curriculum_aim/20260922_225205/checkpoints/model_t35094528_stage1_stage2_linear.zip
[评测] 开始（100 局）…
  [评测进度] 10/100  kill(命中/开火)=0.304  direct(直击/开火)=0.130  弹数=23
  [评测进度] 20/100  kill(命中/开火)=0.362  direct(直击/开火)=0.106  弹数=47
  [评测进度] 30/100  kill(命中/开火)=0.310  direct(直击/开火)=0.099  弹数=71
  [评测进度] 40/100  kill(命中/开火)=0.323  direct(直击/开火)=0.115  弹数=96
  [评测进度] 50/100  kill(命中/开火)=0.302  direct(直击/开火)=0.103  弹数=116
  [评测进度] 60/100  kill(命中/开火)=0.317  direct(直击/开火)=0.101  弹数=139
  [评测进度] 70/100  kill(命中/开火)=0.325  direct(直击/开火)=0.106  弹数=160
  [评测进度] 80/100  kill(命中/开火)=0.301  direct(直击/开火)=0.093  弹数=183
  [评测进度] 90/100  kill(命中/开火)=0.303  direct(直击/开火)=0.104  弹数=201
  [评测进度] 100/100  kill(命中/开火)=0.293  direct(直击/开火)=0.099  弹数=222
------------------------------------------------------------
[评测] 阶段=stage2_linear  局数=100
  kill_rate(命中/开火) = 0.293  hit_rate(直击/开火) = 0.099  中位TTK = 600
  TTK口径     : 首直击步数；无直击=该局结束步数（评测步限封顶）
  晋级条件 直击/开火 hit_rate≥0.06  当前=0.099  → 指标达标
  附加门槛 : 需对手速度≥1.00（当前=1.00）
  转向阶梯中 : phase=3  rotate=-0.07  （此期间不晋级下一阶段，只按 hit_rate 下调转向）
  未晋级阶段：转向阶梯进行中（属预期）
------------------------------------------------------------
[进度] 35,110,912/100,000,000 (35.1%)  FPS≈1500  阶段=stage2_linear  速度=1.00  直行间隔=180  aim=0.100/lead  rotate=-0.07
[进度] 35,127,296/100,000,000 (35.1%)  FPS≈1343  阶段=stage2_linear  速度=1.00  直行间隔=180  aim=0.100/lead  rotate=-0.07
[进度] 35,143,680/100,000,000 (35.1%)  FPS≈1523  阶段=stage2_linear  速度=1.00  直行间隔=180  aim=0.100/lead  rotate=-0.07
[进度] 35,160,064/100,000,000 (35.2%)  FPS≈1348  阶段=stage2_linear  速度=1.00  直行间隔=180  aim=0.100/lead  rotate=-0.07
[进度] 35,176,448/100,000,000 (35.2%)  FPS≈1349  阶段=stage2_linear  速度=1.00  直行间隔=180  aim=0.100/lead  rotate=-0.07
[进度] 35,192,832/100,000,000 (35.2%)  FPS≈1379  阶段=stage2_linear  速度=1.00  直行间隔=180  aim=0.100/lead  rotate=-0.07
[进度] 35,209,216/100,000,000 (35.2%)  FPS≈1343  阶段=stage2_linear  速度=1.00  直行间隔=180  aim=0.100/lead  rotate=-0.07
[存盘] 课程元数据 model_t35209216_stage1_stage2_linear.curriculum.json  stage=stage2_linear  bot=linear v=1.00
[存盘] runs/curriculum_aim/20260922_225205/checkpoints/model_t35209216_stage1_stage2_linear.zip
[评测] 开始（100 局）…
  [评测进度] 10/100  kill(命中/开火)=0.375  direct(直击/开火)=0.062  弹数=16
  [评测进度] 20/100  kill(命中/开火)=0.229  direct(直击/开火)=0.042  弹数=48
  [评测进度] 30/100  kill(命中/开火)=0.296  direct(直击/开火)=0.085  弹数=71
  [评测进度] 40/100  kill(命中/开火)=0.291  direct(直击/开火)=0.081  弹数=86
  [评测进度] 50/100  kill(命中/开火)=0.284  direct(直击/开火)=0.095  弹数=116
  [评测进度] 60/100  kill(命中/开火)=0.290  direct(直击/开火)=0.087  弹数=138
  [评测进度] 70/100  kill(命中/开火)=0.291  direct(直击/开火)=0.079  弹数=165
  [评测进度] 80/100  kill(命中/开火)=0.275  direct(直击/开火)=0.079  弹数=189
  [评测进度] 90/100  kill(命中/开火)=0.274  direct(直击/开火)=0.073  弹数=219
  [评测进度] 100/100  kill(命中/开火)=0.260  direct(直击/开火)=0.070  弹数=242
------------------------------------------------------------
[评测] 阶段=stage2_linear  局数=100
  kill_rate(命中/开火) = 0.260  hit_rate(直击/开火) = 0.070  中位TTK = 600
  TTK口径     : 首直击步数；无直击=该局结束步数（评测步限封顶）
  晋级条件 直击/开火 hit_rate≥0.06  当前=0.070  → 指标达标
  附加门槛 : 需对手速度≥1.00（当前=1.00）
  转向阶梯中 : phase=3  rotate=-0.07  （此期间不晋级下一阶段，只按 hit_rate 下调转向）
  未晋级阶段：转向阶梯进行中（属预期）
------------------------------------------------------------
[进度] 35,225,600/100,000,000 (35.2%)  FPS≈1383  阶段=stage2_linear  速度=1.00  直行间隔=180  aim=0.100/lead  rotate=-0.07
[进度] 35,241,984/100,000,000 (35.2%)  FPS≈1459  阶段=stage2_linear  速度=1.00  直行间隔=180  aim=0.100/lead  rotate=-0.07
[进度] 35,258,368/100,000,000 (35.3%)  FPS≈1433  阶段=stage2_linear  速度=1.00  直行间隔=180  aim=0.100/lead  rotate=-0.07
[进度] 35,274,752/100,000,000 (35.3%)  FPS≈1378  阶段=stage2_linear  速度=1.00  直行间隔=180  aim=0.100/lead  rotate=-0.07
[进度] 35,291,136/100,000,000 (35.3%)  FPS≈1394  阶段=stage2_linear  速度=1.00  直行间隔=180  aim=0.100/lead  rotate=-0.07
[进度] 35,307,520/100,000,000 (35.3%)  FPS≈1353  阶段=stage2_linear  速度=1.00  直行间隔=180  aim=0.100/lead  rotate=-0.07
[进度] 35,323,904/100,000,000 (35.3%)  FPS≈1409  阶段=stage2_linear  速度=1.00  直行间隔=180  aim=0.100/lead  rotate=-0.07
[存盘] 课程元数据 model_t35323904_stage1_stage2_linear.curriculum.json  stage=stage2_linear  bot=linear v=1.00
[存盘] runs/curriculum_aim/20260922_225205/checkpoints/model_t35323904_stage1_stage2_linear.zip
[评测] 开始（100 局）…
  [评测进度] 10/100  kill(命中/开火)=0.400  direct(直击/开火)=0.100  弹数=20
  [评测进度] 20/100  kill(命中/开火)=0.293  direct(直击/开火)=0.122  弹数=41
  [评测进度] 30/100  kill(命中/开火)=0.324  direct(直击/开火)=0.132  弹数=68
  [评测进度] 40/100  kill(命中/开火)=0.283  direct(直击/开火)=0.109  弹数=92
  [评测进度] 50/100  kill(命中/开火)=0.289  direct(直击/开火)=0.123  弹数=114
  [评测进度] 60/100  kill(命中/开火)=0.289  direct(直击/开火)=0.126  弹数=135
  [评测进度] 70/100  kill(命中/开火)=0.286  direct(直击/开火)=0.123  弹数=154
  [评测进度] 80/100  kill(命中/开火)=0.265  direct(直击/开火)=0.118  弹数=170
  [评测进度] 90/100  kill(命中/开火)=0.272  direct(直击/开火)=0.115  弹数=191
  [评测进度] 100/100  kill(命中/开火)=0.276  direct(直击/开火)=0.110  弹数=210
------------------------------------------------------------
[评测] 阶段=stage2_linear  局数=100
  kill_rate(命中/开火) = 0.276  hit_rate(直击/开火) = 0.110  中位TTK = 600
  TTK口径     : 首直击步数；无直击=该局结束步数（评测步限封顶）
  晋级条件 直击/开火 hit_rate≥0.06  当前=0.110  → 指标达标
  附加门槛 : 需对手速度≥1.00（当前=1.00）
  转向阶梯中 : phase=3  rotate=-0.07  （此期间不晋级下一阶段，只按 hit_rate 下调转向）
  未晋级阶段：转向阶梯进行中（属预期）
------------------------------------------------------------
[进度] 35,340,288/100,000,000 (35.3%)  FPS≈1323  阶段=stage2_linear  速度=1.00  直行间隔=180  aim=0.100/lead  rotate=-0.07
[进度] 35,356,672/100,000,000 (35.4%)  FPS≈1432  阶段=stage2_linear  速度=1.00  直行间隔=180  aim=0.100/lead  rotate=-0.07
[进度] 35,373,056/100,000,000 (35.4%)  FPS≈1375  阶段=stage2_linear  速度=1.00  直行间隔=180  aim=0.100/lead  rotate=-0.07
[进度] 35,389,440/100,000,000 (35.4%)  FPS≈1490  阶段=stage2_linear  速度=1.00  直行间隔=180  aim=0.100/lead  rotate=-0.07
[进度] 35,405,824/100,000,000 (35.4%)  FPS≈1265  阶段=stage2_linear  速度=1.00  直行间隔=180  aim=0.100/lead  rotate=-0.07
[进度] 35,422,208/100,000,000 (35.4%)  FPS≈1423  阶段=stage2_linear  速度=1.00  直行间隔=180  aim=0.100/lead  rotate=-0.07
[进度] 35,438,592/100,000,000 (35.4%)  FPS≈1255  阶段=stage2_linear  速度=1.00  直行间隔=180  aim=0.100/lead  rotate=-0.07
[存盘] 课程元数据 model_t35438592_stage1_stage2_linear.curriculum.json  stage=stage2_linear  bot=linear v=1.00
[存盘] runs/curriculum_aim/20260922_225205/checkpoints/model_t35438592_stage1_stage2_linear.zip
[评测] 开始（100 局）…
  [评测进度] 10/100  kill(命中/开火)=0.192  direct(直击/开火)=0.000  弹数=26
  [评测进度] 20/100  kill(命中/开火)=0.231  direct(直击/开火)=0.038  弹数=52
  [评测进度] 30/100  kill(命中/开火)=0.254  direct(直击/开火)=0.085  弹数=71
  [评测进度] 40/100  kill(命中/开火)=0.295  direct(直击/开火)=0.095  弹数=95
  [评测进度] 50/100  kill(命中/开火)=0.296  direct(直击/开火)=0.078  弹数=115
  [评测进度] 60/100  kill(命中/开火)=0.326  direct(直击/开火)=0.096  弹数=135
  [评测进度] 70/100  kill(命中/开火)=0.310  direct(直击/开火)=0.101  弹数=158
  [评测进度] 80/100  kill(命中/开火)=0.316  direct(直击/开火)=0.102  弹数=177
  [评测进度] 90/100  kill(命中/开火)=0.301  direct(直击/开火)=0.092  弹数=206
  [评测进度] 100/100  kill(命中/开火)=0.292  direct(直击/开火)=0.090  弹数=233
------------------------------------------------------------
[评测] 阶段=stage2_linear  局数=100
  kill_rate(命中/开火) = 0.292  hit_rate(直击/开火) = 0.090  中位TTK = 600
  TTK口径     : 首直击步数；无直击=该局结束步数（评测步限封顶）
  晋级条件 直击/开火 hit_rate≥0.06  当前=0.090  → 指标达标
  附加门槛 : 需对手速度≥1.00（当前=1.00）
  转向阶梯中 : phase=3  rotate=-0.07  （此期间不晋级下一阶段，只按 hit_rate 下调转向）
  未晋级阶段：转向阶梯进行中（属预期）
------------------------------------------------------------
[进度] 35,454,976/100,000,000 (35.5%)  FPS≈1443  阶段=stage2_linear  速度=1.00  直行间隔=180  aim=0.100/lead  rotate=-0.07
[进度] 35,471,360/100,000,000 (35.5%)  FPS≈1433  阶段=stage2_linear  速度=1.00  直行间隔=180  aim=0.100/lead  rotate=-0.07
[进度] 35,487,744/100,000,000 (35.5%)  FPS≈1395  阶段=stage2_linear  速度=1.00  直行间隔=180  aim=0.100/lead  rotate=-0.07
[进度] 35,504,128/100,000,000 (35.5%)  FPS≈1570  阶段=stage2_linear  速度=1.00  直行间隔=180  aim=0.100/lead  rotate=-0.07
[进度] 35,520,512/100,000,000 (35.5%)  FPS≈1294  阶段=stage2_linear  速度=1.00  直行间隔=180  aim=0.100/lead  rotate=-0.07
[进度] 35,536,896/100,000,000 (35.5%)  FPS≈1333  阶段=stage2_linear  速度=1.00  直行间隔=180  aim=0.100/lead  rotate=-0.07
[进度] 35,553,280/100,000,000 (35.6%)  FPS≈1358  阶段=stage2_linear  速度=1.00  直行间隔=180  aim=0.100/lead  rotate=-0.07
[存盘] 课程元数据 model_t35553280_stage1_stage2_linear.curriculum.json  stage=stage2_linear  bot=linear v=1.00
[存盘] runs/curriculum_aim/20260922_225205/checkpoints/model_t35553280_stage1_stage2_linear.zip
[评测] 开始（100 局）…
  [评测进度] 10/100  kill(命中/开火)=0.286  direct(直击/开火)=0.071  弹数=28
  [评测进度] 20/100  kill(命中/开火)=0.288  direct(直击/开火)=0.058  弹数=52
  [评测进度] 30/100  kill(命中/开火)=0.292  direct(直击/开火)=0.069  弹数=72
  [评测进度] 40/100  kill(命中/开火)=0.311  direct(直击/开火)=0.075  弹数=106
  [评测进度] 50/100  kill(命中/开火)=0.274  direct(直击/开火)=0.067  弹数=135
  [评测进度] 60/100  kill(命中/开火)=0.256  direct(直击/开火)=0.062  弹数=160
  [评测进度] 70/100  kill(命中/开火)=0.263  direct(直击/开火)=0.053  弹数=190
  [评测进度] 80/100  kill(命中/开火)=0.264  direct(直击/开火)=0.053  弹数=208
  [评测进度] 90/100  kill(命中/开火)=0.270  direct(直击/开火)=0.051  弹数=237
  [评测进度] 100/100  kill(命中/开火)=0.264  direct(直击/开火)=0.054  弹数=261
------------------------------------------------------------
[评测] 阶段=stage2_linear  局数=100
  kill_rate(命中/开火) = 0.264  hit_rate(直击/开火) = 0.054  中位TTK = 600
  TTK口径     : 首直击步数；无直击=该局结束步数（评测步限封顶）
  晋级条件 直击/开火 hit_rate≥0.06  当前=0.054  → 指标未达标
  附加门槛 : 需对手速度≥1.00（当前=1.00）
  转向阶梯中 : phase=3  rotate=-0.07  （此期间不晋级下一阶段，只按 hit_rate 下调转向）
  未晋级阶段：转向阶梯进行中（属预期）
------------------------------------------------------------
[进度] 35,569,664/100,000,000 (35.6%)  FPS≈1383  阶段=stage2_linear  速度=1.00  直行间隔=180  aim=0.100/lead  rotate=-0.07
[进度] 35,586,048/100,000,000 (35.6%)  FPS≈1378  阶段=stage2_linear  速度=1.00  直行间隔=180  aim=0.100/lead  rotate=-0.07
[进度] 35,602,432/100,000,000 (35.6%)  FPS≈1376  阶段=stage2_linear  速度=1.00  直行间隔=180  aim=0.100/lead  rotate=-0.07
[进度] 35,618,816/100,000,000 (35.6%)  FPS≈1438  阶段=stage2_linear  速度=1.00  直行间隔=180  aim=0.100/lead  rotate=-0.07
[进度] 35,635,200/100,000,000 (35.6%)  FPS≈1391  阶段=stage2_linear  速度=1.00  直行间隔=180  aim=0.100/lead  rotate=-0.07
[进度] 35,651,584/100,000,000 (35.7%)  FPS≈1332  阶段=stage2_linear  速度=1.00  直行间隔=180  aim=0.100/lead  rotate=-0.07
[进度] 35,667,968/100,000,000 (35.7%)  FPS≈1376  阶段=stage2_linear  速度=1.00  直行间隔=180  aim=0.100/lead  rotate=-0.07
[存盘] 课程元数据 model_t35667968_stage1_stage2_linear.curriculum.json  stage=stage2_linear  bot=linear v=1.00
[存盘] runs/curriculum_aim/20260922_225205/checkpoints/model_t35667968_stage1_stage2_linear.zip
[评测] 开始（100 局）…
  [评测进度] 10/100  kill(命中/开火)=0.056  direct(直击/开火)=0.000  弹数=18
  [评测进度] 20/100  kill(命中/开火)=0.159  direct(直击/开火)=0.091  弹数=44
  [评测进度] 30/100  kill(命中/开火)=0.216  direct(直击/开火)=0.068  弹数=74
  [评测进度] 40/100  kill(命中/开火)=0.218  direct(直击/开火)=0.059  弹数=101
  [评测进度] 50/100  kill(命中/开火)=0.232  direct(直击/开火)=0.080  弹数=112
  [评测进度] 60/100  kill(命中/开火)=0.216  direct(直击/开火)=0.075  弹数=134
  [评测进度] 70/100  kill(命中/开火)=0.220  direct(直击/开火)=0.069  弹数=159
  [评测进度] 80/100  kill(命中/开火)=0.231  direct(直击/开火)=0.060  弹数=182
  [评测进度] 90/100  kill(命中/开火)=0.228  direct(直击/开火)=0.053  弹数=206
  [评测进度] 100/100  kill(命中/开火)=0.224  direct(直击/开火)=0.056  弹数=232
------------------------------------------------------------
[评测] 阶段=stage2_linear  局数=100
  kill_rate(命中/开火) = 0.224  hit_rate(直击/开火) = 0.056  中位TTK = 600
  TTK口径     : 首直击步数；无直击=该局结束步数（评测步限封顶）
  晋级条件 直击/开火 hit_rate≥0.06  当前=0.056  → 指标未达标
  附加门槛 : 需对手速度≥1.00（当前=1.00）
  转向阶梯中 : phase=3  rotate=-0.07  （此期间不晋级下一阶段，只按 hit_rate 下调转向）
  未晋级阶段：转向阶梯进行中（属预期）
------------------------------------------------------------
[进度] 35,684,352/100,000,000 (35.7%)  FPS≈1357  阶段=stage2_linear  速度=1.00  直行间隔=180  aim=0.100/lead  rotate=-0.07
[进度] 35,700,736/100,000,000 (35.7%)  FPS≈1319  阶段=stage2_linear  速度=1.00  直行间隔=180  aim=0.100/lead  rotate=-0.07
[进度] 35,717,120/100,000,000 (35.7%)  FPS≈1338  阶段=stage2_linear  速度=1.00  直行间隔=180  aim=0.100/lead  rotate=-0.07
[进度] 35,733,504/100,000,000 (35.7%)  FPS≈1317  阶段=stage2_linear  速度=1.00  直行间隔=180  aim=0.100/lead  rotate=-0.07
[进度] 35,749,888/100,000,000 (35.7%)  FPS≈1364  阶段=stage2_linear  速度=1.00  直行间隔=180  aim=0.100/lead  rotate=-0.07
[进度] 35,766,272/100,000,000 (35.8%)  FPS≈1351  阶段=stage2_linear  速度=1.00  直行间隔=180  aim=0.100/lead  rotate=-0.07
[进度] 35,782,656/100,000,000 (35.8%)  FPS≈1542  阶段=stage2_linear  速度=1.00  直行间隔=180  aim=0.100/lead  rotate=-0.07
[存盘] 课程元数据 model_t35782656_stage1_stage2_linear.curriculum.json  stage=stage2_linear  bot=linear v=1.00
[存盘] runs/curriculum_aim/20260922_225205/checkpoints/model_t35782656_stage1_stage2_linear.zip
[评测] 开始（100 局）…
  [评测进度] 10/100  kill(命中/开火)=0.344  direct(直击/开火)=0.062  弹数=32
  [评测进度] 20/100  kill(命中/开火)=0.310  direct(直击/开火)=0.086  弹数=58
  [评测进度] 30/100  kill(命中/开火)=0.313  direct(直击/开火)=0.096  弹数=83
  [评测进度] 40/100  kill(命中/开火)=0.303  direct(直击/开火)=0.092  弹数=109
  [评测进度] 50/100  kill(命中/开火)=0.306  direct(直击/开火)=0.090  弹数=134
  [评测进度] 60/100  kill(命中/开火)=0.287  direct(直击/开火)=0.079  弹数=164
  [评测进度] 70/100  kill(命中/开火)=0.280  direct(直击/开火)=0.081  弹数=186
  [评测进度] 80/100  kill(命中/开火)=0.274  direct(直击/开火)=0.074  弹数=215
  [评测进度] 90/100  kill(命中/开火)=0.274  direct(直击/开火)=0.076  弹数=237
  [评测进度] 100/100  kill(命中/开火)=0.275  direct(直击/开火)=0.076  弹数=262
------------------------------------------------------------
[评测] 阶段=stage2_linear  局数=100
  kill_rate(命中/开火) = 0.275  hit_rate(直击/开火) = 0.076  中位TTK = 600
  TTK口径     : 首直击步数；无直击=该局结束步数（评测步限封顶）
  晋级条件 直击/开火 hit_rate≥0.06  当前=0.076  → 指标达标
  附加门槛 : 需对手速度≥1.00（当前=1.00）
  转向阶梯中 : phase=3  rotate=-0.07  （此期间不晋级下一阶段，只按 hit_rate 下调转向）
  未晋级阶段：转向阶梯进行中（属预期）
------------------------------------------------------------
[进度] 35,799,040/100,000,000 (35.8%)  FPS≈1490  阶段=stage2_linear  速度=1.00  直行间隔=180  aim=0.100/lead  rotate=-0.07
[进度] 35,815,424/100,000,000 (35.8%)  FPS≈1467  阶段=stage2_linear  速度=1.00  直行间隔=180  aim=0.100/lead  rotate=-0.07
[进度] 35,831,808/100,000,000 (35.8%)  FPS≈1346  阶段=stage2_linear  速度=1.00  直行间隔=180  aim=0.100/lead  rotate=-0.07
[进度] 35,848,192/100,000,000 (35.8%)  FPS≈1289  阶段=stage2_linear  速度=1.00  直行间隔=180  aim=0.100/lead  rotate=-0.07
[进度] 35,864,576/100,000,000 (35.9%)  FPS≈1398  阶段=stage2_linear  速度=1.00  直行间隔=180  aim=0.100/lead  rotate=-0.07
[进度] 35,880,960/100,000,000 (35.9%)  FPS≈1368  阶段=stage2_linear  速度=1.00  直行间隔=180  aim=0.100/lead  rotate=-0.07
[进度] 35,897,344/100,000,000 (35.9%)  FPS≈1388  阶段=stage2_linear  速度=1.00  直行间隔=180  aim=0.100/lead  rotate=-0.07
[存盘] 课程元数据 model_t35897344_stage1_stage2_linear.curriculum.json  stage=stage2_linear  bot=linear v=1.00
[存盘] runs/curriculum_aim/20260922_225205/checkpoints/model_t35897344_stage1_stage2_linear.zip
[评测] 开始（100 局）…
  [评测进度] 10/100  kill(命中/开火)=0.333  direct(直击/开火)=0.167  弹数=18
  [评测进度] 20/100  kill(命中/开火)=0.342  direct(直击/开火)=0.132  弹数=38
  [评测进度] 30/100  kill(命中/开火)=0.350  direct(直击/开火)=0.150  弹数=60
  [评测进度] 40/100  kill(命中/开火)=0.329  direct(直击/开火)=0.146  弹数=82
  [评测进度] 50/100  kill(命中/开火)=0.314  direct(直击/开火)=0.114  弹数=105
  [评测进度] 60/100  kill(命中/开火)=0.269  direct(直击/开火)=0.092  弹数=130
  [评测进度] 70/100  kill(命中/开火)=0.275  direct(直击/开火)=0.107  弹数=149
  [评测进度] 80/100  kill(命中/开火)=0.275  direct(直击/开火)=0.108  弹数=167
  [评测进度] 90/100  kill(命中/开火)=0.288  direct(直击/开火)=0.114  弹数=184
  [评测进度] 100/100  kill(命中/开火)=0.275  direct(直击/开火)=0.105  弹数=200
------------------------------------------------------------
[评测] 阶段=stage2_linear  局数=100
  kill_rate(命中/开火) = 0.275  hit_rate(直击/开火) = 0.105  中位TTK = 600
  TTK口径     : 首直击步数；无直击=该局结束步数（评测步限封顶）
  晋级条件 直击/开火 hit_rate≥0.06  当前=0.105  → 指标达标
  附加门槛 : 需对手速度≥1.00（当前=1.00）
  转向阶梯中 : phase=3  rotate=-0.07  （此期间不晋级下一阶段，只按 hit_rate 下调转向）
  未晋级阶段：转向阶梯进行中（属预期）
------------------------------------------------------------
[进度] 35,913,728/100,000,000 (35.9%)  FPS≈1533  阶段=stage2_linear  速度=1.00  直行间隔=180  aim=0.100/lead  rotate=-0.07
[进度] 35,930,112/100,000,000 (35.9%)  FPS≈1415  阶段=stage2_linear  速度=1.00  直行间隔=180  aim=0.100/lead  rotate=-0.07
[进度] 35,946,496/100,000,000 (35.9%)  FPS≈1306  阶段=stage2_linear  速度=1.00  直行间隔=180  aim=0.100/lead  rotate=-0.07
[进度] 35,962,880/100,000,000 (36.0%)  FPS≈1298  阶段=stage2_linear  速度=1.00  直行间隔=180  aim=0.100/lead  rotate=-0.07
[进度] 35,979,264/100,000,000 (36.0%)  FPS≈1473  阶段=stage2_linear  速度=1.00  直行间隔=180  aim=0.100/lead  rotate=-0.07
[进度] 35,995,648/100,000,000 (36.0%)  FPS≈1258  阶段=stage2_linear  速度=1.00  直行间隔=180  aim=0.100/lead  rotate=-0.07
[进度] 36,012,032/100,000,000 (36.0%)  FPS≈1458  阶段=stage2_linear  速度=1.00  直行间隔=180  aim=0.100/lead  rotate=-0.07
[存盘] 课程元数据 model_t36012032_stage1_stage2_linear.curriculum.json  stage=stage2_linear  bot=linear v=1.00
[存盘] runs/curriculum_aim/20260922_225205/checkpoints/model_t36012032_stage1_stage2_linear.zip
[评测] 开始（100 局）…
  [评测进度] 10/100  kill(命中/开火)=0.217  direct(直击/开火)=0.130  弹数=23
  [评测进度] 20/100  kill(命中/开火)=0.233  direct(直击/开火)=0.093  弹数=43
  [评测进度] 30/100  kill(命中/开火)=0.227  direct(直击/开火)=0.076  弹数=66
  [评测进度] 40/100  kill(命中/开火)=0.326  direct(直击/开火)=0.109  弹数=92
  [评测进度] 50/100  kill(命中/开火)=0.289  direct(直击/开火)=0.088  弹数=114
  [评测进度] 60/100  kill(命中/开火)=0.316  direct(直击/开火)=0.105  弹数=133
  [评测进度] 70/100  kill(命中/开火)=0.314  direct(直击/开火)=0.098  弹数=153
  [评测进度] 80/100  kill(命中/开火)=0.337  direct(直击/开火)=0.090  弹数=178
  [评测进度] 90/100  kill(命中/开火)=0.317  direct(直击/开火)=0.084  弹数=202
  [评测进度] 100/100  kill(命中/开火)=0.326  direct(直击/开火)=0.075  弹数=227
------------------------------------------------------------
[评测] 阶段=stage2_linear  局数=100
  kill_rate(命中/开火) = 0.326  hit_rate(直击/开火) = 0.075  中位TTK = 600
  TTK口径     : 首直击步数；无直击=该局结束步数（评测步限封顶）
  晋级条件 直击/开火 hit_rate≥0.06  当前=0.075  → 指标达标
  附加门槛 : 需对手速度≥1.00（当前=1.00）
  转向阶梯中 : phase=3  rotate=-0.07  （此期间不晋级下一阶段，只按 hit_rate 下调转向）
  未晋级阶段：转向阶梯进行中（属预期）
------------------------------------------------------------
[进度] 36,028,416/100,000,000 (36.0%)  FPS≈1502  阶段=stage2_linear  速度=1.00  直行间隔=180  aim=0.100/lead  rotate=-0.07
[进度] 36,044,800/100,000,000 (36.0%)  FPS≈1524  阶段=stage2_linear  速度=1.00  直行间隔=180  aim=0.100/lead  rotate=-0.07
[进度] 36,061,184/100,000,000 (36.1%)  FPS≈1371  阶段=stage2_linear  速度=1.00  直行间隔=180  aim=0.100/lead  rotate=-0.07
[进度] 36,077,568/100,000,000 (36.1%)  FPS≈1457  阶段=stage2_linear  速度=1.00  直行间隔=180  aim=0.100/lead  rotate=-0.07
[进度] 36,093,952/100,000,000 (36.1%)  FPS≈1411  阶段=stage2_linear  速度=1.00  直行间隔=180  aim=0.100/lead  rotate=-0.07
[进度] 36,110,336/100,000,000 (36.1%)  FPS≈1275  阶段=stage2_linear  速度=1.00  直行间隔=180  aim=0.100/lead  rotate=-0.07
[进度] 36,126,720/100,000,000 (36.1%)  FPS≈1476  阶段=stage2_linear  速度=1.00  直行间隔=180  aim=0.100/lead  rotate=-0.07
[存盘] 课程元数据 model_t36126720_stage1_stage2_linear.curriculum.json  stage=stage2_linear  bot=linear v=1.00
[存盘] runs/curriculum_aim/20260922_225205/checkpoints/model_t36126720_stage1_stage2_linear.zip
[评测] 开始（100 局）…
  [评测进度] 10/100  kill(命中/开火)=0.300  direct(直击/开火)=0.100  弹数=20
  [评测进度] 20/100  kill(命中/开火)=0.175  direct(直击/开火)=0.075  弹数=40
  [评测进度] 30/100  kill(命中/开火)=0.212  direct(直击/开火)=0.061  弹数=66
  [评测进度] 40/100  kill(命中/开火)=0.213  direct(直击/开火)=0.053  弹数=94
  [评测进度] 50/100  kill(命中/开火)=0.223  direct(直击/开火)=0.062  弹数=112
  [评测进度] 60/100  kill(命中/开火)=0.226  direct(直击/开火)=0.068  弹数=133
  [评测进度] 70/100  kill(命中/开火)=0.224  direct(直击/开火)=0.072  弹数=152
  [评测进度] 80/100  kill(命中/开火)=0.231  direct(直击/开火)=0.077  弹数=169
  [评测进度] 90/100  kill(命中/开火)=0.243  direct(直击/开火)=0.079  弹数=189
  [评测进度] 100/100  kill(命中/开火)=0.243  direct(直击/开火)=0.075  弹数=214
------------------------------------------------------------
[评测] 阶段=stage2_linear  局数=100
  kill_rate(命中/开火) = 0.243  hit_rate(直击/开火) = 0.075  中位TTK = 600
  TTK口径     : 首直击步数；无直击=该局结束步数（评测步限封顶）
  晋级条件 直击/开火 hit_rate≥0.06  当前=0.075  → 指标达标
  附加门槛 : 需对手速度≥1.00（当前=1.00）
  转向阶梯中 : phase=3  rotate=-0.07  （此期间不晋级下一阶段，只按 hit_rate 下调转向）
  未晋级阶段：转向阶梯进行中（属预期）
------------------------------------------------------------
[进度] 36,143,104/100,000,000 (36.1%)  FPS≈1555  阶段=stage2_linear  速度=1.00  直行间隔=180  aim=0.100/lead  rotate=-0.07
[进度] 36,159,488/100,000,000 (36.2%)  FPS≈1390  阶段=stage2_linear  速度=1.00  直行间隔=180  aim=0.100/lead  rotate=-0.07
[进度] 36,175,872/100,000,000 (36.2%)  FPS≈1364  阶段=stage2_linear  速度=1.00  直行间隔=180  aim=0.100/lead  rotate=-0.07
[进度] 36,192,256/100,000,000 (36.2%)  FPS≈1455  阶段=stage2_linear  速度=1.00  直行间隔=180  aim=0.100/lead  rotate=-0.07
[进度] 36,208,640/100,000,000 (36.2%)  FPS≈1355  阶段=stage2_linear  速度=1.00  直行间隔=180  aim=0.100/lead  rotate=-0.07
[进度] 36,225,024/100,000,000 (36.2%)  FPS≈1331  阶段=stage2_linear  速度=1.00  直行间隔=180  aim=0.100/lead  rotate=-0.07
[进度] 36,241,408/100,000,000 (36.2%)  FPS≈1277  阶段=stage2_linear  速度=1.00  直行间隔=180  aim=0.100/lead  rotate=-0.07
[存盘] 课程元数据 model_t36241408_stage1_stage2_linear.curriculum.json  stage=stage2_linear  bot=linear v=1.00
[存盘] runs/curriculum_aim/20260922_225205/checkpoints/model_t36241408_stage1_stage2_linear.zip
[评测] 开始（100 局）…
  [评测进度] 10/100  kill(命中/开火)=0.267  direct(直击/开火)=0.200  弹数=15
  [评测进度] 20/100  kill(命中/开火)=0.209  direct(直击/开火)=0.116  弹数=43
  [评测进度] 30/100  kill(命中/开火)=0.290  direct(直击/开火)=0.145  弹数=62
  [评测进度] 40/100  kill(命中/开火)=0.294  direct(直击/开火)=0.108  弹数=102
  [评测进度] 50/100  kill(命中/开火)=0.293  direct(直击/开火)=0.105  弹数=133
  [评测进度] 60/100  kill(命中/开火)=0.297  direct(直击/开火)=0.123  弹数=155
  [评测进度] 70/100  kill(命中/开火)=0.284  direct(直击/开火)=0.104  弹数=183
  [评测进度] 80/100  kill(命中/开火)=0.306  direct(直击/开火)=0.110  弹数=209
  [评测进度] 90/100  kill(命中/开火)=0.305  direct(直击/开火)=0.112  弹数=233
  [评测进度] 100/100  kill(命中/开火)=0.308  direct(直击/开火)=0.117  弹数=266
------------------------------------------------------------
[评测] 阶段=stage2_linear  局数=100
  kill_rate(命中/开火) = 0.308  hit_rate(直击/开火) = 0.117  中位TTK = 600
  TTK口径     : 首直击步数；无直击=该局结束步数（评测步限封顶）
  晋级条件 直击/开火 hit_rate≥0.06  当前=0.117  → 指标达标
  附加门槛 : 需对手速度≥1.00（当前=1.00）
  转向阶梯中 : phase=3  rotate=-0.07  （此期间不晋级下一阶段，只按 hit_rate 下调转向）
  未晋级阶段：转向阶梯进行中（属预期）
------------------------------------------------------------
[进度] 36,257,792/100,000,000 (36.3%)  FPS≈1417  阶段=stage2_linear  速度=1.00  直行间隔=180  aim=0.100/lead  rotate=-0.07
[进度] 36,274,176/100,000,000 (36.3%)  FPS≈1481  阶段=stage2_linear  速度=1.00  直行间隔=180  aim=0.100/lead  rotate=-0.07
[进度] 36,290,560/100,000,000 (36.3%)  FPS≈1509  阶段=stage2_linear  速度=1.00  直行间隔=180  aim=0.100/lead  rotate=-0.07
[进度] 36,306,944/100,000,000 (36.3%)  FPS≈1345  阶段=stage2_linear  速度=1.00  直行间隔=180  aim=0.100/lead  rotate=-0.07
[进度] 36,323,328/100,000,000 (36.3%)  FPS≈1522  阶段=stage2_linear  速度=1.00  直行间隔=180  aim=0.100/lead  rotate=-0.07
[进度] 36,339,712/100,000,000 (36.3%)  FPS≈1462  阶段=stage2_linear  速度=1.00  直行间隔=180  aim=0.100/lead  rotate=-0.07
[进度] 36,356,096/100,000,000 (36.4%)  FPS≈1342  阶段=stage2_linear  速度=1.00  直行间隔=180  aim=0.100/lead  rotate=-0.07
[存盘] 课程元数据 model_t36356096_stage1_stage2_linear.curriculum.json  stage=stage2_linear  bot=linear v=1.00
[存盘] runs/curriculum_aim/20260922_225205/checkpoints/model_t36356096_stage1_stage2_linear.zip
[评测] 开始（100 局）…
  [评测进度] 10/100  kill(命中/开火)=0.333  direct(直击/开火)=0.111  弹数=18
  [评测进度] 20/100  kill(命中/开火)=0.308  direct(直击/开火)=0.103  弹数=39
  [评测进度] 30/100  kill(命中/开火)=0.333  direct(直击/开火)=0.127  弹数=63
  [评测进度] 40/100  kill(命中/开火)=0.367  direct(直击/开火)=0.101  弹数=79
  [评测进度] 50/100  kill(命中/开火)=0.333  direct(直击/开火)=0.108  弹数=93
  [评测进度] 60/100  kill(命中/开火)=0.339  direct(直击/开火)=0.110  弹数=118
  [评测进度] 70/100  kill(命中/开火)=0.331  direct(直击/开火)=0.105  弹数=133
  [评测进度] 80/100  kill(命中/开火)=0.312  direct(直击/开火)=0.094  弹数=160
  [评测进度] 90/100  kill(命中/开火)=0.314  direct(直击/开火)=0.101  弹数=188
  [评测进度] 100/100  kill(命中/开火)=0.283  direct(直击/开火)=0.090  弹数=223
------------------------------------------------------------
[评测] 阶段=stage2_linear  局数=100
  kill_rate(命中/开火) = 0.283  hit_rate(直击/开火) = 0.090  中位TTK = 600
  TTK口径     : 首直击步数；无直击=该局结束步数（评测步限封顶）
  晋级条件 直击/开火 hit_rate≥0.06  当前=0.090  → 指标达标
  附加门槛 : 需对手速度≥1.00（当前=1.00）
  转向阶梯中 : phase=3  rotate=-0.07  （此期间不晋级下一阶段，只按 hit_rate 下调转向）
  未晋级阶段：转向阶梯进行中（属预期）
------------------------------------------------------------
[进度] 36,372,480/100,000,000 (36.4%)  FPS≈1434  阶段=stage2_linear  速度=1.00  直行间隔=180  aim=0.100/lead  rotate=-0.07
[进度] 36,388,864/100,000,000 (36.4%)  FPS≈1431  阶段=stage2_linear  速度=1.00  直行间隔=180  aim=0.100/lead  rotate=-0.07
[进度] 36,405,248/100,000,000 (36.4%)  FPS≈1416  阶段=stage2_linear  速度=1.00  直行间隔=180  aim=0.100/lead  rotate=-0.07
[进度] 36,421,632/100,000,000 (36.4%)  FPS≈1412  阶段=stage2_linear  速度=1.00  直行间隔=180  aim=0.100/lead  rotate=-0.07
[进度] 36,438,016/100,000,000 (36.4%)  FPS≈1440  阶段=stage2_linear  速度=1.00  直行间隔=180  aim=0.100/lead  rotate=-0.07
[进度] 36,454,400/100,000,000 (36.5%)  FPS≈1247  阶段=stage2_linear  速度=1.00  直行间隔=180  aim=0.100/lead  rotate=-0.07
[进度] 36,470,784/100,000,000 (36.5%)  FPS≈1405  阶段=stage2_linear  速度=1.00  直行间隔=180  aim=0.100/lead  rotate=-0.07
[存盘] 课程元数据 model_t36470784_stage1_stage2_linear.curriculum.json  stage=stage2_linear  bot=linear v=1.00
[存盘] runs/curriculum_aim/20260922_225205/checkpoints/model_t36470784_stage1_stage2_linear.zip
[评测] 开始（100 局）…
  [评测进度] 10/100  kill(命中/开火)=0.421  direct(直击/开火)=0.211  弹数=19
  [评测进度] 20/100  kill(命中/开火)=0.298  direct(直击/开火)=0.085  弹数=47
  [评测进度] 30/100  kill(命中/开火)=0.239  direct(直击/开火)=0.099  弹数=71
  [评测进度] 40/100  kill(命中/开火)=0.220  direct(直击/开火)=0.090  弹数=100
  [评测进度] 50/100  kill(命中/开火)=0.260  direct(直击/开火)=0.073  弹数=123
  [评测进度] 60/100  kill(命中/开火)=0.262  direct(直击/开火)=0.074  弹数=149
  [评测进度] 70/100  kill(命中/开火)=0.269  direct(直击/开火)=0.091  弹数=175
  [评测进度] 80/100  kill(命中/开火)=0.257  direct(直击/开火)=0.094  弹数=191
  [评测进度] 90/100  kill(命中/开火)=0.251  direct(直击/开火)=0.099  弹数=203
  [评测进度] 100/100  kill(命中/开火)=0.268  direct(直击/开火)=0.105  弹数=228
------------------------------------------------------------
[评测] 阶段=stage2_linear  局数=100
  kill_rate(命中/开火) = 0.268  hit_rate(直击/开火) = 0.105  中位TTK = 600
  TTK口径     : 首直击步数；无直击=该局结束步数（评测步限封顶）
  晋级条件 直击/开火 hit_rate≥0.06  当前=0.105  → 指标达标
  附加门槛 : 需对手速度≥1.00（当前=1.00）
  转向阶梯中 : phase=3  rotate=-0.07  （此期间不晋级下一阶段，只按 hit_rate 下调转向）
  未晋级阶段：转向阶梯进行中（属预期）
------------------------------------------------------------
[进度] 36,487,168/100,000,000 (36.5%)  FPS≈1342  阶段=stage2_linear  速度=1.00  直行间隔=180  aim=0.100/lead  rotate=-0.07
[进度] 36,503,552/100,000,000 (36.5%)  FPS≈1488  阶段=stage2_linear  速度=1.00  直行间隔=180  aim=0.100/lead  rotate=-0.07
[进度] 36,519,936/100,000,000 (36.5%)  FPS≈1306  阶段=stage2_linear  速度=1.00  直行间隔=180  aim=0.100/lead  rotate=-0.07
[进度] 36,536,320/100,000,000 (36.5%)  FPS≈1318  阶段=stage2_linear  速度=1.00  直行间隔=180  aim=0.100/lead  rotate=-0.07
[进度] 36,552,704/100,000,000 (36.6%)  FPS≈1341  阶段=stage2_linear  速度=1.00  直行间隔=180  aim=0.100/lead  rotate=-0.07
[进度] 36,569,088/100,000,000 (36.6%)  FPS≈1404  阶段=stage2_linear  速度=1.00  直行间隔=180  aim=0.100/lead  rotate=-0.07
[进度] 36,585,472/100,000,000 (36.6%)  FPS≈1423  阶段=stage2_linear  速度=1.00  直行间隔=180  aim=0.100/lead  rotate=-0.07
[存盘] 课程元数据 model_t36585472_stage1_stage2_linear.curriculum.json  stage=stage2_linear  bot=linear v=1.00
[存盘] runs/curriculum_aim/20260922_225205/checkpoints/model_t36585472_stage1_stage2_linear.zip
[评测] 开始（100 局）…
  [评测进度] 10/100  kill(命中/开火)=0.312  direct(直击/开火)=0.000  弹数=16
  [评测进度] 20/100  kill(命中/开火)=0.243  direct(直击/开火)=0.054  弹数=37
  [评测进度] 30/100  kill(命中/开火)=0.224  direct(直击/开火)=0.060  弹数=67
  [评测进度] 40/100  kill(命中/开火)=0.233  direct(直击/开火)=0.081  弹数=86
  [评测进度] 50/100  kill(命中/开火)=0.245  direct(直击/开火)=0.098  弹数=102
  [评测进度] 60/100  kill(命中/开火)=0.250  direct(直击/开火)=0.100  弹数=120
  [评测进度] 70/100  kill(命中/开火)=0.259  direct(直击/开火)=0.088  弹数=147
  [评测进度] 80/100  kill(命中/开火)=0.246  direct(直击/开火)=0.088  弹数=171
  [评测进度] 90/100  kill(命中/开火)=0.239  direct(直击/开火)=0.080  弹数=201
  [评测进度] 100/100  kill(命中/开火)=0.227  direct(直击/开火)=0.082  弹数=220
------------------------------------------------------------
[评测] 阶段=stage2_linear  局数=100
  kill_rate(命中/开火) = 0.227  hit_rate(直击/开火) = 0.082  中位TTK = 600
  TTK口径     : 首直击步数；无直击=该局结束步数（评测步限封顶）
  晋级条件 直击/开火 hit_rate≥0.06  当前=0.082  → 指标达标
  附加门槛 : 需对手速度≥1.00（当前=1.00）
  转向阶梯中 : phase=3  rotate=-0.07  （此期间不晋级下一阶段，只按 hit_rate 下调转向）
  未晋级阶段：转向阶梯进行中（属预期）
------------------------------------------------------------
[进度] 36,601,856/100,000,000 (36.6%)  FPS≈1569  阶段=stage2_linear  速度=1.00  直行间隔=180  aim=0.100/lead  rotate=-0.07
[进度] 36,618,240/100,000,000 (36.6%)  FPS≈1486  阶段=stage2_linear  速度=1.00  直行间隔=180  aim=0.100/lead  rotate=-0.07
[进度] 36,634,624/100,000,000 (36.6%)  FPS≈1436  阶段=stage2_linear  速度=1.00  直行间隔=180  aim=0.100/lead  rotate=-0.07
[进度] 36,651,008/100,000,000 (36.7%)  FPS≈1422  阶段=stage2_linear  速度=1.00  直行间隔=180  aim=0.100/lead  rotate=-0.07
[进度] 36,667,392/100,000,000 (36.7%)  FPS≈1424  阶段=stage2_linear  速度=1.00  直行间隔=180  aim=0.100/lead  rotate=-0.07
[进度] 36,683,776/100,000,000 (36.7%)  FPS≈1458  阶段=stage2_linear  速度=1.00  直行间隔=180  aim=0.100/lead  rotate=-0.07
[进度] 36,700,160/100,000,000 (36.7%)  FPS≈1538  阶段=stage2_linear  速度=1.00  直行间隔=180  aim=0.100/lead  rotate=-0.07
[存盘] 课程元数据 model_t36700160_stage1_stage2_linear.curriculum.json  stage=stage2_linear  bot=linear v=1.00
[存盘] runs/curriculum_aim/20260922_225205/checkpoints/model_t36700160_stage1_stage2_linear.zip
[评测] 开始（100 局）…
  [评测进度] 10/100  kill(命中/开火)=0.391  direct(直击/开火)=0.087  弹数=23
  [评测进度] 20/100  kill(命中/开火)=0.326  direct(直击/开火)=0.130  弹数=46
  [评测进度] 30/100  kill(命中/开火)=0.338  direct(直击/开火)=0.141  弹数=71
  [评测进度] 40/100  kill(命中/开火)=0.320  direct(直击/开火)=0.134  弹数=97
  [评测进度] 50/100  kill(命中/开火)=0.286  direct(直击/开火)=0.126  弹数=119
  [评测进度] 60/100  kill(命中/开火)=0.299  direct(直击/开火)=0.132  弹数=144
  [评测进度] 70/100  kill(命中/开火)=0.313  direct(直击/开火)=0.135  弹数=163
  [评测进度] 80/100  kill(命中/开火)=0.297  direct(直击/开火)=0.135  弹数=185
  [评测进度] 90/100  kill(命中/开火)=0.296  direct(直击/开火)=0.131  弹数=206
  [评测进度] 100/100  kill(命中/开火)=0.295  direct(直击/开火)=0.137  弹数=227
------------------------------------------------------------
[评测] 阶段=stage2_linear  局数=100
  kill_rate(命中/开火) = 0.295  hit_rate(直击/开火) = 0.137  中位TTK = 600
  TTK口径     : 首直击步数；无直击=该局结束步数（评测步限封顶）
  晋级条件 直击/开火 hit_rate≥0.06  当前=0.137  → 指标达标
  附加门槛 : 需对手速度≥1.00（当前=1.00）
  转向阶梯中 : phase=3  rotate=-0.07  （此期间不晋级下一阶段，只按 hit_rate 下调转向）
  未晋级阶段：转向阶梯进行中（属预期）
------------------------------------------------------------
[进度] 36,716,544/100,000,000 (36.7%)  FPS≈1491  阶段=stage2_linear  速度=1.00  直行间隔=180  aim=0.100/lead  rotate=-0.07
[进度] 36,732,928/100,000,000 (36.7%)  FPS≈1476  阶段=stage2_linear  速度=1.00  直行间隔=180  aim=0.100/lead  rotate=-0.07
[进度] 36,749,312/100,000,000 (36.7%)  FPS≈1315  阶段=stage2_linear  速度=1.00  直行间隔=180  aim=0.100/lead  rotate=-0.07
[进度] 36,765,696/100,000,000 (36.8%)  FPS≈1273  阶段=stage2_linear  速度=1.00  直行间隔=180  aim=0.100/lead  rotate=-0.07
[进度] 36,782,080/100,000,000 (36.8%)  FPS≈1411  阶段=stage2_linear  速度=1.00  直行间隔=180  aim=0.100/lead  rotate=-0.07
[进度] 36,798,464/100,000,000 (36.8%)  FPS≈1304  阶段=stage2_linear  速度=1.00  直行间隔=180  aim=0.100/lead  rotate=-0.07
[进度] 36,814,848/100,000,000 (36.8%)  FPS≈1474  阶段=stage2_linear  速度=1.00  直行间隔=180  aim=0.100/lead  rotate=-0.07
[存盘] 课程元数据 model_t36814848_stage1_stage2_linear.curriculum.json  stage=stage2_linear  bot=linear v=1.00
[存盘] runs/curriculum_aim/20260922_225205/checkpoints/model_t36814848_stage1_stage2_linear.zip
[评测] 开始（100 局）…
  [评测进度] 10/100  kill(命中/开火)=0.217  direct(直击/开火)=0.174  弹数=23
  [评测进度] 20/100  kill(命中/开火)=0.189  direct(直击/开火)=0.094  弹数=53
  [评测进度] 30/100  kill(命中/开火)=0.216  direct(直击/开火)=0.108  弹数=74
  [评测进度] 40/100  kill(命中/开火)=0.240  direct(直击/开火)=0.104  弹数=96
  [评测进度] 50/100  kill(命中/开火)=0.252  direct(直击/开火)=0.092  弹数=119
  [评测进度] 60/100  kill(命中/开火)=0.257  direct(直击/开火)=0.090  弹数=144
  [评测进度] 70/100  kill(命中/开火)=0.263  direct(直击/开火)=0.106  弹数=160
  [评测进度] 80/100  kill(命中/开火)=0.258  direct(直击/开火)=0.099  弹数=182
  [评测进度] 90/100  kill(命中/开火)=0.265  direct(直击/开火)=0.098  弹数=204
  [评测进度] 100/100  kill(命中/开火)=0.273  direct(直击/开火)=0.105  弹数=220
------------------------------------------------------------
[评测] 阶段=stage2_linear  局数=100
  kill_rate(命中/开火) = 0.273  hit_rate(直击/开火) = 0.105  中位TTK = 600
  TTK口径     : 首直击步数；无直击=该局结束步数（评测步限封顶）
  晋级条件 直击/开火 hit_rate≥0.06  当前=0.105  → 指标达标
  附加门槛 : 需对手速度≥1.00（当前=1.00）
  转向阶梯中 : phase=3  rotate=-0.07  （此期间不晋级下一阶段，只按 hit_rate 下调转向）
  未晋级阶段：转向阶梯进行中（属预期）
------------------------------------------------------------
[进度] 36,831,232/100,000,000 (36.8%)  FPS≈1407  阶段=stage2_linear  速度=1.00  直行间隔=180  aim=0.100/lead  rotate=-0.07
[进度] 36,847,616/100,000,000 (36.8%)  FPS≈1388  阶段=stage2_linear  速度=1.00  直行间隔=180  aim=0.100/lead  rotate=-0.07
[进度] 36,864,000/100,000,000 (36.9%)  FPS≈1439  阶段=stage2_linear  速度=1.00  直行间隔=180  aim=0.100/lead  rotate=-0.07
[进度] 36,880,384/100,000,000 (36.9%)  FPS≈1551  阶段=stage2_linear  速度=1.00  直行间隔=180  aim=0.100/lead  rotate=-0.07
[进度] 36,896,768/100,000,000 (36.9%)  FPS≈1513  阶段=stage2_linear  速度=1.00  直行间隔=180  aim=0.100/lead  rotate=-0.07
[进度] 36,913,152/100,000,000 (36.9%)  FPS≈1283  阶段=stage2_linear  速度=1.00  直行间隔=180  aim=0.100/lead  rotate=-0.07
[进度] 36,929,536/100,000,000 (36.9%)  FPS≈1317  阶段=stage2_linear  速度=1.00  直行间隔=180  aim=0.100/lead  rotate=-0.07
[存盘] 课程元数据 model_t36929536_stage1_stage2_linear.curriculum.json  stage=stage2_linear  bot=linear v=1.00
[存盘] runs/curriculum_aim/20260922_225205/checkpoints/model_t36929536_stage1_stage2_linear.zip
[评测] 开始（100 局）…
  [评测进度] 10/100  kill(命中/开火)=0.321  direct(直击/开火)=0.143  弹数=28
  [评测进度] 20/100  kill(命中/开火)=0.304  direct(直击/开火)=0.143  弹数=56
  [评测进度] 30/100  kill(命中/开火)=0.264  direct(直击/开火)=0.115  弹数=87
  [评测进度] 40/100  kill(命中/开火)=0.256  direct(直击/开火)=0.120  弹数=117
  [评测进度] 50/100  kill(命中/开火)=0.269  direct(直击/开火)=0.117  弹数=145
  [评测进度] 60/100  kill(命中/开火)=0.254  direct(直击/开火)=0.098  弹数=173
  [评测进度] 70/100  kill(命中/开火)=0.239  direct(直击/开火)=0.085  弹数=201
  [评测进度] 80/100  kill(命中/开火)=0.253  direct(直击/开火)=0.095  弹数=221
  [评测进度] 90/100  kill(命中/开火)=0.258  direct(直击/开火)=0.093  弹数=248
  [评测进度] 100/100  kill(命中/开火)=0.268  direct(直击/开火)=0.096  弹数=272
------------------------------------------------------------
[评测] 阶段=stage2_linear  局数=100
  kill_rate(命中/开火) = 0.268  hit_rate(直击/开火) = 0.096  中位TTK = 600
  TTK口径     : 首直击步数；无直击=该局结束步数（评测步限封顶）
  晋级条件 直击/开火 hit_rate≥0.06  当前=0.096  → 指标达标
  附加门槛 : 需对手速度≥1.00（当前=1.00）
  转向阶梯中 : phase=3  rotate=-0.07  （此期间不晋级下一阶段，只按 hit_rate 下调转向）
  未晋级阶段：转向阶梯进行中（属预期）
------------------------------------------------------------
[进度] 36,945,920/100,000,000 (36.9%)  FPS≈1452  阶段=stage2_linear  速度=1.00  直行间隔=180  aim=0.100/lead  rotate=-0.07
[进度] 36,962,304/100,000,000 (37.0%)  FPS≈1338  阶段=stage2_linear  速度=1.00  直行间隔=180  aim=0.100/lead  rotate=-0.07
[进度] 36,978,688/100,000,000 (37.0%)  FPS≈1367  阶段=stage2_linear  速度=1.00  直行间隔=180  aim=0.100/lead  rotate=-0.07
[进度] 36,995,072/100,000,000 (37.0%)  FPS≈1349  阶段=stage2_linear  速度=1.00  直行间隔=180  aim=0.100/lead  rotate=-0.07
[进度] 37,011,456/100,000,000 (37.0%)  FPS≈1301  阶段=stage2_linear  速度=1.00  直行间隔=180  aim=0.100/lead  rotate=-0.07
[进度] 37,027,840/100,000,000 (37.0%)  FPS≈1362  阶段=stage2_linear  速度=1.00  直行间隔=180  aim=0.100/lead  rotate=-0.07
[进度] 37,044,224/100,000,000 (37.0%)  FPS≈1284  阶段=stage2_linear  速度=1.00  直行间隔=180  aim=0.100/lead  rotate=-0.07
[存盘] 课程元数据 model_t37044224_stage1_stage2_linear.curriculum.json  stage=stage2_linear  bot=linear v=1.00
[存盘] runs/curriculum_aim/20260922_225205/checkpoints/model_t37044224_stage1_stage2_linear.zip
[评测] 开始（100 局）…
  [评测进度] 10/100  kill(命中/开火)=0.375  direct(直击/开火)=0.125  弹数=24
  [评测进度] 20/100  kill(命中/开火)=0.333  direct(直击/开火)=0.088  弹数=57
  [评测进度] 30/100  kill(命中/开火)=0.364  direct(直击/开火)=0.130  弹数=77
  [评测进度] 40/100  kill(命中/开火)=0.343  direct(直击/开火)=0.121  弹数=99
  [评测进度] 50/100  kill(命中/开火)=0.358  direct(直击/开火)=0.122  弹数=123
  [评测进度] 60/100  kill(命中/开火)=0.340  direct(直击/开火)=0.118  弹数=153
  [评测进度] 70/100  kill(命中/开火)=0.318  direct(直击/开火)=0.112  弹数=179
  [评测进度] 80/100  kill(命中/开火)=0.310  direct(直击/开火)=0.108  弹数=213
  [评测进度] 90/100  kill(命中/开火)=0.309  direct(直击/开火)=0.110  弹数=236
  [评测进度] 100/100  kill(命中/开火)=0.304  direct(直击/开火)=0.106  弹数=273
------------------------------------------------------------
[评测] 阶段=stage2_linear  局数=100
  kill_rate(命中/开火) = 0.304  hit_rate(直击/开火) = 0.106  中位TTK = 600
  TTK口径     : 首直击步数；无直击=该局结束步数（评测步限封顶）
  晋级条件 直击/开火 hit_rate≥0.06  当前=0.106  → 指标达标
  附加门槛 : 需对手速度≥1.00（当前=1.00）
  转向阶梯中 : phase=3  rotate=-0.07  （此期间不晋级下一阶段，只按 hit_rate 下调转向）
  未晋级阶段：转向阶梯进行中（属预期）
------------------------------------------------------------
[进度] 37,060,608/100,000,000 (37.1%)  FPS≈1362  阶段=stage2_linear  速度=1.00  直行间隔=180  aim=0.100/lead  rotate=-0.07
[进度] 37,076,992/100,000,000 (37.1%)  FPS≈1392  阶段=stage2_linear  速度=1.00  直行间隔=180  aim=0.100/lead  rotate=-0.07
[进度] 37,093,376/100,000,000 (37.1%)  FPS≈1357  阶段=stage2_linear  速度=1.00  直行间隔=180  aim=0.100/lead  rotate=-0.07
[进度] 37,109,760/100,000,000 (37.1%)  FPS≈1426  阶段=stage2_linear  速度=1.00  直行间隔=180  aim=0.100/lead  rotate=-0.07
[进度] 37,126,144/100,000,000 (37.1%)  FPS≈1385  阶段=stage2_linear  速度=1.00  直行间隔=180  aim=0.100/lead  rotate=-0.07
[进度] 37,142,528/100,000,000 (37.1%)  FPS≈1388  阶段=stage2_linear  速度=1.00  直行间隔=180  aim=0.100/lead  rotate=-0.07
[进度] 37,158,912/100,000,000 (37.2%)  FPS≈1487  阶段=stage2_linear  速度=1.00  直行间隔=180  aim=0.100/lead  rotate=-0.07
[存盘] 课程元数据 model_t37158912_stage1_stage2_linear.curriculum.json  stage=stage2_linear  bot=linear v=1.00
[存盘] runs/curriculum_aim/20260922_225205/checkpoints/model_t37158912_stage1_stage2_linear.zip
[评测] 开始（100 局）…
  [评测进度] 10/100  kill(命中/开火)=0.208  direct(直击/开火)=0.083  弹数=24
  [评测进度] 20/100  kill(命中/开火)=0.260  direct(直击/开火)=0.140  弹数=50
  [评测进度] 30/100  kill(命中/开火)=0.264  direct(直击/开火)=0.153  弹数=72
  [评测进度] 40/100  kill(命中/开火)=0.257  direct(直击/开火)=0.119  弹数=101
  [评测进度] 50/100  kill(命中/开火)=0.257  direct(直击/开火)=0.110  弹数=136
  [评测进度] 60/100  kill(命中/开火)=0.268  direct(直击/开火)=0.127  弹数=157
  [评测进度] 70/100  kill(命中/开火)=0.280  direct(直击/开火)=0.138  弹数=189
  [评测进度] 80/100  kill(命中/开火)=0.286  direct(直击/开火)=0.141  弹数=213
  [评测进度] 90/100  kill(命中/开火)=0.301  direct(直击/开火)=0.151  弹数=239
  [评测进度] 100/100  kill(命中/开火)=0.309  direct(直击/开火)=0.147  弹数=278
------------------------------------------------------------
[评测] 阶段=stage2_linear  局数=100
  kill_rate(命中/开火) = 0.309  hit_rate(直击/开火) = 0.147  中位TTK = 600
  TTK口径     : 首直击步数；无直击=该局结束步数（评测步限封顶）
  晋级条件 直击/开火 hit_rate≥0.06  当前=0.147  → 指标达标
  附加门槛 : 需对手速度≥1.00（当前=1.00）
  转向阶梯中 : phase=3  rotate=-0.07  （此期间不晋级下一阶段，只按 hit_rate 下调转向）
  未晋级阶段：转向阶梯进行中（属预期）
------------------------------------------------------------
[进度] 37,175,296/100,000,000 (37.2%)  FPS≈1340  阶段=stage2_linear  速度=1.00  直行间隔=180  aim=0.100/lead  rotate=-0.07
[进度] 37,191,680/100,000,000 (37.2%)  FPS≈1332  阶段=stage2_linear  速度=1.00  直行间隔=180  aim=0.100/lead  rotate=-0.07
[进度] 37,208,064/100,000,000 (37.2%)  FPS≈1506  阶段=stage2_linear  速度=1.00  直行间隔=180  aim=0.100/lead  rotate=-0.07
[进度] 37,224,448/100,000,000 (37.2%)  FPS≈1318  阶段=stage2_linear  速度=1.00  直行间隔=180  aim=0.100/lead  rotate=-0.07
[进度] 37,240,832/100,000,000 (37.2%)  FPS≈1401  阶段=stage2_linear  速度=1.00  直行间隔=180  aim=0.100/lead  rotate=-0.07
[进度] 37,257,216/100,000,000 (37.3%)  FPS≈1495  阶段=stage2_linear  速度=1.00  直行间隔=180  aim=0.100/lead  rotate=-0.07
[进度] 37,273,600/100,000,000 (37.3%)  FPS≈1294  阶段=stage2_linear  速度=1.00  直行间隔=180  aim=0.100/lead  rotate=-0.07
[存盘] 课程元数据 model_t37273600_stage1_stage2_linear.curriculum.json  stage=stage2_linear  bot=linear v=1.00
[存盘] runs/curriculum_aim/20260922_225205/checkpoints/model_t37273600_stage1_stage2_linear.zip
[评测] 开始（100 局）…
  [评测进度] 10/100  kill(命中/开火)=0.324  direct(直击/开火)=0.162  弹数=37
  [评测进度] 20/100  kill(命中/开火)=0.301  direct(直击/开火)=0.123  弹数=73
  [评测进度] 30/100  kill(命中/开火)=0.287  direct(直击/开火)=0.111  弹数=108
  [评测进度] 40/100  kill(命中/开火)=0.273  direct(直击/开火)=0.091  弹数=143
  [评测进度] 50/100  kill(命中/开火)=0.243  direct(直击/开火)=0.085  弹数=177
  [评测进度] 60/100  kill(命中/开火)=0.254  direct(直击/开火)=0.089  弹数=213
  [评测进度] 70/100  kill(命中/开火)=0.254  direct(直击/开火)=0.083  弹数=252
  [评测进度] 80/100  kill(命中/开火)=0.260  direct(直击/开火)=0.085  弹数=281
  [评测进度] 90/100  kill(命中/开火)=0.257  direct(直击/开火)=0.093  弹数=311
  [评测进度] 100/100  kill(命中/开火)=0.259  direct(直击/开火)=0.093  弹数=332
------------------------------------------------------------
[评测] 阶段=stage2_linear  局数=100
  kill_rate(命中/开火) = 0.259  hit_rate(直击/开火) = 0.093  中位TTK = 600
  TTK口径     : 首直击步数；无直击=该局结束步数（评测步限封顶）
  晋级条件 直击/开火 hit_rate≥0.06  当前=0.093  → 指标达标
  附加门槛 : 需对手速度≥1.00（当前=1.00）
  转向阶梯中 : phase=3  rotate=-0.07  （此期间不晋级下一阶段，只按 hit_rate 下调转向）
  未晋级阶段：转向阶梯进行中（属预期）
------------------------------------------------------------
[进度] 37,289,984/100,000,000 (37.3%)  FPS≈1365  阶段=stage2_linear  速度=1.00  直行间隔=180  aim=0.100/lead  rotate=-0.07
[进度] 37,306,368/100,000,000 (37.3%)  FPS≈1453  阶段=stage2_linear  速度=1.00  直行间隔=180  aim=0.100/lead  rotate=-0.07
[进度] 37,322,752/100,000,000 (37.3%)  FPS≈1313  阶段=stage2_linear  速度=1.00  直行间隔=180  aim=0.100/lead  rotate=-0.07
[进度] 37,339,136/100,000,000 (37.3%)  FPS≈1238  阶段=stage2_linear  速度=1.00  直行间隔=180  aim=0.100/lead  rotate=-0.07
[进度] 37,355,520/100,000,000 (37.4%)  FPS≈1387  阶段=stage2_linear  速度=1.00  直行间隔=180  aim=0.100/lead  rotate=-0.07
[进度] 37,371,904/100,000,000 (37.4%)  FPS≈1379  阶段=stage2_linear  速度=1.00  直行间隔=180  aim=0.100/lead  rotate=-0.07
[进度] 37,388,288/100,000,000 (37.4%)  FPS≈1286  阶段=stage2_linear  速度=1.00  直行间隔=180  aim=0.100/lead  rotate=-0.07
[存盘] 课程元数据 model_t37388288_stage1_stage2_linear.curriculum.json  stage=stage2_linear  bot=linear v=1.00
[存盘] runs/curriculum_aim/20260922_225205/checkpoints/model_t37388288_stage1_stage2_linear.zip
[评测] 开始（100 局）…
  [评测进度] 10/100  kill(命中/开火)=0.226  direct(直击/开火)=0.097  弹数=31
  [评测进度] 20/100  kill(命中/开火)=0.246  direct(直击/开火)=0.098  弹数=61
  [评测进度] 30/100  kill(命中/开火)=0.261  direct(直击/开火)=0.109  弹数=92
  [评测进度] 40/100  kill(命中/开火)=0.290  direct(直击/开火)=0.121  弹数=124
  [评测进度] 50/100  kill(命中/开火)=0.287  direct(直击/开火)=0.120  弹数=150
  [评测进度] 60/100  kill(命中/开火)=0.302  direct(直击/开火)=0.123  弹数=179
  [评测进度] 70/100  kill(命中/开火)=0.324  direct(直击/开火)=0.137  弹数=204
  [评测进度] 80/100  kill(命中/开火)=0.301  direct(直击/开火)=0.126  弹数=239
  [评测进度] 90/100  kill(命中/开火)=0.293  direct(直击/开火)=0.119  弹数=270
  [评测进度] 100/100  kill(命中/开火)=0.280  direct(直击/开火)=0.113  弹数=300
------------------------------------------------------------
[评测] 阶段=stage2_linear  局数=100
  kill_rate(命中/开火) = 0.280  hit_rate(直击/开火) = 0.113  中位TTK = 600
  TTK口径     : 首直击步数；无直击=该局结束步数（评测步限封顶）
  晋级条件 直击/开火 hit_rate≥0.06  当前=0.113  → 指标达标
  附加门槛 : 需对手速度≥1.00（当前=1.00）
  转向阶梯中 : phase=3  rotate=-0.07  （此期间不晋级下一阶段，只按 hit_rate 下调转向）
  未晋级阶段：转向阶梯进行中（属预期）
------------------------------------------------------------
[进度] 37,404,672/100,000,000 (37.4%)  FPS≈1478  阶段=stage2_linear  速度=1.00  直行间隔=180  aim=0.100/lead  rotate=-0.07
[进度] 37,421,056/100,000,000 (37.4%)  FPS≈1408  阶段=stage2_linear  速度=1.00  直行间隔=180  aim=0.100/lead  rotate=-0.07
[进度] 37,437,440/100,000,000 (37.4%)  FPS≈1400  阶段=stage2_linear  速度=1.00  直行间隔=180  aim=0.100/lead  rotate=-0.07
[进度] 37,453,824/100,000,000 (37.5%)  FPS≈1404  阶段=stage2_linear  速度=1.00  直行间隔=180  aim=0.100/lead  rotate=-0.07
[进度] 37,470,208/100,000,000 (37.5%)  FPS≈1335  阶段=stage2_linear  速度=1.00  直行间隔=180  aim=0.100/lead  rotate=-0.07
[进度] 37,486,592/100,000,000 (37.5%)  FPS≈1379  阶段=stage2_linear  速度=1.00  直行间隔=180  aim=0.100/lead  rotate=-0.07
[进度] 37,502,976/100,000,000 (37.5%)  FPS≈1416  阶段=stage2_linear  速度=1.00  直行间隔=180  aim=0.100/lead  rotate=-0.07
[存盘] 课程元数据 model_t37502976_stage1_stage2_linear.curriculum.json  stage=stage2_linear  bot=linear v=1.00
[存盘] runs/curriculum_aim/20260922_225205/checkpoints/model_t37502976_stage1_stage2_linear.zip
[评测] 开始（100 局）…
  [评测进度] 10/100  kill(命中/开火)=0.278  direct(直击/开火)=0.167  弹数=36
  [评测进度] 20/100  kill(命中/开火)=0.222  direct(直击/开火)=0.139  弹数=72
  [评测进度] 30/100  kill(命中/开火)=0.241  direct(直击/开火)=0.107  弹数=112
  [评测进度] 40/100  kill(命中/开火)=0.274  direct(直击/开火)=0.110  弹数=146
  [评测进度] 50/100  kill(命中/开火)=0.270  direct(直击/开火)=0.107  弹数=178
  [评测进度] 60/100  kill(命中/开火)=0.284  direct(直击/开火)=0.116  弹数=215
  [评测进度] 70/100  kill(命中/开火)=0.290  direct(直击/开火)=0.117  弹数=248
  [评测进度] 80/100  kill(命中/开火)=0.290  direct(直击/开火)=0.118  弹数=279
  [评测进度] 90/100  kill(命中/开火)=0.283  direct(直击/开火)=0.115  弹数=314
  [评测进度] 100/100  kill(命中/开火)=0.279  direct(直击/开火)=0.111  弹数=341
------------------------------------------------------------
[评测] 阶段=stage2_linear  局数=100
  kill_rate(命中/开火) = 0.279  hit_rate(直击/开火) = 0.111  中位TTK = 600
  TTK口径     : 首直击步数；无直击=该局结束步数（评测步限封顶）
  晋级条件 直击/开火 hit_rate≥0.06  当前=0.111  → 指标达标
  附加门槛 : 需对手速度≥1.00（当前=1.00）
  转向阶梯中 : phase=3  rotate=-0.07  （此期间不晋级下一阶段，只按 hit_rate 下调转向）
  未晋级阶段：转向阶梯进行中（属预期）
------------------------------------------------------------
[进度] 37,519,360/100,000,000 (37.5%)  FPS≈1463  阶段=stage2_linear  速度=1.00  直行间隔=180  aim=0.100/lead  rotate=-0.07
[进度] 37,535,744/100,000,000 (37.5%)  FPS≈1444  阶段=stage2_linear  速度=1.00  直行间隔=180  aim=0.100/lead  rotate=-0.07
[进度] 37,552,128/100,000,000 (37.6%)  FPS≈1405  阶段=stage2_linear  速度=1.00  直行间隔=180  aim=0.100/lead  rotate=-0.07
[进度] 37,568,512/100,000,000 (37.6%)  FPS≈1254  阶段=stage2_linear  速度=1.00  直行间隔=180  aim=0.100/lead  rotate=-0.07
[进度] 37,584,896/100,000,000 (37.6%)  FPS≈1254  阶段=stage2_linear  速度=1.00  直行间隔=180  aim=0.100/lead  rotate=-0.07
[进度] 37,601,280/100,000,000 (37.6%)  FPS≈1479  阶段=stage2_linear  速度=1.00  直行间隔=180  aim=0.100/lead  rotate=-0.07
[进度] 37,617,664/100,000,000 (37.6%)  FPS≈1410  阶段=stage2_linear  速度=1.00  直行间隔=180  aim=0.100/lead  rotate=-0.07
[存盘] 课程元数据 model_t37617664_stage1_stage2_linear.curriculum.json  stage=stage2_linear  bot=linear v=1.00
[存盘] runs/curriculum_aim/20260922_225205/checkpoints/model_t37617664_stage1_stage2_linear.zip
[评测] 开始（100 局）…
  [评测进度] 10/100  kill(命中/开火)=0.294  direct(直击/开火)=0.118  弹数=34
  [评测进度] 20/100  kill(命中/开火)=0.279  direct(直击/开火)=0.118  弹数=68
  [评测进度] 30/100  kill(命中/开火)=0.280  direct(直击/开火)=0.120  弹数=100
  [评测进度] 40/100  kill(命中/开火)=0.266  direct(直击/开火)=0.122  弹数=139
  [评测进度] 50/100  kill(命中/开火)=0.270  direct(直击/开火)=0.119  弹数=185
  [评测进度] 60/100  kill(命中/开火)=0.260  direct(直击/开火)=0.112  弹数=223
  [评测进度] 70/100  kill(命中/开火)=0.261  direct(直击/开火)=0.115  弹数=253
  [评测进度] 80/100  kill(命中/开火)=0.278  direct(直击/开火)=0.120  弹数=291
  [评测进度] 90/100  kill(命中/开火)=0.287  direct(直击/开火)=0.125  弹数=321
  [评测进度] 100/100  kill(命中/开火)=0.291  direct(直击/开火)=0.124  弹数=354
------------------------------------------------------------
[评测] 阶段=stage2_linear  局数=100
  kill_rate(命中/开火) = 0.291  hit_rate(直击/开火) = 0.124  中位TTK = 600
  TTK口径     : 首直击步数；无直击=该局结束步数（评测步限封顶）
  晋级条件 直击/开火 hit_rate≥0.06  当前=0.124  → 指标达标
  附加门槛 : 需对手速度≥1.00（当前=1.00）
  转向阶梯中 : phase=3  rotate=-0.07  （此期间不晋级下一阶段，只按 hit_rate 下调转向）
  未晋级阶段：转向阶梯进行中（属预期）
------------------------------------------------------------
[进度] 37,634,048/100,000,000 (37.6%)  FPS≈1415  阶段=stage2_linear  速度=1.00  直行间隔=180  aim=0.100/lead  rotate=-0.07
[进度] 37,650,432/100,000,000 (37.7%)  FPS≈1373  阶段=stage2_linear  速度=1.00  直行间隔=180  aim=0.100/lead  rotate=-0.07
[进度] 37,666,816/100,000,000 (37.7%)  FPS≈1332  阶段=stage2_linear  速度=1.00  直行间隔=180  aim=0.100/lead  rotate=-0.07
[进度] 37,683,200/100,000,000 (37.7%)  FPS≈1247  阶段=stage2_linear  速度=1.00  直行间隔=180  aim=0.100/lead  rotate=-0.07
[进度] 37,699,584/100,000,000 (37.7%)  FPS≈1375  阶段=stage2_linear  速度=1.00  直行间隔=180  aim=0.100/lead  rotate=-0.07
[进度] 37,715,968/100,000,000 (37.7%)  FPS≈1370  阶段=stage2_linear  速度=1.00  直行间隔=180  aim=0.100/lead  rotate=-0.07
[进度] 37,732,352/100,000,000 (37.7%)  FPS≈1306  阶段=stage2_linear  速度=1.00  直行间隔=180  aim=0.100/lead  rotate=-0.07
[存盘] 课程元数据 model_t37732352_stage1_stage2_linear.curriculum.json  stage=stage2_linear  bot=linear v=1.00
[存盘] runs/curriculum_aim/20260922_225205/checkpoints/model_t37732352_stage1_stage2_linear.zip
[评测] 开始（100 局）…
  [评测进度] 10/100  kill(命中/开火)=0.222  direct(直击/开火)=0.111  弹数=36
  [评测进度] 20/100  kill(命中/开火)=0.217  direct(直击/开火)=0.101  弹数=69
  [评测进度] 30/100  kill(命中/开火)=0.212  direct(直击/开火)=0.106  弹数=104
  [评测进度] 40/100  kill(命中/开火)=0.220  direct(直击/开火)=0.113  弹数=141
  [评测进度] 50/100  kill(命中/开火)=0.220  direct(直击/开火)=0.107  弹数=177
  [评测进度] 60/100  kill(命中/开火)=0.249  direct(直击/开火)=0.110  弹数=209
  [评测进度] 70/100  kill(命中/开火)=0.260  direct(直击/开火)=0.107  弹数=242
  [评测进度] 80/100  kill(命中/开火)=0.260  direct(直击/开火)=0.119  弹数=269
  [评测进度] 90/100  kill(命中/开火)=0.266  direct(直击/开火)=0.121  弹数=305
  [评测进度] 100/100  kill(命中/开火)=0.265  direct(直击/开火)=0.124  弹数=340
------------------------------------------------------------
[评测] 阶段=stage2_linear  局数=100
  kill_rate(命中/开火) = 0.265  hit_rate(直击/开火) = 0.124  中位TTK = 600
  TTK口径     : 首直击步数；无直击=该局结束步数（评测步限封顶）
  晋级条件 直击/开火 hit_rate≥0.06  当前=0.124  → 指标达标
  附加门槛 : 需对手速度≥1.00（当前=1.00）
  转向阶梯中 : phase=3  rotate=-0.07  （此期间不晋级下一阶段，只按 hit_rate 下调转向）
  未晋级阶段：转向阶梯进行中（属预期）
------------------------------------------------------------
[进度] 37,748,736/100,000,000 (37.7%)  FPS≈1300  阶段=stage2_linear  速度=1.00  直行间隔=180  aim=0.100/lead  rotate=-0.07
[进度] 37,765,120/100,000,000 (37.8%)  FPS≈1399  阶段=stage2_linear  速度=1.00  直行间隔=180  aim=0.100/lead  rotate=-0.07
[进度] 37,781,504/100,000,000 (37.8%)  FPS≈1359  阶段=stage2_linear  速度=1.00  直行间隔=180  aim=0.100/lead  rotate=-0.07
[进度] 37,797,888/100,000,000 (37.8%)  FPS≈1526  阶段=stage2_linear  速度=1.00  直行间隔=180  aim=0.100/lead  rotate=-0.07
[进度] 37,814,272/100,000,000 (37.8%)  FPS≈1514  阶段=stage2_linear  速度=1.00  直行间隔=180  aim=0.100/lead  rotate=-0.07
[进度] 37,830,656/100,000,000 (37.8%)  FPS≈1229  阶段=stage2_linear  速度=1.00  直行间隔=180  aim=0.100/lead  rotate=-0.07
[进度] 37,847,040/100,000,000 (37.8%)  FPS≈1333  阶段=stage2_linear  速度=1.00  直行间隔=180  aim=0.100/lead  rotate=-0.07
[存盘] 课程元数据 model_t37847040_stage1_stage2_linear.curriculum.json  stage=stage2_linear  bot=linear v=1.00
[存盘] runs/curriculum_aim/20260922_225205/checkpoints/model_t37847040_stage1_stage2_linear.zip
[评测] 开始（100 局）…
  [评测进度] 10/100  kill(命中/开火)=0.242  direct(直击/开火)=0.030  弹数=33
  [评测进度] 20/100  kill(命中/开火)=0.310  direct(直击/开火)=0.085  弹数=71
  [评测进度] 30/100  kill(命中/开火)=0.245  direct(直击/开火)=0.075  弹数=106
  [评测进度] 40/100  kill(命中/开火)=0.255  direct(直击/开火)=0.095  弹数=137
  [评测进度] 50/100  kill(命中/开火)=0.243  direct(直击/开火)=0.077  弹数=169
  [评测进度] 60/100  kill(命中/开火)=0.244  direct(直击/开火)=0.083  弹数=205
  [评测进度] 70/100  kill(命中/开火)=0.234  direct(直击/开火)=0.086  弹数=244
  [评测进度] 80/100  kill(命中/开火)=0.246  direct(直击/开火)=0.091  弹数=276
  [评测进度] 90/100  kill(命中/开火)=0.249  direct(直击/开火)=0.104  弹数=309
  [评测进度] 100/100  kill(命中/开火)=0.255  direct(直击/开火)=0.110  弹数=345
------------------------------------------------------------
[评测] 阶段=stage2_linear  局数=100
  kill_rate(命中/开火) = 0.255  hit_rate(直击/开火) = 0.110  中位TTK = 600
  TTK口径     : 首直击步数；无直击=该局结束步数（评测步限封顶）
  晋级条件 直击/开火 hit_rate≥0.06  当前=0.110  → 指标达标
  附加门槛 : 需对手速度≥1.00（当前=1.00）
  转向阶梯中 : phase=3  rotate=-0.07  （此期间不晋级下一阶段，只按 hit_rate 下调转向）
  未晋级阶段：转向阶梯进行中（属预期）
------------------------------------------------------------
[进度] 37,863,424/100,000,000 (37.9%)  FPS≈1487  阶段=stage2_linear  速度=1.00  直行间隔=180  aim=0.100/lead  rotate=-0.07
[进度] 37,879,808/100,000,000 (37.9%)  FPS≈1394  阶段=stage2_linear  速度=1.00  直行间隔=180  aim=0.100/lead  rotate=-0.07
[进度] 37,896,192/100,000,000 (37.9%)  FPS≈1301  阶段=stage2_linear  速度=1.00  直行间隔=180  aim=0.100/lead  rotate=-0.07
[进度] 37,912,576/100,000,000 (37.9%)  FPS≈1343  阶段=stage2_linear  速度=1.00  直行间隔=180  aim=0.100/lead  rotate=-0.07
[进度] 37,928,960/100,000,000 (37.9%)  FPS≈1467  阶段=stage2_linear  速度=1.00  直行间隔=180  aim=0.100/lead  rotate=-0.07
[进度] 37,945,344/100,000,000 (37.9%)  FPS≈1292  阶段=stage2_linear  速度=1.00  直行间隔=180  aim=0.100/lead  rotate=-0.07
[进度] 37,961,728/100,000,000 (38.0%)  FPS≈1291  阶段=stage2_linear  速度=1.00  直行间隔=180  aim=0.100/lead  rotate=-0.07
[存盘] 课程元数据 model_t37961728_stage1_stage2_linear.curriculum.json  stage=stage2_linear  bot=linear v=1.00
[存盘] runs/curriculum_aim/20260922_225205/checkpoints/model_t37961728_stage1_stage2_linear.zip
[评测] 开始（100 局）…
  [评测进度] 10/100  kill(命中/开火)=0.176  direct(直击/开火)=0.059  弹数=34
  [评测进度] 20/100  kill(命中/开火)=0.232  direct(直击/开火)=0.058  弹数=69
  [评测进度] 30/100  kill(命中/开火)=0.235  direct(直击/开火)=0.069  弹数=102
  [评测进度] 40/100  kill(命中/开火)=0.215  direct(直击/开火)=0.067  弹数=135
  [评测进度] 50/100  kill(命中/开火)=0.271  direct(直击/开火)=0.066  弹数=166
  [评测进度] 60/100  kill(命中/开火)=0.263  direct(直击/开火)=0.073  弹数=205
  [评测进度] 70/100  kill(命中/开火)=0.268  direct(直击/开火)=0.079  弹数=239
  [评测进度] 80/100  kill(命中/开火)=0.281  direct(直击/开火)=0.079  弹数=267
  [评测进度] 90/100  kill(命中/开火)=0.281  direct(直击/开火)=0.080  弹数=299
  [评测进度] 100/100  kill(命中/开火)=0.292  direct(直击/开火)=0.089  弹数=325
------------------------------------------------------------
[评测] 阶段=stage2_linear  局数=100
  kill_rate(命中/开火) = 0.292  hit_rate(直击/开火) = 0.089  中位TTK = 600
  TTK口径     : 首直击步数；无直击=该局结束步数（评测步限封顶）
  晋级条件 直击/开火 hit_rate≥0.06  当前=0.089  → 指标达标
  附加门槛 : 需对手速度≥1.00（当前=1.00）
  转向阶梯中 : phase=3  rotate=-0.07  （此期间不晋级下一阶段，只按 hit_rate 下调转向）
  未晋级阶段：转向阶梯进行中（属预期）
------------------------------------------------------------
[进度] 37,978,112/100,000,000 (38.0%)  FPS≈1380  阶段=stage2_linear  速度=1.00  直行间隔=180  aim=0.100/lead  rotate=-0.07
[进度] 37,994,496/100,000,000 (38.0%)  FPS≈1340  阶段=stage2_linear  速度=1.00  直行间隔=180  aim=0.100/lead  rotate=-0.07
[进度] 38,010,880/100,000,000 (38.0%)  FPS≈1322  阶段=stage2_linear  速度=1.00  直行间隔=180  aim=0.100/lead  rotate=-0.07
[进度] 38,027,264/100,000,000 (38.0%)  FPS≈1398  阶段=stage2_linear  速度=1.00  直行间隔=180  aim=0.100/lead  rotate=-0.07
[进度] 38,043,648/100,000,000 (38.0%)  FPS≈1345  阶段=stage2_linear  速度=1.00  直行间隔=180  aim=0.100/lead  rotate=-0.07
[进度] 38,060,032/100,000,000 (38.1%)  FPS≈1284  阶段=stage2_linear  速度=1.00  直行间隔=180  aim=0.100/lead  rotate=-0.07
[进度] 38,076,416/100,000,000 (38.1%)  FPS≈1344  阶段=stage2_linear  速度=1.00  直行间隔=180  aim=0.100/lead  rotate=-0.07
[存盘] 课程元数据 model_t38076416_stage1_stage2_linear.curriculum.json  stage=stage2_linear  bot=linear v=1.00
[存盘] runs/curriculum_aim/20260922_225205/checkpoints/model_t38076416_stage1_stage2_linear.zip
[评测] 开始（100 局）…
  [评测进度] 10/100  kill(命中/开火)=0.407  direct(直击/开火)=0.222  弹数=27
  [评测进度] 20/100  kill(命中/开火)=0.345  direct(直击/开火)=0.138  弹数=58
  [评测进度] 30/100  kill(命中/开火)=0.353  direct(直击/开火)=0.153  弹数=85
  [评测进度] 40/100  kill(命中/开火)=0.306  direct(直击/开火)=0.140  弹数=121
  [评测进度] 50/100  kill(命中/开火)=0.281  direct(直击/开火)=0.119  弹数=160
  [评测进度] 60/100  kill(命中/开火)=0.259  direct(直击/开火)=0.104  弹数=201
  [评测进度] 70/100  kill(命中/开火)=0.270  direct(直击/开火)=0.122  弹数=230
  [评测进度] 80/100  kill(命中/开火)=0.270  direct(直击/开火)=0.118  弹数=263
  [评测进度] 90/100  kill(命中/开火)=0.277  direct(直击/开火)=0.119  弹数=285
  [评测进度] 100/100  kill(命中/开火)=0.273  direct(直击/开火)=0.116  弹数=319
------------------------------------------------------------
[评测] 阶段=stage2_linear  局数=100
  kill_rate(命中/开火) = 0.273  hit_rate(直击/开火) = 0.116  中位TTK = 600
  TTK口径     : 首直击步数；无直击=该局结束步数（评测步限封顶）
  晋级条件 直击/开火 hit_rate≥0.06  当前=0.116  → 指标达标
  附加门槛 : 需对手速度≥1.00（当前=1.00）
  转向阶梯中 : phase=3  rotate=-0.07  （此期间不晋级下一阶段，只按 hit_rate 下调转向）
  未晋级阶段：转向阶梯进行中（属预期）
------------------------------------------------------------
[进度] 38,092,800/100,000,000 (38.1%)  FPS≈1427  阶段=stage2_linear  速度=1.00  直行间隔=180  aim=0.100/lead  rotate=-0.07
[进度] 38,109,184/100,000,000 (38.1%)  FPS≈1518  阶段=stage2_linear  速度=1.00  直行间隔=180  aim=0.100/lead  rotate=-0.07
[进度] 38,125,568/100,000,000 (38.1%)  FPS≈1549  阶段=stage2_linear  速度=1.00  直行间隔=180  aim=0.100/lead  rotate=-0.07
[进度] 38,141,952/100,000,000 (38.1%)  FPS≈1419  阶段=stage2_linear  速度=1.00  直行间隔=180  aim=0.100/lead  rotate=-0.07
[进度] 38,158,336/100,000,000 (38.2%)  FPS≈1349  阶段=stage2_linear  速度=1.00  直行间隔=180  aim=0.100/lead  rotate=-0.07
[进度] 38,174,720/100,000,000 (38.2%)  FPS≈1382  阶段=stage2_linear  速度=1.00  直行间隔=180  aim=0.100/lead  rotate=-0.07
[进度] 38,191,104/100,000,000 (38.2%)  FPS≈1434  阶段=stage2_linear  速度=1.00  直行间隔=180  aim=0.100/lead  rotate=-0.07
[存盘] 课程元数据 model_t38191104_stage1_stage2_linear.curriculum.json  stage=stage2_linear  bot=linear v=1.00
[存盘] runs/curriculum_aim/20260922_225205/checkpoints/model_t38191104_stage1_stage2_linear.zip
[评测] 开始（100 局）…
  [评测进度] 10/100  kill(命中/开火)=0.205  direct(直击/开火)=0.026  弹数=39
  [评测进度] 20/100  kill(命中/开火)=0.304  direct(直击/开火)=0.072  弹数=69
  [评测进度] 30/100  kill(命中/开火)=0.320  direct(直击/开火)=0.090  弹数=100
  [评测进度] 40/100  kill(命中/开火)=0.308  direct(直击/开火)=0.105  弹数=133
  [评测进度] 50/100  kill(命中/开火)=0.314  direct(直击/开火)=0.113  弹数=159
  [评测进度] 60/100  kill(命中/开火)=0.308  direct(直击/开火)=0.113  弹数=195
  [评测进度] 70/100  kill(命中/开火)=0.293  direct(直击/开火)=0.116  弹数=225
  [评测进度] 80/100  kill(命中/开火)=0.285  direct(直击/开火)=0.112  弹数=260
  [评测进度] 90/100  kill(命中/开火)=0.281  direct(直击/开火)=0.108  弹数=295
  [评测进度] 100/100  kill(命中/开火)=0.296  direct(直击/开火)=0.125  弹数=321
------------------------------------------------------------
[评测] 阶段=stage2_linear  局数=100
  kill_rate(命中/开火) = 0.296  hit_rate(直击/开火) = 0.125  中位TTK = 600
  TTK口径     : 首直击步数；无直击=该局结束步数（评测步限封顶）
  晋级条件 直击/开火 hit_rate≥0.06  当前=0.125  → 指标达标
  附加门槛 : 需对手速度≥1.00（当前=1.00）
  转向阶梯中 : phase=3  rotate=-0.07  （此期间不晋级下一阶段，只按 hit_rate 下调转向）
  未晋级阶段：转向阶梯进行中（属预期）
------------------------------------------------------------
[进度] 38,207,488/100,000,000 (38.2%)  FPS≈1330  阶段=stage2_linear  速度=1.00  直行间隔=180  aim=0.100/lead  rotate=-0.07
[进度] 38,223,872/100,000,000 (38.2%)  FPS≈1462  阶段=stage2_linear  速度=1.00  直行间隔=180  aim=0.100/lead  rotate=-0.07
[进度] 38,240,256/100,000,000 (38.2%)  FPS≈1390  阶段=stage2_linear  速度=1.00  直行间隔=180  aim=0.100/lead  rotate=-0.07
[进度] 38,256,640/100,000,000 (38.3%)  FPS≈1440  阶段=stage2_linear  速度=1.00  直行间隔=180  aim=0.100/lead  rotate=-0.07
[进度] 38,273,024/100,000,000 (38.3%)  FPS≈1493  阶段=stage2_linear  速度=1.00  直行间隔=180  aim=0.100/lead  rotate=-0.07
[进度] 38,289,408/100,000,000 (38.3%)  FPS≈1269  阶段=stage2_linear  速度=1.00  直行间隔=180  aim=0.100/lead  rotate=-0.07
[进度] 38,305,792/100,000,000 (38.3%)  FPS≈1205  阶段=stage2_linear  速度=1.00  直行间隔=180  aim=0.100/lead  rotate=-0.07
[存盘] 课程元数据 model_t38305792_stage1_stage2_linear.curriculum.json  stage=stage2_linear  bot=linear v=1.00
[存盘] runs/curriculum_aim/20260922_225205/checkpoints/model_t38305792_stage1_stage2_linear.zip
[评测] 开始（100 局）…
  [评测进度] 10/100  kill(命中/开火)=0.375  direct(直击/开火)=0.188  弹数=32
  [评测进度] 20/100  kill(命中/开火)=0.379  direct(直击/开火)=0.197  弹数=66
  [评测进度] 30/100  kill(命中/开火)=0.354  direct(直击/开火)=0.172  弹数=99
  [评测进度] 40/100  kill(命中/开火)=0.303  direct(直击/开火)=0.148  弹数=142
  [评测进度] 50/100  kill(命中/开火)=0.306  direct(直击/开火)=0.137  弹数=183
  [评测进度] 60/100  kill(命中/开火)=0.303  direct(直击/开火)=0.128  弹数=218
  [评测进度] 70/100  kill(命中/开火)=0.302  direct(直击/开火)=0.125  弹数=255
  [评测进度] 80/100  kill(命中/开火)=0.285  direct(直击/开火)=0.111  弹数=305
  [评测进度] 90/100  kill(命中/开火)=0.289  direct(直击/开火)=0.119  弹数=329
  [评测进度] 100/100  kill(命中/开火)=0.294  direct(直击/开火)=0.121  弹数=364
------------------------------------------------------------
[评测] 阶段=stage2_linear  局数=100
  kill_rate(命中/开火) = 0.294  hit_rate(直击/开火) = 0.121  中位TTK = 600
  TTK口径     : 首直击步数；无直击=该局结束步数（评测步限封顶）
  晋级条件 直击/开火 hit_rate≥0.06  当前=0.121  → 指标达标
  附加门槛 : 需对手速度≥1.00（当前=1.00）
  转向阶梯中 : phase=3  rotate=-0.07  （此期间不晋级下一阶段，只按 hit_rate 下调转向）
  未晋级阶段：转向阶梯进行中（属预期）
------------------------------------------------------------
[进度] 38,322,176/100,000,000 (38.3%)  FPS≈1435  阶段=stage2_linear  速度=1.00  直行间隔=180  aim=0.100/lead  rotate=-0.07
[进度] 38,338,560/100,000,000 (38.3%)  FPS≈1319  阶段=stage2_linear  速度=1.00  直行间隔=180  aim=0.100/lead  rotate=-0.07
[进度] 38,354,944/100,000,000 (38.4%)  FPS≈1479  阶段=stage2_linear  速度=1.00  直行间隔=180  aim=0.100/lead  rotate=-0.07
[进度] 38,371,328/100,000,000 (38.4%)  FPS≈1466  阶段=stage2_linear  速度=1.00  直行间隔=180  aim=0.100/lead  rotate=-0.07
[进度] 38,387,712/100,000,000 (38.4%)  FPS≈1333  阶段=stage2_linear  速度=1.00  直行间隔=180  aim=0.100/lead  rotate=-0.07
[进度] 38,404,096/100,000,000 (38.4%)  FPS≈1349  阶段=stage2_linear  速度=1.00  直行间隔=180  aim=0.100/lead  rotate=-0.07
[进度] 38,420,480/100,000,000 (38.4%)  FPS≈1270  阶段=stage2_linear  速度=1.00  直行间隔=180  aim=0.100/lead  rotate=-0.07
[存盘] 课程元数据 model_t38420480_stage1_stage2_linear.curriculum.json  stage=stage2_linear  bot=linear v=1.00
[存盘] runs/curriculum_aim/20260922_225205/checkpoints/model_t38420480_stage1_stage2_linear.zip
[评测] 开始（100 局）…
  [评测进度] 10/100  kill(命中/开火)=0.406  direct(直击/开火)=0.156  弹数=32
  [评测进度] 20/100  kill(命中/开火)=0.348  direct(直击/开火)=0.106  弹数=66
  [评测进度] 30/100  kill(命中/开火)=0.343  direct(直击/开火)=0.102  弹数=108
  [评测进度] 40/100  kill(命中/开火)=0.321  direct(直击/开火)=0.102  弹数=137
  [评测进度] 50/100  kill(命中/开火)=0.331  direct(直击/开火)=0.105  弹数=172
  [评测进度] 60/100  kill(命中/开火)=0.314  direct(直击/开火)=0.111  弹数=207
  [评测进度] 70/100  kill(命中/开火)=0.305  direct(直击/开火)=0.115  弹数=243
  [评测进度] 80/100  kill(命中/开火)=0.301  direct(直击/开火)=0.115  弹数=279
  [评测进度] 90/100  kill(命中/开火)=0.307  direct(直击/开火)=0.117  弹数=316
  [评测进度] 100/100  kill(命中/开火)=0.308  direct(直击/开火)=0.117  弹数=351
------------------------------------------------------------
[评测] 阶段=stage2_linear  局数=100
  kill_rate(命中/开火) = 0.308  hit_rate(直击/开火) = 0.117  中位TTK = 600
  TTK口径     : 首直击步数；无直击=该局结束步数（评测步限封顶）
  晋级条件 直击/开火 hit_rate≥0.06  当前=0.117  → 指标达标
  附加门槛 : 需对手速度≥1.00（当前=1.00）
  转向阶梯中 : phase=3  rotate=-0.07  （此期间不晋级下一阶段，只按 hit_rate 下调转向）
  未晋级阶段：转向阶梯进行中（属预期）
------------------------------------------------------------
[进度] 38,436,864/100,000,000 (38.4%)  FPS≈1468  阶段=stage2_linear  速度=1.00  直行间隔=180  aim=0.100/lead  rotate=-0.07
[进度] 38,453,248/100,000,000 (38.5%)  FPS≈1483  阶段=stage2_linear  速度=1.00  直行间隔=180  aim=0.100/lead  rotate=-0.07
[进度] 38,469,632/100,000,000 (38.5%)  FPS≈1451  阶段=stage2_linear  速度=1.00  直行间隔=180  aim=0.100/lead  rotate=-0.07
[进度] 38,486,016/100,000,000 (38.5%)  FPS≈1364  阶段=stage2_linear  速度=1.00  直行间隔=180  aim=0.100/lead  rotate=-0.07
[进度] 38,502,400/100,000,000 (38.5%)  FPS≈1296  阶段=stage2_linear  速度=1.00  直行间隔=180  aim=0.100/lead  rotate=-0.07
[进度] 38,518,784/100,000,000 (38.5%)  FPS≈1383  阶段=stage2_linear  速度=1.00  直行间隔=180  aim=0.100/lead  rotate=-0.07
[进度] 38,535,168/100,000,000 (38.5%)  FPS≈1506  阶段=stage2_linear  速度=1.00  直行间隔=180  aim=0.100/lead  rotate=-0.07
[存盘] 课程元数据 model_t38535168_stage1_stage2_linear.curriculum.json  stage=stage2_linear  bot=linear v=1.00
[存盘] runs/curriculum_aim/20260922_225205/checkpoints/model_t38535168_stage1_stage2_linear.zip
[评测] 开始（100 局）…
  [评测进度] 10/100  kill(命中/开火)=0.275  direct(直击/开火)=0.100  弹数=40
  [评测进度] 20/100  kill(命中/开火)=0.265  direct(直击/开火)=0.103  弹数=68
  [评测进度] 30/100  kill(命中/开火)=0.253  direct(直击/开火)=0.121  弹数=99
  [评测进度] 40/100  kill(命中/开火)=0.278  direct(直击/开火)=0.097  弹数=144
  [评测进度] 50/100  kill(命中/开火)=0.298  direct(直击/开火)=0.105  弹数=171
  [评测进度] 60/100  kill(命中/开火)=0.289  direct(直击/开火)=0.113  弹数=204
  [评测进度] 70/100  kill(命中/开火)=0.287  direct(直击/开火)=0.114  弹数=237
  [评测进度] 80/100  kill(命中/开火)=0.288  direct(直击/开火)=0.101  弹数=278
  [评测进度] 90/100  kill(命中/开火)=0.305  direct(直击/开火)=0.116  弹数=311
  [评测进度] 100/100  kill(命中/开火)=0.306  direct(直击/开火)=0.117  弹数=343
------------------------------------------------------------
[评测] 阶段=stage2_linear  局数=100
  kill_rate(命中/开火) = 0.306  hit_rate(直击/开火) = 0.117  中位TTK = 600
  TTK口径     : 首直击步数；无直击=该局结束步数（评测步限封顶）
  晋级条件 直击/开火 hit_rate≥0.06  当前=0.117  → 指标达标
  附加门槛 : 需对手速度≥1.00（当前=1.00）
  转向阶梯中 : phase=3  rotate=-0.07  （此期间不晋级下一阶段，只按 hit_rate 下调转向）
  未晋级阶段：转向阶梯进行中（属预期）
------------------------------------------------------------
[进度] 38,551,552/100,000,000 (38.6%)  FPS≈1539  阶段=stage2_linear  速度=1.00  直行间隔=180  aim=0.100/lead  rotate=-0.07
[进度] 38,567,936/100,000,000 (38.6%)  FPS≈1494  阶段=stage2_linear  速度=1.00  直行间隔=180  aim=0.100/lead  rotate=-0.07
[进度] 38,584,320/100,000,000 (38.6%)  FPS≈1317  阶段=stage2_linear  速度=1.00  直行间隔=180  aim=0.100/lead  rotate=-0.07
[进度] 38,600,704/100,000,000 (38.6%)  FPS≈1308  阶段=stage2_linear  速度=1.00  直行间隔=180  aim=0.100/lead  rotate=-0.07
[进度] 38,617,088/100,000,000 (38.6%)  FPS≈1414  阶段=stage2_linear  速度=1.00  直行间隔=180  aim=0.100/lead  rotate=-0.07
[进度] 38,633,472/100,000,000 (38.6%)  FPS≈1343  阶段=stage2_linear  速度=1.00  直行间隔=180  aim=0.100/lead  rotate=-0.07
[进度] 38,649,856/100,000,000 (38.6%)  FPS≈1490  阶段=stage2_linear  速度=1.00  直行间隔=180  aim=0.100/lead  rotate=-0.07
[存盘] 课程元数据 model_t38649856_stage1_stage2_linear.curriculum.json  stage=stage2_linear  bot=linear v=1.00
[存盘] runs/curriculum_aim/20260922_225205/checkpoints/model_t38649856_stage1_stage2_linear.zip
[评测] 开始（100 局）…
  [评测进度] 10/100  kill(命中/开火)=0.242  direct(直击/开火)=0.091  弹数=33
  [评测进度] 20/100  kill(命中/开火)=0.229  direct(直击/开火)=0.071  弹数=70
  [评测进度] 30/100  kill(命中/开火)=0.238  direct(直击/开火)=0.057  弹数=105
  [评测进度] 40/100  kill(命中/开火)=0.241  direct(直击/开火)=0.058  弹数=137
  [评测进度] 50/100  kill(命中/开火)=0.272  direct(直击/开火)=0.074  弹数=162
  [评测进度] 60/100  kill(命中/开火)=0.275  direct(直击/开火)=0.075  弹数=200
  [评测进度] 70/100  kill(命中/开火)=0.273  direct(直击/开火)=0.082  弹数=231
  [评测进度] 80/100  kill(命中/开火)=0.266  direct(直击/开火)=0.089  弹数=259
  [评测进度] 90/100  kill(命中/开火)=0.264  direct(直击/开火)=0.094  弹数=288
  [评测进度] 100/100  kill(命中/开火)=0.258  direct(直击/开火)=0.089  弹数=325
------------------------------------------------------------
[评测] 阶段=stage2_linear  局数=100
  kill_rate(命中/开火) = 0.258  hit_rate(直击/开火) = 0.089  中位TTK = 600
  TTK口径     : 首直击步数；无直击=该局结束步数（评测步限封顶）
  晋级条件 直击/开火 hit_rate≥0.06  当前=0.089  → 指标达标
  附加门槛 : 需对手速度≥1.00（当前=1.00）
  转向阶梯中 : phase=3  rotate=-0.07  （此期间不晋级下一阶段，只按 hit_rate 下调转向）
  未晋级阶段：转向阶梯进行中（属预期）
------------------------------------------------------------
[进度] 38,666,240/100,000,000 (38.7%)  FPS≈1445  阶段=stage2_linear  速度=1.00  直行间隔=180  aim=0.100/lead  rotate=-0.07
[进度] 38,682,624/100,000,000 (38.7%)  FPS≈1335  阶段=stage2_linear  速度=1.00  直行间隔=180  aim=0.100/lead  rotate=-0.07
[进度] 38,699,008/100,000,000 (38.7%)  FPS≈1424  阶段=stage2_linear  速度=1.00  直行间隔=180  aim=0.100/lead  rotate=-0.07
[进度] 38,715,392/100,000,000 (38.7%)  FPS≈1473  阶段=stage2_linear  速度=1.00  直行间隔=180  aim=0.100/lead  rotate=-0.07
[进度] 38,731,776/100,000,000 (38.7%)  FPS≈1450  阶段=stage2_linear  速度=1.00  直行间隔=180  aim=0.100/lead  rotate=-0.07
[进度] 38,748,160/100,000,000 (38.7%)  FPS≈1322  阶段=stage2_linear  速度=1.00  直行间隔=180  aim=0.100/lead  rotate=-0.07
[进度] 38,764,544/100,000,000 (38.8%)  FPS≈1253  阶段=stage2_linear  速度=1.00  直行间隔=180  aim=0.100/lead  rotate=-0.07
[存盘] 课程元数据 model_t38764544_stage1_stage2_linear.curriculum.json  stage=stage2_linear  bot=linear v=1.00
[存盘] runs/curriculum_aim/20260922_225205/checkpoints/model_t38764544_stage1_stage2_linear.zip
[评测] 开始（100 局）…
  [评测进度] 10/100  kill(命中/开火)=0.229  direct(直击/开火)=0.143  弹数=35
  [评测进度] 20/100  kill(命中/开火)=0.323  direct(直击/开火)=0.169  弹数=65
  [评测进度] 30/100  kill(命中/开火)=0.304  direct(直击/开火)=0.147  弹数=102
  [评测进度] 40/100  kill(命中/开火)=0.306  direct(直击/开火)=0.157  弹数=134
  [评测进度] 50/100  kill(命中/开火)=0.283  direct(直击/开火)=0.133  弹数=166
  [评测进度] 60/100  kill(命中/开火)=0.299  direct(直击/开火)=0.142  弹数=197
  [评测进度] 70/100  kill(命中/开火)=0.304  direct(直击/开火)=0.145  弹数=227
  [评测进度] 80/100  kill(命中/开火)=0.299  direct(直击/开火)=0.142  弹数=261
  [评测进度] 90/100  kill(命中/开火)=0.299  direct(直击/开火)=0.139  弹数=288
  [评测进度] 100/100  kill(命中/开火)=0.304  direct(直击/开火)=0.144  弹数=313
------------------------------------------------------------
[评测] 阶段=stage2_linear  局数=100
  kill_rate(命中/开火) = 0.304  hit_rate(直击/开火) = 0.144  中位TTK = 600
  TTK口径     : 首直击步数；无直击=该局结束步数（评测步限封顶）
  晋级条件 直击/开火 hit_rate≥0.06  当前=0.144  → 指标达标
  附加门槛 : 需对手速度≥1.00（当前=1.00）
  转向阶梯中 : phase=3  rotate=-0.07  （此期间不晋级下一阶段，只按 hit_rate 下调转向）
  未晋级阶段：转向阶梯进行中（属预期）
------------------------------------------------------------
[进度] 38,780,928/100,000,000 (38.8%)  FPS≈1306  阶段=stage2_linear  速度=1.00  直行间隔=180  aim=0.100/lead  rotate=-0.07
[进度] 38,797,312/100,000,000 (38.8%)  FPS≈1263  阶段=stage2_linear  速度=1.00  直行间隔=180  aim=0.100/lead  rotate=-0.07
[进度] 38,813,696/100,000,000 (38.8%)  FPS≈1264  阶段=stage2_linear  速度=1.00  直行间隔=180  aim=0.100/lead  rotate=-0.07
[进度] 38,830,080/100,000,000 (38.8%)  FPS≈1402  阶段=stage2_linear  速度=1.00  直行间隔=180  aim=0.100/lead  rotate=-0.07
[进度] 38,846,464/100,000,000 (38.8%)  FPS≈1404  阶段=stage2_linear  速度=1.00  直行间隔=180  aim=0.100/lead  rotate=-0.07
[进度] 38,862,848/100,000,000 (38.9%)  FPS≈1421  阶段=stage2_linear  速度=1.00  直行间隔=180  aim=0.100/lead  rotate=-0.07
[进度] 38,879,232/100,000,000 (38.9%)  FPS≈1395  阶段=stage2_linear  速度=1.00  直行间隔=180  aim=0.100/lead  rotate=-0.07
[存盘] 课程元数据 model_t38879232_stage1_stage2_linear.curriculum.json  stage=stage2_linear  bot=linear v=1.00
[存盘] runs/curriculum_aim/20260922_225205/checkpoints/model_t38879232_stage1_stage2_linear.zip
[评测] 开始（100 局）…
  [评测进度] 10/100  kill(命中/开火)=0.393  direct(直击/开火)=0.107  弹数=28
  [评测进度] 20/100  kill(命中/开火)=0.426  direct(直击/开火)=0.148  弹数=54
  [评测进度] 30/100  kill(命中/开火)=0.371  direct(直击/开火)=0.134  弹数=97
  [评测进度] 40/100  kill(命中/开火)=0.341  direct(直击/开火)=0.140  弹数=129
  [评测进度] 50/100  kill(命中/开火)=0.321  direct(直击/开火)=0.130  弹数=162
  [评测进度] 60/100  kill(命中/开火)=0.332  direct(直击/开火)=0.128  弹数=196
  [评测进度] 70/100  kill(命中/开火)=0.311  direct(直击/开火)=0.116  弹数=241
  [评测进度] 80/100  kill(命中/开火)=0.293  direct(直击/开火)=0.112  弹数=276
  [评测进度] 90/100  kill(命中/开火)=0.294  direct(直击/开火)=0.109  弹数=313
  [评测进度] 100/100  kill(命中/开火)=0.300  direct(直击/开火)=0.108  弹数=353
------------------------------------------------------------
[评测] 阶段=stage2_linear  局数=100
  kill_rate(命中/开火) = 0.300  hit_rate(直击/开火) = 0.108  中位TTK = 600
  TTK口径     : 首直击步数；无直击=该局结束步数（评测步限封顶）
  晋级条件 直击/开火 hit_rate≥0.06  当前=0.108  → 指标达标
  附加门槛 : 需对手速度≥1.00（当前=1.00）
  转向阶梯中 : phase=3  rotate=-0.07  （此期间不晋级下一阶段，只按 hit_rate 下调转向）
  未晋级阶段：转向阶梯进行中（属预期）
------------------------------------------------------------
[进度] 38,895,616/100,000,000 (38.9%)  FPS≈1504  阶段=stage2_linear  速度=1.00  直行间隔=180  aim=0.100/lead  rotate=-0.07
[进度] 38,912,000/100,000,000 (38.9%)  FPS≈1397  阶段=stage2_linear  速度=1.00  直行间隔=180  aim=0.100/lead  rotate=-0.07
[进度] 38,928,384/100,000,000 (38.9%)  FPS≈1335  阶段=stage2_linear  速度=1.00  直行间隔=180  aim=0.100/lead  rotate=-0.07
[进度] 38,944,768/100,000,000 (38.9%)  FPS≈1409  阶段=stage2_linear  速度=1.00  直行间隔=180  aim=0.100/lead  rotate=-0.07
[进度] 38,961,152/100,000,000 (39.0%)  FPS≈1452  阶段=stage2_linear  速度=1.00  直行间隔=180  aim=0.100/lead  rotate=-0.07
[进度] 38,977,536/100,000,000 (39.0%)  FPS≈1273  阶段=stage2_linear  速度=1.00  直行间隔=180  aim=0.100/lead  rotate=-0.07
[进度] 38,993,920/100,000,000 (39.0%)  FPS≈1423  阶段=stage2_linear  速度=1.00  直行间隔=180  aim=0.100/lead  rotate=-0.07
[存盘] 课程元数据 model_t38993920_stage1_stage2_linear.curriculum.json  stage=stage2_linear  bot=linear v=1.00
[存盘] runs/curriculum_aim/20260922_225205/checkpoints/model_t38993920_stage1_stage2_linear.zip
[评测] 开始（100 局）…
  [评测进度] 10/100  kill(命中/开火)=0.225  direct(直击/开火)=0.125  弹数=40
  [评测进度] 20/100  kill(命中/开火)=0.177  direct(直击/开火)=0.076  弹数=79
  [评测进度] 30/100  kill(命中/开火)=0.168  direct(直击/开火)=0.056  弹数=125
  [评测进度] 40/100  kill(命中/开火)=0.182  direct(直击/开火)=0.075  弹数=159
  [评测进度] 50/100  kill(命中/开火)=0.206  direct(直击/开火)=0.088  弹数=194
  [评测进度] 60/100  kill(命中/开火)=0.220  direct(直击/开火)=0.106  弹数=227
  [评测进度] 70/100  kill(命中/开火)=0.243  direct(直击/开火)=0.101  弹数=268
  [评测进度] 80/100  kill(命中/开火)=0.228  direct(直击/开火)=0.090  弹数=312
  [评测进度] 90/100  kill(命中/开火)=0.236  direct(直击/开火)=0.095  弹数=348
  [评测进度] 100/100  kill(命中/开火)=0.240  direct(直击/开火)=0.106  弹数=379
------------------------------------------------------------
[评测] 阶段=stage2_linear  局数=100
  kill_rate(命中/开火) = 0.240  hit_rate(直击/开火) = 0.106  中位TTK = 600
  TTK口径     : 首直击步数；无直击=该局结束步数（评测步限封顶）
  晋级条件 直击/开火 hit_rate≥0.06  当前=0.106  → 指标达标
  附加门槛 : 需对手速度≥1.00（当前=1.00）
  转向阶梯中 : phase=3  rotate=-0.07  （此期间不晋级下一阶段，只按 hit_rate 下调转向）
  未晋级阶段：转向阶梯进行中（属预期）
------------------------------------------------------------
[进度] 39,010,304/100,000,000 (39.0%)  FPS≈1383  阶段=stage2_linear  速度=1.00  直行间隔=180  aim=0.100/lead  rotate=-0.07
[进度] 39,026,688/100,000,000 (39.0%)  FPS≈1362  阶段=stage2_linear  速度=1.00  直行间隔=180  aim=0.100/lead  rotate=-0.07
[进度] 39,043,072/100,000,000 (39.0%)  FPS≈1434  阶段=stage2_linear  速度=1.00  直行间隔=180  aim=0.100/lead  rotate=-0.07
[进度] 39,059,456/100,000,000 (39.1%)  FPS≈1454  阶段=stage2_linear  速度=1.00  直行间隔=180  aim=0.100/lead  rotate=-0.07
[进度] 39,075,840/100,000,000 (39.1%)  FPS≈1269  阶段=stage2_linear  速度=1.00  直行间隔=180  aim=0.100/lead  rotate=-0.07
[进度] 39,092,224/100,000,000 (39.1%)  FPS≈1436  阶段=stage2_linear  速度=1.00  直行间隔=180  aim=0.100/lead  rotate=-0.07
[进度] 39,108,608/100,000,000 (39.1%)  FPS≈1452  阶段=stage2_linear  速度=1.00  直行间隔=180  aim=0.100/lead  rotate=-0.07
[存盘] 课程元数据 model_t39108608_stage1_stage2_linear.curriculum.json  stage=stage2_linear  bot=linear v=1.00
[存盘] runs/curriculum_aim/20260922_225205/checkpoints/model_t39108608_stage1_stage2_linear.zip
[评测] 开始（100 局）…
  [评测进度] 10/100  kill(命中/开火)=0.333  direct(直击/开火)=0.182  弹数=33
  [评测进度] 20/100  kill(命中/开火)=0.368  direct(直击/开火)=0.263  弹数=57
  [评测进度] 30/100  kill(命中/开火)=0.363  direct(直击/开火)=0.187  弹数=91
  [评测进度] 40/100  kill(命中/开火)=0.333  direct(直击/开火)=0.175  弹数=126
  [评测进度] 50/100  kill(命中/开火)=0.301  direct(直击/开火)=0.157  弹数=166
  [评测进度] 60/100  kill(命中/开火)=0.289  direct(直击/开火)=0.137  弹数=211
  [评测进度] 70/100  kill(命中/开火)=0.292  direct(直击/开火)=0.130  弹数=253
  [评测进度] 80/100  kill(命中/开火)=0.293  direct(直击/开火)=0.131  弹数=283
  [评测进度] 90/100  kill(命中/开火)=0.299  direct(直击/开火)=0.132  弹数=318
  [评测进度] 100/100  kill(命中/开火)=0.289  direct(直击/开火)=0.124  弹数=363
------------------------------------------------------------
[评测] 阶段=stage2_linear  局数=100
  kill_rate(命中/开火) = 0.289  hit_rate(直击/开火) = 0.124  中位TTK = 600
  TTK口径     : 首直击步数；无直击=该局结束步数（评测步限封顶）
  晋级条件 直击/开火 hit_rate≥0.06  当前=0.124  → 指标达标
  附加门槛 : 需对手速度≥1.00（当前=1.00）
  转向阶梯中 : phase=3  rotate=-0.07  （此期间不晋级下一阶段，只按 hit_rate 下调转向）
  未晋级阶段：转向阶梯进行中（属预期）
------------------------------------------------------------
[进度] 39,124,992/100,000,000 (39.1%)  FPS≈1437  阶段=stage2_linear  速度=1.00  直行间隔=180  aim=0.100/lead  rotate=-0.07
[进度] 39,141,376/100,000,000 (39.1%)  FPS≈1435  阶段=stage2_linear  速度=1.00  直行间隔=180  aim=0.100/lead  rotate=-0.07
[进度] 39,157,760/100,000,000 (39.2%)  FPS≈1381  阶段=stage2_linear  速度=1.00  直行间隔=180  aim=0.100/lead  rotate=-0.07
[进度] 39,174,144/100,000,000 (39.2%)  FPS≈1363  阶段=stage2_linear  速度=1.00  直行间隔=180  aim=0.100/lead  rotate=-0.07
[进度] 39,190,528/100,000,000 (39.2%)  FPS≈1361  阶段=stage2_linear  速度=1.00  直行间隔=180  aim=0.100/lead  rotate=-0.07
[进度] 39,206,912/100,000,000 (39.2%)  FPS≈1281  阶段=stage2_linear  速度=1.00  直行间隔=180  aim=0.100/lead  rotate=-0.07
[进度] 39,223,296/100,000,000 (39.2%)  FPS≈1344  阶段=stage2_linear  速度=1.00  直行间隔=180  aim=0.100/lead  rotate=-0.07
[存盘] 课程元数据 model_t39223296_stage1_stage2_linear.curriculum.json  stage=stage2_linear  bot=linear v=1.00
[存盘] runs/curriculum_aim/20260922_225205/checkpoints/model_t39223296_stage1_stage2_linear.zip
[评测] 开始（100 局）…
  [评测进度] 10/100  kill(命中/开火)=0.333  direct(直击/开火)=0.167  弹数=30
  [评测进度] 20/100  kill(命中/开火)=0.290  direct(直击/开火)=0.177  弹数=62
  [评测进度] 30/100  kill(命中/开火)=0.360  direct(直击/开火)=0.202  弹数=89
  [评测进度] 40/100  kill(命中/开火)=0.318  direct(直击/开火)=0.171  弹数=129
  [评测进度] 50/100  kill(命中/开火)=0.283  direct(直击/开火)=0.145  弹数=173
  [评测进度] 60/100  kill(命中/开火)=0.287  direct(直击/开火)=0.149  弹数=202
  [评测进度] 70/100  kill(命中/开火)=0.292  direct(直击/开火)=0.150  弹数=240
  [评测进度] 80/100  kill(命中/开火)=0.299  direct(直击/开火)=0.140  弹数=278
  [评测进度] 90/100  kill(命中/开火)=0.298  direct(直击/开火)=0.141  弹数=312
  [评测进度] 100/100  kill(命中/开火)=0.307  direct(直击/开火)=0.148  弹数=345
------------------------------------------------------------
[评测] 阶段=stage2_linear  局数=100
  kill_rate(命中/开火) = 0.307  hit_rate(直击/开火) = 0.148  中位TTK = 594
  TTK口径     : 首直击步数；无直击=该局结束步数（评测步限封顶）
  晋级条件 直击/开火 hit_rate≥0.06  当前=0.148  → 指标达标
  附加门槛 : 需对手速度≥1.00（当前=1.00）
  转向阶梯中 : phase=3  rotate=-0.07  （此期间不晋级下一阶段，只按 hit_rate 下调转向）
  未晋级阶段：转向阶梯进行中（属预期）
------------------------------------------------------------
[进度] 39,239,680/100,000,000 (39.2%)  FPS≈1476  阶段=stage2_linear  速度=1.00  直行间隔=180  aim=0.100/lead  rotate=-0.07
[进度] 39,256,064/100,000,000 (39.3%)  FPS≈1359  阶段=stage2_linear  速度=1.00  直行间隔=180  aim=0.100/lead  rotate=-0.07
[进度] 39,272,448/100,000,000 (39.3%)  FPS≈1494  阶段=stage2_linear  速度=1.00  直行间隔=180  aim=0.100/lead  rotate=-0.07
[进度] 39,288,832/100,000,000 (39.3%)  FPS≈1473  阶段=stage2_linear  速度=1.00  直行间隔=180  aim=0.100/lead  rotate=-0.07
[进度] 39,305,216/100,000,000 (39.3%)  FPS≈1343  阶段=stage2_linear  速度=1.00  直行间隔=180  aim=0.100/lead  rotate=-0.07
[进度] 39,321,600/100,000,000 (39.3%)  FPS≈1371  阶段=stage2_linear  速度=1.00  直行间隔=180  aim=0.100/lead  rotate=-0.07
[进度] 39,337,984/100,000,000 (39.3%)  FPS≈1368  阶段=stage2_linear  速度=1.00  直行间隔=180  aim=0.100/lead  rotate=-0.07
[存盘] 课程元数据 model_t39337984_stage1_stage2_linear.curriculum.json  stage=stage2_linear  bot=linear v=1.00
[存盘] runs/curriculum_aim/20260922_225205/checkpoints/model_t39337984_stage1_stage2_linear.zip
[评测] 开始（100 局）…
  [评测进度] 10/100  kill(命中/开火)=0.286  direct(直击/开火)=0.086  弹数=35
  [评测进度] 20/100  kill(命中/开火)=0.311  direct(直击/开火)=0.131  弹数=61
  [评测进度] 30/100  kill(命中/开火)=0.326  direct(直击/开火)=0.141  弹数=92
  [评测进度] 40/100  kill(命中/开火)=0.320  direct(直击/开火)=0.139  弹数=122
  [评测进度] 50/100  kill(命中/开火)=0.325  direct(直击/开火)=0.149  弹数=154
  [评测进度] 60/100  kill(命中/开火)=0.328  direct(直击/开火)=0.153  弹数=189
  [评测进度] 70/100  kill(命中/开火)=0.315  direct(直击/开火)=0.149  弹数=222
  [评测进度] 80/100  kill(命中/开火)=0.328  direct(直击/开火)=0.152  弹数=256
  [评测进度] 90/100  kill(命中/开火)=0.330  direct(直击/开火)=0.153  弹数=294
  [评测进度] 100/100  kill(命中/开火)=0.310  direct(直击/开火)=0.143  弹数=335
------------------------------------------------------------
[评测] 阶段=stage2_linear  局数=100
  kill_rate(命中/开火) = 0.310  hit_rate(直击/开火) = 0.143  中位TTK = 600
  TTK口径     : 首直击步数；无直击=该局结束步数（评测步限封顶）
  晋级条件 直击/开火 hit_rate≥0.06  当前=0.143  → 指标达标
  附加门槛 : 需对手速度≥1.00（当前=1.00）
  转向阶梯中 : phase=3  rotate=-0.07  （此期间不晋级下一阶段，只按 hit_rate 下调转向）
  未晋级阶段：转向阶梯进行中（属预期）
------------------------------------------------------------
[进度] 39,354,368/100,000,000 (39.4%)  FPS≈1484  阶段=stage2_linear  速度=1.00  直行间隔=180  aim=0.100/lead  rotate=-0.07
[进度] 39,370,752/100,000,000 (39.4%)  FPS≈1516  阶段=stage2_linear  速度=1.00  直行间隔=180  aim=0.100/lead  rotate=-0.07
[进度] 39,387,136/100,000,000 (39.4%)  FPS≈1452  阶段=stage2_linear  速度=1.00  直行间隔=180  aim=0.100/lead  rotate=-0.07
[进度] 39,403,520/100,000,000 (39.4%)  FPS≈1334  阶段=stage2_linear  速度=1.00  直行间隔=180  aim=0.100/lead  rotate=-0.07
[进度] 39,419,904/100,000,000 (39.4%)  FPS≈1343  阶段=stage2_linear  速度=1.00  直行间隔=180  aim=0.100/lead  rotate=-0.07
[进度] 39,436,288/100,000,000 (39.4%)  FPS≈1329  阶段=stage2_linear  速度=1.00  直行间隔=180  aim=0.100/lead  rotate=-0.07
[进度] 39,452,672/100,000,000 (39.5%)  FPS≈1221  阶段=stage2_linear  速度=1.00  直行间隔=180  aim=0.100/lead  rotate=-0.07
[存盘] 课程元数据 model_t39452672_stage1_stage2_linear.curriculum.json  stage=stage2_linear  bot=linear v=1.00
[存盘] runs/curriculum_aim/20260922_225205/checkpoints/model_t39452672_stage1_stage2_linear.zip
[评测] 开始（100 局）…
  [评测进度] 10/100  kill(命中/开火)=0.294  direct(直击/开火)=0.176  弹数=34
  [评测进度] 20/100  kill(命中/开火)=0.300  direct(直击/开火)=0.157  弹数=70
  [评测进度] 30/100  kill(命中/开火)=0.292  direct(直击/开火)=0.160  弹数=106
  [评测进度] 40/100  kill(命中/开火)=0.303  direct(直击/开火)=0.152  弹数=145
  [评测进度] 50/100  kill(命中/开火)=0.317  direct(直击/开火)=0.133  弹数=180
  [评测进度] 60/100  kill(命中/开火)=0.292  direct(直击/开火)=0.123  弹数=219
  [评测进度] 70/100  kill(命中/开火)=0.304  direct(直击/开火)=0.130  弹数=247
  [评测进度] 80/100  kill(命中/开火)=0.289  direct(直击/开火)=0.120  弹数=291
  [评测进度] 90/100  kill(命中/开火)=0.284  direct(直击/开火)=0.127  弹数=324
  [评测进度] 100/100  kill(命中/开火)=0.283  direct(直击/开火)=0.127  弹数=361
------------------------------------------------------------
[评测] 阶段=stage2_linear  局数=100
  kill_rate(命中/开火) = 0.283  hit_rate(直击/开火) = 0.127  中位TTK = 600
  TTK口径     : 首直击步数；无直击=该局结束步数（评测步限封顶）
  晋级条件 直击/开火 hit_rate≥0.06  当前=0.127  → 指标达标
  附加门槛 : 需对手速度≥1.00（当前=1.00）
  转向阶梯中 : phase=3  rotate=-0.07  （此期间不晋级下一阶段，只按 hit_rate 下调转向）
  未晋级阶段：转向阶梯进行中（属预期）
------------------------------------------------------------
[进度] 39,469,056/100,000,000 (39.5%)  FPS≈1414  阶段=stage2_linear  速度=1.00  直行间隔=180  aim=0.100/lead  rotate=-0.07
[进度] 39,485,440/100,000,000 (39.5%)  FPS≈1447  阶段=stage2_linear  速度=1.00  直行间隔=180  aim=0.100/lead  rotate=-0.07
[进度] 39,501,824/100,000,000 (39.5%)  FPS≈1484  阶段=stage2_linear  速度=1.00  直行间隔=180  aim=0.100/lead  rotate=-0.07
[进度] 39,518,208/100,000,000 (39.5%)  FPS≈1438  阶段=stage2_linear  速度=1.00  直行间隔=180  aim=0.100/lead  rotate=-0.07
[进度] 39,534,592/100,000,000 (39.5%)  FPS≈1342  阶段=stage2_linear  速度=1.00  直行间隔=180  aim=0.100/lead  rotate=-0.07
[进度] 39,550,976/100,000,000 (39.6%)  FPS≈1421  阶段=stage2_linear  速度=1.00  直行间隔=180  aim=0.100/lead  rotate=-0.07
[进度] 39,567,360/100,000,000 (39.6%)  FPS≈1386  阶段=stage2_linear  速度=1.00  直行间隔=180  aim=0.100/lead  rotate=-0.07
[存盘] 课程元数据 model_t39567360_stage1_stage2_linear.curriculum.json  stage=stage2_linear  bot=linear v=1.00
[存盘] runs/curriculum_aim/20260922_225205/checkpoints/model_t39567360_stage1_stage2_linear.zip
[评测] 开始（100 局）…
  [评测进度] 10/100  kill(命中/开火)=0.344  direct(直击/开火)=0.188  弹数=32
  [评测进度] 20/100  kill(命中/开火)=0.296  direct(直击/开火)=0.141  弹数=71
  [评测进度] 30/100  kill(命中/开火)=0.304  direct(直击/开火)=0.147  弹数=102
  [评测进度] 40/100  kill(命中/开火)=0.299  direct(直击/开火)=0.153  弹数=137
  [评测进度] 50/100  kill(命中/开火)=0.308  direct(直击/开火)=0.160  弹数=169
  [评测进度] 60/100  kill(命中/开火)=0.296  direct(直击/开火)=0.158  弹数=203
  [评测进度] 70/100  kill(命中/开火)=0.285  direct(直击/开火)=0.142  弹数=246
  [评测进度] 80/100  kill(命中/开火)=0.272  direct(直击/开火)=0.125  弹数=287
  [评测进度] 90/100  kill(命中/开火)=0.276  direct(直击/开火)=0.127  弹数=322
  [评测进度] 100/100  kill(命中/开火)=0.285  direct(直击/开火)=0.134  弹数=351
------------------------------------------------------------
[评测] 阶段=stage2_linear  局数=100
  kill_rate(命中/开火) = 0.285  hit_rate(直击/开火) = 0.134  中位TTK = 600
  TTK口径     : 首直击步数；无直击=该局结束步数（评测步限封顶）
  晋级条件 直击/开火 hit_rate≥0.06  当前=0.134  → 指标达标
  附加门槛 : 需对手速度≥1.00（当前=1.00）
  转向阶梯中 : phase=3  rotate=-0.07  （此期间不晋级下一阶段，只按 hit_rate 下调转向）
  未晋级阶段：转向阶梯进行中（属预期）
------------------------------------------------------------
[进度] 39,583,744/100,000,000 (39.6%)  FPS≈1377  阶段=stage2_linear  速度=1.00  直行间隔=180  aim=0.100/lead  rotate=-0.07
[进度] 39,600,128/100,000,000 (39.6%)  FPS≈1351  阶段=stage2_linear  速度=1.00  直行间隔=180  aim=0.100/lead  rotate=-0.07
[进度] 39,616,512/100,000,000 (39.6%)  FPS≈1410  阶段=stage2_linear  速度=1.00  直行间隔=180  aim=0.100/lead  rotate=-0.07
[进度] 39,632,896/100,000,000 (39.6%)  FPS≈1305  阶段=stage2_linear  速度=1.00  直行间隔=180  aim=0.100/lead  rotate=-0.07
[进度] 39,649,280/100,000,000 (39.6%)  FPS≈1295  阶段=stage2_linear  速度=1.00  直行间隔=180  aim=0.100/lead  rotate=-0.07
[进度] 39,665,664/100,000,000 (39.7%)  FPS≈1294  阶段=stage2_linear  速度=1.00  直行间隔=180  aim=0.100/lead  rotate=-0.07
[进度] 39,682,048/100,000,000 (39.7%)  FPS≈1413  阶段=stage2_linear  速度=1.00  直行间隔=180  aim=0.100/lead  rotate=-0.07
[存盘] 课程元数据 model_t39682048_stage1_stage2_linear.curriculum.json  stage=stage2_linear  bot=linear v=1.00
[存盘] runs/curriculum_aim/20260922_225205/checkpoints/model_t39682048_stage1_stage2_linear.zip
[评测] 开始（100 局）…
  [评测进度] 10/100  kill(命中/开火)=0.190  direct(直击/开火)=0.095  弹数=42
  [评测进度] 20/100  kill(命中/开火)=0.226  direct(直击/开火)=0.095  弹数=84
  [评测进度] 30/100  kill(命中/开火)=0.246  direct(直击/开火)=0.093  弹数=118
  [评测进度] 40/100  kill(命中/开火)=0.276  direct(直击/开火)=0.096  弹数=156
  [评测进度] 50/100  kill(命中/开火)=0.278  direct(直击/开火)=0.093  弹数=194
  [评测进度] 60/100  kill(命中/开火)=0.279  direct(直击/开火)=0.094  弹数=233
  [评测进度] 70/100  kill(命中/开火)=0.280  direct(直击/开火)=0.091  弹数=275
  [评测进度] 80/100  kill(命中/开火)=0.281  direct(直击/开火)=0.095  弹数=306
  [评测进度] 90/100  kill(命中/开火)=0.289  direct(直击/开火)=0.104  弹数=346
  [评测进度] 100/100  kill(命中/开火)=0.277  direct(直击/开火)=0.104  弹数=386
------------------------------------------------------------
[评测] 阶段=stage2_linear  局数=100
  kill_rate(命中/开火) = 0.277  hit_rate(直击/开火) = 0.104  中位TTK = 600
  TTK口径     : 首直击步数；无直击=该局结束步数（评测步限封顶）
  晋级条件 直击/开火 hit_rate≥0.06  当前=0.104  → 指标达标
  附加门槛 : 需对手速度≥1.00（当前=1.00）
  转向阶梯中 : phase=3  rotate=-0.07  （此期间不晋级下一阶段，只按 hit_rate 下调转向）
  未晋级阶段：转向阶梯进行中（属预期）
------------------------------------------------------------
[进度] 39,698,432/100,000,000 (39.7%)  FPS≈1403  阶段=stage2_linear  速度=1.00  直行间隔=180  aim=0.100/lead  rotate=-0.07
[进度] 39,714,816/100,000,000 (39.7%)  FPS≈1318  阶段=stage2_linear  速度=1.00  直行间隔=180  aim=0.100/lead  rotate=-0.07
[进度] 39,731,200/100,000,000 (39.7%)  FPS≈1274  阶段=stage2_linear  速度=1.00  直行间隔=180  aim=0.100/lead  rotate=-0.07
[进度] 39,747,584/100,000,000 (39.7%)  FPS≈1273  阶段=stage2_linear  速度=1.00  直行间隔=180  aim=0.100/lead  rotate=-0.07
[进度] 39,763,968/100,000,000 (39.8%)  FPS≈1380  阶段=stage2_linear  速度=1.00  直行间隔=180  aim=0.100/lead  rotate=-0.07
[进度] 39,780,352/100,000,000 (39.8%)  FPS≈1302  阶段=stage2_linear  速度=1.00  直行间隔=180  aim=0.100/lead  rotate=-0.07
[进度] 39,796,736/100,000,000 (39.8%)  FPS≈1419  阶段=stage2_linear  速度=1.00  直行间隔=180  aim=0.100/lead  rotate=-0.07
[存盘] 课程元数据 model_t39796736_stage1_stage2_linear.curriculum.json  stage=stage2_linear  bot=linear v=1.00
[存盘] runs/curriculum_aim/20260922_225205/checkpoints/model_t39796736_stage1_stage2_linear.zip
[评测] 开始（100 局）…
  [评测进度] 10/100  kill(命中/开火)=0.243  direct(直击/开火)=0.108  弹数=37
  [评测进度] 20/100  kill(命中/开火)=0.275  direct(直击/开火)=0.100  弹数=80
  [评测进度] 30/100  kill(命中/开火)=0.310  direct(直击/开火)=0.115  弹数=113
  [评测进度] 40/100  kill(命中/开火)=0.293  direct(直击/开火)=0.102  弹数=157
  [评测进度] 50/100  kill(命中/开火)=0.265  direct(直击/开火)=0.095  弹数=200
  [评测进度] 60/100  kill(命中/开火)=0.268  direct(直击/开火)=0.100  弹数=239
  [评测进度] 70/100  kill(命中/开火)=0.266  direct(直击/开火)=0.106  弹数=274
  [评测进度] 80/100  kill(命中/开火)=0.259  direct(直击/开火)=0.110  弹数=309
  [评测进度] 90/100  kill(命中/开火)=0.270  direct(直击/开火)=0.110  弹数=344
  [评测进度] 100/100  kill(命中/开火)=0.264  direct(直击/开火)=0.110  弹数=382
------------------------------------------------------------
[评测] 阶段=stage2_linear  局数=100
  kill_rate(命中/开火) = 0.264  hit_rate(直击/开火) = 0.110  中位TTK = 600
  TTK口径     : 首直击步数；无直击=该局结束步数（评测步限封顶）
  晋级条件 直击/开火 hit_rate≥0.06  当前=0.110  → 指标达标
  附加门槛 : 需对手速度≥1.00（当前=1.00）
  转向阶梯中 : phase=3  rotate=-0.07  （此期间不晋级下一阶段，只按 hit_rate 下调转向）
  未晋级阶段：转向阶梯进行中（属预期）
------------------------------------------------------------
[进度] 39,813,120/100,000,000 (39.8%)  FPS≈1519  阶段=stage2_linear  速度=1.00  直行间隔=180  aim=0.100/lead  rotate=-0.07
[进度] 39,829,504/100,000,000 (39.8%)  FPS≈1343  阶段=stage2_linear  速度=1.00  直行间隔=180  aim=0.100/lead  rotate=-0.07
[进度] 39,845,888/100,000,000 (39.8%)  FPS≈1323  阶段=stage2_linear  速度=1.00  直行间隔=180  aim=0.100/lead  rotate=-0.07
[进度] 39,862,272/100,000,000 (39.9%)  FPS≈1552  阶段=stage2_linear  速度=1.00  直行间隔=180  aim=0.100/lead  rotate=-0.07
[进度] 39,878,656/100,000,000 (39.9%)  FPS≈1408  阶段=stage2_linear  速度=1.00  直行间隔=180  aim=0.100/lead  rotate=-0.07
[进度] 39,895,040/100,000,000 (39.9%)  FPS≈1354  阶段=stage2_linear  速度=1.00  直行间隔=180  aim=0.100/lead  rotate=-0.07
[进度] 39,911,424/100,000,000 (39.9%)  FPS≈1312  阶段=stage2_linear  速度=1.00  直行间隔=180  aim=0.100/lead  rotate=-0.07
[存盘] 课程元数据 model_t39911424_stage1_stage2_linear.curriculum.json  stage=stage2_linear  bot=linear v=1.00
[存盘] runs/curriculum_aim/20260922_225205/checkpoints/model_t39911424_stage1_stage2_linear.zip
[评测] 开始（100 局）…
  [评测进度] 10/100  kill(命中/开火)=0.279  direct(直击/开火)=0.093  弹数=43
  [评测进度] 20/100  kill(命中/开火)=0.260  direct(直击/开火)=0.117  弹数=77
  [评测进度] 30/100  kill(命中/开火)=0.261  direct(直击/开火)=0.113  弹数=115
  [评测进度] 40/100  kill(命中/开火)=0.305  direct(直击/开火)=0.142  弹数=141
  [评测进度] 50/100  kill(命中/开火)=0.299  direct(直击/开火)=0.138  弹数=174
  [评测进度] 60/100  kill(命中/开火)=0.303  direct(直击/开火)=0.133  弹数=211
  [评测进度] 70/100  kill(命中/开火)=0.294  direct(直击/开火)=0.131  弹数=252
  [评测进度] 80/100  kill(命中/开火)=0.296  direct(直击/开火)=0.136  弹数=287
  [评测进度] 90/100  kill(命中/开火)=0.274  direct(直击/开火)=0.123  弹数=332
  [评测进度] 100/100  kill(命中/开火)=0.279  direct(直击/开火)=0.134  弹数=358
------------------------------------------------------------
[评测] 阶段=stage2_linear  局数=100
  kill_rate(命中/开火) = 0.279  hit_rate(直击/开火) = 0.134  中位TTK = 600
  TTK口径     : 首直击步数；无直击=该局结束步数（评测步限封顶）
  晋级条件 直击/开火 hit_rate≥0.06  当前=0.134  → 指标达标
  附加门槛 : 需对手速度≥1.00（当前=1.00）
  转向阶梯中 : phase=3  rotate=-0.07  （此期间不晋级下一阶段，只按 hit_rate 下调转向）
  未晋级阶段：转向阶梯进行中（属预期）
------------------------------------------------------------
[进度] 39,927,808/100,000,000 (39.9%)  FPS≈1385  阶段=stage2_linear  速度=1.00  直行间隔=180  aim=0.100/lead  rotate=-0.07
[进度] 39,944,192/100,000,000 (39.9%)  FPS≈1464  阶段=stage2_linear  速度=1.00  直行间隔=180  aim=0.100/lead  rotate=-0.07
[进度] 39,960,576/100,000,000 (40.0%)  FPS≈1402  阶段=stage2_linear  速度=1.00  直行间隔=180  aim=0.100/lead  rotate=-0.07
[进度] 39,976,960/100,000,000 (40.0%)  FPS≈1317  阶段=stage2_linear  速度=1.00  直行间隔=180  aim=0.100/lead  rotate=-0.07
[进度] 39,993,344/100,000,000 (40.0%)  FPS≈1418  阶段=stage2_linear  速度=1.00  直行间隔=180  aim=0.100/lead  rotate=-0.07
[进度] 40,009,728/100,000,000 (40.0%)  FPS≈1359  阶段=stage2_linear  速度=1.00  直行间隔=180  aim=0.100/lead  rotate=-0.07
[进度] 40,026,112/100,000,000 (40.0%)  FPS≈1249  阶段=stage2_linear  速度=1.00  直行间隔=180  aim=0.100/lead  rotate=-0.07
[存盘] 课程元数据 model_t40026112_stage1_stage2_linear.curriculum.json  stage=stage2_linear  bot=linear v=1.00
[存盘] runs/curriculum_aim/20260922_225205/checkpoints/model_t40026112_stage1_stage2_linear.zip
[评测] 开始（100 局）…
  [评测进度] 10/100  kill(命中/开火)=0.258  direct(直击/开火)=0.194  弹数=31
  [评测进度] 20/100  kill(命中/开火)=0.242  direct(直击/开火)=0.197  弹数=66
  [评测进度] 30/100  kill(命中/开火)=0.271  direct(直击/开火)=0.150  弹数=107
  [评测进度] 40/100  kill(命中/开火)=0.260  direct(直击/开火)=0.120  弹数=150
  [评测进度] 50/100  kill(命中/开火)=0.251  direct(直击/开火)=0.126  弹数=183
  [评测进度] 60/100  kill(命中/开火)=0.258  direct(直击/开火)=0.105  弹数=229
  [评测进度] 70/100  kill(命中/开火)=0.269  direct(直击/开火)=0.106  弹数=264
  [评测进度] 80/100  kill(命中/开火)=0.262  direct(直击/开火)=0.106  弹数=302
  [评测进度] 90/100  kill(命中/开火)=0.265  direct(直击/开火)=0.103  弹数=340
  [评测进度] 100/100  kill(命中/开火)=0.270  direct(直击/开火)=0.105  弹数=382
------------------------------------------------------------
[评测] 阶段=stage2_linear  局数=100
  kill_rate(命中/开火) = 0.270  hit_rate(直击/开火) = 0.105  中位TTK = 600
  TTK口径     : 首直击步数；无直击=该局结束步数（评测步限封顶）
  晋级条件 直击/开火 hit_rate≥0.06  当前=0.105  → 指标达标
  附加门槛 : 需对手速度≥1.00（当前=1.00）
  转向阶梯中 : phase=3  rotate=-0.07  （此期间不晋级下一阶段，只按 hit_rate 下调转向）
  未晋级阶段：转向阶梯进行中（属预期）
------------------------------------------------------------
[进度] 40,042,496/100,000,000 (40.0%)  FPS≈1383  阶段=stage2_linear  速度=1.00  直行间隔=180  aim=0.100/lead  rotate=-0.07
[进度] 40,058,880/100,000,000 (40.1%)  FPS≈1438  阶段=stage2_linear  速度=1.00  直行间隔=180  aim=0.100/lead  rotate=-0.07
[进度] 40,075,264/100,000,000 (40.1%)  FPS≈1326  阶段=stage2_linear  速度=1.00  直行间隔=180  aim=0.100/lead  rotate=-0.07
[进度] 40,091,648/100,000,000 (40.1%)  FPS≈1338  阶段=stage2_linear  速度=1.00  直行间隔=180  aim=0.100/lead  rotate=-0.07
[进度] 40,108,032/100,000,000 (40.1%)  FPS≈1502  阶段=stage2_linear  速度=1.00  直行间隔=180  aim=0.100/lead  rotate=-0.07
[进度] 40,124,416/100,000,000 (40.1%)  FPS≈1253  阶段=stage2_linear  速度=1.00  直行间隔=180  aim=0.100/lead  rotate=-0.07
[进度] 40,140,800/100,000,000 (40.1%)  FPS≈1321  阶段=stage2_linear  速度=1.00  直行间隔=180  aim=0.100/lead  rotate=-0.07
[存盘] 课程元数据 model_t40140800_stage1_stage2_linear.curriculum.json  stage=stage2_linear  bot=linear v=1.00
[存盘] runs/curriculum_aim/20260922_225205/checkpoints/model_t40140800_stage1_stage2_linear.zip
[评测] 开始（100 局）…
  [评测进度] 10/100  kill(命中/开火)=0.419  direct(直击/开火)=0.047  弹数=43
  [评测进度] 20/100  kill(命中/开火)=0.349  direct(直击/开火)=0.108  弹数=83
  [评测进度] 30/100  kill(命中/开火)=0.312  direct(直击/开火)=0.120  弹数=125
  [评测进度] 40/100  kill(命中/开火)=0.311  direct(直击/开火)=0.128  弹数=164
  [评测进度] 50/100  kill(命中/开火)=0.332  direct(直击/开火)=0.131  弹数=199
  [评测进度] 60/100  kill(命中/开火)=0.311  direct(直击/开火)=0.124  弹数=241
  [评测进度] 70/100  kill(命中/开火)=0.309  direct(直击/开火)=0.126  弹数=278
  [评测进度] 80/100  kill(命中/开火)=0.307  direct(直击/开火)=0.117  弹数=316
  [评测进度] 90/100  kill(命中/开火)=0.298  direct(直击/开火)=0.110  弹数=362
  [评测进度] 100/100  kill(命中/开火)=0.296  direct(直击/开火)=0.110  弹数=399
------------------------------------------------------------
[评测] 阶段=stage2_linear  局数=100
  kill_rate(命中/开火) = 0.296  hit_rate(直击/开火) = 0.110  中位TTK = 600
  TTK口径     : 首直击步数；无直击=该局结束步数（评测步限封顶）
  晋级条件 直击/开火 hit_rate≥0.06  当前=0.110  → 指标达标
  附加门槛 : 需对手速度≥1.00（当前=1.00）
  转向阶梯中 : phase=3  rotate=-0.07  （此期间不晋级下一阶段，只按 hit_rate 下调转向）
  未晋级阶段：转向阶梯进行中（属预期）
------------------------------------------------------------
[进度] 40,157,184/100,000,000 (40.2%)  FPS≈1419  阶段=stage2_linear  速度=1.00  直行间隔=180  aim=0.100/lead  rotate=-0.07
[进度] 40,173,568/100,000,000 (40.2%)  FPS≈1516  阶段=stage2_linear  速度=1.00  直行间隔=180  aim=0.100/lead  rotate=-0.07
[进度] 40,189,952/100,000,000 (40.2%)  FPS≈1392  阶段=stage2_linear  速度=1.00  直行间隔=180  aim=0.100/lead  rotate=-0.07
[进度] 40,206,336/100,000,000 (40.2%)  FPS≈1394  阶段=stage2_linear  速度=1.00  直行间隔=180  aim=0.100/lead  rotate=-0.07
[进度] 40,222,720/100,000,000 (40.2%)  FPS≈1449  阶段=stage2_linear  速度=1.00  直行间隔=180  aim=0.100/lead  rotate=-0.07
[进度] 40,239,104/100,000,000 (40.2%)  FPS≈1492  阶段=stage2_linear  速度=1.00  直行间隔=180  aim=0.100/lead  rotate=-0.07
[进度] 40,255,488/100,000,000 (40.3%)  FPS≈1425  阶段=stage2_linear  速度=1.00  直行间隔=180  aim=0.100/lead  rotate=-0.07
[存盘] 课程元数据 model_t40255488_stage1_stage2_linear.curriculum.json  stage=stage2_linear  bot=linear v=1.00
[存盘] runs/curriculum_aim/20260922_225205/checkpoints/model_t40255488_stage1_stage2_linear.zip
[评测] 开始（100 局）…
  [评测进度] 10/100  kill(命中/开火)=0.244  direct(直击/开火)=0.122  弹数=41
  [评测进度] 20/100  kill(命中/开火)=0.257  direct(直击/开火)=0.135  弹数=74
  [评测进度] 30/100  kill(命中/开火)=0.273  direct(直击/开火)=0.145  弹数=110
  [评测进度] 40/100  kill(命中/开火)=0.301  direct(直击/开火)=0.154  弹数=143
  [评测进度] 50/100  kill(命中/开火)=0.320  direct(直击/开火)=0.172  弹数=169
  [评测进度] 60/100  kill(命中/开火)=0.319  direct(直击/开火)=0.169  弹数=207
  [评测进度] 70/100  kill(命中/开火)=0.333  direct(直击/开火)=0.177  弹数=237
  [评测进度] 80/100  kill(命中/开火)=0.315  direct(直击/开火)=0.167  弹数=276
  [评测进度] 90/100  kill(命中/开火)=0.326  direct(直击/开火)=0.173  弹数=307
  [评测进度] 100/100  kill(命中/开火)=0.315  direct(直击/开火)=0.166  弹数=349
------------------------------------------------------------
[评测] 阶段=stage2_linear  局数=100
  kill_rate(命中/开火) = 0.315  hit_rate(直击/开火) = 0.166  中位TTK = 453
  TTK口径     : 首直击步数；无直击=该局结束步数（评测步限封顶）
  晋级条件 直击/开火 hit_rate≥0.06  当前=0.166  → 指标达标
  附加门槛 : 需对手速度≥1.00（当前=1.00）
  转向阶梯中 : phase=3  rotate=-0.07  （此期间不晋级下一阶段，只按 hit_rate 下调转向）
  未晋级阶段：转向阶梯进行中（属预期）
------------------------------------------------------------
[进度] 40,271,872/100,000,000 (40.3%)  FPS≈1490  阶段=stage2_linear  速度=1.00  直行间隔=180  aim=0.100/lead  rotate=-0.07
[进度] 40,288,256/100,000,000 (40.3%)  FPS≈1412  阶段=stage2_linear  速度=1.00  直行间隔=180  aim=0.100/lead  rotate=-0.07
[进度] 40,304,640/100,000,000 (40.3%)  FPS≈1378  阶段=stage2_linear  速度=1.00  直行间隔=180  aim=0.100/lead  rotate=-0.07
[进度] 40,321,024/100,000,000 (40.3%)  FPS≈1393  阶段=stage2_linear  速度=1.00  直行间隔=180  aim=0.100/lead  rotate=-0.07
[进度] 40,337,408/100,000,000 (40.3%)  FPS≈1288  阶段=stage2_linear  速度=1.00  直行间隔=180  aim=0.100/lead  rotate=-0.07
[进度] 40,353,792/100,000,000 (40.4%)  FPS≈1221  阶段=stage2_linear  速度=1.00  直行间隔=180  aim=0.100/lead  rotate=-0.07
[进度] 40,370,176/100,000,000 (40.4%)  FPS≈1436  阶段=stage2_linear  速度=1.00  直行间隔=180  aim=0.100/lead  rotate=-0.07
[存盘] 课程元数据 model_t40370176_stage1_stage2_linear.curriculum.json  stage=stage2_linear  bot=linear v=1.00
[存盘] runs/curriculum_aim/20260922_225205/checkpoints/model_t40370176_stage1_stage2_linear.zip
[评测] 开始（100 局）…
  [评测进度] 10/100  kill(命中/开火)=0.159  direct(直击/开火)=0.045  弹数=44
  [评测进度] 20/100  kill(命中/开火)=0.250  direct(直击/开火)=0.145  弹数=76
  [评测进度] 30/100  kill(命中/开火)=0.246  direct(直击/开火)=0.107  弹数=122
  [评测进度] 40/100  kill(命中/开火)=0.247  direct(直击/开火)=0.105  弹数=162
  [评测进度] 50/100  kill(命中/开火)=0.267  direct(直击/开火)=0.107  弹数=206
  [评测进度] 60/100  kill(命中/开火)=0.273  direct(直击/开火)=0.122  弹数=238
  [评测进度] 70/100  kill(命中/开火)=0.261  direct(直击/开火)=0.113  弹数=283
  [评测进度] 80/100  kill(命中/开火)=0.263  direct(直击/开火)=0.104  弹数=327
  [评测进度] 90/100  kill(命中/开火)=0.281  direct(直击/开火)=0.110  弹数=363
  [评测进度] 100/100  kill(命中/开火)=0.291  direct(直击/开火)=0.119  弹数=395
------------------------------------------------------------
[评测] 阶段=stage2_linear  局数=100
  kill_rate(命中/开火) = 0.291  hit_rate(直击/开火) = 0.119  中位TTK = 600
  TTK口径     : 首直击步数；无直击=该局结束步数（评测步限封顶）
  晋级条件 直击/开火 hit_rate≥0.06  当前=0.119  → 指标达标
  附加门槛 : 需对手速度≥1.00（当前=1.00）
  转向阶梯中 : phase=3  rotate=-0.07  （此期间不晋级下一阶段，只按 hit_rate 下调转向）
  未晋级阶段：转向阶梯进行中（属预期）
------------------------------------------------------------
[进度] 40,386,560/100,000,000 (40.4%)  FPS≈1317  阶段=stage2_linear  速度=1.00  直行间隔=180  aim=0.100/lead  rotate=-0.07
[进度] 40,402,944/100,000,000 (40.4%)  FPS≈1349  阶段=stage2_linear  速度=1.00  直行间隔=180  aim=0.100/lead  rotate=-0.07
[进度] 40,419,328/100,000,000 (40.4%)  FPS≈1394  阶段=stage2_linear  速度=1.00  直行间隔=180  aim=0.100/lead  rotate=-0.07
[进度] 40,435,712/100,000,000 (40.4%)  FPS≈1450  阶段=stage2_linear  速度=1.00  直行间隔=180  aim=0.100/lead  rotate=-0.07
[进度] 40,452,096/100,000,000 (40.5%)  FPS≈1398  阶段=stage2_linear  速度=1.00  直行间隔=180  aim=0.100/lead  rotate=-0.07
[进度] 40,468,480/100,000,000 (40.5%)  FPS≈1299  阶段=stage2_linear  速度=1.00  直行间隔=180  aim=0.100/lead  rotate=-0.07
[进度] 40,484,864/100,000,000 (40.5%)  FPS≈1377  阶段=stage2_linear  速度=1.00  直行间隔=180  aim=0.100/lead  rotate=-0.07
[存盘] 课程元数据 model_t40484864_stage1_stage2_linear.curriculum.json  stage=stage2_linear  bot=linear v=1.00
[存盘] runs/curriculum_aim/20260922_225205/checkpoints/model_t40484864_stage1_stage2_linear.zip
[评测] 开始（100 局）…
  [评测进度] 10/100  kill(命中/开火)=0.382  direct(直击/开火)=0.206  弹数=34
  [评测进度] 20/100  kill(命中/开火)=0.418  direct(直击/开火)=0.239  弹数=67
  [评测进度] 30/100  kill(命中/开火)=0.367  direct(直击/开火)=0.174  弹数=109
  [评测进度] 40/100  kill(命中/开火)=0.338  direct(直击/开火)=0.162  弹数=148
  [评测进度] 50/100  kill(命中/开火)=0.330  direct(直击/开火)=0.162  弹数=179
  [评测进度] 60/100  kill(命中/开火)=0.324  direct(直击/开火)=0.169  弹数=213
  [评测进度] 70/100  kill(命中/开火)=0.308  direct(直击/开火)=0.168  弹数=250
  [评测进度] 80/100  kill(命中/开火)=0.310  direct(直击/开火)=0.159  弹数=290
  [评测进度] 90/100  kill(命中/开火)=0.297  direct(直击/开火)=0.158  弹数=330
  [评测进度] 100/100  kill(命中/开火)=0.306  direct(直击/开火)=0.153  弹数=373
------------------------------------------------------------
[评测] 阶段=stage2_linear  局数=100
  kill_rate(命中/开火) = 0.306  hit_rate(直击/开火) = 0.153  中位TTK = 542
  TTK口径     : 首直击步数；无直击=该局结束步数（评测步限封顶）
  晋级条件 直击/开火 hit_rate≥0.06  当前=0.153  → 指标达标
  附加门槛 : 需对手速度≥1.00（当前=1.00）
  转向阶梯中 : phase=3  rotate=-0.07  （此期间不晋级下一阶段，只按 hit_rate 下调转向）
  未晋级阶段：转向阶梯进行中（属预期）
------------------------------------------------------------
[进度] 40,501,248/100,000,000 (40.5%)  FPS≈1440  阶段=stage2_linear  速度=1.00  直行间隔=180  aim=0.100/lead  rotate=-0.07
[进度] 40,517,632/100,000,000 (40.5%)  FPS≈1545  阶段=stage2_linear  速度=1.00  直行间隔=180  aim=0.100/lead  rotate=-0.07
[进度] 40,534,016/100,000,000 (40.5%)  FPS≈1357  阶段=stage2_linear  速度=1.00  直行间隔=180  aim=0.100/lead  rotate=-0.07
[进度] 40,550,400/100,000,000 (40.6%)  FPS≈1348  阶段=stage2_linear  速度=1.00  直行间隔=180  aim=0.100/lead  rotate=-0.07
[进度] 40,566,784/100,000,000 (40.6%)  FPS≈1425  阶段=stage2_linear  速度=1.00  直行间隔=180  aim=0.100/lead  rotate=-0.07
[进度] 40,583,168/100,000,000 (40.6%)  FPS≈1294  阶段=stage2_linear  速度=1.00  直行间隔=180  aim=0.100/lead  rotate=-0.07
[进度] 40,599,552/100,000,000 (40.6%)  FPS≈1342  阶段=stage2_linear  速度=1.00  直行间隔=180  aim=0.100/lead  rotate=-0.07
[存盘] 课程元数据 model_t40599552_stage1_stage2_linear.curriculum.json  stage=stage2_linear  bot=linear v=1.00
[存盘] runs/curriculum_aim/20260922_225205/checkpoints/model_t40599552_stage1_stage2_linear.zip
[评测] 开始（100 局）…
  [评测进度] 10/100  kill(命中/开火)=0.262  direct(直击/开火)=0.095  弹数=42
  [评测进度] 20/100  kill(命中/开火)=0.306  direct(直击/开火)=0.139  弹数=72
  [评测进度] 30/100  kill(命中/开火)=0.294  direct(直击/开火)=0.138  弹数=109
  [评测进度] 40/100  kill(命中/开火)=0.281  direct(直击/开火)=0.137  弹数=153
  [评测进度] 50/100  kill(命中/开火)=0.249  direct(直击/开火)=0.112  弹数=197
  [评测进度] 60/100  kill(命中/开火)=0.257  direct(直击/开火)=0.110  弹数=237
  [评测进度] 70/100  kill(命中/开火)=0.279  direct(直击/开火)=0.120  弹数=276
  [评测进度] 80/100  kill(命中/开火)=0.289  direct(直击/开火)=0.130  弹数=308
  [评测进度] 90/100  kill(命中/开火)=0.289  direct(直击/开火)=0.130  弹数=346
  [评测进度] 100/100  kill(命中/开火)=0.292  direct(直击/开火)=0.139  弹数=380
------------------------------------------------------------
[评测] 阶段=stage2_linear  局数=100
  kill_rate(命中/开火) = 0.292  hit_rate(直击/开火) = 0.139  中位TTK = 546
  TTK口径     : 首直击步数；无直击=该局结束步数（评测步限封顶）
  晋级条件 直击/开火 hit_rate≥0.06  当前=0.139  → 指标达标
  附加门槛 : 需对手速度≥1.00（当前=1.00）
  转向阶梯中 : phase=3  rotate=-0.07  （此期间不晋级下一阶段，只按 hit_rate 下调转向）
  未晋级阶段：转向阶梯进行中（属预期）
------------------------------------------------------------
[进度] 40,615,936/100,000,000 (40.6%)  FPS≈1318  阶段=stage2_linear  速度=1.00  直行间隔=180  aim=0.100/lead  rotate=-0.07
[进度] 40,632,320/100,000,000 (40.6%)  FPS≈1399  阶段=stage2_linear  速度=1.00  直行间隔=180  aim=0.100/lead  rotate=-0.07
[进度] 40,648,704/100,000,000 (40.6%)  FPS≈1276  阶段=stage2_linear  速度=1.00  直行间隔=180  aim=0.100/lead  rotate=-0.07
[进度] 40,665,088/100,000,000 (40.7%)  FPS≈1347  阶段=stage2_linear  速度=1.00  直行间隔=180  aim=0.100/lead  rotate=-0.07
[进度] 40,681,472/100,000,000 (40.7%)  FPS≈1308  阶段=stage2_linear  速度=1.00  直行间隔=180  aim=0.100/lead  rotate=-0.07
[进度] 40,697,856/100,000,000 (40.7%)  FPS≈1308  阶段=stage2_linear  速度=1.00  直行间隔=180  aim=0.100/lead  rotate=-0.07
[进度] 40,714,240/100,000,000 (40.7%)  FPS≈1378  阶段=stage2_linear  速度=1.00  直行间隔=180  aim=0.100/lead  rotate=-0.07
[存盘] 课程元数据 model_t40714240_stage1_stage2_linear.curriculum.json  stage=stage2_linear  bot=linear v=1.00
[存盘] runs/curriculum_aim/20260922_225205/checkpoints/model_t40714240_stage1_stage2_linear.zip
[评测] 开始（100 局）…
  [评测进度] 10/100  kill(命中/开火)=0.311  direct(直击/开火)=0.067  弹数=45
  [评测进度] 20/100  kill(命中/开火)=0.319  direct(直击/开火)=0.077  弹数=91
  [评测进度] 30/100  kill(命中/开火)=0.270  direct(直击/开火)=0.080  弹数=137
  [评测进度] 40/100  kill(命中/开火)=0.288  direct(直击/开火)=0.088  弹数=170
  [评测进度] 50/100  kill(命中/开火)=0.247  direct(直击/开火)=0.082  弹数=219
  [评测进度] 60/100  kill(命中/开火)=0.257  direct(直击/开火)=0.084  弹数=261
  [评测进度] 70/100  kill(命中/开火)=0.274  direct(直击/开火)=0.091  弹数=296
  [评测进度] 80/100  kill(命中/开火)=0.277  direct(直击/开火)=0.101  弹数=328
  [评测进度] 90/100  kill(命中/开火)=0.279  direct(直击/开火)=0.107  弹数=366
  [评测进度] 100/100  kill(命中/开火)=0.286  direct(直击/开火)=0.111  弹数=406
------------------------------------------------------------
[评测] 阶段=stage2_linear  局数=100
  kill_rate(命中/开火) = 0.286  hit_rate(直击/开火) = 0.111  中位TTK = 600
  TTK口径     : 首直击步数；无直击=该局结束步数（评测步限封顶）
  晋级条件 直击/开火 hit_rate≥0.06  当前=0.111  → 指标达标
  附加门槛 : 需对手速度≥1.00（当前=1.00）
  转向阶梯中 : phase=3  rotate=-0.07  （此期间不晋级下一阶段，只按 hit_rate 下调转向）
  未晋级阶段：转向阶梯进行中（属预期）
------------------------------------------------------------
[进度] 40,730,624/100,000,000 (40.7%)  FPS≈1384  阶段=stage2_linear  速度=1.00  直行间隔=180  aim=0.100/lead  rotate=-0.07
[进度] 40,747,008/100,000,000 (40.7%)  FPS≈1368  阶段=stage2_linear  速度=1.00  直行间隔=180  aim=0.100/lead  rotate=-0.07
[进度] 40,763,392/100,000,000 (40.8%)  FPS≈1287  阶段=stage2_linear  速度=1.00  直行间隔=180  aim=0.100/lead  rotate=-0.07
[进度] 40,779,776/100,000,000 (40.8%)  FPS≈1393  阶段=stage2_linear  速度=1.00  直行间隔=180  aim=0.100/lead  rotate=-0.07
[进度] 40,796,160/100,000,000 (40.8%)  FPS≈1386  阶段=stage2_linear  速度=1.00  直行间隔=180  aim=0.100/lead  rotate=-0.07
[进度] 40,812,544/100,000,000 (40.8%)  FPS≈1451  阶段=stage2_linear  速度=1.00  直行间隔=180  aim=0.100/lead  rotate=-0.07
[进度] 40,828,928/100,000,000 (40.8%)  FPS≈1286  阶段=stage2_linear  速度=1.00  直行间隔=180  aim=0.100/lead  rotate=-0.07
[存盘] 课程元数据 model_t40828928_stage1_stage2_linear.curriculum.json  stage=stage2_linear  bot=linear v=1.00
[存盘] runs/curriculum_aim/20260922_225205/checkpoints/model_t40828928_stage1_stage2_linear.zip
[评测] 开始（100 局）…
  [评测进度] 10/100  kill(命中/开火)=0.324  direct(直击/开火)=0.118  弹数=34
  [评测进度] 20/100  kill(命中/开火)=0.241  direct(直击/开火)=0.101  弹数=79
  [评测进度] 30/100  kill(命中/开火)=0.261  direct(直击/开火)=0.104  弹数=115
  [评测进度] 40/100  kill(命中/开火)=0.287  direct(直击/开火)=0.127  弹数=150
  [评测进度] 50/100  kill(命中/开火)=0.276  direct(直击/开火)=0.122  弹数=196
  [评测进度] 60/100  kill(命中/开火)=0.272  direct(直击/开火)=0.129  弹数=232
  [评测进度] 70/100  kill(命中/开火)=0.266  direct(直击/开火)=0.119  弹数=278
  [评测进度] 80/100  kill(命中/开火)=0.260  direct(直击/开火)=0.108  弹数=323
  [评测进度] 90/100  kill(命中/开火)=0.262  direct(直击/开火)=0.113  弹数=355
  [评测进度] 100/100  kill(命中/开火)=0.266  direct(直击/开火)=0.118  弹数=391
------------------------------------------------------------
[评测] 阶段=stage2_linear  局数=100
  kill_rate(命中/开火) = 0.266  hit_rate(直击/开火) = 0.118  中位TTK = 600
  TTK口径     : 首直击步数；无直击=该局结束步数（评测步限封顶）
  晋级条件 直击/开火 hit_rate≥0.06  当前=0.118  → 指标达标
  附加门槛 : 需对手速度≥1.00（当前=1.00）
  转向阶梯中 : phase=3  rotate=-0.07  （此期间不晋级下一阶段，只按 hit_rate 下调转向）
  未晋级阶段：转向阶梯进行中（属预期）
------------------------------------------------------------
[进度] 40,845,312/100,000,000 (40.8%)  FPS≈1474  阶段=stage2_linear  速度=1.00  直行间隔=180  aim=0.100/lead  rotate=-0.07
[进度] 40,861,696/100,000,000 (40.9%)  FPS≈1320  阶段=stage2_linear  速度=1.00  直行间隔=180  aim=0.100/lead  rotate=-0.07
[进度] 40,878,080/100,000,000 (40.9%)  FPS≈1474  阶段=stage2_linear  速度=1.00  直行间隔=180  aim=0.100/lead  rotate=-0.07
[进度] 40,894,464/100,000,000 (40.9%)  FPS≈1408  阶段=stage2_linear  速度=1.00  直行间隔=180  aim=0.100/lead  rotate=-0.07
[进度] 40,910,848/100,000,000 (40.9%)  FPS≈1275  阶段=stage2_linear  速度=1.00  直行间隔=180  aim=0.100/lead  rotate=-0.07
[进度] 40,927,232/100,000,000 (40.9%)  FPS≈1428  阶段=stage2_linear  速度=1.00  直行间隔=180  aim=0.100/lead  rotate=-0.07
[进度] 40,943,616/100,000,000 (40.9%)  FPS≈1373  阶段=stage2_linear  速度=1.00  直行间隔=180  aim=0.100/lead  rotate=-0.07
[存盘] 课程元数据 model_t40943616_stage1_stage2_linear.curriculum.json  stage=stage2_linear  bot=linear v=1.00
[存盘] runs/curriculum_aim/20260922_225205/checkpoints/model_t40943616_stage1_stage2_linear.zip
[评测] 开始（100 局）…
  [评测进度] 10/100  kill(命中/开火)=0.265  direct(直击/开火)=0.061  弹数=49
  [评测进度] 20/100  kill(命中/开火)=0.258  direct(直击/开火)=0.079  弹数=89
  [评测进度] 30/100  kill(命中/开火)=0.285  direct(直击/开火)=0.098  弹数=123
  [评测进度] 40/100  kill(命中/开火)=0.280  direct(直击/开火)=0.098  弹数=164
  [评测进度] 50/100  kill(命中/开火)=0.269  direct(直击/开火)=0.104  弹数=212
  [评测进度] 60/100  kill(命中/开火)=0.267  direct(直击/开火)=0.104  弹数=251
  [评测进度] 70/100  kill(命中/开火)=0.284  direct(直击/开火)=0.112  弹数=285
  [评测进度] 80/100  kill(命中/开火)=0.288  direct(直击/开火)=0.113  弹数=326
  [评测进度] 90/100  kill(命中/开火)=0.278  direct(直击/开火)=0.109  弹数=367
  [评测进度] 100/100  kill(命中/开火)=0.267  direct(直击/开火)=0.105  弹数=409
------------------------------------------------------------
[评测] 阶段=stage2_linear  局数=100
  kill_rate(命中/开火) = 0.267  hit_rate(直击/开火) = 0.105  中位TTK = 600
  TTK口径     : 首直击步数；无直击=该局结束步数（评测步限封顶）
  晋级条件 直击/开火 hit_rate≥0.06  当前=0.105  → 指标达标
  附加门槛 : 需对手速度≥1.00（当前=1.00）
  转向阶梯中 : phase=3  rotate=-0.07  （此期间不晋级下一阶段，只按 hit_rate 下调转向）
  未晋级阶段：转向阶梯进行中（属预期）
------------------------------------------------------------
[进度] 40,960,000/100,000,000 (41.0%)  FPS≈1427  阶段=stage2_linear  速度=1.00  直行间隔=180  aim=0.100/lead  rotate=-0.07
[进度] 40,976,384/100,000,000 (41.0%)  FPS≈1469  阶段=stage2_linear  速度=1.00  直行间隔=180  aim=0.100/lead  rotate=-0.07
[进度] 40,992,768/100,000,000 (41.0%)  FPS≈1326  阶段=stage2_linear  速度=1.00  直行间隔=180  aim=0.100/lead  rotate=-0.07
[进度] 41,009,152/100,000,000 (41.0%)  FPS≈1477  阶段=stage2_linear  速度=1.00  直行间隔=180  aim=0.100/lead  rotate=-0.07
[进度] 41,025,536/100,000,000 (41.0%)  FPS≈1407  阶段=stage2_linear  速度=1.00  直行间隔=180  aim=0.100/lead  rotate=-0.07
[进度] 41,041,920/100,000,000 (41.0%)  FPS≈1288  阶段=stage2_linear  速度=1.00  直行间隔=180  aim=0.100/lead  rotate=-0.07
[进度] 41,058,304/100,000,000 (41.1%)  FPS≈1220  阶段=stage2_linear  速度=1.00  直行间隔=180  aim=0.100/lead  rotate=-0.07
[存盘] 课程元数据 model_t41058304_stage1_stage2_linear.curriculum.json  stage=stage2_linear  bot=linear v=1.00
[存盘] runs/curriculum_aim/20260922_225205/checkpoints/model_t41058304_stage1_stage2_linear.zip
[评测] 开始（100 局）…
  [评测进度] 10/100  kill(命中/开火)=0.310  direct(直击/开火)=0.241  弹数=29
  [评测进度] 20/100  kill(命中/开火)=0.292  direct(直击/开火)=0.185  弹数=65
  [评测进度] 30/100  kill(命中/开火)=0.290  direct(直击/开火)=0.190  弹数=100
  [评测进度] 40/100  kill(命中/开火)=0.280  direct(直击/开火)=0.161  弹数=143
  [评测进度] 50/100  kill(命中/开火)=0.300  direct(直击/开火)=0.161  弹数=180
  [评测进度] 60/100  kill(命中/开火)=0.310  direct(直击/开火)=0.162  弹数=210
  [评测进度] 70/100  kill(命中/开火)=0.294  direct(直击/开火)=0.151  弹数=252
  [评测进度] 80/100  kill(命中/开火)=0.274  direct(直击/开火)=0.142  弹数=296
  [评测进度] 90/100  kill(命中/开火)=0.279  direct(直击/开火)=0.144  弹数=333
  [评测进度] 100/100  kill(命中/开火)=0.290  direct(直击/开火)=0.148  弹数=366
------------------------------------------------------------
[评测] 阶段=stage2_linear  局数=100
  kill_rate(命中/开火) = 0.290  hit_rate(直击/开火) = 0.148  中位TTK = 526
  TTK口径     : 首直击步数；无直击=该局结束步数（评测步限封顶）
  晋级条件 直击/开火 hit_rate≥0.06  当前=0.148  → 指标达标
  附加门槛 : 需对手速度≥1.00（当前=1.00）
  转向阶梯中 : phase=3  rotate=-0.07  （此期间不晋级下一阶段，只按 hit_rate 下调转向）
  未晋级阶段：转向阶梯进行中（属预期）
------------------------------------------------------------
[进度] 41,074,688/100,000,000 (41.1%)  FPS≈1492  阶段=stage2_linear  速度=1.00  直行间隔=180  aim=0.100/lead  rotate=-0.07
[进度] 41,091,072/100,000,000 (41.1%)  FPS≈1430  阶段=stage2_linear  速度=1.00  直行间隔=180  aim=0.100/lead  rotate=-0.07
[进度] 41,107,456/100,000,000 (41.1%)  FPS≈1327  阶段=stage2_linear  速度=1.00  直行间隔=180  aim=0.100/lead  rotate=-0.07
[进度] 41,123,840/100,000,000 (41.1%)  FPS≈1408  阶段=stage2_linear  速度=1.00  直行间隔=180  aim=0.100/lead  rotate=-0.07
[进度] 41,140,224/100,000,000 (41.1%)  FPS≈1237  阶段=stage2_linear  速度=1.00  直行间隔=180  aim=0.100/lead  rotate=-0.07
[进度] 41,156,608/100,000,000 (41.2%)  FPS≈1337  阶段=stage2_linear  速度=1.00  直行间隔=180  aim=0.100/lead  rotate=-0.07
[进度] 41,172,992/100,000,000 (41.2%)  FPS≈1246  阶段=stage2_linear  速度=1.00  直行间隔=180  aim=0.100/lead  rotate=-0.07
[存盘] 课程元数据 model_t41172992_stage1_stage2_linear.curriculum.json  stage=stage2_linear  bot=linear v=1.00
[存盘] runs/curriculum_aim/20260922_225205/checkpoints/model_t41172992_stage1_stage2_linear.zip
[评测] 开始（100 局）…
  [评测进度] 10/100  kill(命中/开火)=0.345  direct(直击/开火)=0.207  弹数=29
  [评测进度] 20/100  kill(命中/开火)=0.310  direct(直击/开火)=0.190  弹数=58
  [评测进度] 30/100  kill(命中/开火)=0.312  direct(直击/开火)=0.161  弹数=93
  [评测进度] 40/100  kill(命中/开火)=0.274  direct(直击/开火)=0.133  弹数=135
  [评测进度] 50/100  kill(命中/开火)=0.251  direct(直击/开火)=0.114  弹数=175
  [评测进度] 60/100  kill(命中/开火)=0.260  direct(直击/开火)=0.116  弹数=215
  [评测进度] 70/100  kill(命中/开火)=0.264  direct(直击/开火)=0.116  弹数=250
  [评测进度] 80/100  kill(命中/开火)=0.261  direct(直击/开火)=0.117  弹数=291
  [评测进度] 90/100  kill(命中/开火)=0.287  direct(直击/开火)=0.128  弹数=321
  [评测进度] 100/100  kill(命中/开火)=0.279  direct(直击/开火)=0.120  弹数=358
------------------------------------------------------------
[评测] 阶段=stage2_linear  局数=100
  kill_rate(命中/开火) = 0.279  hit_rate(直击/开火) = 0.120  中位TTK = 600
  TTK口径     : 首直击步数；无直击=该局结束步数（评测步限封顶）
  晋级条件 直击/开火 hit_rate≥0.06  当前=0.120  → 指标达标
  附加门槛 : 需对手速度≥1.00（当前=1.00）
  转向阶梯中 : phase=3  rotate=-0.07  （此期间不晋级下一阶段，只按 hit_rate 下调转向）
  未晋级阶段：转向阶梯进行中（属预期）
------------------------------------------------------------
[进度] 41,189,376/100,000,000 (41.2%)  FPS≈1319  阶段=stage2_linear  速度=1.00  直行间隔=180  aim=0.100/lead  rotate=-0.07
[进度] 41,205,760/100,000,000 (41.2%)  FPS≈1386  阶段=stage2_linear  速度=1.00  直行间隔=180  aim=0.100/lead  rotate=-0.07
[进度] 41,222,144/100,000,000 (41.2%)  FPS≈1320  阶段=stage2_linear  速度=1.00  直行间隔=180  aim=0.100/lead  rotate=-0.07
[进度] 41,238,528/100,000,000 (41.2%)  FPS≈1424  阶段=stage2_linear  速度=1.00  直行间隔=180  aim=0.100/lead  rotate=-0.07
[进度] 41,254,912/100,000,000 (41.3%)  FPS≈1349  阶段=stage2_linear  速度=1.00  直行间隔=180  aim=0.100/lead  rotate=-0.07
[进度] 41,271,296/100,000,000 (41.3%)  FPS≈1367  阶段=stage2_linear  速度=1.00  直行间隔=180  aim=0.100/lead  rotate=-0.07
[进度] 41,287,680/100,000,000 (41.3%)  FPS≈1390  阶段=stage2_linear  速度=1.00  直行间隔=180  aim=0.100/lead  rotate=-0.07
[存盘] 课程元数据 model_t41287680_stage1_stage2_linear.curriculum.json  stage=stage2_linear  bot=linear v=1.00
[存盘] runs/curriculum_aim/20260922_225205/checkpoints/model_t41287680_stage1_stage2_linear.zip
[评测] 开始（100 局）…
  [评测进度] 10/100  kill(命中/开火)=0.368  direct(直击/开火)=0.211  弹数=38
  [评测进度] 20/100  kill(命中/开火)=0.273  direct(直击/开火)=0.156  弹数=77
  [评测进度] 30/100  kill(命中/开火)=0.289  direct(直击/开火)=0.140  弹数=121
  [评测进度] 40/100  kill(命中/开火)=0.283  direct(直击/开火)=0.132  弹数=159
  [评测进度] 50/100  kill(命中/开火)=0.286  direct(直击/开火)=0.135  弹数=192
  [评测进度] 60/100  kill(命中/开火)=0.275  direct(直击/开火)=0.144  弹数=222
  [评测进度] 70/100  kill(命中/开火)=0.276  direct(直击/开火)=0.138  弹数=261
  [评测进度] 80/100  kill(命中/开火)=0.271  direct(直击/开火)=0.130  弹数=299
  [评测进度] 90/100  kill(命中/开火)=0.269  direct(直击/开火)=0.125  弹数=335
  [评测进度] 100/100  kill(命中/开火)=0.261  direct(直击/开火)=0.122  弹数=376
------------------------------------------------------------
[评测] 阶段=stage2_linear  局数=100
  kill_rate(命中/开火) = 0.261  hit_rate(直击/开火) = 0.122  中位TTK = 600
  TTK口径     : 首直击步数；无直击=该局结束步数（评测步限封顶）
  晋级条件 直击/开火 hit_rate≥0.06  当前=0.122  → 指标达标
  附加门槛 : 需对手速度≥1.00（当前=1.00）
  转向阶梯中 : phase=3  rotate=-0.07  （此期间不晋级下一阶段，只按 hit_rate 下调转向）
  未晋级阶段：转向阶梯进行中（属预期）
------------------------------------------------------------
[进度] 41,304,064/100,000,000 (41.3%)  FPS≈1452  阶段=stage2_linear  速度=1.00  直行间隔=180  aim=0.100/lead  rotate=-0.07
[进度] 41,320,448/100,000,000 (41.3%)  FPS≈1358  阶段=stage2_linear  速度=1.00  直行间隔=180  aim=0.100/lead  rotate=-0.07
[进度] 41,336,832/100,000,000 (41.3%)  FPS≈1386  阶段=stage2_linear  速度=1.00  直行间隔=180  aim=0.100/lead  rotate=-0.07
[进度] 41,353,216/100,000,000 (41.4%)  FPS≈1342  阶段=stage2_linear  速度=1.00  直行间隔=180  aim=0.100/lead  rotate=-0.07
[进度] 41,369,600/100,000,000 (41.4%)  FPS≈1365  阶段=stage2_linear  速度=1.00  直行间隔=180  aim=0.100/lead  rotate=-0.07
[进度] 41,385,984/100,000,000 (41.4%)  FPS≈1235  阶段=stage2_linear  速度=1.00  直行间隔=180  aim=0.100/lead  rotate=-0.07
[进度] 41,402,368/100,000,000 (41.4%)  FPS≈1429  阶段=stage2_linear  速度=1.00  直行间隔=180  aim=0.100/lead  rotate=-0.07
[存盘] 课程元数据 model_t41402368_stage1_stage2_linear.curriculum.json  stage=stage2_linear  bot=linear v=1.00
[存盘] runs/curriculum_aim/20260922_225205/checkpoints/model_t41402368_stage1_stage2_linear.zip
[评测] 开始（100 局）…
  [评测进度] 10/100  kill(命中/开火)=0.359  direct(直击/开火)=0.179  弹数=39
  [评测进度] 20/100  kill(命中/开火)=0.364  direct(直击/开火)=0.130  弹数=77
  [评测进度] 30/100  kill(命中/开火)=0.354  direct(直击/开火)=0.150  弹数=113
  [评测进度] 40/100  kill(命中/开火)=0.352  direct(直击/开火)=0.169  弹数=142
  [评测进度] 50/100  kill(命中/开火)=0.343  direct(直击/开火)=0.160  弹数=181
  [评测进度] 60/100  kill(命中/开火)=0.327  direct(直击/开火)=0.150  弹数=220
  [评测进度] 70/100  kill(命中/开火)=0.309  direct(直击/开火)=0.139  弹数=259
  [评测进度] 80/100  kill(命中/开火)=0.299  direct(直击/开火)=0.134  弹数=298
  [评测进度] 90/100  kill(命中/开火)=0.296  direct(直击/开火)=0.140  弹数=335
  [评测进度] 100/100  kill(命中/开火)=0.299  direct(直击/开火)=0.151  弹数=364
------------------------------------------------------------
[评测] 阶段=stage2_linear  局数=100
  kill_rate(命中/开火) = 0.299  hit_rate(直击/开火) = 0.151  中位TTK = 484
  TTK口径     : 首直击步数；无直击=该局结束步数（评测步限封顶）
  晋级条件 直击/开火 hit_rate≥0.06  当前=0.151  → 指标达标
  附加门槛 : 需对手速度≥1.00（当前=1.00）
  转向阶梯中 : phase=3  rotate=-0.07  （此期间不晋级下一阶段，只按 hit_rate 下调转向）
  未晋级阶段：转向阶梯进行中（属预期）
------------------------------------------------------------
[进度] 41,418,752/100,000,000 (41.4%)  FPS≈1359  阶段=stage2_linear  速度=1.00  直行间隔=180  aim=0.100/lead  rotate=-0.07
[进度] 41,435,136/100,000,000 (41.4%)  FPS≈1466  阶段=stage2_linear  速度=1.00  直行间隔=180  aim=0.100/lead  rotate=-0.07
[进度] 41,451,520/100,000,000 (41.5%)  FPS≈1289  阶段=stage2_linear  速度=1.00  直行间隔=180  aim=0.100/lead  rotate=-0.07
[进度] 41,467,904/100,000,000 (41.5%)  FPS≈1305  阶段=stage2_linear  速度=1.00  直行间隔=180  aim=0.100/lead  rotate=-0.07
[进度] 41,484,288/100,000,000 (41.5%)  FPS≈1337  阶段=stage2_linear  速度=1.00  直行间隔=180  aim=0.100/lead  rotate=-0.07
[进度] 41,500,672/100,000,000 (41.5%)  FPS≈1490  阶段=stage2_linear  速度=1.00  直行间隔=180  aim=0.100/lead  rotate=-0.07
[进度] 41,517,056/100,000,000 (41.5%)  FPS≈1279  阶段=stage2_linear  速度=1.00  直行间隔=180  aim=0.100/lead  rotate=-0.07
[存盘] 课程元数据 model_t41517056_stage1_stage2_linear.curriculum.json  stage=stage2_linear  bot=linear v=1.00
[存盘] runs/curriculum_aim/20260922_225205/checkpoints/model_t41517056_stage1_stage2_linear.zip
[评测] 开始（100 局）…
  [评测进度] 10/100  kill(命中/开火)=0.303  direct(直击/开火)=0.152  弹数=33
  [评测进度] 20/100  kill(命中/开火)=0.295  direct(直击/开火)=0.131  弹数=61
  [评测进度] 30/100  kill(命中/开火)=0.290  direct(直击/开火)=0.118  弹数=93
  [评测进度] 40/100  kill(命中/开火)=0.325  direct(直击/开火)=0.135  弹数=126
  [评测进度] 50/100  kill(命中/开火)=0.311  direct(直击/开火)=0.122  弹数=164
  [评测进度] 60/100  kill(命中/开火)=0.318  direct(直击/开火)=0.126  弹数=198
  [评测进度] 70/100  kill(命中/开火)=0.293  direct(直击/开火)=0.110  弹数=246
  [评测进度] 80/100  kill(命中/开火)=0.294  direct(直击/开火)=0.121  弹数=282
  [评测进度] 90/100  kill(命中/开火)=0.286  direct(直击/开火)=0.116  弹数=318
  [评测进度] 100/100  kill(命中/开火)=0.283  direct(直击/开火)=0.120  弹数=350
------------------------------------------------------------
[评测] 阶段=stage2_linear  局数=100
  kill_rate(命中/开火) = 0.283  hit_rate(直击/开火) = 0.120  中位TTK = 600
  TTK口径     : 首直击步数；无直击=该局结束步数（评测步限封顶）
  晋级条件 直击/开火 hit_rate≥0.06  当前=0.120  → 指标达标
  附加门槛 : 需对手速度≥1.00（当前=1.00）
  转向阶梯中 : phase=3  rotate=-0.07  （此期间不晋级下一阶段，只按 hit_rate 下调转向）
  未晋级阶段：转向阶梯进行中（属预期）
------------------------------------------------------------
[进度] 41,533,440/100,000,000 (41.5%)  FPS≈1339  阶段=stage2_linear  速度=1.00  直行间隔=180  aim=0.100/lead  rotate=-0.07
[进度] 41,549,824/100,000,000 (41.5%)  FPS≈1328  阶段=stage2_linear  速度=1.00  直行间隔=180  aim=0.100/lead  rotate=-0.07
[进度] 41,566,208/100,000,000 (41.6%)  FPS≈1359  阶段=stage2_linear  速度=1.00  直行间隔=180  aim=0.100/lead  rotate=-0.07
[进度] 41,582,592/100,000,000 (41.6%)  FPS≈1323  阶段=stage2_linear  速度=1.00  直行间隔=180  aim=0.100/lead  rotate=-0.07
[进度] 41,598,976/100,000,000 (41.6%)  FPS≈1439  阶段=stage2_linear  速度=1.00  直行间隔=180  aim=0.100/lead  rotate=-0.07
[进度] 41,615,360/100,000,000 (41.6%)  FPS≈1445  阶段=stage2_linear  速度=1.00  直行间隔=180  aim=0.100/lead  rotate=-0.07
[进度] 41,631,744/100,000,000 (41.6%)  FPS≈1282  阶段=stage2_linear  速度=1.00  直行间隔=180  aim=0.100/lead  rotate=-0.07
[存盘] 课程元数据 model_t41631744_stage1_stage2_linear.curriculum.json  stage=stage2_linear  bot=linear v=1.00
[存盘] runs/curriculum_aim/20260922_225205/checkpoints/model_t41631744_stage1_stage2_linear.zip
[评测] 开始（100 局）…
  [评测进度] 10/100  kill(命中/开火)=0.158  direct(直击/开火)=0.053  弹数=38
  [评测进度] 20/100  kill(命中/开火)=0.195  direct(直击/开火)=0.061  弹数=82
  [评测进度] 30/100  kill(命中/开火)=0.213  direct(直击/开火)=0.071  弹数=127
  [评测进度] 40/100  kill(命中/开火)=0.259  direct(直击/开火)=0.089  弹数=158
  [评测进度] 50/100  kill(命中/开火)=0.285  direct(直击/开火)=0.098  弹数=193
  [评测进度] 60/100  kill(命中/开火)=0.297  direct(直击/开火)=0.108  弹数=232
  [评测进度] 70/100  kill(命中/开火)=0.298  direct(直击/开火)=0.103  弹数=272
  [评测进度] 80/100  kill(命中/开火)=0.305  direct(直击/开火)=0.113  弹数=311
  [评测进度] 90/100  kill(命中/开火)=0.306  direct(直击/开火)=0.114  弹数=350
  [评测进度] 100/100  kill(命中/开火)=0.310  direct(直击/开火)=0.116  弹数=387
------------------------------------------------------------
[评测] 阶段=stage2_linear  局数=100
  kill_rate(命中/开火) = 0.310  hit_rate(直击/开火) = 0.116  中位TTK = 600
  TTK口径     : 首直击步数；无直击=该局结束步数（评测步限封顶）
  晋级条件 直击/开火 hit_rate≥0.06  当前=0.116  → 指标达标
  附加门槛 : 需对手速度≥1.00（当前=1.00）
  转向阶梯中 : phase=3  rotate=-0.07  （此期间不晋级下一阶段，只按 hit_rate 下调转向）
  未晋级阶段：转向阶梯进行中（属预期）
------------------------------------------------------------
[进度] 41,648,128/100,000,000 (41.6%)  FPS≈1404  阶段=stage2_linear  速度=1.00  直行间隔=180  aim=0.100/lead  rotate=-0.07
[进度] 41,664,512/100,000,000 (41.7%)  FPS≈1331  阶段=stage2_linear  速度=1.00  直行间隔=180  aim=0.100/lead  rotate=-0.07
[进度] 41,680,896/100,000,000 (41.7%)  FPS≈1347  阶段=stage2_linear  速度=1.00  直行间隔=180  aim=0.100/lead  rotate=-0.07
[进度] 41,697,280/100,000,000 (41.7%)  FPS≈1480  阶段=stage2_linear  速度=1.00  直行间隔=180  aim=0.100/lead  rotate=-0.07
[进度] 41,713,664/100,000,000 (41.7%)  FPS≈1229  阶段=stage2_linear  速度=1.00  直行间隔=180  aim=0.100/lead  rotate=-0.07
[进度] 41,730,048/100,000,000 (41.7%)  FPS≈1320  阶段=stage2_linear  速度=1.00  直行间隔=180  aim=0.100/lead  rotate=-0.07
[进度] 41,746,432/100,000,000 (41.7%)  FPS≈1451  阶段=stage2_linear  速度=1.00  直行间隔=180  aim=0.100/lead  rotate=-0.07
[存盘] 课程元数据 model_t41746432_stage1_stage2_linear.curriculum.json  stage=stage2_linear  bot=linear v=1.00
[存盘] runs/curriculum_aim/20260922_225205/checkpoints/model_t41746432_stage1_stage2_linear.zip
[评测] 开始（100 局）…
  [评测进度] 10/100  kill(命中/开火)=0.324  direct(直击/开火)=0.189  弹数=37
  [评测进度] 20/100  kill(命中/开火)=0.282  direct(直击/开火)=0.141  弹数=71
  [评测进度] 30/100  kill(命中/开火)=0.235  direct(直击/开火)=0.109  弹数=119
  [评测进度] 40/100  kill(命中/开火)=0.264  direct(直击/开火)=0.107  弹数=159
  [评测进度] 50/100  kill(命中/开火)=0.278  direct(直击/开火)=0.116  弹数=198
  [评测进度] 60/100  kill(命中/开火)=0.263  direct(直击/开火)=0.113  弹数=240
  [评测进度] 70/100  kill(命中/开火)=0.268  direct(直击/开火)=0.107  弹数=280
  [评测进度] 80/100  kill(命中/开火)=0.289  direct(直击/开火)=0.114  弹数=315
  [评测进度] 90/100  kill(命中/开火)=0.289  direct(直击/开火)=0.120  弹数=342
  [评测进度] 100/100  kill(命中/开火)=0.293  direct(直击/开火)=0.125  弹数=375
------------------------------------------------------------
[评测] 阶段=stage2_linear  局数=100
  kill_rate(命中/开火) = 0.293  hit_rate(直击/开火) = 0.125  中位TTK = 600
  TTK口径     : 首直击步数；无直击=该局结束步数（评测步限封顶）
  晋级条件 直击/开火 hit_rate≥0.06  当前=0.125  → 指标达标
  附加门槛 : 需对手速度≥1.00（当前=1.00）
  转向阶梯中 : phase=3  rotate=-0.07  （此期间不晋级下一阶段，只按 hit_rate 下调转向）
  未晋级阶段：转向阶梯进行中（属预期）
------------------------------------------------------------
[进度] 41,762,816/100,000,000 (41.8%)  FPS≈1422  阶段=stage2_linear  速度=1.00  直行间隔=180  aim=0.100/lead  rotate=-0.07
[进度] 41,779,200/100,000,000 (41.8%)  FPS≈1468  阶段=stage2_linear  速度=1.00  直行间隔=180  aim=0.100/lead  rotate=-0.07
[进度] 41,795,584/100,000,000 (41.8%)  FPS≈1305  阶段=stage2_linear  速度=1.00  直行间隔=180  aim=0.100/lead  rotate=-0.07
[进度] 41,811,968/100,000,000 (41.8%)  FPS≈1261  阶段=stage2_linear  速度=1.00  直行间隔=180  aim=0.100/lead  rotate=-0.07
[进度] 41,828,352/100,000,000 (41.8%)  FPS≈1437  阶段=stage2_linear  速度=1.00  直行间隔=180  aim=0.100/lead  rotate=-0.07
[进度] 41,844,736/100,000,000 (41.8%)  FPS≈1357  阶段=stage2_linear  速度=1.00  直行间隔=180  aim=0.100/lead  rotate=-0.07
[进度] 41,861,120/100,000,000 (41.9%)  FPS≈1546  阶段=stage2_linear  速度=1.00  直行间隔=180  aim=0.100/lead  rotate=-0.07
[存盘] 课程元数据 model_t41861120_stage1_stage2_linear.curriculum.json  stage=stage2_linear  bot=linear v=1.00
[存盘] runs/curriculum_aim/20260922_225205/checkpoints/model_t41861120_stage1_stage2_linear.zip
[评测] 开始（100 局）…
  [评测进度] 10/100  kill(命中/开火)=0.282  direct(直击/开火)=0.103  弹数=39
  [评测进度] 20/100  kill(命中/开火)=0.318  direct(直击/开火)=0.167  弹数=66
  [评测进度] 30/100  kill(命中/开火)=0.330  direct(直击/开火)=0.209  弹数=91
  [评测进度] 40/100  kill(命中/开火)=0.325  direct(直击/开火)=0.179  弹数=123
  [评测进度] 50/100  kill(命中/开火)=0.329  direct(直击/开火)=0.190  弹数=158
  [评测进度] 60/100  kill(命中/开火)=0.330  direct(直击/开火)=0.197  弹数=188
  [评测进度] 70/100  kill(命中/开火)=0.332  direct(直击/开火)=0.184  弹数=223
  [评测进度] 80/100  kill(命中/开火)=0.326  direct(直击/开火)=0.178  弹数=258
  [评测进度] 90/100  kill(命中/开火)=0.329  direct(直击/开火)=0.176  弹数=295
  [评测进度] 100/100  kill(命中/开火)=0.304  direct(直击/开火)=0.161  弹数=342
------------------------------------------------------------
[评测] 阶段=stage2_linear  局数=100
  kill_rate(命中/开火) = 0.304  hit_rate(直击/开火) = 0.161  中位TTK = 514
  TTK口径     : 首直击步数；无直击=该局结束步数（评测步限封顶）
  晋级条件 直击/开火 hit_rate≥0.06  当前=0.161  → 指标达标
  附加门槛 : 需对手速度≥1.00（当前=1.00）
  转向阶梯中 : phase=3  rotate=-0.07  （此期间不晋级下一阶段，只按 hit_rate 下调转向）
  未晋级阶段：转向阶梯进行中（属预期）
------------------------------------------------------------
[进度] 41,877,504/100,000,000 (41.9%)  FPS≈1316  阶段=stage2_linear  速度=1.00  直行间隔=180  aim=0.100/lead  rotate=-0.07
[进度] 41,893,888/100,000,000 (41.9%)  FPS≈1485  阶段=stage2_linear  速度=1.00  直行间隔=180  aim=0.100/lead  rotate=-0.07
[进度] 41,910,272/100,000,000 (41.9%)  FPS≈1400  阶段=stage2_linear  速度=1.00  直行间隔=180  aim=0.100/lead  rotate=-0.07
[进度] 41,926,656/100,000,000 (41.9%)  FPS≈1365  阶段=stage2_linear  速度=1.00  直行间隔=180  aim=0.100/lead  rotate=-0.07
[进度] 41,943,040/100,000,000 (41.9%)  FPS≈1381  阶段=stage2_linear  速度=1.00  直行间隔=180  aim=0.100/lead  rotate=-0.07
[进度] 41,959,424/100,000,000 (42.0%)  FPS≈1335  阶段=stage2_linear  速度=1.00  直行间隔=180  aim=0.100/lead  rotate=-0.07
[进度] 41,975,808/100,000,000 (42.0%)  FPS≈1447  阶段=stage2_linear  速度=1.00  直行间隔=180  aim=0.100/lead  rotate=-0.07
[存盘] 课程元数据 model_t41975808_stage1_stage2_linear.curriculum.json  stage=stage2_linear  bot=linear v=1.00
[存盘] runs/curriculum_aim/20260922_225205/checkpoints/model_t41975808_stage1_stage2_linear.zip
[评测] 开始（100 局）…
  [评测进度] 10/100  kill(命中/开火)=0.316  direct(直击/开火)=0.132  弹数=38
  [评测进度] 20/100  kill(命中/开火)=0.266  direct(直击/开火)=0.101  弹数=79
  [评测进度] 30/100  kill(命中/开火)=0.267  direct(直击/开火)=0.108  弹数=120
  [评测进度] 40/100  kill(命中/开火)=0.258  direct(直击/开火)=0.116  弹数=155
  [评测进度] 50/100  kill(命中/开火)=0.258  direct(直击/开火)=0.126  弹数=190
  [评测进度] 60/100  kill(命中/开火)=0.268  direct(直击/开火)=0.123  弹数=228
  [评测进度] 70/100  kill(命中/开火)=0.270  direct(直击/开火)=0.124  弹数=267
  [评测进度] 80/100  kill(命中/开火)=0.272  direct(直击/开火)=0.128  弹数=298
  [评测进度] 90/100  kill(命中/开火)=0.270  direct(直击/开火)=0.119  弹数=337
  [评测进度] 100/100  kill(命中/开火)=0.264  direct(直击/开火)=0.109  弹数=375
------------------------------------------------------------
[评测] 阶段=stage2_linear  局数=100
  kill_rate(命中/开火) = 0.264  hit_rate(直击/开火) = 0.109  中位TTK = 600
  TTK口径     : 首直击步数；无直击=该局结束步数（评测步限封顶）
  晋级条件 直击/开火 hit_rate≥0.06  当前=0.109  → 指标达标
  附加门槛 : 需对手速度≥1.00（当前=1.00）
  转向阶梯中 : phase=3  rotate=-0.07  （此期间不晋级下一阶段，只按 hit_rate 下调转向）
  未晋级阶段：转向阶梯进行中（属预期）
------------------------------------------------------------
[进度] 41,992,192/100,000,000 (42.0%)  FPS≈1436  阶段=stage2_linear  速度=1.00  直行间隔=180  aim=0.100/lead  rotate=-0.07
[进度] 42,008,576/100,000,000 (42.0%)  FPS≈1312  阶段=stage2_linear  速度=1.00  直行间隔=180  aim=0.100/lead  rotate=-0.07
[进度] 42,024,960/100,000,000 (42.0%)  FPS≈1315  阶段=stage2_linear  速度=1.00  直行间隔=180  aim=0.100/lead  rotate=-0.07
[进度] 42,041,344/100,000,000 (42.0%)  FPS≈1442  阶段=stage2_linear  速度=1.00  直行间隔=180  aim=0.100/lead  rotate=-0.07
[进度] 42,057,728/100,000,000 (42.1%)  FPS≈1458  阶段=stage2_linear  速度=1.00  直行间隔=180  aim=0.100/lead  rotate=-0.07
[进度] 42,074,112/100,000,000 (42.1%)  FPS≈1323  阶段=stage2_linear  速度=1.00  直行间隔=180  aim=0.100/lead  rotate=-0.07
[进度] 42,090,496/100,000,000 (42.1%)  FPS≈1330  阶段=stage2_linear  速度=1.00  直行间隔=180  aim=0.100/lead  rotate=-0.07
[存盘] 课程元数据 model_t42090496_stage1_stage2_linear.curriculum.json  stage=stage2_linear  bot=linear v=1.00
[存盘] runs/curriculum_aim/20260922_225205/checkpoints/model_t42090496_stage1_stage2_linear.zip
[评测] 开始（100 局）…
  [评测进度] 10/100  kill(命中/开火)=0.231  direct(直击/开火)=0.128  弹数=39
  [评测进度] 20/100  kill(命中/开火)=0.221  direct(直击/开火)=0.117  弹数=77
  [评测进度] 30/100  kill(命中/开火)=0.246  direct(直击/开火)=0.119  弹数=118
  [评测进度] 40/100  kill(命中/开火)=0.240  direct(直击/开火)=0.107  弹数=150
  [评测进度] 50/100  kill(命中/开火)=0.253  direct(直击/开火)=0.115  弹数=182
  [评测进度] 60/100  kill(命中/开火)=0.262  direct(直击/开火)=0.109  弹数=229
  [评测进度] 70/100  kill(命中/开火)=0.282  direct(直击/开火)=0.115  弹数=262
  [评测进度] 80/100  kill(命中/开火)=0.274  direct(直击/开火)=0.117  弹数=299
  [评测进度] 90/100  kill(命中/开火)=0.267  direct(直击/开火)=0.117  弹数=341
  [评测进度] 100/100  kill(命中/开火)=0.262  direct(直击/开火)=0.111  弹数=389
------------------------------------------------------------
[评测] 阶段=stage2_linear  局数=100
  kill_rate(命中/开火) = 0.262  hit_rate(直击/开火) = 0.111  中位TTK = 600
  TTK口径     : 首直击步数；无直击=该局结束步数（评测步限封顶）
  晋级条件 直击/开火 hit_rate≥0.06  当前=0.111  → 指标达标
  附加门槛 : 需对手速度≥1.00（当前=1.00）
  转向阶梯中 : phase=3  rotate=-0.07  （此期间不晋级下一阶段，只按 hit_rate 下调转向）
  未晋级阶段：转向阶梯进行中（属预期）
------------------------------------------------------------
[进度] 42,106,880/100,000,000 (42.1%)  FPS≈1430  阶段=stage2_linear  速度=1.00  直行间隔=180  aim=0.100/lead  rotate=-0.07
[进度] 42,123,264/100,000,000 (42.1%)  FPS≈1491  阶段=stage2_linear  速度=1.00  直行间隔=180  aim=0.100/lead  rotate=-0.07
[进度] 42,139,648/100,000,000 (42.1%)  FPS≈1342  阶段=stage2_linear  速度=1.00  直行间隔=180  aim=0.100/lead  rotate=-0.07
[进度] 42,156,032/100,000,000 (42.2%)  FPS≈1283  阶段=stage2_linear  速度=1.00  直行间隔=180  aim=0.100/lead  rotate=-0.07
[进度] 42,172,416/100,000,000 (42.2%)  FPS≈1322  阶段=stage2_linear  速度=1.00  直行间隔=180  aim=0.100/lead  rotate=-0.07
[进度] 42,188,800/100,000,000 (42.2%)  FPS≈1357  阶段=stage2_linear  速度=1.00  直行间隔=180  aim=0.100/lead  rotate=-0.07
[进度] 42,205,184/100,000,000 (42.2%)  FPS≈1405  阶段=stage2_linear  速度=1.00  直行间隔=180  aim=0.100/lead  rotate=-0.07
[存盘] 课程元数据 model_t42205184_stage1_stage2_linear.curriculum.json  stage=stage2_linear  bot=linear v=1.00
[存盘] runs/curriculum_aim/20260922_225205/checkpoints/model_t42205184_stage1_stage2_linear.zip
[评测] 开始（100 局）…
  [评测进度] 10/100  kill(命中/开火)=0.235  direct(直击/开火)=0.147  弹数=34
  [评测进度] 20/100  kill(命中/开火)=0.312  direct(直击/开火)=0.219  弹数=64
  [评测进度] 30/100  kill(命中/开火)=0.293  direct(直击/开火)=0.202  弹数=99
  [评测进度] 40/100  kill(命中/开火)=0.285  direct(直击/开火)=0.185  弹数=130
  [评测进度] 50/100  kill(命中/开火)=0.294  direct(直击/开火)=0.188  弹数=160
  [评测进度] 60/100  kill(命中/开火)=0.308  direct(直击/开火)=0.195  弹数=185
  [评测进度] 70/100  kill(命中/开火)=0.292  direct(直击/开火)=0.181  弹数=226
  [评测进度] 80/100  kill(命中/开火)=0.302  direct(直击/开火)=0.168  弹数=268
  [评测进度] 90/100  kill(命中/开火)=0.290  direct(直击/开火)=0.160  弹数=307
  [评测进度] 100/100  kill(命中/开火)=0.292  direct(直击/开火)=0.153  弹数=346
------------------------------------------------------------
[评测] 阶段=stage2_linear  局数=100
  kill_rate(命中/开火) = 0.292  hit_rate(直击/开火) = 0.153  中位TTK = 540
  TTK口径     : 首直击步数；无直击=该局结束步数（评测步限封顶）
  晋级条件 直击/开火 hit_rate≥0.06  当前=0.153  → 指标达标
  附加门槛 : 需对手速度≥1.00（当前=1.00）
  转向阶梯中 : phase=3  rotate=-0.07  （此期间不晋级下一阶段，只按 hit_rate 下调转向）
  未晋级阶段：转向阶梯进行中（属预期）
------------------------------------------------------------
[进度] 42,221,568/100,000,000 (42.2%)  FPS≈1437  阶段=stage2_linear  速度=1.00  直行间隔=180  aim=0.100/lead  rotate=-0.07
[进度] 42,237,952/100,000,000 (42.2%)  FPS≈1293  阶段=stage2_linear  速度=1.00  直行间隔=180  aim=0.100/lead  rotate=-0.07
[进度] 42,254,336/100,000,000 (42.3%)  FPS≈1458  阶段=stage2_linear  速度=1.00  直行间隔=180  aim=0.100/lead  rotate=-0.07
[进度] 42,270,720/100,000,000 (42.3%)  FPS≈1274  阶段=stage2_linear  速度=1.00  直行间隔=180  aim=0.100/lead  rotate=-0.07
[进度] 42,287,104/100,000,000 (42.3%)  FPS≈1346  阶段=stage2_linear  速度=1.00  直行间隔=180  aim=0.100/lead  rotate=-0.07
[进度] 42,303,488/100,000,000 (42.3%)  FPS≈1406  阶段=stage2_linear  速度=1.00  直行间隔=180  aim=0.100/lead  rotate=-0.07
[进度] 42,319,872/100,000,000 (42.3%)  FPS≈1382  阶段=stage2_linear  速度=1.00  直行间隔=180  aim=0.100/lead  rotate=-0.07
[存盘] 课程元数据 model_t42319872_stage1_stage2_linear.curriculum.json  stage=stage2_linear  bot=linear v=1.00
[存盘] runs/curriculum_aim/20260922_225205/checkpoints/model_t42319872_stage1_stage2_linear.zip
[评测] 开始（100 局）…
  [评测进度] 10/100  kill(命中/开火)=0.343  direct(直击/开火)=0.200  弹数=35
  [评测进度] 20/100  kill(命中/开火)=0.349  direct(直击/开火)=0.206  弹数=63
  [评测进度] 30/100  kill(命中/开火)=0.324  direct(直击/开火)=0.162  弹数=105
  [评测进度] 40/100  kill(命中/开火)=0.317  direct(直击/开火)=0.165  弹数=139
  [评测进度] 50/100  kill(命中/开火)=0.318  direct(直击/开火)=0.156  弹数=179
  [评测进度] 60/100  kill(命中/开火)=0.285  direct(直击/开火)=0.136  弹数=221
  [评测进度] 70/100  kill(命中/开火)=0.287  direct(直击/开火)=0.143  弹数=251
  [评测进度] 80/100  kill(命中/开火)=0.298  direct(直击/开火)=0.145  弹数=282
  [评测进度] 90/100  kill(命中/开火)=0.304  direct(直击/开火)=0.146  弹数=316
  [评测进度] 100/100  kill(命中/开火)=0.316  direct(直击/开火)=0.149  弹数=348
------------------------------------------------------------
[评测] 阶段=stage2_linear  局数=100
  kill_rate(命中/开火) = 0.316  hit_rate(直击/开火) = 0.149  中位TTK = 580
  TTK口径     : 首直击步数；无直击=该局结束步数（评测步限封顶）
  晋级条件 直击/开火 hit_rate≥0.06  当前=0.149  → 指标达标
  附加门槛 : 需对手速度≥1.00（当前=1.00）
  转向阶梯中 : phase=3  rotate=-0.07  （此期间不晋级下一阶段，只按 hit_rate 下调转向）
  未晋级阶段：转向阶梯进行中（属预期）
------------------------------------------------------------
[进度] 42,336,256/100,000,000 (42.3%)  FPS≈1341  阶段=stage2_linear  速度=1.00  直行间隔=180  aim=0.100/lead  rotate=-0.07
[进度] 42,352,640/100,000,000 (42.4%)  FPS≈1511  阶段=stage2_linear  速度=1.00  直行间隔=180  aim=0.100/lead  rotate=-0.07
[进度] 42,369,024/100,000,000 (42.4%)  FPS≈1480  阶段=stage2_linear  速度=1.00  直行间隔=180  aim=0.100/lead  rotate=-0.07
[进度] 42,385,408/100,000,000 (42.4%)  FPS≈1457  阶段=stage2_linear  速度=1.00  直行间隔=180  aim=0.100/lead  rotate=-0.07
[进度] 42,401,792/100,000,000 (42.4%)  FPS≈1303  阶段=stage2_linear  速度=1.00  直行间隔=180  aim=0.100/lead  rotate=-0.07
[进度] 42,418,176/100,000,000 (42.4%)  FPS≈1352  阶段=stage2_linear  速度=1.00  直行间隔=180  aim=0.100/lead  rotate=-0.07
[进度] 42,434,560/100,000,000 (42.4%)  FPS≈1375  阶段=stage2_linear  速度=1.00  直行间隔=180  aim=0.100/lead  rotate=-0.07
[存盘] 课程元数据 model_t42434560_stage1_stage2_linear.curriculum.json  stage=stage2_linear  bot=linear v=1.00
[存盘] runs/curriculum_aim/20260922_225205/checkpoints/model_t42434560_stage1_stage2_linear.zip
[评测] 开始（100 局）…
  [评测进度] 10/100  kill(命中/开火)=0.237  direct(直击/开火)=0.132  弹数=38
  [评测进度] 20/100  kill(命中/开火)=0.253  direct(直击/开火)=0.147  弹数=75
  [评测进度] 30/100  kill(命中/开火)=0.274  direct(直击/开火)=0.145  弹数=117
  [评测进度] 40/100  kill(命中/开火)=0.287  direct(直击/开火)=0.154  弹数=143
  [评测进度] 50/100  kill(命中/开火)=0.282  direct(直击/开火)=0.158  弹数=177
  [评测进度] 60/100  kill(命中/开火)=0.310  direct(直击/开火)=0.160  弹数=213
  [评测进度] 70/100  kill(命中/开火)=0.306  direct(直击/开火)=0.163  弹数=245
  [评测进度] 80/100  kill(命中/开火)=0.295  direct(直击/开火)=0.146  弹数=288
  [评测进度] 90/100  kill(命中/开火)=0.292  direct(直击/开火)=0.143  弹数=329
  [评测进度] 100/100  kill(命中/开火)=0.294  direct(直击/开火)=0.144  弹数=360
------------------------------------------------------------
[评测] 阶段=stage2_linear  局数=100
  kill_rate(命中/开火) = 0.294  hit_rate(直击/开火) = 0.144  中位TTK = 545
  TTK口径     : 首直击步数；无直击=该局结束步数（评测步限封顶）
  晋级条件 直击/开火 hit_rate≥0.06  当前=0.144  → 指标达标
  附加门槛 : 需对手速度≥1.00（当前=1.00）
  转向阶梯中 : phase=3  rotate=-0.07  （此期间不晋级下一阶段，只按 hit_rate 下调转向）
  未晋级阶段：转向阶梯进行中（属预期）
------------------------------------------------------------
[进度] 42,450,944/100,000,000 (42.5%)  FPS≈1389  阶段=stage2_linear  速度=1.00  直行间隔=180  aim=0.100/lead  rotate=-0.07
[进度] 42,467,328/100,000,000 (42.5%)  FPS≈1376  阶段=stage2_linear  速度=1.00  直行间隔=180  aim=0.100/lead  rotate=-0.07
[进度] 42,483,712/100,000,000 (42.5%)  FPS≈1443  阶段=stage2_linear  速度=1.00  直行间隔=180  aim=0.100/lead  rotate=-0.07
[进度] 42,500,096/100,000,000 (42.5%)  FPS≈1313  阶段=stage2_linear  速度=1.00  直行间隔=180  aim=0.100/lead  rotate=-0.07
[进度] 42,516,480/100,000,000 (42.5%)  FPS≈1363  阶段=stage2_linear  速度=1.00  直行间隔=180  aim=0.100/lead  rotate=-0.07
[进度] 42,532,864/100,000,000 (42.5%)  FPS≈1506  阶段=stage2_linear  速度=1.00  直行间隔=180  aim=0.100/lead  rotate=-0.07
[进度] 42,549,248/100,000,000 (42.5%)  FPS≈1307  阶段=stage2_linear  速度=1.00  直行间隔=180  aim=0.100/lead  rotate=-0.07
[存盘] 课程元数据 model_t42549248_stage1_stage2_linear.curriculum.json  stage=stage2_linear  bot=linear v=1.00
[存盘] runs/curriculum_aim/20260922_225205/checkpoints/model_t42549248_stage1_stage2_linear.zip
[评测] 开始（100 局）…
  [评测进度] 10/100  kill(命中/开火)=0.250  direct(直击/开火)=0.159  弹数=44
  [评测进度] 20/100  kill(命中/开火)=0.405  direct(直击/开火)=0.216  弹数=74
  [评测进度] 30/100  kill(命中/开火)=0.379  direct(直击/开火)=0.214  弹数=103
  [评测进度] 40/100  kill(命中/开火)=0.319  direct(直击/开火)=0.167  弹数=144
  [评测进度] 50/100  kill(命中/开火)=0.297  direct(直击/开火)=0.154  弹数=182
  [评测进度] 60/100  kill(命中/开火)=0.294  direct(直击/开火)=0.151  弹数=218
  [评测进度] 70/100  kill(命中/开火)=0.296  direct(直击/开火)=0.156  弹数=257
  [评测进度] 80/100  kill(命中/开火)=0.288  direct(直击/开火)=0.156  弹数=288
  [评测进度] 90/100  kill(命中/开火)=0.283  direct(直击/开火)=0.154  弹数=325
  [评测进度] 100/100  kill(命中/开火)=0.289  direct(直击/开火)=0.164  弹数=353
------------------------------------------------------------
[评测] 阶段=stage2_linear  局数=100
  kill_rate(命中/开火) = 0.289  hit_rate(直击/开火) = 0.164  中位TTK = 520
  TTK口径     : 首直击步数；无直击=该局结束步数（评测步限封顶）
  晋级条件 直击/开火 hit_rate≥0.06  当前=0.164  → 指标达标
  附加门槛 : 需对手速度≥1.00（当前=1.00）
  转向阶梯中 : phase=3  rotate=-0.07  （此期间不晋级下一阶段，只按 hit_rate 下调转向）
  未晋级阶段：转向阶梯进行中（属预期）
------------------------------------------------------------
[进度] 42,565,632/100,000,000 (42.6%)  FPS≈1514  阶段=stage2_linear  速度=1.00  直行间隔=180  aim=0.100/lead  rotate=-0.07
[进度] 42,582,016/100,000,000 (42.6%)  FPS≈1311  阶段=stage2_linear  速度=1.00  直行间隔=180  aim=0.100/lead  rotate=-0.07
[进度] 42,598,400/100,000,000 (42.6%)  FPS≈1327  阶段=stage2_linear  速度=1.00  直行间隔=180  aim=0.100/lead  rotate=-0.07
[进度] 42,614,784/100,000,000 (42.6%)  FPS≈1423  阶段=stage2_linear  速度=1.00  直行间隔=180  aim=0.100/lead  rotate=-0.07
[进度] 42,631,168/100,000,000 (42.6%)  FPS≈1359  阶段=stage2_linear  速度=1.00  直行间隔=180  aim=0.100/lead  rotate=-0.07
[进度] 42,647,552/100,000,000 (42.6%)  FPS≈1362  阶段=stage2_linear  速度=1.00  直行间隔=180  aim=0.100/lead  rotate=-0.07
[进度] 42,663,936/100,000,000 (42.7%)  FPS≈1372  阶段=stage2_linear  速度=1.00  直行间隔=180  aim=0.100/lead  rotate=-0.07
[存盘] 课程元数据 model_t42663936_stage1_stage2_linear.curriculum.json  stage=stage2_linear  bot=linear v=1.00
[存盘] runs/curriculum_aim/20260922_225205/checkpoints/model_t42663936_stage1_stage2_linear.zip
[评测] 开始（100 局）…
  [评测进度] 10/100  kill(命中/开火)=0.214  direct(直击/开火)=0.119  弹数=42
  [评测进度] 20/100  kill(命中/开火)=0.237  direct(直击/开火)=0.132  弹数=76
  [评测进度] 30/100  kill(命中/开火)=0.239  direct(直击/开火)=0.156  弹数=109
  [评测进度] 40/100  kill(命中/开火)=0.282  direct(直击/开火)=0.155  弹数=142
  [评测进度] 50/100  kill(命中/开火)=0.273  direct(直击/开火)=0.159  弹数=176
  [评测进度] 60/100  kill(命中/开火)=0.258  direct(直击/开火)=0.146  弹数=213
  [评测进度] 70/100  kill(命中/开火)=0.261  direct(直击/开火)=0.145  弹数=249
  [评测进度] 80/100  kill(命中/开火)=0.273  direct(直击/开火)=0.158  弹数=278
  [评测进度] 90/100  kill(命中/开火)=0.265  direct(直击/开火)=0.148  弹数=325
  [评测进度] 100/100  kill(命中/开火)=0.266  direct(直击/开火)=0.155  弹数=354
------------------------------------------------------------
[评测] 阶段=stage2_linear  局数=100
  kill_rate(命中/开火) = 0.266  hit_rate(直击/开火) = 0.155  中位TTK = 494
  TTK口径     : 首直击步数；无直击=该局结束步数（评测步限封顶）
  晋级条件 直击/开火 hit_rate≥0.06  当前=0.155  → 指标达标
  附加门槛 : 需对手速度≥1.00（当前=1.00）
  转向阶梯中 : phase=3  rotate=-0.07  （此期间不晋级下一阶段，只按 hit_rate 下调转向）
  未晋级阶段：转向阶梯进行中（属预期）
------------------------------------------------------------
[进度] 42,680,320/100,000,000 (42.7%)  FPS≈1383  阶段=stage2_linear  速度=1.00  直行间隔=180  aim=0.100/lead  rotate=-0.07
[进度] 42,696,704/100,000,000 (42.7%)  FPS≈1486  阶段=stage2_linear  速度=1.00  直行间隔=180  aim=0.100/lead  rotate=-0.07
[进度] 42,713,088/100,000,000 (42.7%)  FPS≈1387  阶段=stage2_linear  速度=1.00  直行间隔=180  aim=0.100/lead  rotate=-0.07
[进度] 42,729,472/100,000,000 (42.7%)  FPS≈1474  阶段=stage2_linear  速度=1.00  直行间隔=180  aim=0.100/lead  rotate=-0.07
[进度] 42,745,856/100,000,000 (42.7%)  FPS≈1332  阶段=stage2_linear  速度=1.00  直行间隔=180  aim=0.100/lead  rotate=-0.07
[进度] 42,762,240/100,000,000 (42.8%)  FPS≈1308  阶段=stage2_linear  速度=1.00  直行间隔=180  aim=0.100/lead  rotate=-0.07
[进度] 42,778,624/100,000,000 (42.8%)  FPS≈1358  阶段=stage2_linear  速度=1.00  直行间隔=180  aim=0.100/lead  rotate=-0.07
[存盘] 课程元数据 model_t42778624_stage1_stage2_linear.curriculum.json  stage=stage2_linear  bot=linear v=1.00
[存盘] runs/curriculum_aim/20260922_225205/checkpoints/model_t42778624_stage1_stage2_linear.zip
[评测] 开始（100 局）…
  [评测进度] 10/100  kill(命中/开火)=0.286  direct(直击/开火)=0.071  弹数=42
  [评测进度] 20/100  kill(命中/开火)=0.273  direct(直击/开火)=0.104  弹数=77
  [评测进度] 30/100  kill(命中/开火)=0.307  direct(直击/开火)=0.132  弹数=114
  [评测进度] 40/100  kill(命中/开火)=0.311  direct(直击/开火)=0.142  弹数=148
  [评测进度] 50/100  kill(命中/开火)=0.337  direct(直击/开火)=0.149  弹数=181
  [评测进度] 60/100  kill(命中/开火)=0.336  direct(直击/开火)=0.145  弹数=214
  [评测进度] 70/100  kill(命中/开火)=0.328  direct(直击/开火)=0.146  弹数=247
  [评测进度] 80/100  kill(命中/开火)=0.316  direct(直击/开火)=0.134  弹数=291
  [评测进度] 90/100  kill(命中/开火)=0.316  direct(直击/开火)=0.131  弹数=329
  [评测进度] 100/100  kill(命中/开火)=0.308  direct(直击/开火)=0.137  弹数=364
------------------------------------------------------------
[评测] 阶段=stage2_linear  局数=100
  kill_rate(命中/开火) = 0.308  hit_rate(直击/开火) = 0.137  中位TTK = 596
  TTK口径     : 首直击步数；无直击=该局结束步数（评测步限封顶）
  晋级条件 直击/开火 hit_rate≥0.06  当前=0.137  → 指标达标
  附加门槛 : 需对手速度≥1.00（当前=1.00）
  转向阶梯中 : phase=3  rotate=-0.07  （此期间不晋级下一阶段，只按 hit_rate 下调转向）
  未晋级阶段：转向阶梯进行中（属预期）
------------------------------------------------------------
[进度] 42,795,008/100,000,000 (42.8%)  FPS≈1530  阶段=stage2_linear  速度=1.00  直行间隔=180  aim=0.100/lead  rotate=-0.07
[进度] 42,811,392/100,000,000 (42.8%)  FPS≈1309  阶段=stage2_linear  速度=1.00  直行间隔=180  aim=0.100/lead  rotate=-0.07
[进度] 42,827,776/100,000,000 (42.8%)  FPS≈1431  阶段=stage2_linear  速度=1.00  直行间隔=180  aim=0.100/lead  rotate=-0.07
[进度] 42,844,160/100,000,000 (42.8%)  FPS≈1295  阶段=stage2_linear  速度=1.00  直行间隔=180  aim=0.100/lead  rotate=-0.07
[进度] 42,860,544/100,000,000 (42.9%)  FPS≈1334  阶段=stage2_linear  速度=1.00  直行间隔=180  aim=0.100/lead  rotate=-0.07
[进度] 42,876,928/100,000,000 (42.9%)  FPS≈1421  阶段=stage2_linear  速度=1.00  直行间隔=180  aim=0.100/lead  rotate=-0.07
[进度] 42,893,312/100,000,000 (42.9%)  FPS≈1293  阶段=stage2_linear  速度=1.00  直行间隔=180  aim=0.100/lead  rotate=-0.07
[存盘] 课程元数据 model_t42893312_stage1_stage2_linear.curriculum.json  stage=stage2_linear  bot=linear v=1.00
[存盘] runs/curriculum_aim/20260922_225205/checkpoints/model_t42893312_stage1_stage2_linear.zip
[评测] 开始（100 局）…
  [评测进度] 10/100  kill(命中/开火)=0.357  direct(直击/开火)=0.214  弹数=28
  [评测进度] 20/100  kill(命中/开火)=0.379  direct(直击/开火)=0.136  弹数=66
  [评测进度] 30/100  kill(命中/开火)=0.330  direct(直击/开火)=0.136  弹数=103
  [评测进度] 40/100  kill(命中/开火)=0.314  direct(直击/开火)=0.146  弹数=137
  [评测进度] 50/100  kill(命中/开火)=0.320  direct(直击/开火)=0.137  弹数=175
  [评测进度] 60/100  kill(命中/开火)=0.341  direct(直击/开火)=0.156  弹数=205
  [评测进度] 70/100  kill(命中/开火)=0.349  direct(直击/开火)=0.145  弹数=241
  [评测进度] 80/100  kill(命中/开火)=0.331  direct(直击/开火)=0.128  弹数=290
  [评测进度] 90/100  kill(命中/开火)=0.320  direct(直击/开火)=0.129  弹数=325
  [评测进度] 100/100  kill(命中/开火)=0.306  direct(直击/开火)=0.117  弹数=366
------------------------------------------------------------
[评测] 阶段=stage2_linear  局数=100
  kill_rate(命中/开火) = 0.306  hit_rate(直击/开火) = 0.117  中位TTK = 600
  TTK口径     : 首直击步数；无直击=该局结束步数（评测步限封顶）
  晋级条件 直击/开火 hit_rate≥0.06  当前=0.117  → 指标达标
  附加门槛 : 需对手速度≥1.00（当前=1.00）
  转向阶梯中 : phase=3  rotate=-0.07  （此期间不晋级下一阶段，只按 hit_rate 下调转向）
  未晋级阶段：转向阶梯进行中（属预期）
------------------------------------------------------------
[进度] 42,909,696/100,000,000 (42.9%)  FPS≈1357  阶段=stage2_linear  速度=1.00  直行间隔=180  aim=0.100/lead  rotate=-0.07
[进度] 42,926,080/100,000,000 (42.9%)  FPS≈1531  阶段=stage2_linear  速度=1.00  直行间隔=180  aim=0.100/lead  rotate=-0.07
[进度] 42,942,464/100,000,000 (42.9%)  FPS≈1297  阶段=stage2_linear  速度=1.00  直行间隔=180  aim=0.100/lead  rotate=-0.07
[进度] 42,958,848/100,000,000 (43.0%)  FPS≈1427  阶段=stage2_linear  速度=1.00  直行间隔=180  aim=0.100/lead  rotate=-0.07
[进度] 42,975,232/100,000,000 (43.0%)  FPS≈1353  阶段=stage2_linear  速度=1.00  直行间隔=180  aim=0.100/lead  rotate=-0.07
[进度] 42,991,616/100,000,000 (43.0%)  FPS≈1287  阶段=stage2_linear  速度=1.00  直行间隔=180  aim=0.100/lead  rotate=-0.07
[进度] 43,008,000/100,000,000 (43.0%)  FPS≈1252  阶段=stage2_linear  速度=1.00  直行间隔=180  aim=0.100/lead  rotate=-0.07
[存盘] 课程元数据 model_t43008000_stage1_stage2_linear.curriculum.json  stage=stage2_linear  bot=linear v=1.00
[存盘] runs/curriculum_aim/20260922_225205/checkpoints/model_t43008000_stage1_stage2_linear.zip
[评测] 开始（100 局）…
  [评测进度] 10/100  kill(命中/开火)=0.189  direct(直击/开火)=0.108  弹数=37
  [评测进度] 20/100  kill(命中/开火)=0.269  direct(直击/开火)=0.149  弹数=67
  [评测进度] 30/100  kill(命中/开火)=0.283  direct(直击/开火)=0.162  弹数=99
  [评测进度] 40/100  kill(命中/开火)=0.273  direct(直击/开火)=0.152  弹数=132
  [评测进度] 50/100  kill(命中/开火)=0.287  direct(直击/开火)=0.162  弹数=167
  [评测进度] 60/100  kill(命中/开火)=0.294  direct(直击/开火)=0.157  弹数=204
  [评测进度] 70/100  kill(命中/开火)=0.296  direct(直击/开火)=0.163  弹数=240
  [评测进度] 80/100  kill(命中/开火)=0.289  direct(直击/开火)=0.144  弹数=284
  [评测进度] 90/100  kill(命中/开火)=0.289  direct(直击/开火)=0.140  弹数=322
  [评测进度] 100/100  kill(命中/开火)=0.272  direct(直击/开火)=0.126  弹数=372
------------------------------------------------------------
[评测] 阶段=stage2_linear  局数=100
  kill_rate(命中/开火) = 0.272  hit_rate(直击/开火) = 0.126  中位TTK = 600
  TTK口径     : 首直击步数；无直击=该局结束步数（评测步限封顶）
  晋级条件 直击/开火 hit_rate≥0.06  当前=0.126  → 指标达标
  附加门槛 : 需对手速度≥1.00（当前=1.00）
  转向阶梯中 : phase=3  rotate=-0.07  （此期间不晋级下一阶段，只按 hit_rate 下调转向）
  未晋级阶段：转向阶梯进行中（属预期）
------------------------------------------------------------
[进度] 43,024,384/100,000,000 (43.0%)  FPS≈1406  阶段=stage2_linear  速度=1.00  直行间隔=180  aim=0.100/lead  rotate=-0.07
[进度] 43,040,768/100,000,000 (43.0%)  FPS≈1335  阶段=stage2_linear  速度=1.00  直行间隔=180  aim=0.100/lead  rotate=-0.07
[进度] 43,057,152/100,000,000 (43.1%)  FPS≈1443  阶段=stage2_linear  速度=1.00  直行间隔=180  aim=0.100/lead  rotate=-0.07
[进度] 43,073,536/100,000,000 (43.1%)  FPS≈1447  阶段=stage2_linear  速度=1.00  直行间隔=180  aim=0.100/lead  rotate=-0.07
[进度] 43,089,920/100,000,000 (43.1%)  FPS≈1499  阶段=stage2_linear  速度=1.00  直行间隔=180  aim=0.100/lead  rotate=-0.07
[进度] 43,106,304/100,000,000 (43.1%)  FPS≈1364  阶段=stage2_linear  速度=1.00  直行间隔=180  aim=0.100/lead  rotate=-0.07
[进度] 43,122,688/100,000,000 (43.1%)  FPS≈1306  阶段=stage2_linear  速度=1.00  直行间隔=180  aim=0.100/lead  rotate=-0.07
[存盘] 课程元数据 model_t43122688_stage1_stage2_linear.curriculum.json  stage=stage2_linear  bot=linear v=1.00
[存盘] runs/curriculum_aim/20260922_225205/checkpoints/model_t43122688_stage1_stage2_linear.zip
[评测] 开始（100 局）…
  [评测进度] 10/100  kill(命中/开火)=0.250  direct(直击/开火)=0.050  弹数=40
  [评测进度] 20/100  kill(命中/开火)=0.232  direct(直击/开火)=0.061  弹数=82
  [评测进度] 30/100  kill(命中/开火)=0.278  direct(直击/开火)=0.087  弹数=115
  [评测进度] 40/100  kill(命中/开火)=0.300  direct(直击/开火)=0.087  弹数=160
  [评测进度] 50/100  kill(命中/开火)=0.308  direct(直击/开火)=0.097  弹数=195
  [评测进度] 60/100  kill(命中/开火)=0.311  direct(直击/开火)=0.090  弹数=244
  [评测进度] 70/100  kill(命中/开火)=0.304  direct(直击/开火)=0.093  弹数=280
  [评测进度] 80/100  kill(命中/开火)=0.292  direct(直击/开火)=0.098  弹数=315
  [评测进度] 90/100  kill(命中/开火)=0.287  direct(直击/开火)=0.108  弹数=352
  [评测进度] 100/100  kill(命中/开火)=0.284  direct(直击/开火)=0.114  弹数=387
------------------------------------------------------------
[评测] 阶段=stage2_linear  局数=100
  kill_rate(命中/开火) = 0.284  hit_rate(直击/开火) = 0.114  中位TTK = 600
  TTK口径     : 首直击步数；无直击=该局结束步数（评测步限封顶）
  晋级条件 直击/开火 hit_rate≥0.06  当前=0.114  → 指标达标
  附加门槛 : 需对手速度≥1.00（当前=1.00）
  转向阶梯中 : phase=3  rotate=-0.07  （此期间不晋级下一阶段，只按 hit_rate 下调转向）
  未晋级阶段：转向阶梯进行中（属预期）
------------------------------------------------------------
[进度] 43,139,072/100,000,000 (43.1%)  FPS≈1348  阶段=stage2_linear  速度=1.00  直行间隔=180  aim=0.100/lead  rotate=-0.07
[进度] 43,155,456/100,000,000 (43.2%)  FPS≈1412  阶段=stage2_linear  速度=1.00  直行间隔=180  aim=0.100/lead  rotate=-0.07
[进度] 43,171,840/100,000,000 (43.2%)  FPS≈1402  阶段=stage2_linear  速度=1.00  直行间隔=180  aim=0.100/lead  rotate=-0.07
[进度] 43,188,224/100,000,000 (43.2%)  FPS≈1426  阶段=stage2_linear  速度=1.00  直行间隔=180  aim=0.100/lead  rotate=-0.07
[进度] 43,204,608/100,000,000 (43.2%)  FPS≈1312  阶段=stage2_linear  速度=1.00  直行间隔=180  aim=0.100/lead  rotate=-0.07
[进度] 43,220,992/100,000,000 (43.2%)  FPS≈1474  阶段=stage2_linear  速度=1.00  直行间隔=180  aim=0.100/lead  rotate=-0.07
[进度] 43,237,376/100,000,000 (43.2%)  FPS≈1469  阶段=stage2_linear  速度=1.00  直行间隔=180  aim=0.100/lead  rotate=-0.07
[存盘] 课程元数据 model_t43237376_stage1_stage2_linear.curriculum.json  stage=stage2_linear  bot=linear v=1.00
[存盘] runs/curriculum_aim/20260922_225205/checkpoints/model_t43237376_stage1_stage2_linear.zip
[评测] 开始（100 局）…
  [评测进度] 10/100  kill(命中/开火)=0.364  direct(直击/开火)=0.212  弹数=33
  [评测进度] 20/100  kill(命中/开火)=0.343  direct(直击/开火)=0.157  弹数=70
  [评测进度] 30/100  kill(命中/开火)=0.346  direct(直击/开火)=0.150  弹数=107
  [评测进度] 40/100  kill(命中/开火)=0.333  direct(直击/开火)=0.159  弹数=138
  [评测进度] 50/100  kill(命中/开火)=0.348  direct(直击/开火)=0.183  弹数=164
  [评测进度] 60/100  kill(命中/开火)=0.348  direct(直击/开火)=0.164  弹数=207
  [评测进度] 70/100  kill(命中/开火)=0.333  direct(直击/开火)=0.147  弹数=252
  [评测进度] 80/100  kill(命中/开火)=0.323  direct(直击/开火)=0.142  弹数=288
  [评测进度] 90/100  kill(命中/开火)=0.318  direct(直击/开火)=0.135  弹数=327
  [评测进度] 100/100  kill(命中/开火)=0.313  direct(直击/开火)=0.127  弹数=371
------------------------------------------------------------
[评测] 阶段=stage2_linear  局数=100
  kill_rate(命中/开火) = 0.313  hit_rate(直击/开火) = 0.127  中位TTK = 600
  TTK口径     : 首直击步数；无直击=该局结束步数（评测步限封顶）
  晋级条件 直击/开火 hit_rate≥0.06  当前=0.127  → 指标达标
  附加门槛 : 需对手速度≥1.00（当前=1.00）
  转向阶梯中 : phase=3  rotate=-0.07  （此期间不晋级下一阶段，只按 hit_rate 下调转向）
  未晋级阶段：转向阶梯进行中（属预期）
------------------------------------------------------------
[进度] 43,253,760/100,000,000 (43.3%)  FPS≈1475  阶段=stage2_linear  速度=1.00  直行间隔=180  aim=0.100/lead  rotate=-0.07
[进度] 43,270,144/100,000,000 (43.3%)  FPS≈1370  阶段=stage2_linear  速度=1.00  直行间隔=180  aim=0.100/lead  rotate=-0.07
[进度] 43,286,528/100,000,000 (43.3%)  FPS≈1454  阶段=stage2_linear  速度=1.00  直行间隔=180  aim=0.100/lead  rotate=-0.07
[进度] 43,302,912/100,000,000 (43.3%)  FPS≈1414  阶段=stage2_linear  速度=1.00  直行间隔=180  aim=0.100/lead  rotate=-0.07
[进度] 43,319,296/100,000,000 (43.3%)  FPS≈1435  阶段=stage2_linear  速度=1.00  直行间隔=180  aim=0.100/lead  rotate=-0.07
[进度] 43,335,680/100,000,000 (43.3%)  FPS≈1483  阶段=stage2_linear  速度=1.00  直行间隔=180  aim=0.100/lead  rotate=-0.07
[进度] 43,352,064/100,000,000 (43.4%)  FPS≈1216  阶段=stage2_linear  速度=1.00  直行间隔=180  aim=0.100/lead  rotate=-0.07
[存盘] 课程元数据 model_t43352064_stage1_stage2_linear.curriculum.json  stage=stage2_linear  bot=linear v=1.00
[存盘] runs/curriculum_aim/20260922_225205/checkpoints/model_t43352064_stage1_stage2_linear.zip
[评测] 开始（100 局）…
  [评测进度] 10/100  kill(命中/开火)=0.244  direct(直击/开火)=0.098  弹数=41
  [评测进度] 20/100  kill(命中/开火)=0.277  direct(直击/开火)=0.096  弹数=83
  [评测进度] 30/100  kill(命中/开火)=0.306  direct(直击/开火)=0.097  弹数=124
  [评测进度] 40/100  kill(命中/开火)=0.276  direct(直击/开火)=0.086  弹数=163
  [评测进度] 50/100  kill(命中/开火)=0.285  direct(直击/开火)=0.085  弹数=200
  [评测进度] 60/100  kill(命中/开火)=0.296  direct(直击/开火)=0.083  弹数=240
  [评测进度] 70/100  kill(命中/开火)=0.295  direct(直击/开火)=0.089  弹数=271
  [评测进度] 80/100  kill(命中/开火)=0.302  direct(直击/开火)=0.097  弹数=308
  [评测进度] 90/100  kill(命中/开火)=0.289  direct(直击/开火)=0.100  弹数=339
  [评测进度] 100/100  kill(命中/开火)=0.286  direct(直击/开火)=0.102  弹数=374
------------------------------------------------------------
[评测] 阶段=stage2_linear  局数=100
  kill_rate(命中/开火) = 0.286  hit_rate(直击/开火) = 0.102  中位TTK = 600
  TTK口径     : 首直击步数；无直击=该局结束步数（评测步限封顶）
  晋级条件 直击/开火 hit_rate≥0.06  当前=0.102  → 指标达标
  附加门槛 : 需对手速度≥1.00（当前=1.00）
  转向阶梯中 : phase=3  rotate=-0.07  （此期间不晋级下一阶段，只按 hit_rate 下调转向）
  未晋级阶段：转向阶梯进行中（属预期）
------------------------------------------------------------
[进度] 43,368,448/100,000,000 (43.4%)  FPS≈1444  阶段=stage2_linear  速度=1.00  直行间隔=180  aim=0.100/lead  rotate=-0.07
[进度] 43,384,832/100,000,000 (43.4%)  FPS≈1384  阶段=stage2_linear  速度=1.00  直行间隔=180  aim=0.100/lead  rotate=-0.07
[进度] 43,401,216/100,000,000 (43.4%)  FPS≈1527  阶段=stage2_linear  速度=1.00  直行间隔=180  aim=0.100/lead  rotate=-0.07
[进度] 43,417,600/100,000,000 (43.4%)  FPS≈1368  阶段=stage2_linear  速度=1.00  直行间隔=180  aim=0.100/lead  rotate=-0.07
[进度] 43,433,984/100,000,000 (43.4%)  FPS≈1342  阶段=stage2_linear  速度=1.00  直行间隔=180  aim=0.100/lead  rotate=-0.07
[进度] 43,450,368/100,000,000 (43.5%)  FPS≈1439  阶段=stage2_linear  速度=1.00  直行间隔=180  aim=0.100/lead  rotate=-0.07
[进度] 43,466,752/100,000,000 (43.5%)  FPS≈1379  阶段=stage2_linear  速度=1.00  直行间隔=180  aim=0.100/lead  rotate=-0.07
[存盘] 课程元数据 model_t43466752_stage1_stage2_linear.curriculum.json  stage=stage2_linear  bot=linear v=1.00
[存盘] runs/curriculum_aim/20260922_225205/checkpoints/model_t43466752_stage1_stage2_linear.zip
[评测] 开始（100 局）…
  [评测进度] 10/100  kill(命中/开火)=0.167  direct(直击/开火)=0.071  弹数=42
  [评测进度] 20/100  kill(命中/开火)=0.243  direct(直击/开火)=0.149  弹数=74
  [评测进度] 30/100  kill(命中/开火)=0.272  direct(直击/开火)=0.132  弹数=114
  [评测进度] 40/100  kill(命中/开火)=0.260  direct(直击/开火)=0.123  弹数=154
  [评测进度] 50/100  kill(命中/开火)=0.253  direct(直击/开火)=0.124  弹数=186
  [评测进度] 60/100  kill(命中/开火)=0.272  direct(直击/开火)=0.134  弹数=217
  [评测进度] 70/100  kill(命中/开火)=0.269  direct(直击/开火)=0.147  弹数=245
  [评测进度] 80/100  kill(命中/开火)=0.269  direct(直击/开火)=0.141  弹数=283
  [评测进度] 90/100  kill(命中/开火)=0.268  direct(直击/开火)=0.144  弹数=313
  [评测进度] 100/100  kill(命中/开火)=0.268  direct(直击/开火)=0.152  弹数=343
------------------------------------------------------------
[评测] 阶段=stage2_linear  局数=100
  kill_rate(命中/开火) = 0.268  hit_rate(直击/开火) = 0.152  中位TTK = 536
  TTK口径     : 首直击步数；无直击=该局结束步数（评测步限封顶）
  晋级条件 直击/开火 hit_rate≥0.06  当前=0.152  → 指标达标
  附加门槛 : 需对手速度≥1.00（当前=1.00）
  转向阶梯中 : phase=3  rotate=-0.07  （此期间不晋级下一阶段，只按 hit_rate 下调转向）
  未晋级阶段：转向阶梯进行中（属预期）
------------------------------------------------------------
[进度] 43,483,136/100,000,000 (43.5%)  FPS≈1463  阶段=stage2_linear  速度=1.00  直行间隔=180  aim=0.100/lead  rotate=-0.07
[进度] 43,499,520/100,000,000 (43.5%)  FPS≈1367  阶段=stage2_linear  速度=1.00  直行间隔=180  aim=0.100/lead  rotate=-0.07
[进度] 43,515,904/100,000,000 (43.5%)  FPS≈1420  阶段=stage2_linear  速度=1.00  直行间隔=180  aim=0.100/lead  rotate=-0.07
[进度] 43,532,288/100,000,000 (43.5%)  FPS≈1304  阶段=stage2_linear  速度=1.00  直行间隔=180  aim=0.100/lead  rotate=-0.07
[进度] 43,548,672/100,000,000 (43.5%)  FPS≈1363  阶段=stage2_linear  速度=1.00  直行间隔=180  aim=0.100/lead  rotate=-0.07
[进度] 43,565,056/100,000,000 (43.6%)  FPS≈1451  阶段=stage2_linear  速度=1.00  直行间隔=180  aim=0.100/lead  rotate=-0.07
[进度] 43,581,440/100,000,000 (43.6%)  FPS≈1304  阶段=stage2_linear  速度=1.00  直行间隔=180  aim=0.100/lead  rotate=-0.07
[存盘] 课程元数据 model_t43581440_stage1_stage2_linear.curriculum.json  stage=stage2_linear  bot=linear v=1.00
[存盘] runs/curriculum_aim/20260922_225205/checkpoints/model_t43581440_stage1_stage2_linear.zip
[评测] 开始（100 局）…
  [评测进度] 10/100  kill(命中/开火)=0.276  direct(直击/开火)=0.103  弹数=29
  [评测进度] 20/100  kill(命中/开火)=0.232  direct(直击/开火)=0.101  弹数=69
  [评测进度] 30/100  kill(命中/开火)=0.257  direct(直击/开火)=0.095  弹数=105
  [评测进度] 40/100  kill(命中/开火)=0.277  direct(直击/开火)=0.113  弹数=141
  [评测进度] 50/100  kill(命中/开火)=0.285  direct(直击/开火)=0.106  弹数=179
  [评测进度] 60/100  kill(命中/开火)=0.283  direct(直击/开火)=0.110  弹数=219
  [评测进度] 70/100  kill(命中/开火)=0.280  direct(直击/开火)=0.113  弹数=257
  [评测进度] 80/100  kill(命中/开火)=0.291  direct(直击/开火)=0.118  弹数=296
  [评测进度] 90/100  kill(命中/开火)=0.291  direct(直击/开火)=0.112  弹数=340
  [评测进度] 100/100  kill(命中/开火)=0.281  direct(直击/开火)=0.104  弹数=384
------------------------------------------------------------
[评测] 阶段=stage2_linear  局数=100
  kill_rate(命中/开火) = 0.281  hit_rate(直击/开火) = 0.104  中位TTK = 600
  TTK口径     : 首直击步数；无直击=该局结束步数（评测步限封顶）
  晋级条件 直击/开火 hit_rate≥0.06  当前=0.104  → 指标达标
  附加门槛 : 需对手速度≥1.00（当前=1.00）
  转向阶梯中 : phase=3  rotate=-0.07  （此期间不晋级下一阶段，只按 hit_rate 下调转向）
  未晋级阶段：转向阶梯进行中（属预期）
------------------------------------------------------------
[进度] 43,597,824/100,000,000 (43.6%)  FPS≈1439  阶段=stage2_linear  速度=1.00  直行间隔=180  aim=0.100/lead  rotate=-0.07
[进度] 43,614,208/100,000,000 (43.6%)  FPS≈1498  阶段=stage2_linear  速度=1.00  直行间隔=180  aim=0.100/lead  rotate=-0.07
[进度] 43,630,592/100,000,000 (43.6%)  FPS≈1267  阶段=stage2_linear  速度=1.00  直行间隔=180  aim=0.100/lead  rotate=-0.07
[进度] 43,646,976/100,000,000 (43.6%)  FPS≈1293  阶段=stage2_linear  速度=1.00  直行间隔=180  aim=0.100/lead  rotate=-0.07
[进度] 43,663,360/100,000,000 (43.7%)  FPS≈1369  阶段=stage2_linear  速度=1.00  直行间隔=180  aim=0.100/lead  rotate=-0.07
[进度] 43,679,744/100,000,000 (43.7%)  FPS≈1462  阶段=stage2_linear  速度=1.00  直行间隔=180  aim=0.100/lead  rotate=-0.07
[进度] 43,696,128/100,000,000 (43.7%)  FPS≈1343  阶段=stage2_linear  速度=1.00  直行间隔=180  aim=0.100/lead  rotate=-0.07
[存盘] 课程元数据 model_t43696128_stage1_stage2_linear.curriculum.json  stage=stage2_linear  bot=linear v=1.00
[存盘] runs/curriculum_aim/20260922_225205/checkpoints/model_t43696128_stage1_stage2_linear.zip
[评测] 开始（100 局）…
  [评测进度] 10/100  kill(命中/开火)=0.333  direct(直击/开火)=0.091  弹数=33
  [评测进度] 20/100  kill(命中/开火)=0.413  direct(直击/开火)=0.175  弹数=63
  [评测进度] 30/100  kill(命中/开火)=0.381  direct(直击/开火)=0.114  弹数=105
  [评测进度] 40/100  kill(命中/开火)=0.361  direct(直击/开火)=0.128  弹数=133
  [评测进度] 50/100  kill(命中/开火)=0.352  direct(直击/开火)=0.132  弹数=159
  [评测进度] 60/100  kill(命中/开火)=0.340  direct(直击/开火)=0.125  弹数=200
  [评测进度] 70/100  kill(命中/开火)=0.338  direct(直击/开火)=0.122  弹数=237
  [评测进度] 80/100  kill(命中/开火)=0.335  direct(直击/开火)=0.112  弹数=278
  [评测进度] 90/100  kill(命中/开火)=0.326  direct(直击/开火)=0.109  弹数=313
  [评测进度] 100/100  kill(命中/开火)=0.329  direct(直击/开火)=0.110  弹数=346
------------------------------------------------------------
[评测] 阶段=stage2_linear  局数=100
  kill_rate(命中/开火) = 0.329  hit_rate(直击/开火) = 0.110  中位TTK = 600
  TTK口径     : 首直击步数；无直击=该局结束步数（评测步限封顶）
  晋级条件 直击/开火 hit_rate≥0.06  当前=0.110  → 指标达标
  附加门槛 : 需对手速度≥1.00（当前=1.00）
  转向阶梯中 : phase=3  rotate=-0.07  （此期间不晋级下一阶段，只按 hit_rate 下调转向）
  未晋级阶段：转向阶梯进行中（属预期）
------------------------------------------------------------
[进度] 43,712,512/100,000,000 (43.7%)  FPS≈1335  阶段=stage2_linear  速度=1.00  直行间隔=180  aim=0.100/lead  rotate=-0.07
[进度] 43,728,896/100,000,000 (43.7%)  FPS≈1385  阶段=stage2_linear  速度=1.00  直行间隔=180  aim=0.100/lead  rotate=-0.07
[进度] 43,745,280/100,000,000 (43.7%)  FPS≈1362  阶段=stage2_linear  速度=1.00  直行间隔=180  aim=0.100/lead  rotate=-0.07
[进度] 43,761,664/100,000,000 (43.8%)  FPS≈1381  阶段=stage2_linear  速度=1.00  直行间隔=180  aim=0.100/lead  rotate=-0.07
[进度] 43,778,048/100,000,000 (43.8%)  FPS≈1359  阶段=stage2_linear  速度=1.00  直行间隔=180  aim=0.100/lead  rotate=-0.07
[进度] 43,794,432/100,000,000 (43.8%)  FPS≈1278  阶段=stage2_linear  速度=1.00  直行间隔=180  aim=0.100/lead  rotate=-0.07
[进度] 43,810,816/100,000,000 (43.8%)  FPS≈1468  阶段=stage2_linear  速度=1.00  直行间隔=180  aim=0.100/lead  rotate=-0.07
[存盘] 课程元数据 model_t43810816_stage1_stage2_linear.curriculum.json  stage=stage2_linear  bot=linear v=1.00
[存盘] runs/curriculum_aim/20260922_225205/checkpoints/model_t43810816_stage1_stage2_linear.zip
[评测] 开始（100 局）…
  [评测进度] 10/100  kill(命中/开火)=0.282  direct(直击/开火)=0.128  弹数=39
  [评测进度] 20/100  kill(命中/开火)=0.318  direct(直击/开火)=0.167  弹数=66
  [评测进度] 30/100  kill(命中/开火)=0.337  direct(直击/开火)=0.184  弹数=98
  [评测进度] 40/100  kill(命中/开火)=0.359  direct(直击/开火)=0.176  弹数=131
  [评测进度] 50/100  kill(命中/开火)=0.358  direct(直击/开火)=0.182  弹数=165
  [评测进度] 60/100  kill(命中/开火)=0.351  direct(直击/开火)=0.173  弹数=202
  [评测进度] 70/100  kill(命中/开火)=0.339  direct(直击/开火)=0.165  弹数=236
  [评测进度] 80/100  kill(命中/开火)=0.326  direct(直击/开火)=0.152  弹数=276
  [评测进度] 90/100  kill(命中/开火)=0.320  direct(直击/开火)=0.149  弹数=309
  [评测进度] 100/100  kill(命中/开火)=0.324  direct(直击/开火)=0.156  弹数=339
------------------------------------------------------------
[评测] 阶段=stage2_linear  局数=100
  kill_rate(命中/开火) = 0.324  hit_rate(直击/开火) = 0.156  中位TTK = 569
  TTK口径     : 首直击步数；无直击=该局结束步数（评测步限封顶）
  晋级条件 直击/开火 hit_rate≥0.06  当前=0.156  → 指标达标
  附加门槛 : 需对手速度≥1.00（当前=1.00）
  转向阶梯中 : phase=3  rotate=-0.07  （此期间不晋级下一阶段，只按 hit_rate 下调转向）
  未晋级阶段：转向阶梯进行中（属预期）
------------------------------------------------------------
[进度] 43,827,200/100,000,000 (43.8%)  FPS≈1441  阶段=stage2_linear  速度=1.00  直行间隔=180  aim=0.100/lead  rotate=-0.07
[进度] 43,843,584/100,000,000 (43.8%)  FPS≈1481  阶段=stage2_linear  速度=1.00  直行间隔=180  aim=0.100/lead  rotate=-0.07
[进度] 43,859,968/100,000,000 (43.9%)  FPS≈1406  阶段=stage2_linear  速度=1.00  直行间隔=180  aim=0.100/lead  rotate=-0.07
[进度] 43,876,352/100,000,000 (43.9%)  FPS≈1380  阶段=stage2_linear  速度=1.00  直行间隔=180  aim=0.100/lead  rotate=-0.07
[进度] 43,892,736/100,000,000 (43.9%)  FPS≈1332  阶段=stage2_linear  速度=1.00  直行间隔=180  aim=0.100/lead  rotate=-0.07
[进度] 43,909,120/100,000,000 (43.9%)  FPS≈1504  阶段=stage2_linear  速度=1.00  直行间隔=180  aim=0.100/lead  rotate=-0.07
[进度] 43,925,504/100,000,000 (43.9%)  FPS≈1394  阶段=stage2_linear  速度=1.00  直行间隔=180  aim=0.100/lead  rotate=-0.07
[存盘] 课程元数据 model_t43925504_stage1_stage2_linear.curriculum.json  stage=stage2_linear  bot=linear v=1.00
[存盘] runs/curriculum_aim/20260922_225205/checkpoints/model_t43925504_stage1_stage2_linear.zip
[评测] 开始（100 局）…
  [评测进度] 10/100  kill(命中/开火)=0.270  direct(直击/开火)=0.108  弹数=37
  [评测进度] 20/100  kill(命中/开火)=0.321  direct(直击/开火)=0.090  弹数=78
  [评测进度] 30/100  kill(命中/开火)=0.366  direct(直击/开火)=0.107  弹数=112
  [评测进度] 40/100  kill(命中/开火)=0.327  direct(直击/开火)=0.102  弹数=147
  [评测进度] 50/100  kill(命中/开火)=0.316  direct(直击/开火)=0.119  弹数=177
  [评测进度] 60/100  kill(命中/开火)=0.317  direct(直击/开火)=0.111  弹数=208
  [评测进度] 70/100  kill(命中/开火)=0.302  direct(直击/开火)=0.110  弹数=245
  [评测进度] 80/100  kill(命中/开火)=0.320  direct(直击/开火)=0.126  弹数=269
  [评测进度] 90/100  kill(命中/开火)=0.313  direct(直击/开火)=0.118  弹数=313
  [评测进度] 100/100  kill(命中/开火)=0.323  direct(直击/开火)=0.121  弹数=347
------------------------------------------------------------
[评测] 阶段=stage2_linear  局数=100
  kill_rate(命中/开火) = 0.323  hit_rate(直击/开火) = 0.121  中位TTK = 600
  TTK口径     : 首直击步数；无直击=该局结束步数（评测步限封顶）
  晋级条件 直击/开火 hit_rate≥0.06  当前=0.121  → 指标达标
  附加门槛 : 需对手速度≥1.00（当前=1.00）
  转向阶梯中 : phase=3  rotate=-0.07  （此期间不晋级下一阶段，只按 hit_rate 下调转向）
  未晋级阶段：转向阶梯进行中（属预期）
------------------------------------------------------------
[进度] 43,941,888/100,000,000 (43.9%)  FPS≈1404  阶段=stage2_linear  速度=1.00  直行间隔=180  aim=0.100/lead  rotate=-0.07
[进度] 43,958,272/100,000,000 (44.0%)  FPS≈1326  阶段=stage2_linear  速度=1.00  直行间隔=180  aim=0.100/lead  rotate=-0.07
[进度] 43,974,656/100,000,000 (44.0%)  FPS≈1377  阶段=stage2_linear  速度=1.00  直行间隔=180  aim=0.100/lead  rotate=-0.07
[进度] 43,991,040/100,000,000 (44.0%)  FPS≈1503  阶段=stage2_linear  速度=1.00  直行间隔=180  aim=0.100/lead  rotate=-0.07
[进度] 44,007,424/100,000,000 (44.0%)  FPS≈1513  阶段=stage2_linear  速度=1.00  直行间隔=180  aim=0.100/lead  rotate=-0.07
[进度] 44,023,808/100,000,000 (44.0%)  FPS≈1520  阶段=stage2_linear  速度=1.00  直行间隔=180  aim=0.100/lead  rotate=-0.07
[进度] 44,040,192/100,000,000 (44.0%)  FPS≈1279  阶段=stage2_linear  速度=1.00  直行间隔=180  aim=0.100/lead  rotate=-0.07
[存盘] 课程元数据 model_t44040192_stage1_stage2_linear.curriculum.json  stage=stage2_linear  bot=linear v=1.00
[存盘] runs/curriculum_aim/20260922_225205/checkpoints/model_t44040192_stage1_stage2_linear.zip
[评测] 开始（100 局）…
  [评测进度] 10/100  kill(命中/开火)=0.400  direct(直击/开火)=0.320  弹数=25
  [评测进度] 20/100  kill(命中/开火)=0.290  direct(直击/开火)=0.177  弹数=62
  [评测进度] 30/100  kill(命中/开火)=0.303  direct(直击/开火)=0.172  弹数=99
  [评测进度] 40/100  kill(命中/开火)=0.280  direct(直击/开火)=0.159  弹数=132
  [评测进度] 50/100  kill(命中/开火)=0.284  direct(直击/开火)=0.142  弹数=169
  [评测进度] 60/100  kill(命中/开火)=0.296  direct(直击/开火)=0.161  弹数=199
  [评测进度] 70/100  kill(命中/开火)=0.293  direct(直击/开火)=0.138  弹数=239
  [评测进度] 80/100  kill(命中/开火)=0.289  direct(直击/开火)=0.137  弹数=277
  [评测进度] 90/100  kill(命中/开火)=0.296  direct(直击/开火)=0.140  弹数=307
  [评测进度] 100/100  kill(命中/开火)=0.287  direct(直击/开火)=0.127  弹数=355
------------------------------------------------------------
[评测] 阶段=stage2_linear  局数=100
  kill_rate(命中/开火) = 0.287  hit_rate(直击/开火) = 0.127  中位TTK = 600
  TTK口径     : 首直击步数；无直击=该局结束步数（评测步限封顶）
  晋级条件 直击/开火 hit_rate≥0.06  当前=0.127  → 指标达标
  附加门槛 : 需对手速度≥1.00（当前=1.00）
  转向阶梯中 : phase=3  rotate=-0.07  （此期间不晋级下一阶段，只按 hit_rate 下调转向）
  未晋级阶段：转向阶梯进行中（属预期）
------------------------------------------------------------
[进度] 44,056,576/100,000,000 (44.1%)  FPS≈1393  阶段=stage2_linear  速度=1.00  直行间隔=180  aim=0.100/lead  rotate=-0.07
[进度] 44,072,960/100,000,000 (44.1%)  FPS≈1361  阶段=stage2_linear  速度=1.00  直行间隔=180  aim=0.100/lead  rotate=-0.07
[进度] 44,089,344/100,000,000 (44.1%)  FPS≈1310  阶段=stage2_linear  速度=1.00  直行间隔=180  aim=0.100/lead  rotate=-0.07
[进度] 44,105,728/100,000,000 (44.1%)  FPS≈1336  阶段=stage2_linear  速度=1.00  直行间隔=180  aim=0.100/lead  rotate=-0.07
[进度] 44,122,112/100,000,000 (44.1%)  FPS≈1444  阶段=stage2_linear  速度=1.00  直行间隔=180  aim=0.100/lead  rotate=-0.07
[进度] 44,138,496/100,000,000 (44.1%)  FPS≈1403  阶段=stage2_linear  速度=1.00  直行间隔=180  aim=0.100/lead  rotate=-0.07
[进度] 44,154,880/100,000,000 (44.2%)  FPS≈1351  阶段=stage2_linear  速度=1.00  直行间隔=180  aim=0.100/lead  rotate=-0.07
[存盘] 课程元数据 model_t44154880_stage1_stage2_linear.curriculum.json  stage=stage2_linear  bot=linear v=1.00
[存盘] runs/curriculum_aim/20260922_225205/checkpoints/model_t44154880_stage1_stage2_linear.zip
[评测] 开始（100 局）…
  [评测进度] 10/100  kill(命中/开火)=0.267  direct(直击/开火)=0.167  弹数=30
  [评测进度] 20/100  kill(命中/开火)=0.349  direct(直击/开火)=0.143  弹数=63
  [评测进度] 30/100  kill(命中/开火)=0.357  direct(直击/开火)=0.143  弹数=98
  [评测进度] 40/100  kill(命中/开火)=0.353  direct(直击/开火)=0.120  弹数=133
  [评测进度] 50/100  kill(命中/开火)=0.355  direct(直击/开火)=0.142  弹数=155
  [评测进度] 60/100  kill(命中/开火)=0.352  direct(直击/开火)=0.136  弹数=199
  [评测进度] 70/100  kill(命中/开火)=0.342  direct(直击/开火)=0.134  弹数=231
  [评测进度] 80/100  kill(命中/开火)=0.326  direct(直击/开火)=0.124  弹数=267
  [评测进度] 90/100  kill(命中/开火)=0.324  direct(直击/开火)=0.127  弹数=299
  [评测进度] 100/100  kill(命中/开火)=0.325  direct(直击/开火)=0.131  弹数=329
------------------------------------------------------------
[评测] 阶段=stage2_linear  局数=100
  kill_rate(命中/开火) = 0.325  hit_rate(直击/开火) = 0.131  中位TTK = 600
  TTK口径     : 首直击步数；无直击=该局结束步数（评测步限封顶）
  晋级条件 直击/开火 hit_rate≥0.06  当前=0.131  → 指标达标
  附加门槛 : 需对手速度≥1.00（当前=1.00）
  转向阶梯中 : phase=3  rotate=-0.07  （此期间不晋级下一阶段，只按 hit_rate 下调转向）
  未晋级阶段：转向阶梯进行中（属预期）
------------------------------------------------------------
[进度] 44,171,264/100,000,000 (44.2%)  FPS≈1518  阶段=stage2_linear  速度=1.00  直行间隔=180  aim=0.100/lead  rotate=-0.07
[进度] 44,187,648/100,000,000 (44.2%)  FPS≈1369  阶段=stage2_linear  速度=1.00  直行间隔=180  aim=0.100/lead  rotate=-0.07
[进度] 44,204,032/100,000,000 (44.2%)  FPS≈1409  阶段=stage2_linear  速度=1.00  直行间隔=180  aim=0.100/lead  rotate=-0.07
[进度] 44,220,416/100,000,000 (44.2%)  FPS≈1491  阶段=stage2_linear  速度=1.00  直行间隔=180  aim=0.100/lead  rotate=-0.07
[进度] 44,236,800/100,000,000 (44.2%)  FPS≈1357  阶段=stage2_linear  速度=1.00  直行间隔=180  aim=0.100/lead  rotate=-0.07
[进度] 44,253,184/100,000,000 (44.3%)  FPS≈1294  阶段=stage2_linear  速度=1.00  直行间隔=180  aim=0.100/lead  rotate=-0.07
[进度] 44,269,568/100,000,000 (44.3%)  FPS≈1414  阶段=stage2_linear  速度=1.00  直行间隔=180  aim=0.100/lead  rotate=-0.07
[存盘] 课程元数据 model_t44269568_stage1_stage2_linear.curriculum.json  stage=stage2_linear  bot=linear v=1.00
[存盘] runs/curriculum_aim/20260922_225205/checkpoints/model_t44269568_stage1_stage2_linear.zip
[评测] 开始（100 局）…
  [评测进度] 10/100  kill(命中/开火)=0.382  direct(直击/开火)=0.118  弹数=34
  [评测进度] 20/100  kill(命中/开火)=0.349  direct(直击/开火)=0.159  弹数=63
  [评测进度] 30/100  kill(命中/开火)=0.300  direct(直击/开火)=0.150  弹数=100
  [评测进度] 40/100  kill(命中/开火)=0.301  direct(直击/开火)=0.132  弹数=136
  [评测进度] 50/100  kill(命中/开火)=0.293  direct(直击/开火)=0.126  弹数=167
  [评测进度] 60/100  kill(命中/开火)=0.305  direct(直击/开火)=0.147  弹数=197
  [评测进度] 70/100  kill(命中/开火)=0.300  direct(直击/开火)=0.146  弹数=233
  [评测进度] 80/100  kill(命中/开火)=0.282  direct(直击/开火)=0.136  弹数=273
  [评测进度] 90/100  kill(命中/开火)=0.283  direct(直击/开火)=0.138  弹数=304
  [评测进度] 100/100  kill(命中/开火)=0.271  direct(直击/开火)=0.130  弹数=339
------------------------------------------------------------
[评测] 阶段=stage2_linear  局数=100
  kill_rate(命中/开火) = 0.271  hit_rate(直击/开火) = 0.130  中位TTK = 600
  TTK口径     : 首直击步数；无直击=该局结束步数（评测步限封顶）
  晋级条件 直击/开火 hit_rate≥0.06  当前=0.130  → 指标达标
  附加门槛 : 需对手速度≥1.00（当前=1.00）
  转向阶梯中 : phase=3  rotate=-0.07  （此期间不晋级下一阶段，只按 hit_rate 下调转向）
  未晋级阶段：转向阶梯进行中（属预期）
------------------------------------------------------------
[进度] 44,285,952/100,000,000 (44.3%)  FPS≈1487  阶段=stage2_linear  速度=1.00  直行间隔=180  aim=0.100/lead  rotate=-0.07
[进度] 44,302,336/100,000,000 (44.3%)  FPS≈1348  阶段=stage2_linear  速度=1.00  直行间隔=180  aim=0.100/lead  rotate=-0.07
[进度] 44,318,720/100,000,000 (44.3%)  FPS≈1362  阶段=stage2_linear  速度=1.00  直行间隔=180  aim=0.100/lead  rotate=-0.07
[进度] 44,335,104/100,000,000 (44.3%)  FPS≈1377  阶段=stage2_linear  速度=1.00  直行间隔=180  aim=0.100/lead  rotate=-0.07
[进度] 44,351,488/100,000,000 (44.4%)  FPS≈1521  阶段=stage2_linear  速度=1.00  直行间隔=180  aim=0.100/lead  rotate=-0.07
[进度] 44,367,872/100,000,000 (44.4%)  FPS≈1319  阶段=stage2_linear  速度=1.00  直行间隔=180  aim=0.100/lead  rotate=-0.07
[进度] 44,384,256/100,000,000 (44.4%)  FPS≈1400  阶段=stage2_linear  速度=1.00  直行间隔=180  aim=0.100/lead  rotate=-0.07
[存盘] 课程元数据 model_t44384256_stage1_stage2_linear.curriculum.json  stage=stage2_linear  bot=linear v=1.00
[存盘] runs/curriculum_aim/20260922_225205/checkpoints/model_t44384256_stage1_stage2_linear.zip
[评测] 开始（100 局）…
  [评测进度] 10/100  kill(命中/开火)=0.231  direct(直击/开火)=0.103  弹数=39
  [评测进度] 20/100  kill(命中/开火)=0.195  direct(直击/开火)=0.104  弹数=77
  [评测进度] 30/100  kill(命中/开火)=0.188  direct(直击/开火)=0.085  弹数=117
  [评测进度] 40/100  kill(命中/开火)=0.197  direct(直击/开火)=0.099  弹数=152
  [评测进度] 50/100  kill(命中/开火)=0.220  direct(直击/开火)=0.102  弹数=186
  [评测进度] 60/100  kill(命中/开火)=0.220  direct(直击/开火)=0.099  弹数=223
  [评测进度] 70/100  kill(命中/开火)=0.226  direct(直击/开火)=0.105  弹数=257
  [评测进度] 80/100  kill(命中/开火)=0.225  direct(直击/开火)=0.111  弹数=289
  [评测进度] 90/100  kill(命中/开火)=0.227  direct(直击/开火)=0.112  弹数=330
  [评测进度] 100/100  kill(命中/开火)=0.234  direct(直击/开火)=0.116  弹数=363
------------------------------------------------------------
[评测] 阶段=stage2_linear  局数=100
  kill_rate(命中/开火) = 0.234  hit_rate(直击/开火) = 0.116  中位TTK = 600
  TTK口径     : 首直击步数；无直击=该局结束步数（评测步限封顶）
  晋级条件 直击/开火 hit_rate≥0.06  当前=0.116  → 指标达标
  附加门槛 : 需对手速度≥1.00（当前=1.00）
  转向阶梯中 : phase=3  rotate=-0.07  （此期间不晋级下一阶段，只按 hit_rate 下调转向）
  未晋级阶段：转向阶梯进行中（属预期）
------------------------------------------------------------
[进度] 44,400,640/100,000,000 (44.4%)  FPS≈1408  阶段=stage2_linear  速度=1.00  直行间隔=180  aim=0.100/lead  rotate=-0.07
[进度] 44,417,024/100,000,000 (44.4%)  FPS≈1361  阶段=stage2_linear  速度=1.00  直行间隔=180  aim=0.100/lead  rotate=-0.07
[进度] 44,433,408/100,000,000 (44.4%)  FPS≈1368  阶段=stage2_linear  速度=1.00  直行间隔=180  aim=0.100/lead  rotate=-0.07
[进度] 44,449,792/100,000,000 (44.4%)  FPS≈1500  阶段=stage2_linear  速度=1.00  直行间隔=180  aim=0.100/lead  rotate=-0.07
[进度] 44,466,176/100,000,000 (44.5%)  FPS≈1434  阶段=stage2_linear  速度=1.00  直行间隔=180  aim=0.100/lead  rotate=-0.07
[进度] 44,482,560/100,000,000 (44.5%)  FPS≈1434  阶段=stage2_linear  速度=1.00  直行间隔=180  aim=0.100/lead  rotate=-0.07
[进度] 44,498,944/100,000,000 (44.5%)  FPS≈1409  阶段=stage2_linear  速度=1.00  直行间隔=180  aim=0.100/lead  rotate=-0.07
[存盘] 课程元数据 model_t44498944_stage1_stage2_linear.curriculum.json  stage=stage2_linear  bot=linear v=1.00
[存盘] runs/curriculum_aim/20260922_225205/checkpoints/model_t44498944_stage1_stage2_linear.zip
[评测] 开始（100 局）…
  [评测进度] 10/100  kill(命中/开火)=0.250  direct(直击/开火)=0.167  弹数=36
  [评测进度] 20/100  kill(命中/开火)=0.315  direct(直击/开火)=0.151  弹数=73
  [评测进度] 30/100  kill(命中/开火)=0.319  direct(直击/开火)=0.124  弹数=113
  [评测进度] 40/100  kill(命中/开火)=0.292  direct(直击/开火)=0.117  弹数=154
  [评测进度] 50/100  kill(命中/开火)=0.293  direct(直击/开火)=0.114  弹数=184
  [评测进度] 60/100  kill(命中/开火)=0.285  direct(直击/开火)=0.109  弹数=221
  [评测进度] 70/100  kill(命中/开火)=0.293  direct(直击/开火)=0.109  弹数=256
  [评测进度] 80/100  kill(命中/开火)=0.288  direct(直击/开火)=0.106  弹数=292
  [评测进度] 90/100  kill(命中/开火)=0.312  direct(直击/开火)=0.111  弹数=324
  [评测进度] 100/100  kill(命中/开火)=0.318  direct(直击/开火)=0.112  弹数=365
------------------------------------------------------------
[评测] 阶段=stage2_linear  局数=100
  kill_rate(命中/开火) = 0.318  hit_rate(直击/开火) = 0.112  中位TTK = 600
  TTK口径     : 首直击步数；无直击=该局结束步数（评测步限封顶）
  晋级条件 直击/开火 hit_rate≥0.06  当前=0.112  → 指标达标
  附加门槛 : 需对手速度≥1.00（当前=1.00）
  转向阶梯中 : phase=3  rotate=-0.07  （此期间不晋级下一阶段，只按 hit_rate 下调转向）
  未晋级阶段：转向阶梯进行中（属预期）
------------------------------------------------------------
[进度] 44,515,328/100,000,000 (44.5%)  FPS≈1324  阶段=stage2_linear  速度=1.00  直行间隔=180  aim=0.100/lead  rotate=-0.07
[进度] 44,531,712/100,000,000 (44.5%)  FPS≈1330  阶段=stage2_linear  速度=1.00  直行间隔=180  aim=0.100/lead  rotate=-0.07
[进度] 44,548,096/100,000,000 (44.5%)  FPS≈1317  阶段=stage2_linear  速度=1.00  直行间隔=180  aim=0.100/lead  rotate=-0.07
[进度] 44,564,480/100,000,000 (44.6%)  FPS≈1508  阶段=stage2_linear  速度=1.00  直行间隔=180  aim=0.100/lead  rotate=-0.07
[进度] 44,580,864/100,000,000 (44.6%)  FPS≈1387  阶段=stage2_linear  速度=1.00  直行间隔=180  aim=0.100/lead  rotate=-0.07
[进度] 44,597,248/100,000,000 (44.6%)  FPS≈1368  阶段=stage2_linear  速度=1.00  直行间隔=180  aim=0.100/lead  rotate=-0.07
[进度] 44,613,632/100,000,000 (44.6%)  FPS≈1390  阶段=stage2_linear  速度=1.00  直行间隔=180  aim=0.100/lead  rotate=-0.07
[存盘] 课程元数据 model_t44613632_stage1_stage2_linear.curriculum.json  stage=stage2_linear  bot=linear v=1.00
[存盘] runs/curriculum_aim/20260922_225205/checkpoints/model_t44613632_stage1_stage2_linear.zip
[评测] 开始（100 局）…
  [评测进度] 10/100  kill(命中/开火)=0.293  direct(直击/开火)=0.098  弹数=41
  [评测进度] 20/100  kill(命中/开火)=0.263  direct(直击/开火)=0.105  弹数=76
  [评测进度] 30/100  kill(命中/开火)=0.232  direct(直击/开火)=0.098  弹数=112
  [评测进度] 40/100  kill(命中/开火)=0.231  direct(直击/开火)=0.083  弹数=156
  [评测进度] 50/100  kill(命中/开火)=0.229  direct(直击/开火)=0.068  弹数=205
  [评测进度] 60/100  kill(命中/开火)=0.245  direct(直击/开火)=0.075  弹数=241
  [评测进度] 70/100  kill(命中/开火)=0.243  direct(直击/开火)=0.088  弹数=272
  [评测进度] 80/100  kill(命中/开火)=0.244  direct(直击/开火)=0.090  弹数=311
  [评测进度] 90/100  kill(命中/开火)=0.257  direct(直击/开火)=0.091  弹数=339
  [评测进度] 100/100  kill(命中/开火)=0.258  direct(直击/开火)=0.095  弹数=368
------------------------------------------------------------
[评测] 阶段=stage2_linear  局数=100
  kill_rate(命中/开火) = 0.258  hit_rate(直击/开火) = 0.095  中位TTK = 600
  TTK口径     : 首直击步数；无直击=该局结束步数（评测步限封顶）
  晋级条件 直击/开火 hit_rate≥0.06  当前=0.095  → 指标达标
  附加门槛 : 需对手速度≥1.00（当前=1.00）
  转向阶梯中 : phase=3  rotate=-0.07  （此期间不晋级下一阶段，只按 hit_rate 下调转向）
  未晋级阶段：转向阶梯进行中（属预期）
------------------------------------------------------------
[进度] 44,630,016/100,000,000 (44.6%)  FPS≈1443  阶段=stage2_linear  速度=1.00  直行间隔=180  aim=0.100/lead  rotate=-0.07
[进度] 44,646,400/100,000,000 (44.6%)  FPS≈1261  阶段=stage2_linear  速度=1.00  直行间隔=180  aim=0.100/lead  rotate=-0.07
[进度] 44,662,784/100,000,000 (44.7%)  FPS≈1362  阶段=stage2_linear  速度=1.00  直行间隔=180  aim=0.100/lead  rotate=-0.07
[进度] 44,679,168/100,000,000 (44.7%)  FPS≈1428  阶段=stage2_linear  速度=1.00  直行间隔=180  aim=0.100/lead  rotate=-0.07
[进度] 44,695,552/100,000,000 (44.7%)  FPS≈1456  阶段=stage2_linear  速度=1.00  直行间隔=180  aim=0.100/lead  rotate=-0.07
[进度] 44,711,936/100,000,000 (44.7%)  FPS≈1392  阶段=stage2_linear  速度=1.00  直行间隔=180  aim=0.100/lead  rotate=-0.07
[进度] 44,728,320/100,000,000 (44.7%)  FPS≈1297  阶段=stage2_linear  速度=1.00  直行间隔=180  aim=0.100/lead  rotate=-0.07
[存盘] 课程元数据 model_t44728320_stage1_stage2_linear.curriculum.json  stage=stage2_linear  bot=linear v=1.00
[存盘] runs/curriculum_aim/20260922_225205/checkpoints/model_t44728320_stage1_stage2_linear.zip
[评测] 开始（100 局）…
  [评测进度] 10/100  kill(命中/开火)=0.136  direct(直击/开火)=0.023  弹数=44
  [评测进度] 20/100  kill(命中/开火)=0.222  direct(直击/开火)=0.086  弹数=81
  [评测进度] 30/100  kill(命中/开火)=0.283  direct(直击/开火)=0.097  弹数=113
  [评测进度] 40/100  kill(命中/开火)=0.278  direct(直击/开火)=0.097  弹数=144
  [评测进度] 50/100  kill(命中/开火)=0.279  direct(直击/开火)=0.093  弹数=183
  [评测进度] 60/100  kill(命中/开火)=0.279  direct(直击/开火)=0.105  弹数=219
  [评测进度] 70/100  kill(命中/开火)=0.289  direct(直击/开火)=0.113  弹数=256
  [评测进度] 80/100  kill(命中/开火)=0.296  direct(直击/开火)=0.121  弹数=280
  [评测进度] 90/100  kill(命中/开火)=0.298  direct(直击/开火)=0.120  弹数=309
  [评测进度] 100/100  kill(命中/开火)=0.288  direct(直击/开火)=0.118  弹数=347
------------------------------------------------------------
[评测] 阶段=stage2_linear  局数=100
  kill_rate(命中/开火) = 0.288  hit_rate(直击/开火) = 0.118  中位TTK = 600
  TTK口径     : 首直击步数；无直击=该局结束步数（评测步限封顶）
  晋级条件 直击/开火 hit_rate≥0.06  当前=0.118  → 指标达标
  附加门槛 : 需对手速度≥1.00（当前=1.00）
  转向阶梯中 : phase=3  rotate=-0.07  （此期间不晋级下一阶段，只按 hit_rate 下调转向）
  未晋级阶段：转向阶梯进行中（属预期）
------------------------------------------------------------
[进度] 44,744,704/100,000,000 (44.7%)  FPS≈1456  阶段=stage2_linear  速度=1.00  直行间隔=180  aim=0.100/lead  rotate=-0.07
[进度] 44,761,088/100,000,000 (44.8%)  FPS≈1426  阶段=stage2_linear  速度=1.00  直行间隔=180  aim=0.100/lead  rotate=-0.07
[进度] 44,777,472/100,000,000 (44.8%)  FPS≈1332  阶段=stage2_linear  速度=1.00  直行间隔=180  aim=0.100/lead  rotate=-0.07
[进度] 44,793,856/100,000,000 (44.8%)  FPS≈1296  阶段=stage2_linear  速度=1.00  直行间隔=180  aim=0.100/lead  rotate=-0.07
[进度] 44,810,240/100,000,000 (44.8%)  FPS≈1321  阶段=stage2_linear  速度=1.00  直行间隔=180  aim=0.100/lead  rotate=-0.07
[进度] 44,826,624/100,000,000 (44.8%)  FPS≈1414  阶段=stage2_linear  速度=1.00  直行间隔=180  aim=0.100/lead  rotate=-0.07
[进度] 44,843,008/100,000,000 (44.8%)  FPS≈1354  阶段=stage2_linear  速度=1.00  直行间隔=180  aim=0.100/lead  rotate=-0.07
[存盘] 课程元数据 model_t44843008_stage1_stage2_linear.curriculum.json  stage=stage2_linear  bot=linear v=1.00
[存盘] runs/curriculum_aim/20260922_225205/checkpoints/model_t44843008_stage1_stage2_linear.zip
[评测] 开始（100 局）…
  [评测进度] 10/100  kill(命中/开火)=0.333  direct(直击/开火)=0.152  弹数=33
  [评测进度] 20/100  kill(命中/开火)=0.313  direct(直击/开火)=0.164  弹数=67
  [评测进度] 30/100  kill(命中/开火)=0.340  direct(直击/开火)=0.165  弹数=103
  [评测进度] 40/100  kill(命中/开火)=0.312  direct(直击/开火)=0.156  弹数=141
  [评测进度] 50/100  kill(命中/开火)=0.329  direct(直击/开火)=0.173  弹数=173
  [评测进度] 60/100  kill(命中/开火)=0.324  direct(直击/开火)=0.157  弹数=210
  [评测进度] 70/100  kill(命中/开火)=0.315  direct(直击/开火)=0.155  弹数=251
  [评测进度] 80/100  kill(命中/开火)=0.310  direct(直击/开火)=0.145  弹数=297
  [评测进度] 90/100  kill(命中/开火)=0.298  direct(直击/开火)=0.143  弹数=336
  [评测进度] 100/100  kill(命中/开火)=0.304  direct(直击/开火)=0.140  弹数=372
------------------------------------------------------------
[评测] 阶段=stage2_linear  局数=100
  kill_rate(命中/开火) = 0.304  hit_rate(直击/开火) = 0.140  中位TTK = 554
  TTK口径     : 首直击步数；无直击=该局结束步数（评测步限封顶）
  晋级条件 直击/开火 hit_rate≥0.06  当前=0.140  → 指标达标
  附加门槛 : 需对手速度≥1.00（当前=1.00）
  转向阶梯中 : phase=3  rotate=-0.07  （此期间不晋级下一阶段，只按 hit_rate 下调转向）
  未晋级阶段：转向阶梯进行中（属预期）
------------------------------------------------------------
[进度] 44,859,392/100,000,000 (44.9%)  FPS≈1310  阶段=stage2_linear  速度=1.00  直行间隔=180  aim=0.100/lead  rotate=-0.07
[进度] 44,875,776/100,000,000 (44.9%)  FPS≈1428  阶段=stage2_linear  速度=1.00  直行间隔=180  aim=0.100/lead  rotate=-0.07
[进度] 44,892,160/100,000,000 (44.9%)  FPS≈1486  阶段=stage2_linear  速度=1.00  直行间隔=180  aim=0.100/lead  rotate=-0.07
[进度] 44,908,544/100,000,000 (44.9%)  FPS≈1494  阶段=stage2_linear  速度=1.00  直行间隔=180  aim=0.100/lead  rotate=-0.07
[进度] 44,924,928/100,000,000 (44.9%)  FPS≈1402  阶段=stage2_linear  速度=1.00  直行间隔=180  aim=0.100/lead  rotate=-0.07
[进度] 44,941,312/100,000,000 (44.9%)  FPS≈1417  阶段=stage2_linear  速度=1.00  直行间隔=180  aim=0.100/lead  rotate=-0.07
[进度] 44,957,696/100,000,000 (45.0%)  FPS≈1445  阶段=stage2_linear  速度=1.00  直行间隔=180  aim=0.100/lead  rotate=-0.07
[存盘] 课程元数据 model_t44957696_stage1_stage2_linear.curriculum.json  stage=stage2_linear  bot=linear v=1.00
[存盘] runs/curriculum_aim/20260922_225205/checkpoints/model_t44957696_stage1_stage2_linear.zip
[评测] 开始（100 局）…
  [评测进度] 10/100  kill(命中/开火)=0.268  direct(直击/开火)=0.073  弹数=41
  [评测进度] 20/100  kill(命中/开火)=0.291  direct(直击/开火)=0.081  弹数=86
  [评测进度] 30/100  kill(命中/开火)=0.297  direct(直击/开火)=0.110  弹数=118
  [评测进度] 40/100  kill(命中/开火)=0.284  direct(直击/开火)=0.105  弹数=162
  [评测进度] 50/100  kill(命中/开火)=0.265  direct(直击/开火)=0.105  弹数=200
  [评测进度] 60/100  kill(命中/开火)=0.282  direct(直击/开火)=0.116  弹数=241
  [评测进度] 70/100  kill(命中/开火)=0.265  direct(直击/开火)=0.113  弹数=283
  [评测进度] 80/100  kill(命中/开火)=0.255  direct(直击/开火)=0.102  弹数=325
  [评测进度] 90/100  kill(命中/开火)=0.269  direct(直击/开火)=0.104  弹数=364
  [评测进度] 100/100  kill(命中/开火)=0.276  direct(直击/开火)=0.110  弹数=391
------------------------------------------------------------
[评测] 阶段=stage2_linear  局数=100
  kill_rate(命中/开火) = 0.276  hit_rate(直击/开火) = 0.110  中位TTK = 600
  TTK口径     : 首直击步数；无直击=该局结束步数（评测步限封顶）
  晋级条件 直击/开火 hit_rate≥0.06  当前=0.110  → 指标达标
  附加门槛 : 需对手速度≥1.00（当前=1.00）
  转向阶梯中 : phase=3  rotate=-0.07  （此期间不晋级下一阶段，只按 hit_rate 下调转向）
  未晋级阶段：转向阶梯进行中（属预期）
------------------------------------------------------------
[进度] 44,974,080/100,000,000 (45.0%)  FPS≈1571  阶段=stage2_linear  速度=1.00  直行间隔=180  aim=0.100/lead  rotate=-0.07
[进度] 44,990,464/100,000,000 (45.0%)  FPS≈1574  阶段=stage2_linear  速度=1.00  直行间隔=180  aim=0.100/lead  rotate=-0.07
[进度] 45,006,848/100,000,000 (45.0%)  FPS≈1422  阶段=stage2_linear  速度=1.00  直行间隔=180  aim=0.100/lead  rotate=-0.07
[进度] 45,023,232/100,000,000 (45.0%)  FPS≈1438  阶段=stage2_linear  速度=1.00  直行间隔=180  aim=0.100/lead  rotate=-0.07
[进度] 45,039,616/100,000,000 (45.0%)  FPS≈1301  阶段=stage2_linear  速度=1.00  直行间隔=180  aim=0.100/lead  rotate=-0.07
[进度] 45,056,000/100,000,000 (45.1%)  FPS≈1281  阶段=stage2_linear  速度=1.00  直行间隔=180  aim=0.100/lead  rotate=-0.07
[进度] 45,072,384/100,000,000 (45.1%)  FPS≈1525  阶段=stage2_linear  速度=1.00  直行间隔=180  aim=0.100/lead  rotate=-0.07
[存盘] 课程元数据 model_t45072384_stage1_stage2_linear.curriculum.json  stage=stage2_linear  bot=linear v=1.00
[存盘] runs/curriculum_aim/20260922_225205/checkpoints/model_t45072384_stage1_stage2_linear.zip
[评测] 开始（100 局）…
  [评测进度] 10/100  kill(命中/开火)=0.200  direct(直击/开火)=0.143  弹数=35
  [评测进度] 20/100  kill(命中/开火)=0.162  direct(直击/开火)=0.081  弹数=74
  [评测进度] 30/100  kill(命中/开火)=0.181  direct(直击/开火)=0.086  弹数=116
  [评测进度] 40/100  kill(命中/开火)=0.184  direct(直击/开火)=0.086  弹数=152
  [评测进度] 50/100  kill(命中/开火)=0.198  direct(直击/开火)=0.096  弹数=187
  [评测进度] 60/100  kill(命中/开火)=0.205  direct(直击/开火)=0.094  弹数=224
  [评测进度] 70/100  kill(命中/开火)=0.212  direct(直击/开火)=0.096  弹数=260
  [评测进度] 80/100  kill(命中/开火)=0.219  direct(直击/开火)=0.106  弹数=292
  [评测进度] 90/100  kill(命中/开火)=0.223  direct(直击/开火)=0.098  弹数=336
  [评测进度] 100/100  kill(命中/开火)=0.221  direct(直击/开火)=0.100  弹数=371
------------------------------------------------------------
[评测] 阶段=stage2_linear  局数=100
  kill_rate(命中/开火) = 0.221  hit_rate(直击/开火) = 0.100  中位TTK = 600
  TTK口径     : 首直击步数；无直击=该局结束步数（评测步限封顶）
  晋级条件 直击/开火 hit_rate≥0.06  当前=0.100  → 指标达标
  附加门槛 : 需对手速度≥1.00（当前=1.00）
  转向阶梯中 : phase=3  rotate=-0.07  （此期间不晋级下一阶段，只按 hit_rate 下调转向）
  未晋级阶段：转向阶梯进行中（属预期）
------------------------------------------------------------
[进度] 45,088,768/100,000,000 (45.1%)  FPS≈1439  阶段=stage2_linear  速度=1.00  直行间隔=180  aim=0.100/lead  rotate=-0.07
[进度] 45,105,152/100,000,000 (45.1%)  FPS≈1496  阶段=stage2_linear  速度=1.00  直行间隔=180  aim=0.100/lead  rotate=-0.07
[进度] 45,121,536/100,000,000 (45.1%)  FPS≈1284  阶段=stage2_linear  速度=1.00  直行间隔=180  aim=0.100/lead  rotate=-0.07
[进度] 45,137,920/100,000,000 (45.1%)  FPS≈1386  阶段=stage2_linear  速度=1.00  直行间隔=180  aim=0.100/lead  rotate=-0.07
[进度] 45,154,304/100,000,000 (45.2%)  FPS≈1442  阶段=stage2_linear  速度=1.00  直行间隔=180  aim=0.100/lead  rotate=-0.07
[进度] 45,170,688/100,000,000 (45.2%)  FPS≈1404  阶段=stage2_linear  速度=1.00  直行间隔=180  aim=0.100/lead  rotate=-0.07
[进度] 45,187,072/100,000,000 (45.2%)  FPS≈1395  阶段=stage2_linear  速度=1.00  直行间隔=180  aim=0.100/lead  rotate=-0.07
[存盘] 课程元数据 model_t45187072_stage1_stage2_linear.curriculum.json  stage=stage2_linear  bot=linear v=1.00
[存盘] runs/curriculum_aim/20260922_225205/checkpoints/model_t45187072_stage1_stage2_linear.zip
[评测] 开始（100 局）…
  [评测进度] 10/100  kill(命中/开火)=0.317  direct(直击/开火)=0.146  弹数=41
  [评测进度] 20/100  kill(命中/开火)=0.291  direct(直击/开火)=0.114  弹数=79
  [评测进度] 30/100  kill(命中/开火)=0.283  direct(直击/开火)=0.133  弹数=113
  [评测进度] 40/100  kill(命中/开火)=0.278  direct(直击/开火)=0.119  弹数=151
  [评测进度] 50/100  kill(命中/开火)=0.275  direct(直击/开火)=0.121  弹数=182
  [评测进度] 60/100  kill(命中/开火)=0.285  direct(直击/开火)=0.118  弹数=221
  [评测进度] 70/100  kill(命中/开火)=0.279  direct(直击/开火)=0.113  弹数=265
  [评测进度] 80/100  kill(命中/开火)=0.270  direct(直击/开火)=0.101  弹数=307
  [评测进度] 90/100  kill(命中/开火)=0.286  direct(直击/开火)=0.105  弹数=343
  [评测进度] 100/100  kill(命中/开火)=0.277  direct(直击/开火)=0.102  弹数=382
------------------------------------------------------------
[评测] 阶段=stage2_linear  局数=100
  kill_rate(命中/开火) = 0.277  hit_rate(直击/开火) = 0.102  中位TTK = 600
  TTK口径     : 首直击步数；无直击=该局结束步数（评测步限封顶）
  晋级条件 直击/开火 hit_rate≥0.06  当前=0.102  → 指标达标
  附加门槛 : 需对手速度≥1.00（当前=1.00）
  转向阶梯中 : phase=3  rotate=-0.07  （此期间不晋级下一阶段，只按 hit_rate 下调转向）
  未晋级阶段：转向阶梯进行中（属预期）
------------------------------------------------------------
[进度] 45,203,456/100,000,000 (45.2%)  FPS≈1476  阶段=stage2_linear  速度=1.00  直行间隔=180  aim=0.100/lead  rotate=-0.07
[进度] 45,219,840/100,000,000 (45.2%)  FPS≈1497  阶段=stage2_linear  速度=1.00  直行间隔=180  aim=0.100/lead  rotate=-0.07
[进度] 45,236,224/100,000,000 (45.2%)  FPS≈1398  阶段=stage2_linear  速度=1.00  直行间隔=180  aim=0.100/lead  rotate=-0.07
[进度] 45,252,608/100,000,000 (45.3%)  FPS≈1253  阶段=stage2_linear  速度=1.00  直行间隔=180  aim=0.100/lead  rotate=-0.07
[进度] 45,268,992/100,000,000 (45.3%)  FPS≈1374  阶段=stage2_linear  速度=1.00  直行间隔=180  aim=0.100/lead  rotate=-0.07
[进度] 45,285,376/100,000,000 (45.3%)  FPS≈1359  阶段=stage2_linear  速度=1.00  直行间隔=180  aim=0.100/lead  rotate=-0.07
[进度] 45,301,760/100,000,000 (45.3%)  FPS≈1447  阶段=stage2_linear  速度=1.00  直行间隔=180  aim=0.100/lead  rotate=-0.07
[存盘] 课程元数据 model_t45301760_stage1_stage2_linear.curriculum.json  stage=stage2_linear  bot=linear v=1.00
[存盘] runs/curriculum_aim/20260922_225205/checkpoints/model_t45301760_stage1_stage2_linear.zip
[评测] 开始（100 局）…
  [评测进度] 10/100  kill(命中/开火)=0.237  direct(直击/开火)=0.105  弹数=38
  [评测进度] 20/100  kill(命中/开火)=0.264  direct(直击/开火)=0.139  弹数=72
  [评测进度] 30/100  kill(命中/开火)=0.276  direct(直击/开火)=0.143  弹数=105
  [评测进度] 40/100  kill(命中/开火)=0.252  direct(直击/开火)=0.133  弹数=143
  [评测进度] 50/100  kill(命中/开火)=0.257  direct(直击/开火)=0.143  弹数=175
  [评测进度] 60/100  kill(命中/开火)=0.275  direct(直击/开火)=0.150  弹数=200
  [评测进度] 70/100  kill(命中/开火)=0.291  direct(直击/开火)=0.158  弹数=234
  [评测进度] 80/100  kill(命中/开火)=0.294  direct(直击/开火)=0.151  弹数=272
  [评测进度] 90/100  kill(命中/开火)=0.299  direct(直击/开火)=0.156  弹数=301
  [评测进度] 100/100  kill(命中/开火)=0.299  direct(直击/开火)=0.158  弹数=335
------------------------------------------------------------
[评测] 阶段=stage2_linear  局数=100
  kill_rate(命中/开火) = 0.299  hit_rate(直击/开火) = 0.158  中位TTK = 560
  TTK口径     : 首直击步数；无直击=该局结束步数（评测步限封顶）
  晋级条件 直击/开火 hit_rate≥0.06  当前=0.158  → 指标达标
  附加门槛 : 需对手速度≥1.00（当前=1.00）
  转向阶梯中 : phase=3  rotate=-0.07  （此期间不晋级下一阶段，只按 hit_rate 下调转向）
  未晋级阶段：转向阶梯进行中（属预期）
------------------------------------------------------------
[进度] 45,318,144/100,000,000 (45.3%)  FPS≈1370  阶段=stage2_linear  速度=1.00  直行间隔=180  aim=0.100/lead  rotate=-0.07
[进度] 45,334,528/100,000,000 (45.3%)  FPS≈1401  阶段=stage2_linear  速度=1.00  直行间隔=180  aim=0.100/lead  rotate=-0.07
[进度] 45,350,912/100,000,000 (45.4%)  FPS≈1297  阶段=stage2_linear  速度=1.00  直行间隔=180  aim=0.100/lead  rotate=-0.07
[进度] 45,367,296/100,000,000 (45.4%)  FPS≈1474  阶段=stage2_linear  速度=1.00  直行间隔=180  aim=0.100/lead  rotate=-0.07
[进度] 45,383,680/100,000,000 (45.4%)  FPS≈1480  阶段=stage2_linear  速度=1.00  直行间隔=180  aim=0.100/lead  rotate=-0.07
[进度] 45,400,064/100,000,000 (45.4%)  FPS≈1546  阶段=stage2_linear  速度=1.00  直行间隔=180  aim=0.100/lead  rotate=-0.07
[进度] 45,416,448/100,000,000 (45.4%)  FPS≈1356  阶段=stage2_linear  速度=1.00  直行间隔=180  aim=0.100/lead  rotate=-0.07
[存盘] 课程元数据 model_t45416448_stage1_stage2_linear.curriculum.json  stage=stage2_linear  bot=linear v=1.00
[存盘] runs/curriculum_aim/20260922_225205/checkpoints/model_t45416448_stage1_stage2_linear.zip
[评测] 开始（100 局）…
  [评测进度] 10/100  kill(命中/开火)=0.273  direct(直击/开火)=0.182  弹数=33
  [评测进度] 20/100  kill(命中/开火)=0.306  direct(直击/开火)=0.139  弹数=72
  [评测进度] 30/100  kill(命中/开火)=0.254  direct(直击/开火)=0.114  弹数=114
  [评测进度] 40/100  kill(命中/开火)=0.281  direct(直击/开火)=0.137  弹数=139
  [评测进度] 50/100  kill(命中/开火)=0.294  direct(直击/开火)=0.141  弹数=170
  [评测进度] 60/100  kill(命中/开火)=0.284  direct(直击/开火)=0.128  弹数=211
  [评测进度] 70/100  kill(命中/开火)=0.279  direct(直击/开火)=0.130  弹数=247
  [评测进度] 80/100  kill(命中/开火)=0.279  direct(直击/开火)=0.125  弹数=287
  [评测进度] 90/100  kill(命中/开火)=0.272  direct(直击/开火)=0.119  弹数=327
  [评测进度] 100/100  kill(命中/开火)=0.278  direct(直击/开火)=0.124  弹数=363
------------------------------------------------------------
[评测] 阶段=stage2_linear  局数=100
  kill_rate(命中/开火) = 0.278  hit_rate(直击/开火) = 0.124  中位TTK = 600
  TTK口径     : 首直击步数；无直击=该局结束步数（评测步限封顶）
  晋级条件 直击/开火 hit_rate≥0.06  当前=0.124  → 指标达标
  附加门槛 : 需对手速度≥1.00（当前=1.00）
  转向阶梯中 : phase=3  rotate=-0.07  （此期间不晋级下一阶段，只按 hit_rate 下调转向）
  未晋级阶段：转向阶梯进行中（属预期）
------------------------------------------------------------
[进度] 45,432,832/100,000,000 (45.4%)  FPS≈1424  阶段=stage2_linear  速度=1.00  直行间隔=180  aim=0.100/lead  rotate=-0.07
[进度] 45,449,216/100,000,000 (45.4%)  FPS≈1380  阶段=stage2_linear  速度=1.00  直行间隔=180  aim=0.100/lead  rotate=-0.07
[进度] 45,465,600/100,000,000 (45.5%)  FPS≈1293  阶段=stage2_linear  速度=1.00  直行间隔=180  aim=0.100/lead  rotate=-0.07
[进度] 45,481,984/100,000,000 (45.5%)  FPS≈1451  阶段=stage2_linear  速度=1.00  直行间隔=180  aim=0.100/lead  rotate=-0.07
[进度] 45,498,368/100,000,000 (45.5%)  FPS≈1359  阶段=stage2_linear  速度=1.00  直行间隔=180  aim=0.100/lead  rotate=-0.07
[进度] 45,514,752/100,000,000 (45.5%)  FPS≈1479  阶段=stage2_linear  速度=1.00  直行间隔=180  aim=0.100/lead  rotate=-0.07
[进度] 45,531,136/100,000,000 (45.5%)  FPS≈1368  阶段=stage2_linear  速度=1.00  直行间隔=180  aim=0.100/lead  rotate=-0.07
[存盘] 课程元数据 model_t45531136_stage1_stage2_linear.curriculum.json  stage=stage2_linear  bot=linear v=1.00
[存盘] runs/curriculum_aim/20260922_225205/checkpoints/model_t45531136_stage1_stage2_linear.zip
[评测] 开始（100 局）…
  [评测进度] 10/100  kill(命中/开火)=0.324  direct(直击/开火)=0.147  弹数=34
  [评测进度] 20/100  kill(命中/开火)=0.310  direct(直击/开火)=0.127  弹数=71
  [评测进度] 30/100  kill(命中/开火)=0.302  direct(直击/开火)=0.142  弹数=106
  [评测进度] 40/100  kill(命中/开火)=0.301  direct(直击/开火)=0.147  弹数=143
  [评测进度] 50/100  kill(命中/开火)=0.304  direct(直击/开火)=0.149  弹数=181
  [评测进度] 60/100  kill(命中/开火)=0.308  direct(直击/开火)=0.163  弹数=208
  [评测进度] 70/100  kill(命中/开火)=0.307  direct(直击/开火)=0.162  弹数=241
  [评测进度] 80/100  kill(命中/开火)=0.320  direct(直击/开火)=0.160  弹数=281
  [评测进度] 90/100  kill(命中/开火)=0.322  direct(直击/开火)=0.152  弹数=323
  [评测进度] 100/100  kill(命中/开火)=0.312  direct(直击/开火)=0.146  弹数=362
------------------------------------------------------------
[评测] 阶段=stage2_linear  局数=100
  kill_rate(命中/开火) = 0.312  hit_rate(直击/开火) = 0.146  中位TTK = 584
  TTK口径     : 首直击步数；无直击=该局结束步数（评测步限封顶）
  晋级条件 直击/开火 hit_rate≥0.06  当前=0.146  → 指标达标
  附加门槛 : 需对手速度≥1.00（当前=1.00）
  转向阶梯中 : phase=3  rotate=-0.07  （此期间不晋级下一阶段，只按 hit_rate 下调转向）
  未晋级阶段：转向阶梯进行中（属预期）
------------------------------------------------------------
[进度] 45,547,520/100,000,000 (45.5%)  FPS≈1398  阶段=stage2_linear  速度=1.00  直行间隔=180  aim=0.100/lead  rotate=-0.07
[进度] 45,563,904/100,000,000 (45.6%)  FPS≈1373  阶段=stage2_linear  速度=1.00  直行间隔=180  aim=0.100/lead  rotate=-0.07
[进度] 45,580,288/100,000,000 (45.6%)  FPS≈1467  阶段=stage2_linear  速度=1.00  直行间隔=180  aim=0.100/lead  rotate=-0.07
[进度] 45,596,672/100,000,000 (45.6%)  FPS≈1405  阶段=stage2_linear  速度=1.00  直行间隔=180  aim=0.100/lead  rotate=-0.07
[进度] 45,613,056/100,000,000 (45.6%)  FPS≈1445  阶段=stage2_linear  速度=1.00  直行间隔=180  aim=0.100/lead  rotate=-0.07
[进度] 45,629,440/100,000,000 (45.6%)  FPS≈1360  阶段=stage2_linear  速度=1.00  直行间隔=180  aim=0.100/lead  rotate=-0.07
[进度] 45,645,824/100,000,000 (45.6%)  FPS≈1276  阶段=stage2_linear  速度=1.00  直行间隔=180  aim=0.100/lead  rotate=-0.07
[存盘] 课程元数据 model_t45645824_stage1_stage2_linear.curriculum.json  stage=stage2_linear  bot=linear v=1.00
[存盘] runs/curriculum_aim/20260922_225205/checkpoints/model_t45645824_stage1_stage2_linear.zip
[评测] 开始（100 局）…
  [评测进度] 10/100  kill(命中/开火)=0.261  direct(直击/开火)=0.065  弹数=46
  [评测进度] 20/100  kill(命中/开火)=0.372  direct(直击/开火)=0.115  弹数=78
  [评测进度] 30/100  kill(命中/开火)=0.369  direct(直击/开火)=0.146  弹数=103
  [评测进度] 40/100  kill(命中/开火)=0.307  direct(直击/开火)=0.129  弹数=140
  [评测进度] 50/100  kill(命中/开火)=0.314  direct(直击/开火)=0.131  弹数=175
  [评测进度] 60/100  kill(命中/开火)=0.306  direct(直击/开火)=0.119  弹数=219
  [评测进度] 70/100  kill(命中/开火)=0.305  direct(直击/开火)=0.122  弹数=246
  [评测进度] 80/100  kill(命中/开火)=0.303  direct(直击/开火)=0.116  弹数=294
  [评测进度] 90/100  kill(命中/开火)=0.303  direct(直击/开火)=0.108  弹数=333
  [评测进度] 100/100  kill(命中/开火)=0.293  direct(直击/开火)=0.111  弹数=369
------------------------------------------------------------
[评测] 阶段=stage2_linear  局数=100
  kill_rate(命中/开火) = 0.293  hit_rate(直击/开火) = 0.111  中位TTK = 600
  TTK口径     : 首直击步数；无直击=该局结束步数（评测步限封顶）
  晋级条件 直击/开火 hit_rate≥0.06  当前=0.111  → 指标达标
  附加门槛 : 需对手速度≥1.00（当前=1.00）
  转向阶梯中 : phase=3  rotate=-0.07  （此期间不晋级下一阶段，只按 hit_rate 下调转向）
  未晋级阶段：转向阶梯进行中（属预期）
------------------------------------------------------------
[进度] 45,662,208/100,000,000 (45.7%)  FPS≈1412  阶段=stage2_linear  速度=1.00  直行间隔=180  aim=0.100/lead  rotate=-0.07
[进度] 45,678,592/100,000,000 (45.7%)  FPS≈1326  阶段=stage2_linear  速度=1.00  直行间隔=180  aim=0.100/lead  rotate=-0.07
[进度] 45,694,976/100,000,000 (45.7%)  FPS≈1397  阶段=stage2_linear  速度=1.00  直行间隔=180  aim=0.100/lead  rotate=-0.07
[进度] 45,711,360/100,000,000 (45.7%)  FPS≈1386  阶段=stage2_linear  速度=1.00  直行间隔=180  aim=0.100/lead  rotate=-0.07
[进度] 45,727,744/100,000,000 (45.7%)  FPS≈1356  阶段=stage2_linear  速度=1.00  直行间隔=180  aim=0.100/lead  rotate=-0.07
[进度] 45,744,128/100,000,000 (45.7%)  FPS≈1523  阶段=stage2_linear  速度=1.00  直行间隔=180  aim=0.100/lead  rotate=-0.07
[进度] 45,760,512/100,000,000 (45.8%)  FPS≈1421  阶段=stage2_linear  速度=1.00  直行间隔=180  aim=0.100/lead  rotate=-0.07
[存盘] 课程元数据 model_t45760512_stage1_stage2_linear.curriculum.json  stage=stage2_linear  bot=linear v=1.00
[存盘] runs/curriculum_aim/20260922_225205/checkpoints/model_t45760512_stage1_stage2_linear.zip
[评测] 开始（100 局）…
  [评测进度] 10/100  kill(命中/开火)=0.360  direct(直击/开火)=0.240  弹数=25
  [评测进度] 20/100  kill(命中/开火)=0.373  direct(直击/开火)=0.196  弹数=51
  [评测进度] 30/100  kill(命中/开火)=0.372  direct(直击/开火)=0.192  弹数=78
  [评测进度] 40/100  kill(命中/开火)=0.288  direct(直击/开火)=0.153  弹数=118
  [评测进度] 50/100  kill(命中/开火)=0.278  direct(直击/开火)=0.132  弹数=151
  [评测进度] 60/100  kill(命中/开火)=0.297  direct(直击/开火)=0.146  弹数=185
  [评测进度] 70/100  kill(命中/开火)=0.274  direct(直击/开火)=0.126  弹数=223
  [评测进度] 80/100  kill(命中/开火)=0.286  direct(直击/开火)=0.131  弹数=252
  [评测进度] 90/100  kill(命中/开火)=0.298  direct(直击/开火)=0.125  弹数=295
  [评测进度] 100/100  kill(命中/开火)=0.297  direct(直击/开火)=0.123  弹数=333
------------------------------------------------------------
[评测] 阶段=stage2_linear  局数=100
  kill_rate(命中/开火) = 0.297  hit_rate(直击/开火) = 0.123  中位TTK = 600
  TTK口径     : 首直击步数；无直击=该局结束步数（评测步限封顶）
  晋级条件 直击/开火 hit_rate≥0.06  当前=0.123  → 指标达标
  附加门槛 : 需对手速度≥1.00（当前=1.00）
  转向阶梯中 : phase=3  rotate=-0.07  （此期间不晋级下一阶段，只按 hit_rate 下调转向）
  未晋级阶段：转向阶梯进行中（属预期）
------------------------------------------------------------
[进度] 45,776,896/100,000,000 (45.8%)  FPS≈1423  阶段=stage2_linear  速度=1.00  直行间隔=180  aim=0.100/lead  rotate=-0.07
[进度] 45,793,280/100,000,000 (45.8%)  FPS≈1308  阶段=stage2_linear  速度=1.00  直行间隔=180  aim=0.100/lead  rotate=-0.07
[进度] 45,809,664/100,000,000 (45.8%)  FPS≈1435  阶段=stage2_linear  速度=1.00  直行间隔=180  aim=0.100/lead  rotate=-0.07
[进度] 45,826,048/100,000,000 (45.8%)  FPS≈1366  阶段=stage2_linear  速度=1.00  直行间隔=180  aim=0.100/lead  rotate=-0.07
[进度] 45,842,432/100,000,000 (45.8%)  FPS≈1344  阶段=stage2_linear  速度=1.00  直行间隔=180  aim=0.100/lead  rotate=-0.07
[进度] 45,858,816/100,000,000 (45.9%)  FPS≈1359  阶段=stage2_linear  速度=1.00  直行间隔=180  aim=0.100/lead  rotate=-0.07
[进度] 45,875,200/100,000,000 (45.9%)  FPS≈1322  阶段=stage2_linear  速度=1.00  直行间隔=180  aim=0.100/lead  rotate=-0.07
[存盘] 课程元数据 model_t45875200_stage1_stage2_linear.curriculum.json  stage=stage2_linear  bot=linear v=1.00
[存盘] runs/curriculum_aim/20260922_225205/checkpoints/model_t45875200_stage1_stage2_linear.zip
[评测] 开始（100 局）…
  [评测进度] 10/100  kill(命中/开火)=0.324  direct(直击/开火)=0.147  弹数=34
  [评测进度] 20/100  kill(命中/开火)=0.306  direct(直击/开火)=0.161  弹数=62
  [评测进度] 30/100  kill(命中/开火)=0.295  direct(直击/开火)=0.147  弹数=95
  [评测进度] 40/100  kill(命中/开火)=0.275  direct(直击/开火)=0.130  弹数=138
  [评测进度] 50/100  kill(命中/开火)=0.289  direct(直击/开火)=0.133  弹数=166
  [评测进度] 60/100  kill(命中/开火)=0.273  direct(直击/开火)=0.122  弹数=205
  [评测进度] 70/100  kill(命中/开火)=0.251  direct(直击/开火)=0.113  弹数=247
  [评测进度] 80/100  kill(命中/开火)=0.246  direct(直击/开火)=0.109  弹数=284
  [评测进度] 90/100  kill(命中/开火)=0.241  direct(直击/开火)=0.105  弹数=324
  [评测进度] 100/100  kill(命中/开火)=0.244  direct(直击/开火)=0.107  弹数=365
------------------------------------------------------------
[评测] 阶段=stage2_linear  局数=100
  kill_rate(命中/开火) = 0.244  hit_rate(直击/开火) = 0.107  中位TTK = 600
  TTK口径     : 首直击步数；无直击=该局结束步数（评测步限封顶）
  晋级条件 直击/开火 hit_rate≥0.06  当前=0.107  → 指标达标
  附加门槛 : 需对手速度≥1.00（当前=1.00）
  转向阶梯中 : phase=3  rotate=-0.07  （此期间不晋级下一阶段，只按 hit_rate 下调转向）
  未晋级阶段：转向阶梯进行中（属预期）
------------------------------------------------------------
[进度] 45,891,584/100,000,000 (45.9%)  FPS≈1396  阶段=stage2_linear  速度=1.00  直行间隔=180  aim=0.100/lead  rotate=-0.07
[进度] 45,907,968/100,000,000 (45.9%)  FPS≈1415  阶段=stage2_linear  速度=1.00  直行间隔=180  aim=0.100/lead  rotate=-0.07
[进度] 45,924,352/100,000,000 (45.9%)  FPS≈1295  阶段=stage2_linear  速度=1.00  直行间隔=180  aim=0.100/lead  rotate=-0.07
[进度] 45,940,736/100,000,000 (45.9%)  FPS≈1450  阶段=stage2_linear  速度=1.00  直行间隔=180  aim=0.100/lead  rotate=-0.07
[进度] 45,957,120/100,000,000 (46.0%)  FPS≈1240  阶段=stage2_linear  速度=1.00  直行间隔=180  aim=0.100/lead  rotate=-0.07
[进度] 45,973,504/100,000,000 (46.0%)  FPS≈1321  阶段=stage2_linear  速度=1.00  直行间隔=180  aim=0.100/lead  rotate=-0.07
[进度] 45,989,888/100,000,000 (46.0%)  FPS≈1224  阶段=stage2_linear  速度=1.00  直行间隔=180  aim=0.100/lead  rotate=-0.07
[存盘] 课程元数据 model_t45989888_stage1_stage2_linear.curriculum.json  stage=stage2_linear  bot=linear v=1.00
[存盘] runs/curriculum_aim/20260922_225205/checkpoints/model_t45989888_stage1_stage2_linear.zip
[评测] 开始（100 局）…
  [评测进度] 10/100  kill(命中/开火)=0.219  direct(直击/开火)=0.156  弹数=32
  [评测进度] 20/100  kill(命中/开火)=0.313  direct(直击/开火)=0.194  弹数=67
  [评测进度] 30/100  kill(命中/开火)=0.294  direct(直击/开火)=0.167  弹数=102
  [评测进度] 40/100  kill(命中/开火)=0.289  direct(直击/开火)=0.170  弹数=135
  [评测进度] 50/100  kill(命中/开火)=0.292  direct(直击/开火)=0.173  弹数=168
  [评测进度] 60/100  kill(命中/开火)=0.282  direct(直击/开火)=0.168  弹数=202
  [评测进度] 70/100  kill(命中/开火)=0.284  direct(直击/开火)=0.165  弹数=236
  [评测进度] 80/100  kill(命中/开火)=0.286  direct(直击/开火)=0.169  弹数=266
  [评测进度] 90/100  kill(命中/开火)=0.290  direct(直击/开火)=0.174  弹数=293
  [评测进度] 100/100  kill(命中/开火)=0.296  direct(直击/开火)=0.169  弹数=331
------------------------------------------------------------
[评测] 阶段=stage2_linear  局数=100
  kill_rate(命中/开火) = 0.296  hit_rate(直击/开火) = 0.169  中位TTK = 530
  TTK口径     : 首直击步数；无直击=该局结束步数（评测步限封顶）
  晋级条件 直击/开火 hit_rate≥0.06  当前=0.169  → 指标达标
  附加门槛 : 需对手速度≥1.00（当前=1.00）
  转向阶梯中 : phase=3  rotate=-0.07  （此期间不晋级下一阶段，只按 hit_rate 下调转向）
  未晋级阶段：转向阶梯进行中（属预期）
------------------------------------------------------------
[进度] 46,006,272/100,000,000 (46.0%)  FPS≈1371  阶段=stage2_linear  速度=1.00  直行间隔=180  aim=0.100/lead  rotate=-0.07
[进度] 46,022,656/100,000,000 (46.0%)  FPS≈1423  阶段=stage2_linear  速度=1.00  直行间隔=180  aim=0.100/lead  rotate=-0.07
[进度] 46,039,040/100,000,000 (46.0%)  FPS≈1477  阶段=stage2_linear  速度=1.00  直行间隔=180  aim=0.100/lead  rotate=-0.07
[进度] 46,055,424/100,000,000 (46.1%)  FPS≈1324  阶段=stage2_linear  速度=1.00  直行间隔=180  aim=0.100/lead  rotate=-0.07
[进度] 46,071,808/100,000,000 (46.1%)  FPS≈1408  阶段=stage2_linear  速度=1.00  直行间隔=180  aim=0.100/lead  rotate=-0.07
[进度] 46,088,192/100,000,000 (46.1%)  FPS≈1339  阶段=stage2_linear  速度=1.00  直行间隔=180  aim=0.100/lead  rotate=-0.07
[进度] 46,104,576/100,000,000 (46.1%)  FPS≈1394  阶段=stage2_linear  速度=1.00  直行间隔=180  aim=0.100/lead  rotate=-0.07
[存盘] 课程元数据 model_t46104576_stage1_stage2_linear.curriculum.json  stage=stage2_linear  bot=linear v=1.00
[存盘] runs/curriculum_aim/20260922_225205/checkpoints/model_t46104576_stage1_stage2_linear.zip
[评测] 开始（100 局）…
  [评测进度] 10/100  kill(命中/开火)=0.600  direct(直击/开火)=0.280  弹数=25
  [评测进度] 20/100  kill(命中/开火)=0.409  direct(直击/开火)=0.182  弹数=66
  [评测进度] 30/100  kill(命中/开火)=0.432  direct(直击/开火)=0.221  弹数=95
  [评测进度] 40/100  kill(命中/开火)=0.361  direct(直击/开火)=0.180  弹数=133
  [评测进度] 50/100  kill(命中/开火)=0.372  direct(直击/开火)=0.174  弹数=172
  [评测进度] 60/100  kill(命中/开火)=0.353  direct(直击/开火)=0.159  弹数=207
  [评测进度] 70/100  kill(命中/开火)=0.349  direct(直击/开火)=0.149  弹数=249
  [评测进度] 80/100  kill(命中/开火)=0.351  direct(直击/开火)=0.149  弹数=282
  [评测进度] 90/100  kill(命中/开火)=0.343  direct(直击/开火)=0.147  弹数=312
  [评测进度] 100/100  kill(命中/开火)=0.343  direct(直击/开火)=0.151  弹数=344
------------------------------------------------------------
[评测] 阶段=stage2_linear  局数=100
  kill_rate(命中/开火) = 0.343  hit_rate(直击/开火) = 0.151  中位TTK = 584
  TTK口径     : 首直击步数；无直击=该局结束步数（评测步限封顶）
  晋级条件 直击/开火 hit_rate≥0.06  当前=0.151  → 指标达标
  附加门槛 : 需对手速度≥1.00（当前=1.00）
  转向阶梯中 : phase=3  rotate=-0.07  （此期间不晋级下一阶段，只按 hit_rate 下调转向）
  未晋级阶段：转向阶梯进行中（属预期）
------------------------------------------------------------
[进度] 46,120,960/100,000,000 (46.1%)  FPS≈1453  阶段=stage2_linear  速度=1.00  直行间隔=180  aim=0.100/lead  rotate=-0.07
[进度] 46,137,344/100,000,000 (46.1%)  FPS≈1473  阶段=stage2_linear  速度=1.00  直行间隔=180  aim=0.100/lead  rotate=-0.07
[进度] 46,153,728/100,000,000 (46.2%)  FPS≈1476  阶段=stage2_linear  速度=1.00  直行间隔=180  aim=0.100/lead  rotate=-0.07
[进度] 46,170,112/100,000,000 (46.2%)  FPS≈1198  阶段=stage2_linear  速度=1.00  直行间隔=180  aim=0.100/lead  rotate=-0.07
[进度] 46,186,496/100,000,000 (46.2%)  FPS≈1323  阶段=stage2_linear  速度=1.00  直行间隔=180  aim=0.100/lead  rotate=-0.07
[进度] 46,202,880/100,000,000 (46.2%)  FPS≈1307  阶段=stage2_linear  速度=1.00  直行间隔=180  aim=0.100/lead  rotate=-0.07
[进度] 46,219,264/100,000,000 (46.2%)  FPS≈1418  阶段=stage2_linear  速度=1.00  直行间隔=180  aim=0.100/lead  rotate=-0.07
[存盘] 课程元数据 model_t46219264_stage1_stage2_linear.curriculum.json  stage=stage2_linear  bot=linear v=1.00
[存盘] runs/curriculum_aim/20260922_225205/checkpoints/model_t46219264_stage1_stage2_linear.zip
[评测] 开始（100 局）…
  [评测进度] 10/100  kill(命中/开火)=0.267  direct(直击/开火)=0.167  弹数=30
  [评测进度] 20/100  kill(命中/开火)=0.261  direct(直击/开火)=0.116  弹数=69
  [评测进度] 30/100  kill(命中/开火)=0.252  direct(直击/开火)=0.112  弹数=107
  [评测进度] 40/100  kill(命中/开火)=0.272  direct(直击/开火)=0.116  弹数=147
  [评测进度] 50/100  kill(命中/开火)=0.293  direct(直击/开火)=0.116  弹数=181
  [评测进度] 60/100  kill(命中/开火)=0.297  direct(直击/开火)=0.124  弹数=209
  [评测进度] 70/100  kill(命中/开火)=0.305  direct(直击/开火)=0.132  弹数=243
  [评测进度] 80/100  kill(命中/开火)=0.307  direct(直击/开火)=0.136  弹数=280
  [评测进度] 90/100  kill(命中/开火)=0.301  direct(直击/开火)=0.138  弹数=312
  [评测进度] 100/100  kill(命中/开火)=0.285  direct(直击/开火)=0.127  弹数=354
------------------------------------------------------------
[评测] 阶段=stage2_linear  局数=100
  kill_rate(命中/开火) = 0.285  hit_rate(直击/开火) = 0.127  中位TTK = 600
  TTK口径     : 首直击步数；无直击=该局结束步数（评测步限封顶）
  晋级条件 直击/开火 hit_rate≥0.06  当前=0.127  → 指标达标
  附加门槛 : 需对手速度≥1.00（当前=1.00）
  转向阶梯中 : phase=3  rotate=-0.07  （此期间不晋级下一阶段，只按 hit_rate 下调转向）
  未晋级阶段：转向阶梯进行中（属预期）
------------------------------------------------------------
[进度] 46,235,648/100,000,000 (46.2%)  FPS≈1362  阶段=stage2_linear  速度=1.00  直行间隔=180  aim=0.100/lead  rotate=-0.07
[进度] 46,252,032/100,000,000 (46.3%)  FPS≈1348  阶段=stage2_linear  速度=1.00  直行间隔=180  aim=0.100/lead  rotate=-0.07
[进度] 46,268,416/100,000,000 (46.3%)  FPS≈1270  阶段=stage2_linear  速度=1.00  直行间隔=180  aim=0.100/lead  rotate=-0.07
[进度] 46,284,800/100,000,000 (46.3%)  FPS≈1414  阶段=stage2_linear  速度=1.00  直行间隔=180  aim=0.100/lead  rotate=-0.07
[进度] 46,301,184/100,000,000 (46.3%)  FPS≈1410  阶段=stage2_linear  速度=1.00  直行间隔=180  aim=0.100/lead  rotate=-0.07
[进度] 46,317,568/100,000,000 (46.3%)  FPS≈1339  阶段=stage2_linear  速度=1.00  直行间隔=180  aim=0.100/lead  rotate=-0.07
[进度] 46,333,952/100,000,000 (46.3%)  FPS≈1493  阶段=stage2_linear  速度=1.00  直行间隔=180  aim=0.100/lead  rotate=-0.07
[存盘] 课程元数据 model_t46333952_stage1_stage2_linear.curriculum.json  stage=stage2_linear  bot=linear v=1.00
[存盘] runs/curriculum_aim/20260922_225205/checkpoints/model_t46333952_stage1_stage2_linear.zip
[评测] 开始（100 局）…
  [评测进度] 10/100  kill(命中/开火)=0.294  direct(直击/开火)=0.147  弹数=34
  [评测进度] 20/100  kill(命中/开火)=0.267  direct(直击/开火)=0.093  弹数=75
  [评测进度] 30/100  kill(命中/开火)=0.292  direct(直击/开火)=0.104  弹数=106
  [评测进度] 40/100  kill(命中/开火)=0.291  direct(直击/开火)=0.095  弹数=148
  [评测进度] 50/100  kill(命中/开火)=0.306  direct(直击/开火)=0.094  弹数=180
  [评测进度] 60/100  kill(命中/开火)=0.292  direct(直击/开火)=0.087  弹数=219
  [评测进度] 70/100  kill(命中/开火)=0.285  direct(直击/开火)=0.095  弹数=253
  [评测进度] 80/100  kill(命中/开火)=0.291  direct(直击/开火)=0.102  弹数=285
  [评测进度] 90/100  kill(命中/开火)=0.288  direct(直击/开火)=0.107  弹数=319
  [评测进度] 100/100  kill(命中/开火)=0.283  direct(直击/开火)=0.111  弹数=361
------------------------------------------------------------
[评测] 阶段=stage2_linear  局数=100
  kill_rate(命中/开火) = 0.283  hit_rate(直击/开火) = 0.111  中位TTK = 600
  TTK口径     : 首直击步数；无直击=该局结束步数（评测步限封顶）
  晋级条件 直击/开火 hit_rate≥0.06  当前=0.111  → 指标达标
  附加门槛 : 需对手速度≥1.00（当前=1.00）
  转向阶梯中 : phase=3  rotate=-0.07  （此期间不晋级下一阶段，只按 hit_rate 下调转向）
  未晋级阶段：转向阶梯进行中（属预期）
------------------------------------------------------------
[进度] 46,350,336/100,000,000 (46.4%)  FPS≈1414  阶段=stage2_linear  速度=1.00  直行间隔=180  aim=0.100/lead  rotate=-0.07
[进度] 46,366,720/100,000,000 (46.4%)  FPS≈1430  阶段=stage2_linear  速度=1.00  直行间隔=180  aim=0.100/lead  rotate=-0.07
[进度] 46,383,104/100,000,000 (46.4%)  FPS≈1424  阶段=stage2_linear  速度=1.00  直行间隔=180  aim=0.100/lead  rotate=-0.07
[进度] 46,399,488/100,000,000 (46.4%)  FPS≈1391  阶段=stage2_linear  速度=1.00  直行间隔=180  aim=0.100/lead  rotate=-0.07
[进度] 46,415,872/100,000,000 (46.4%)  FPS≈1509  阶段=stage2_linear  速度=1.00  直行间隔=180  aim=0.100/lead  rotate=-0.07
[进度] 46,432,256/100,000,000 (46.4%)  FPS≈1043  阶段=stage2_linear  速度=1.00  直行间隔=180  aim=0.100/lead  rotate=-0.07
[进度] 46,448,640/100,000,000 (46.4%)  FPS≈758  阶段=stage2_linear  速度=1.00  直行间隔=180  aim=0.100/lead  rotate=-0.07
[存盘] 课程元数据 model_t46448640_stage1_stage2_linear.curriculum.json  stage=stage2_linear  bot=linear v=1.00
[存盘] runs/curriculum_aim/20260922_225205/checkpoints/model_t46448640_stage1_stage2_linear.zip
[评测] 开始（100 局）…
  [评测进度] 10/100  kill(命中/开火)=0.312  direct(直击/开火)=0.156  弹数=32
  [评测进度] 20/100  kill(命中/开火)=0.350  direct(直击/开火)=0.200  弹数=60
  [评测进度] 30/100  kill(命中/开火)=0.281  direct(直击/开火)=0.135  弹数=96
  [评测进度] 40/100  kill(命中/开火)=0.271  direct(直击/开火)=0.140  弹数=129
  [评测进度] 50/100  kill(命中/开火)=0.268  direct(直击/开火)=0.131  弹数=168
  [评测进度] 60/100  kill(命中/开火)=0.295  direct(直击/开火)=0.130  弹数=200
  [评测进度] 70/100  kill(命中/开火)=0.294  direct(直击/开火)=0.128  弹数=235
  [评测进度] 80/100  kill(命中/开火)=0.285  direct(直击/开火)=0.130  弹数=270
  [评测进度] 90/100  kill(命中/开火)=0.295  direct(直击/开火)=0.136  弹数=308
  [评测进度] 100/100  kill(命中/开火)=0.306  direct(直击/开火)=0.142  弹数=337
------------------------------------------------------------
[评测] 阶段=stage2_linear  局数=100
  kill_rate(命中/开火) = 0.306  hit_rate(直击/开火) = 0.142  中位TTK = 600
  TTK口径     : 首直击步数；无直击=该局结束步数（评测步限封顶）
  晋级条件 直击/开火 hit_rate≥0.06  当前=0.142  → 指标达标
  附加门槛 : 需对手速度≥1.00（当前=1.00）
  转向阶梯中 : phase=3  rotate=-0.07  （此期间不晋级下一阶段，只按 hit_rate 下调转向）
  未晋级阶段：转向阶梯进行中（属预期）
------------------------------------------------------------
[进度] 46,465,024/100,000,000 (46.5%)  FPS≈870  阶段=stage2_linear  速度=1.00  直行间隔=180  aim=0.100/lead  rotate=-0.07
[进度] 46,481,408/100,000,000 (46.5%)  FPS≈852  阶段=stage2_linear  速度=1.00  直行间隔=180  aim=0.100/lead  rotate=-0.07
[进度] 46,497,792/100,000,000 (46.5%)  FPS≈802  阶段=stage2_linear  速度=1.00  直行间隔=180  aim=0.100/lead  rotate=-0.07
[进度] 46,514,176/100,000,000 (46.5%)  FPS≈841  阶段=stage2_linear  速度=1.00  直行间隔=180  aim=0.100/lead  rotate=-0.07
已终止
