[续训] 新时间戳 run（自 20260923_115010）→ 20260923_163427；起点已存为 named/model_0（0号模型）
============================================================
瞄准课程 PPO 训练（断点续训）
============================================================
  配置文件     : configs/train/curriculum_turret.yaml
  本次运行目录 : runs/curriculum_turret/20260923_163427
  续训权重     : runs/curriculum_turret/20260923_163427/named/model_0.zip
  已训步数     : 19,496,960 → 目标 100,000,000
  设备         : cpu
  总步数       : 100,000,000
  并行环境     : 8
  帧堆叠       : 选择性 3 步距=3 depth=7 lags=[6, 3, 0]（开火/子弹仅当前） + 确定性均值×3 → 输入维 101
  评测间隔     : 每 100,000 步 / 100 局（单局≤600步）
  存盘间隔     : 每 100,000 步 → runs/curriculum_turret/20260923_163427/checkpoints/
  晋级存盘     : 每次晋级 → runs/curriculum_turret/20260923_163427/promotions/
------------------------------------------------------------
  当前阶段     : stage_turret (1/1)
  对手         : mode=turret  speed=0.00
  奖励         : aim=0.1 mode=current  kill=60.0  rotate=-0.07
------------------------------------------------------------
  TensorBoard  : tensorboard --logdir runs/curriculum_turret
  浏览器打开   : http://localhost:6006
============================================================
[续训] 覆盖超参 learning_rate=1e-05  ent_coef=0.004→0.0005（2,000,000 步衰减）  log_std∈[-5,0]  std 0.825→0.825
[进度] 19,513,344/100,000,000 (19.5%)  FPS≈1305  阶段=stage_turret  速度=0.00  直行间隔=180  aim=0.100/current  rotate=-0.07  ent=0.00397133  std=0.825
[进度] 19,529,728/100,000,000 (19.5%)  FPS≈1228  阶段=stage_turret  速度=0.00  直行间隔=180  aim=0.100/current  rotate=-0.07  ent=0.00394266  std=0.825
[进度] 19,546,112/100,000,000 (19.5%)  FPS≈1241  阶段=stage_turret  速度=0.00  直行间隔=180  aim=0.100/current  rotate=-0.07  ent=0.00391398  std=0.826
[进度] 19,562,496/100,000,000 (19.6%)  FPS≈1228  阶段=stage_turret  速度=0.00  直行间隔=180  aim=0.100/current  rotate=-0.07  ent=0.00388531  std=0.826
[进度] 19,578,880/100,000,000 (19.6%)  FPS≈1225  阶段=stage_turret  速度=0.00  直行间隔=180  aim=0.100/current  rotate=-0.07  ent=0.00385664  std=0.825
[进度] 19,595,264/100,000,000 (19.6%)  FPS≈1214  阶段=stage_turret  速度=0.00  直行间隔=180  aim=0.100/current  rotate=-0.07  ent=0.00382797  std=0.825
[进度] 19,611,648/100,000,000 (19.6%)  FPS≈1201  阶段=stage_turret  速度=0.00  直行间隔=180  aim=0.100/current  rotate=-0.07  ent=0.0037993  std=0.825
[存盘] 课程元数据 model_t19611648_stage0_stage_turret.curriculum.json  stage=stage_turret  bot=turret v=0.00
[存盘] runs/curriculum_turret/20260923_163427/checkpoints/model_t19611648_stage0_stage_turret.zip
[评测] 开始（100 局）…
  [评测进度] 10/100  kill(命中/开火)=0.297  direct(直击/开火)=0.162  被命中(挨打/敌开火)=0.595  先发制人(直击前未被打中的局)=0.200  弹数=37
  [评测进度] 20/100  kill(命中/开火)=0.238  direct(直击/开火)=0.119  被命中(挨打/敌开火)=0.614  先发制人(直击前未被打中的局)=0.150  弹数=84
  [评测进度] 30/100  kill(命中/开火)=0.248  direct(直击/开火)=0.128  被命中(挨打/敌开火)=0.553  先发制人(直击前未被打中的局)=0.133  弹数=125
  [评测进度] 40/100  kill(命中/开火)=0.259  direct(直击/开火)=0.142  被命中(挨打/敌开火)=0.535  先发制人(直击前未被打中的局)=0.150  弹数=162
  [评测进度] 50/100  kill(命中/开火)=0.289  direct(直击/开火)=0.149  被命中(挨打/敌开火)=0.526  先发制人(直击前未被打中的局)=0.140  弹数=201
  [评测进度] 60/100  kill(命中/开火)=0.299  direct(直击/开火)=0.169  被命中(挨打/敌开火)=0.510  先发制人(直击前未被打中的局)=0.167  弹数=231
  [评测进度] 70/100  kill(命中/开火)=0.290  direct(直击/开火)=0.167  被命中(挨打/敌开火)=0.524  先发制人(直击前未被打中的局)=0.157  弹数=269
  [评测进度] 80/100  kill(命中/开火)=0.290  direct(直击/开火)=0.165  被命中(挨打/敌开火)=0.544  先发制人(直击前未被打中的局)=0.150  弹数=310
  [评测进度] 90/100  kill(命中/开火)=0.307  direct(直击/开火)=0.179  被命中(挨打/敌开火)=0.529  先发制人(直击前未被打中的局)=0.167  弹数=336
  [评测进度] 100/100  kill(命中/开火)=0.304  direct(直击/开火)=0.176  被命中(挨打/敌开火)=0.504  先发制人(直击前未被打中的局)=0.180  弹数=375
------------------------------------------------------------
[评测] 阶段=stage_turret  局数=100
  kill_rate(命中/开火) = 0.304  hit_rate(直击/开火) = 0.176  中位TTK = 332
  被命中率(挨打/敌开火) = 0.504  先发制人率(直击前未被打中的局/局数) = 0.180
  TTK口径     : 首直击步数；无直击=该局结束步数（评测步限封顶）
  晋级条件 直击/开火 hit_rate≥1.01  当前=0.176  → 指标未达标
  未晋级，继续当前阶段
------------------------------------------------------------
[进度] 19,628,032/100,000,000 (19.6%)  FPS≈1194  阶段=stage_turret  速度=0.00  直行间隔=180  aim=0.100/current  rotate=-0.07  ent=0.00377062  std=0.825
[进度] 19,644,416/100,000,000 (19.6%)  FPS≈1204  阶段=stage_turret  速度=0.00  直行间隔=180  aim=0.100/current  rotate=-0.07  ent=0.00374195  std=0.825
[进度] 19,660,800/100,000,000 (19.7%)  FPS≈1223  阶段=stage_turret  速度=0.00  直行间隔=180  aim=0.100/current  rotate=-0.07  ent=0.00371328  std=0.825
[进度] 19,677,184/100,000,000 (19.7%)  FPS≈1262  阶段=stage_turret  速度=0.00  直行间隔=180  aim=0.100/current  rotate=-0.07  ent=0.00368461  std=0.825
[进度] 19,693,568/100,000,000 (19.7%)  FPS≈1246  阶段=stage_turret  速度=0.00  直行间隔=180  aim=0.100/current  rotate=-0.07  ent=0.00365594  std=0.825
[进度] 19,709,952/100,000,000 (19.7%)  FPS≈1258  阶段=stage_turret  速度=0.00  直行间隔=180  aim=0.100/current  rotate=-0.07  ent=0.00362726  std=0.825
[进度] 19,726,336/100,000,000 (19.7%)  FPS≈1241  阶段=stage_turret  速度=0.00  直行间隔=180  aim=0.100/current  rotate=-0.07  ent=0.00359859  std=0.825
[存盘] 课程元数据 model_t19726336_stage0_stage_turret.curriculum.json  stage=stage_turret  bot=turret v=0.00
[存盘] runs/curriculum_turret/20260923_163427/checkpoints/model_t19726336_stage0_stage_turret.zip
[评测] 开始（100 局）…
  [评测进度] 10/100  kill(命中/开火)=0.351  direct(直击/开火)=0.243  被命中(挨打/敌开火)=0.417  先发制人(直击前未被打中的局)=0.100  弹数=37
  [评测进度] 20/100  kill(命中/开火)=0.297  direct(直击/开火)=0.216  被命中(挨打/敌开火)=0.493  先发制人(直击前未被打中的局)=0.200  弹数=74
  [评测进度] 30/100  kill(命中/开火)=0.272  direct(直击/开火)=0.168  被命中(挨打/敌开火)=0.480  先发制人(直击前未被打中的局)=0.167  弹数=125
  [评测进度] 40/100  kill(命中/开火)=0.287  direct(直击/开火)=0.158  被命中(挨打/敌开火)=0.483  先发制人(直击前未被打中的局)=0.150  弹数=171
  [评测进度] 50/100  kill(命中/开火)=0.305  direct(直击/开火)=0.172  被命中(挨打/敌开火)=0.493  先发制人(直击前未被打中的局)=0.180  弹数=203
  [评测进度] 60/100  kill(命中/开火)=0.287  direct(直击/开火)=0.151  被命中(挨打/敌开火)=0.470  先发制人(直击前未被打中的局)=0.167  弹数=251
  [评测进度] 70/100  kill(命中/开火)=0.279  direct(直击/开火)=0.148  被命中(挨打/敌开火)=0.466  先发制人(直击前未被打中的局)=0.157  弹数=297
  [评测进度] 80/100  kill(命中/开火)=0.273  direct(直击/开火)=0.142  被命中(挨打/敌开火)=0.474  先发制人(直击前未被打中的局)=0.150  弹数=344
  [评测进度] 90/100  kill(命中/开火)=0.271  direct(直击/开火)=0.145  被命中(挨打/敌开火)=0.474  先发制人(直击前未被打中的局)=0.167  弹数=387
  [评测进度] 100/100  kill(命中/开火)=0.271  direct(直击/开火)=0.144  被命中(挨打/敌开火)=0.470  先发制人(直击前未被打中的局)=0.180  弹数=431
------------------------------------------------------------
[评测] 阶段=stage_turret  局数=100
  kill_rate(命中/开火) = 0.271  hit_rate(直击/开火) = 0.144  中位TTK = 414
  被命中率(挨打/敌开火) = 0.470  先发制人率(直击前未被打中的局/局数) = 0.180
  TTK口径     : 首直击步数；无直击=该局结束步数（评测步限封顶）
  晋级条件 直击/开火 hit_rate≥1.01  当前=0.144  → 指标未达标
  未晋级，继续当前阶段
------------------------------------------------------------
[进度] 19,742,720/100,000,000 (19.7%)  FPS≈1255  阶段=stage_turret  速度=0.00  直行间隔=180  aim=0.100/current  rotate=-0.07  ent=0.00356992  std=0.825
[进度] 19,759,104/100,000,000 (19.8%)  FPS≈1241  阶段=stage_turret  速度=0.00  直行间隔=180  aim=0.100/current  rotate=-0.07  ent=0.00354125  std=0.824
[进度] 19,775,488/100,000,000 (19.8%)  FPS≈1245  阶段=stage_turret  速度=0.00  直行间隔=180  aim=0.100/current  rotate=-0.07  ent=0.00351258  std=0.824
[进度] 19,791,872/100,000,000 (19.8%)  FPS≈1242  阶段=stage_turret  速度=0.00  直行间隔=180  aim=0.100/current  rotate=-0.07  ent=0.0034839  std=0.823
[进度] 19,808,256/100,000,000 (19.8%)  FPS≈1226  阶段=stage_turret  速度=0.00  直行间隔=180  aim=0.100/current  rotate=-0.07  ent=0.00345523  std=0.824
[进度] 19,824,640/100,000,000 (19.8%)  FPS≈1252  阶段=stage_turret  速度=0.00  直行间隔=180  aim=0.100/current  rotate=-0.07  ent=0.00342656  std=0.824
[进度] 19,841,024/100,000,000 (19.8%)  FPS≈1255  阶段=stage_turret  速度=0.00  直行间隔=180  aim=0.100/current  rotate=-0.07  ent=0.00339789  std=0.824
[存盘] 课程元数据 model_t19841024_stage0_stage_turret.curriculum.json  stage=stage_turret  bot=turret v=0.00
[存盘] runs/curriculum_turret/20260923_163427/checkpoints/model_t19841024_stage0_stage_turret.zip
[评测] 开始（100 局）…
  [评测进度] 10/100  kill(命中/开火)=0.323  direct(直击/开火)=0.194  被命中(挨打/敌开火)=0.516  先发制人(直击前未被打中的局)=0.400  弹数=31
  [评测进度] 20/100  kill(命中/开火)=0.295  direct(直击/开火)=0.141  被命中(挨打/敌开火)=0.427  先发制人(直击前未被打中的局)=0.250  弹数=78
  [评测进度] 30/100  kill(命中/开火)=0.319  direct(直击/开火)=0.159  被命中(挨打/敌开火)=0.425  先发制人(直击前未被打中的局)=0.300  弹数=113
  [评测进度] 40/100  kill(命中/开火)=0.357  direct(直击/开火)=0.196  被命中(挨打/敌开火)=0.451  先发制人(直击前未被打中的局)=0.300  弹数=143
  [评测进度] 50/100  kill(命中/开火)=0.347  direct(直击/开火)=0.202  被命中(挨打/敌开火)=0.487  先发制人(直击前未被打中的局)=0.300  弹数=173
  [评测进度] 60/100  kill(命中/开火)=0.353  direct(直击/开火)=0.206  被命中(挨打/敌开火)=0.484  先发制人(直击前未被打中的局)=0.300  弹数=204
  [评测进度] 70/100  kill(命中/开火)=0.340  direct(直击/开火)=0.194  被命中(挨打/敌开火)=0.481  先发制人(直击前未被打中的局)=0.300  弹数=247
  [评测进度] 80/100  kill(命中/开火)=0.347  direct(直击/开火)=0.178  被命中(挨打/敌开火)=0.478  先发制人(直击前未被打中的局)=0.275  弹数=297
  [评测进度] 90/100  kill(命中/开火)=0.338  direct(直击/开火)=0.174  被命中(挨打/敌开火)=0.492  先发制人(直击前未被打中的局)=0.278  弹数=334
  [评测进度] 100/100  kill(命中/开火)=0.317  direct(直击/开火)=0.164  被命中(挨打/敌开火)=0.499  先发制人(直击前未被打中的局)=0.260  弹数=378
------------------------------------------------------------
[评测] 阶段=stage_turret  局数=100
  kill_rate(命中/开火) = 0.317  hit_rate(直击/开火) = 0.164  中位TTK = 372
  被命中率(挨打/敌开火) = 0.499  先发制人率(直击前未被打中的局/局数) = 0.260
  TTK口径     : 首直击步数；无直击=该局结束步数（评测步限封顶）
  晋级条件 直击/开火 hit_rate≥1.01  当前=0.164  → 指标未达标
  未晋级，继续当前阶段
------------------------------------------------------------
[进度] 19,857,408/100,000,000 (19.9%)  FPS≈1229  阶段=stage_turret  速度=0.00  直行间隔=180  aim=0.100/current  rotate=-0.07  ent=0.00336922  std=0.824
[进度] 19,873,792/100,000,000 (19.9%)  FPS≈1193  阶段=stage_turret  速度=0.00  直行间隔=180  aim=0.100/current  rotate=-0.07  ent=0.00334054  std=0.825
[进度] 19,890,176/100,000,000 (19.9%)  FPS≈1270  阶段=stage_turret  速度=0.00  直行间隔=180  aim=0.100/current  rotate=-0.07  ent=0.00331187  std=0.825
[进度] 19,906,560/100,000,000 (19.9%)  FPS≈1228  阶段=stage_turret  速度=0.00  直行间隔=180  aim=0.100/current  rotate=-0.07  ent=0.0032832  std=0.825
[进度] 19,922,944/100,000,000 (19.9%)  FPS≈1221  阶段=stage_turret  速度=0.00  直行间隔=180  aim=0.100/current  rotate=-0.07  ent=0.00325453  std=0.825
[进度] 19,939,328/100,000,000 (19.9%)  FPS≈1251  阶段=stage_turret  速度=0.00  直行间隔=180  aim=0.100/current  rotate=-0.07  ent=0.00322586  std=0.826
[进度] 19,955,712/100,000,000 (20.0%)  FPS≈1250  阶段=stage_turret  速度=0.00  直行间隔=180  aim=0.100/current  rotate=-0.07  ent=0.00319718  std=0.826
[存盘] 课程元数据 model_t19955712_stage0_stage_turret.curriculum.json  stage=stage_turret  bot=turret v=0.00
[存盘] runs/curriculum_turret/20260923_163427/checkpoints/model_t19955712_stage0_stage_turret.zip
[评测] 开始（100 局）…
  [评测进度] 10/100  kill(命中/开火)=0.148  direct(直击/开火)=0.056  被命中(挨打/敌开火)=0.483  先发制人(直击前未被打中的局)=0.100  弹数=54
  [评测进度] 20/100  kill(命中/开火)=0.213  direct(直击/开火)=0.112  被命中(挨打/敌开火)=0.468  先发制人(直击前未被打中的局)=0.250  弹数=89
  [评测进度] 30/100  kill(命中/开火)=0.240  direct(直击/开火)=0.149  被命中(挨打/敌开火)=0.445  先发制人(直击前未被打中的局)=0.267  弹数=121
  [评测进度] 40/100  kill(命中/开火)=0.257  direct(直击/开火)=0.176  被命中(挨打/敌开火)=0.481  先发制人(直击前未被打中的局)=0.300  弹数=148
  [评测进度] 50/100  kill(命中/开火)=0.259  direct(直击/开火)=0.159  被命中(挨打/敌开火)=0.530  先发制人(直击前未被打中的局)=0.260  弹数=189
  [评测进度] 60/100  kill(命中/开火)=0.274  direct(直击/开火)=0.165  被命中(挨打/敌开火)=0.510  先发制人(直击前未被打中的局)=0.250  弹数=230
  [评测进度] 70/100  kill(命中/开火)=0.280  direct(直击/开火)=0.183  被命中(挨打/敌开火)=0.511  先发制人(直击前未被打中的局)=0.257  弹数=257
  [评测进度] 80/100  kill(命中/开火)=0.274  direct(直击/开火)=0.175  被命中(挨打/敌开火)=0.506  先发制人(直击前未被打中的局)=0.250  弹数=303
  [评测进度] 90/100  kill(命中/开火)=0.276  direct(直击/开火)=0.167  被命中(挨打/敌开火)=0.512  先发制人(直击前未被打中的局)=0.244  弹数=348
  [评测进度] 100/100  kill(命中/开火)=0.296  direct(直击/开火)=0.174  被命中(挨打/敌开火)=0.509  先发制人(直击前未被打中的局)=0.240  弹数=379
------------------------------------------------------------
[评测] 阶段=stage_turret  局数=100
  kill_rate(命中/开火) = 0.296  hit_rate(直击/开火) = 0.174  中位TTK = 363
  被命中率(挨打/敌开火) = 0.509  先发制人率(直击前未被打中的局/局数) = 0.240
  TTK口径     : 首直击步数；无直击=该局结束步数（评测步限封顶）
  晋级条件 直击/开火 hit_rate≥1.01  当前=0.174  → 指标未达标
  未晋级，继续当前阶段
------------------------------------------------------------
[进度] 19,972,096/100,000,000 (20.0%)  FPS≈1217  阶段=stage_turret  速度=0.00  直行间隔=180  aim=0.100/current  rotate=-0.07  ent=0.00316851  std=0.826
[进度] 19,988,480/100,000,000 (20.0%)  FPS≈1232  阶段=stage_turret  速度=0.00  直行间隔=180  aim=0.100/current  rotate=-0.07  ent=0.00313984  std=0.826
[进度] 20,004,864/100,000,000 (20.0%)  FPS≈1266  阶段=stage_turret  速度=0.00  直行间隔=180  aim=0.100/current  rotate=-0.07  ent=0.00311117  std=0.826
[进度] 20,021,248/100,000,000 (20.0%)  FPS≈1251  阶段=stage_turret  速度=0.00  直行间隔=180  aim=0.100/current  rotate=-0.07  ent=0.0030825  std=0.826
[进度] 20,037,632/100,000,000 (20.0%)  FPS≈1205  阶段=stage_turret  速度=0.00  直行间隔=180  aim=0.100/current  rotate=-0.07  ent=0.00305382  std=0.826
[进度] 20,054,016/100,000,000 (20.1%)  FPS≈1242  阶段=stage_turret  速度=0.00  直行间隔=180  aim=0.100/current  rotate=-0.07  ent=0.00302515  std=0.827
[进度] 20,070,400/100,000,000 (20.1%)  FPS≈1226  阶段=stage_turret  速度=0.00  直行间隔=180  aim=0.100/current  rotate=-0.07  ent=0.00299648  std=0.827
[存盘] 课程元数据 model_t20070400_stage0_stage_turret.curriculum.json  stage=stage_turret  bot=turret v=0.00
[存盘] runs/curriculum_turret/20260923_163427/checkpoints/model_t20070400_stage0_stage_turret.zip
[评测] 开始（100 局）…
  [评测进度] 10/100  kill(命中/开火)=0.357  direct(直击/开火)=0.250  被命中(挨打/敌开火)=0.485  先发制人(直击前未被打中的局)=0.200  弹数=28
  [评测进度] 20/100  kill(命中/开火)=0.240  direct(直击/开火)=0.120  被命中(挨打/敌开火)=0.591  先发制人(直击前未被打中的局)=0.100  弹数=75
  [评测进度] 30/100  kill(命中/开火)=0.259  direct(直击/开火)=0.121  被命中(挨打/敌开火)=0.577  先发制人(直击前未被打中的局)=0.100  弹数=116
  [评测进度] 40/100  kill(命中/开火)=0.274  direct(直击/开火)=0.134  被命中(挨打/敌开火)=0.577  先发制人(直击前未被打中的局)=0.100  弹数=157
  [评测进度] 50/100  kill(命中/开火)=0.270  direct(直击/开火)=0.143  被命中(挨打/敌开火)=0.576  先发制人(直击前未被打中的局)=0.120  弹数=196
  [评测进度] 60/100  kill(命中/开火)=0.277  direct(直击/开火)=0.143  被命中(挨打/敌开火)=0.553  先发制人(直击前未被打中的局)=0.133  弹数=238
  [评测进度] 70/100  kill(命中/开火)=0.280  direct(直击/开火)=0.160  被命中(挨打/敌开火)=0.551  先发制人(直击前未被打中的局)=0.143  弹数=268
  [评测进度] 80/100  kill(命中/开火)=0.271  direct(直击/开火)=0.161  被命中(挨打/敌开火)=0.538  先发制人(直击前未被打中的局)=0.138  弹数=310
  [评测进度] 90/100  kill(命中/开火)=0.269  direct(直击/开火)=0.159  被命中(挨打/敌开火)=0.542  先发制人(直击前未被打中的局)=0.133  弹数=346
  [评测进度] 100/100  kill(命中/开火)=0.279  direct(直击/开火)=0.156  被命中(挨打/敌开火)=0.539  先发制人(直击前未被打中的局)=0.140  弹数=391
------------------------------------------------------------
[评测] 阶段=stage_turret  局数=100
  kill_rate(命中/开火) = 0.279  hit_rate(直击/开火) = 0.156  中位TTK = 388
  被命中率(挨打/敌开火) = 0.539  先发制人率(直击前未被打中的局/局数) = 0.140
  TTK口径     : 首直击步数；无直击=该局结束步数（评测步限封顶）
  晋级条件 直击/开火 hit_rate≥1.01  当前=0.156  → 指标未达标
  未晋级，继续当前阶段
------------------------------------------------------------
[进度] 20,086,784/100,000,000 (20.1%)  FPS≈1202  阶段=stage_turret  速度=0.00  直行间隔=180  aim=0.100/current  rotate=-0.07  ent=0.00296781  std=0.827
[进度] 20,103,168/100,000,000 (20.1%)  FPS≈1271  阶段=stage_turret  速度=0.00  直行间隔=180  aim=0.100/current  rotate=-0.07  ent=0.00293914  std=0.828
[进度] 20,119,552/100,000,000 (20.1%)  FPS≈1249  阶段=stage_turret  速度=0.00  直行间隔=180  aim=0.100/current  rotate=-0.07  ent=0.00291046  std=0.828
[进度] 20,135,936/100,000,000 (20.1%)  FPS≈1256  阶段=stage_turret  速度=0.00  直行间隔=180  aim=0.100/current  rotate=-0.07  ent=0.00288179  std=0.828
[进度] 20,152,320/100,000,000 (20.2%)  FPS≈1234  阶段=stage_turret  速度=0.00  直行间隔=180  aim=0.100/current  rotate=-0.07  ent=0.00285312  std=0.828
[进度] 20,168,704/100,000,000 (20.2%)  FPS≈1287  阶段=stage_turret  速度=0.00  直行间隔=180  aim=0.100/current  rotate=-0.07  ent=0.00282445  std=0.828
[进度] 20,185,088/100,000,000 (20.2%)  FPS≈1220  阶段=stage_turret  速度=0.00  直行间隔=180  aim=0.100/current  rotate=-0.07  ent=0.00279578  std=0.828
[存盘] 课程元数据 model_t20185088_stage0_stage_turret.curriculum.json  stage=stage_turret  bot=turret v=0.00
[存盘] runs/curriculum_turret/20260923_163427/checkpoints/model_t20185088_stage0_stage_turret.zip
[评测] 开始（100 局）…
  [评测进度] 10/100  kill(命中/开火)=0.378  direct(直击/开火)=0.189  被命中(挨打/敌开火)=0.415  先发制人(直击前未被打中的局)=0.300  弹数=37
  [评测进度] 20/100  kill(命中/开火)=0.397  direct(直击/开火)=0.192  被命中(挨打/敌开火)=0.487  先发制人(直击前未被打中的局)=0.200  弹数=73
  [评测进度] 30/100  kill(命中/开火)=0.370  direct(直击/开火)=0.204  被命中(挨打/敌开火)=0.478  先发制人(直击前未被打中的局)=0.167  弹数=108
  [评测进度] 40/100  kill(命中/开火)=0.369  direct(直击/开火)=0.213  被命中(挨打/敌开火)=0.487  先发制人(直击前未被打中的局)=0.200  弹数=141
  [评测进度] 50/100  kill(命中/开火)=0.349  direct(直击/开火)=0.180  被命中(挨打/敌开火)=0.502  先发制人(直击前未被打中的局)=0.180  弹数=189
  [评测进度] 60/100  kill(命中/开火)=0.357  direct(直击/开火)=0.181  被命中(挨打/敌开火)=0.519  先发制人(直击前未被打中的局)=0.183  弹数=227
  [评测进度] 70/100  kill(命中/开火)=0.356  direct(直击/开火)=0.188  被命中(挨打/敌开火)=0.507  先发制人(直击前未被打中的局)=0.186  弹数=261
  [评测进度] 80/100  kill(命中/开火)=0.355  direct(直击/开火)=0.197  被命中(挨打/敌开火)=0.495  先发制人(直击前未被打中的局)=0.212  弹数=290
  [评测进度] 90/100  kill(命中/开火)=0.338  direct(直击/开火)=0.187  被命中(挨打/敌开火)=0.480  先发制人(直击前未被打中的局)=0.211  弹数=337
  [评测进度] 100/100  kill(命中/开火)=0.328  direct(直击/开火)=0.176  被命中(挨打/敌开火)=0.487  先发制人(直击前未被打中的局)=0.200  弹数=387
------------------------------------------------------------
[评测] 阶段=stage_turret  局数=100
  kill_rate(命中/开火) = 0.328  hit_rate(直击/开火) = 0.176  中位TTK = 361
  被命中率(挨打/敌开火) = 0.487  先发制人率(直击前未被打中的局/局数) = 0.200
  TTK口径     : 首直击步数；无直击=该局结束步数（评测步限封顶）
  晋级条件 直击/开火 hit_rate≥1.01  当前=0.176  → 指标未达标
  未晋级，继续当前阶段
------------------------------------------------------------
[进度] 20,201,472/100,000,000 (20.2%)  FPS≈1217  阶段=stage_turret  速度=0.00  直行间隔=180  aim=0.100/current  rotate=-0.07  ent=0.0027671  std=0.828
[进度] 20,217,856/100,000,000 (20.2%)  FPS≈1246  阶段=stage_turret  速度=0.00  直行间隔=180  aim=0.100/current  rotate=-0.07  ent=0.00273843  std=0.828
[进度] 20,234,240/100,000,000 (20.2%)  FPS≈1237  阶段=stage_turret  速度=0.00  直行间隔=180  aim=0.100/current  rotate=-0.07  ent=0.00270976  std=0.828
[进度] 20,250,624/100,000,000 (20.3%)  FPS≈1238  阶段=stage_turret  速度=0.00  直行间隔=180  aim=0.100/current  rotate=-0.07  ent=0.00268109  std=0.828
[进度] 20,267,008/100,000,000 (20.3%)  FPS≈1234  阶段=stage_turret  速度=0.00  直行间隔=180  aim=0.100/current  rotate=-0.07  ent=0.00265242  std=0.828
[进度] 20,283,392/100,000,000 (20.3%)  FPS≈1219  阶段=stage_turret  速度=0.00  直行间隔=180  aim=0.100/current  rotate=-0.07  ent=0.00262374  std=0.828
[进度] 20,299,776/100,000,000 (20.3%)  FPS≈1233  阶段=stage_turret  速度=0.00  直行间隔=180  aim=0.100/current  rotate=-0.07  ent=0.00259507  std=0.828
[存盘] 课程元数据 model_t20299776_stage0_stage_turret.curriculum.json  stage=stage_turret  bot=turret v=0.00
[存盘] runs/curriculum_turret/20260923_163427/checkpoints/model_t20299776_stage0_stage_turret.zip
[评测] 开始（100 局）…
  [评测进度] 10/100  kill(命中/开火)=0.195  direct(直击/开火)=0.122  被命中(挨打/敌开火)=0.543  先发制人(直击前未被打中的局)=0.000  弹数=41
  [评测进度] 20/100  kill(命中/开火)=0.256  direct(直击/开火)=0.122  被命中(挨打/敌开火)=0.596  先发制人(直击前未被打中的局)=0.100  弹数=82
  [评测进度] 30/100  kill(命中/开火)=0.267  direct(直击/开火)=0.133  被命中(挨打/敌开火)=0.602  先发制人(直击前未被打中的局)=0.167  弹数=120
  [评测进度] 40/100  kill(命中/开火)=0.285  direct(直击/开火)=0.152  被命中(挨打/敌开火)=0.583  先发制人(直击前未被打中的局)=0.175  弹数=151
  [评测进度] 50/100  kill(命中/开火)=0.281  direct(直击/开火)=0.151  被命中(挨打/敌开火)=0.570  先发制人(直击前未被打中的局)=0.140  弹数=192
  [评测进度] 60/100  kill(命中/开火)=0.271  direct(直击/开火)=0.133  被命中(挨打/敌开火)=0.550  先发制人(直击前未被打中的局)=0.133  弹数=240
  [评测进度] 70/100  kill(命中/开火)=0.269  direct(直击/开火)=0.119  被命中(挨打/敌开火)=0.532  先发制人(直击前未被打中的局)=0.143  弹数=294
  [评测进度] 80/100  kill(命中/开火)=0.270  direct(直击/开火)=0.123  被命中(挨打/敌开火)=0.528  先发制人(直击前未被打中的局)=0.138  弹数=333
  [评测进度] 90/100  kill(命中/开火)=0.266  direct(直击/开火)=0.121  被命中(挨打/敌开火)=0.530  先发制人(直击前未被打中的局)=0.144  弹数=379
  [评测进度] 100/100  kill(命中/开火)=0.281  direct(直击/开火)=0.132  被命中(挨打/敌开火)=0.521  先发制人(直击前未被打中的局)=0.170  弹数=409
------------------------------------------------------------
[评测] 阶段=stage_turret  局数=100
  kill_rate(命中/开火) = 0.281  hit_rate(直击/开火) = 0.132  中位TTK = 416
  被命中率(挨打/敌开火) = 0.521  先发制人率(直击前未被打中的局/局数) = 0.170
  TTK口径     : 首直击步数；无直击=该局结束步数（评测步限封顶）
  晋级条件 直击/开火 hit_rate≥1.01  当前=0.132  → 指标未达标
  未晋级，继续当前阶段
------------------------------------------------------------
[进度] 20,316,160/100,000,000 (20.3%)  FPS≈1221  阶段=stage_turret  速度=0.00  直行间隔=180  aim=0.100/current  rotate=-0.07  ent=0.0025664  std=0.828
[进度] 20,332,544/100,000,000 (20.3%)  FPS≈1220  阶段=stage_turret  速度=0.00  直行间隔=180  aim=0.100/current  rotate=-0.07  ent=0.00253773  std=0.828
[进度] 20,348,928/100,000,000 (20.3%)  FPS≈1256  阶段=stage_turret  速度=0.00  直行间隔=180  aim=0.100/current  rotate=-0.07  ent=0.00250906  std=0.828
[进度] 20,365,312/100,000,000 (20.4%)  FPS≈1260  阶段=stage_turret  速度=0.00  直行间隔=180  aim=0.100/current  rotate=-0.07  ent=0.00248038  std=0.828
[进度] 20,381,696/100,000,000 (20.4%)  FPS≈1224  阶段=stage_turret  速度=0.00  直行间隔=180  aim=0.100/current  rotate=-0.07  ent=0.00245171  std=0.828
[进度] 20,398,080/100,000,000 (20.4%)  FPS≈1256  阶段=stage_turret  速度=0.00  直行间隔=180  aim=0.100/current  rotate=-0.07  ent=0.00242304  std=0.829
[进度] 20,414,464/100,000,000 (20.4%)  FPS≈1226  阶段=stage_turret  速度=0.00  直行间隔=180  aim=0.100/current  rotate=-0.07  ent=0.00239437  std=0.828
[存盘] 课程元数据 model_t20414464_stage0_stage_turret.curriculum.json  stage=stage_turret  bot=turret v=0.00
[存盘] runs/curriculum_turret/20260923_163427/checkpoints/model_t20414464_stage0_stage_turret.zip
[评测] 开始（100 局）…
  [评测进度] 10/100  kill(命中/开火)=0.368  direct(直击/开火)=0.132  被命中(挨打/敌开火)=0.732  先发制人(直击前未被打中的局)=0.200  弹数=38
  [评测进度] 20/100  kill(命中/开火)=0.298  direct(直击/开火)=0.107  被命中(挨打/敌开火)=0.711  先发制人(直击前未被打中的局)=0.100  弹数=84
  [评测进度] 30/100  kill(命中/开火)=0.298  direct(直击/开火)=0.132  被命中(挨打/敌开火)=0.652  先发制人(直击前未被打中的局)=0.133  弹数=121
  [评测进度] 40/100  kill(命中/开火)=0.282  direct(直击/开火)=0.129  被命中(挨打/敌开火)=0.618  先发制人(直击前未被打中的局)=0.150  弹数=163
  [评测进度] 50/100  kill(命中/开火)=0.286  direct(直击/开火)=0.148  被命中(挨打/敌开火)=0.577  先发制人(直击前未被打中的局)=0.160  弹数=203
  [评测进度] 60/100  kill(命中/开火)=0.305  direct(直击/开火)=0.163  被命中(挨打/敌开火)=0.587  先发制人(直击前未被打中的局)=0.167  弹数=233
  [评测进度] 70/100  kill(命中/开火)=0.303  direct(直击/开火)=0.162  被命中(挨打/敌开火)=0.552  先发制人(直击前未被打中的局)=0.171  弹数=277
  [评测进度] 80/100  kill(命中/开火)=0.289  direct(直击/开火)=0.158  被命中(挨打/敌开火)=0.519  先发制人(直击前未被打中的局)=0.175  弹数=322
  [评测进度] 90/100  kill(命中/开火)=0.306  direct(直击/开火)=0.175  被命中(挨打/敌开火)=0.509  先发制人(直击前未被打中的局)=0.222  弹数=343
  [评测进度] 100/100  kill(命中/开火)=0.321  direct(直击/开火)=0.184  被命中(挨打/敌开火)=0.497  先发制人(直击前未被打中的局)=0.230  弹数=374
------------------------------------------------------------
[评测] 阶段=stage_turret  局数=100
  kill_rate(命中/开火) = 0.321  hit_rate(直击/开火) = 0.184  中位TTK = 348
  被命中率(挨打/敌开火) = 0.497  先发制人率(直击前未被打中的局/局数) = 0.230
  TTK口径     : 首直击步数；无直击=该局结束步数（评测步限封顶）
  晋级条件 直击/开火 hit_rate≥1.01  当前=0.184  → 指标未达标
  未晋级，继续当前阶段
------------------------------------------------------------
[进度] 20,430,848/100,000,000 (20.4%)  FPS≈1261  阶段=stage_turret  速度=0.00  直行间隔=180  aim=0.100/current  rotate=-0.07  ent=0.0023657  std=0.828
[进度] 20,447,232/100,000,000 (20.4%)  FPS≈1221  阶段=stage_turret  速度=0.00  直行间隔=180  aim=0.100/current  rotate=-0.07  ent=0.00233702  std=0.828
[进度] 20,463,616/100,000,000 (20.5%)  FPS≈1246  阶段=stage_turret  速度=0.00  直行间隔=180  aim=0.100/current  rotate=-0.07  ent=0.00230835  std=0.828
[进度] 20,480,000/100,000,000 (20.5%)  FPS≈1227  阶段=stage_turret  速度=0.00  直行间隔=180  aim=0.100/current  rotate=-0.07  ent=0.00227968  std=0.828
[进度] 20,496,384/100,000,000 (20.5%)  FPS≈1183  阶段=stage_turret  速度=0.00  直行间隔=180  aim=0.100/current  rotate=-0.07  ent=0.00225101  std=0.827
[进度] 20,512,768/100,000,000 (20.5%)  FPS≈1241  阶段=stage_turret  速度=0.00  直行间隔=180  aim=0.100/current  rotate=-0.07  ent=0.00222234  std=0.827
[进度] 20,529,152/100,000,000 (20.5%)  FPS≈1231  阶段=stage_turret  速度=0.00  直行间隔=180  aim=0.100/current  rotate=-0.07  ent=0.00219366  std=0.827
[存盘] 课程元数据 model_t20529152_stage0_stage_turret.curriculum.json  stage=stage_turret  bot=turret v=0.00
[存盘] runs/curriculum_turret/20260923_163427/checkpoints/model_t20529152_stage0_stage_turret.zip
[评测] 开始（100 局）…
  [评测进度] 10/100  kill(命中/开火)=0.281  direct(直击/开火)=0.281  被命中(挨打/敌开火)=0.432  先发制人(直击前未被打中的局)=0.200  弹数=32
  [评测进度] 20/100  kill(命中/开火)=0.235  direct(直击/开火)=0.148  被命中(挨打/敌开火)=0.516  先发制人(直击前未被打中的局)=0.200  弹数=81
  [评测进度] 30/100  kill(命中/开火)=0.258  direct(直击/开火)=0.121  被命中(挨打/敌开火)=0.493  先发制人(直击前未被打中的局)=0.167  弹数=132
  [评测进度] 40/100  kill(命中/开火)=0.254  direct(直击/开火)=0.136  被命中(挨打/敌开火)=0.489  先发制人(直击前未被打中的局)=0.200  弹数=169
  [评测进度] 50/100  kill(命中/开火)=0.283  direct(直击/开火)=0.162  被命中(挨打/敌开火)=0.475  先发制人(直击前未被打中的局)=0.240  弹数=198
  [评测进度] 60/100  kill(命中/开火)=0.286  direct(直击/开火)=0.160  被命中(挨打/敌开火)=0.490  先发制人(直击前未被打中的局)=0.250  弹数=238
  [评测进度] 70/100  kill(命中/开火)=0.296  direct(直击/开火)=0.164  被命中(挨打/敌开火)=0.459  先发制人(直击前未被打中的局)=0.286  弹数=274
  [评测进度] 80/100  kill(命中/开火)=0.294  direct(直击/开火)=0.168  被命中(挨打/敌开火)=0.479  先发制人(直击前未被打中的局)=0.263  弹数=310
  [评测进度] 90/100  kill(命中/开火)=0.291  direct(直击/开火)=0.164  被命中(挨打/敌开火)=0.501  先发制人(直击前未被打中的局)=0.233  弹数=347
  [评测进度] 100/100  kill(命中/开火)=0.284  direct(直击/开火)=0.163  被命中(挨打/敌开火)=0.519  先发制人(直击前未被打中的局)=0.210  弹数=387
------------------------------------------------------------
[评测] 阶段=stage_turret  局数=100
  kill_rate(命中/开火) = 0.284  hit_rate(直击/开火) = 0.163  中位TTK = 382
  被命中率(挨打/敌开火) = 0.519  先发制人率(直击前未被打中的局/局数) = 0.210
  TTK口径     : 首直击步数；无直击=该局结束步数（评测步限封顶）
  晋级条件 直击/开火 hit_rate≥1.01  当前=0.163  → 指标未达标
  未晋级，继续当前阶段
------------------------------------------------------------
[进度] 20,545,536/100,000,000 (20.5%)  FPS≈1232  阶段=stage_turret  速度=0.00  直行间隔=180  aim=0.100/current  rotate=-0.07  ent=0.00216499  std=0.827
[进度] 20,561,920/100,000,000 (20.6%)  FPS≈1216  阶段=stage_turret  速度=0.00  直行间隔=180  aim=0.100/current  rotate=-0.07  ent=0.00213632  std=0.827
[进度] 20,578,304/100,000,000 (20.6%)  FPS≈1238  阶段=stage_turret  速度=0.00  直行间隔=180  aim=0.100/current  rotate=-0.07  ent=0.00210765  std=0.828
[进度] 20,594,688/100,000,000 (20.6%)  FPS≈1245  阶段=stage_turret  速度=0.00  直行间隔=180  aim=0.100/current  rotate=-0.07  ent=0.00207898  std=0.828
[进度] 20,611,072/100,000,000 (20.6%)  FPS≈1270  阶段=stage_turret  速度=0.00  直行间隔=180  aim=0.100/current  rotate=-0.07  ent=0.0020503  std=0.828
[进度] 20,627,456/100,000,000 (20.6%)  FPS≈1240  阶段=stage_turret  速度=0.00  直行间隔=180  aim=0.100/current  rotate=-0.07  ent=0.00202163  std=0.828
[进度] 20,643,840/100,000,000 (20.6%)  FPS≈1227  阶段=stage_turret  速度=0.00  直行间隔=180  aim=0.100/current  rotate=-0.07  ent=0.00199296  std=0.828
[存盘] 课程元数据 model_t20643840_stage0_stage_turret.curriculum.json  stage=stage_turret  bot=turret v=0.00
[存盘] runs/curriculum_turret/20260923_163427/checkpoints/model_t20643840_stage0_stage_turret.zip
[评测] 开始（100 局）…
  [评测进度] 10/100  kill(命中/开火)=0.250  direct(直击/开火)=0.219  被命中(挨打/敌开火)=0.500  先发制人(直击前未被打中的局)=0.300  弹数=32
  [评测进度] 20/100  kill(命中/开火)=0.257  direct(直击/开火)=0.189  被命中(挨打/敌开火)=0.605  先发制人(直击前未被打中的局)=0.250  弹数=74
  [评测进度] 30/100  kill(命中/开火)=0.248  direct(直击/开火)=0.168  被命中(挨打/敌开火)=0.624  先发制人(直击前未被打中的局)=0.200  弹数=113
  [评测进度] 40/100  kill(命中/开火)=0.250  direct(直击/开火)=0.154  被命中(挨打/敌开火)=0.602  先发制人(直击前未被打中的局)=0.175  弹数=156
  [评测进度] 50/100  kill(命中/开火)=0.249  direct(直击/开火)=0.164  被命中(挨打/敌开火)=0.619  先发制人(直击前未被打中的局)=0.180  弹数=189
  [评测进度] 60/100  kill(命中/开火)=0.255  direct(直击/开火)=0.160  被命中(挨打/敌开火)=0.621  先发制人(直击前未被打中的局)=0.167  弹数=231
  [评测进度] 70/100  kill(命中/开火)=0.279  direct(直击/开火)=0.156  被命中(挨打/敌开火)=0.583  先发制人(直击前未被打中的局)=0.186  弹数=276
  [评测进度] 80/100  kill(命中/开火)=0.291  direct(直击/开火)=0.171  被命中(挨打/敌开火)=0.577  先发制人(直击前未被打中的局)=0.212  弹数=299
  [评测进度] 90/100  kill(命中/开火)=0.308  direct(直击/开火)=0.182  被命中(挨打/敌开火)=0.572  先发制人(直击前未被打中的局)=0.233  弹数=325
  [评测进度] 100/100  kill(命中/开火)=0.318  direct(直击/开火)=0.195  被命中(挨打/敌开火)=0.574  先发制人(直击前未被打中的局)=0.240  弹数=349
------------------------------------------------------------
[评测] 阶段=stage_turret  局数=100
  kill_rate(命中/开火) = 0.318  hit_rate(直击/开火) = 0.195  中位TTK = 308
  被命中率(挨打/敌开火) = 0.574  先发制人率(直击前未被打中的局/局数) = 0.240
  TTK口径     : 首直击步数；无直击=该局结束步数（评测步限封顶）
  晋级条件 直击/开火 hit_rate≥1.01  当前=0.195  → 指标未达标
  未晋级，继续当前阶段
------------------------------------------------------------
[进度] 20,660,224/100,000,000 (20.7%)  FPS≈1260  阶段=stage_turret  速度=0.00  直行间隔=180  aim=0.100/current  rotate=-0.07  ent=0.00196429  std=0.828
[进度] 20,676,608/100,000,000 (20.7%)  FPS≈1241  阶段=stage_turret  速度=0.00  直行间隔=180  aim=0.100/current  rotate=-0.07  ent=0.00193562  std=0.827
[进度] 20,692,992/100,000,000 (20.7%)  FPS≈1238  阶段=stage_turret  速度=0.00  直行间隔=180  aim=0.100/current  rotate=-0.07  ent=0.00190694  std=0.827
[进度] 20,709,376/100,000,000 (20.7%)  FPS≈1223  阶段=stage_turret  速度=0.00  直行间隔=180  aim=0.100/current  rotate=-0.07  ent=0.00187827  std=0.827
[进度] 20,725,760/100,000,000 (20.7%)  FPS≈1219  阶段=stage_turret  速度=0.00  直行间隔=180  aim=0.100/current  rotate=-0.07  ent=0.0018496  std=0.826
[进度] 20,742,144/100,000,000 (20.7%)  FPS≈1249  阶段=stage_turret  速度=0.00  直行间隔=180  aim=0.100/current  rotate=-0.07  ent=0.00182093  std=0.826
[进度] 20,758,528/100,000,000 (20.8%)  FPS≈1211  阶段=stage_turret  速度=0.00  直行间隔=180  aim=0.100/current  rotate=-0.07  ent=0.00179226  std=0.826
[存盘] 课程元数据 model_t20758528_stage0_stage_turret.curriculum.json  stage=stage_turret  bot=turret v=0.00
[存盘] runs/curriculum_turret/20260923_163427/checkpoints/model_t20758528_stage0_stage_turret.zip
[评测] 开始（100 局）…
  [评测进度] 10/100  kill(命中/开火)=0.256  direct(直击/开火)=0.154  被命中(挨打/敌开火)=0.610  先发制人(直击前未被打中的局)=0.300  弹数=39
  [评测进度] 20/100  kill(命中/开火)=0.315  direct(直击/开火)=0.164  被命中(挨打/敌开火)=0.590  先发制人(直击前未被打中的局)=0.300  弹数=73
  [评测进度] 30/100  kill(命中/开火)=0.330  direct(直击/开火)=0.174  被命中(挨打/敌开火)=0.574  先发制人(直击前未被打中的局)=0.333  弹数=109
  [评测进度] 40/100  kill(命中/开火)=0.303  direct(直击/开火)=0.158  被命中(挨打/敌开火)=0.559  先发制人(直击前未被打中的局)=0.300  弹数=152
  [评测进度] 50/100  kill(命中/开火)=0.299  direct(直击/开火)=0.160  被命中(挨打/敌开火)=0.513  先发制人(直击前未被打中的局)=0.320  弹数=187
  [评测进度] 60/100  kill(命中/开火)=0.300  direct(直击/开火)=0.180  被命中(挨打/敌开火)=0.524  先发制人(直击前未被打中的局)=0.317  弹数=217
  [评测进度] 70/100  kill(命中/开火)=0.280  direct(直击/开火)=0.175  被命中(挨打/敌开火)=0.509  先发制人(直击前未被打中的局)=0.286  弹数=257
  [评测进度] 80/100  kill(命中/开火)=0.290  direct(直击/开火)=0.177  被命中(挨打/敌开火)=0.498  先发制人(直击前未被打中的局)=0.312  弹数=293
  [评测进度] 90/100  kill(命中/开火)=0.293  direct(直击/开火)=0.170  被命中(挨打/敌开火)=0.490  先发制人(直击前未被打中的局)=0.289  弹数=335
  [评测进度] 100/100  kill(命中/开火)=0.292  direct(直击/开火)=0.176  被命中(挨打/敌开火)=0.514  先发制人(直击前未被打中的局)=0.280  弹数=370
------------------------------------------------------------
[评测] 阶段=stage_turret  局数=100
  kill_rate(命中/开火) = 0.292  hit_rate(直击/开火) = 0.176  中位TTK = 334
  被命中率(挨打/敌开火) = 0.514  先发制人率(直击前未被打中的局/局数) = 0.280
  TTK口径     : 首直击步数；无直击=该局结束步数（评测步限封顶）
  晋级条件 直击/开火 hit_rate≥1.01  当前=0.176  → 指标未达标
  未晋级，继续当前阶段
------------------------------------------------------------
[进度] 20,774,912/100,000,000 (20.8%)  FPS≈1238  阶段=stage_turret  速度=0.00  直行间隔=180  aim=0.100/current  rotate=-0.07  ent=0.00176358  std=0.826
[进度] 20,791,296/100,000,000 (20.8%)  FPS≈1207  阶段=stage_turret  速度=0.00  直行间隔=180  aim=0.100/current  rotate=-0.07  ent=0.00173491  std=0.826
[进度] 20,807,680/100,000,000 (20.8%)  FPS≈1224  阶段=stage_turret  速度=0.00  直行间隔=180  aim=0.100/current  rotate=-0.07  ent=0.00170624  std=0.826
[进度] 20,824,064/100,000,000 (20.8%)  FPS≈1231  阶段=stage_turret  速度=0.00  直行间隔=180  aim=0.100/current  rotate=-0.07  ent=0.00167757  std=0.826
[进度] 20,840,448/100,000,000 (20.8%)  FPS≈1205  阶段=stage_turret  速度=0.00  直行间隔=180  aim=0.100/current  rotate=-0.07  ent=0.0016489  std=0.826
[进度] 20,856,832/100,000,000 (20.9%)  FPS≈1224  阶段=stage_turret  速度=0.00  直行间隔=180  aim=0.100/current  rotate=-0.07  ent=0.00162022  std=0.825
[进度] 20,873,216/100,000,000 (20.9%)  FPS≈1210  阶段=stage_turret  速度=0.00  直行间隔=180  aim=0.100/current  rotate=-0.07  ent=0.00159155  std=0.825
[存盘] 课程元数据 model_t20873216_stage0_stage_turret.curriculum.json  stage=stage_turret  bot=turret v=0.00
[存盘] runs/curriculum_turret/20260923_163427/checkpoints/model_t20873216_stage0_stage_turret.zip
[评测] 开始（100 局）…
  [评测进度] 10/100  kill(命中/开火)=0.343  direct(直击/开火)=0.229  被命中(挨打/敌开火)=0.436  先发制人(直击前未被打中的局)=0.200  弹数=35
  [评测进度] 20/100  kill(命中/开火)=0.291  direct(直击/开火)=0.152  被命中(挨打/敌开火)=0.411  先发制人(直击前未被打中的局)=0.250  弹数=79
  [评测进度] 30/100  kill(命中/开火)=0.267  direct(直击/开火)=0.155  被命中(挨打/敌开火)=0.446  先发制人(直击前未被打中的局)=0.200  弹数=116
  [评测进度] 40/100  kill(命中/开火)=0.278  direct(直击/开火)=0.166  被命中(挨打/敌开火)=0.461  先发制人(直击前未被打中的局)=0.175  弹数=151
  [评测进度] 50/100  kill(命中/开火)=0.266  direct(直击/开火)=0.161  被命中(挨打/敌开火)=0.467  先发制人(直击前未被打中的局)=0.160  弹数=192
  [评测进度] 60/100  kill(命中/开火)=0.297  direct(直击/开火)=0.176  被命中(挨打/敌开火)=0.473  先发制人(直击前未被打中的局)=0.167  弹数=222
  [评测进度] 70/100  kill(命中/开火)=0.278  direct(直击/开火)=0.163  被命中(挨打/敌开火)=0.461  先发制人(直击前未被打中的局)=0.157  弹数=270
  [评测进度] 80/100  kill(命中/开火)=0.268  direct(直击/开火)=0.160  被命中(挨打/敌开火)=0.468  先发制人(直击前未被打中的局)=0.150  弹数=313
  [评测进度] 90/100  kill(命中/开火)=0.278  direct(直击/开火)=0.169  被命中(挨打/敌开火)=0.486  先发制人(直击前未被打中的局)=0.189  弹数=338
  [评测进度] 100/100  kill(命中/开火)=0.280  direct(直击/开火)=0.166  被命中(挨打/敌开火)=0.492  先发制人(直击前未被打中的局)=0.180  弹数=379
------------------------------------------------------------
[评测] 阶段=stage_turret  局数=100
  kill_rate(命中/开火) = 0.280  hit_rate(直击/开火) = 0.166  中位TTK = 374
  被命中率(挨打/敌开火) = 0.492  先发制人率(直击前未被打中的局/局数) = 0.180
  TTK口径     : 首直击步数；无直击=该局结束步数（评测步限封顶）
  晋级条件 直击/开火 hit_rate≥1.01  当前=0.166  → 指标未达标
  未晋级，继续当前阶段
------------------------------------------------------------
[进度] 20,889,600/100,000,000 (20.9%)  FPS≈1239  阶段=stage_turret  速度=0.00  直行间隔=180  aim=0.100/current  rotate=-0.07  ent=0.00156288  std=0.825
[进度] 20,905,984/100,000,000 (20.9%)  FPS≈1246  阶段=stage_turret  速度=0.00  直行间隔=180  aim=0.100/current  rotate=-0.07  ent=0.00153421  std=0.824
[进度] 20,922,368/100,000,000 (20.9%)  FPS≈1251  阶段=stage_turret  速度=0.00  直行间隔=180  aim=0.100/current  rotate=-0.07  ent=0.00150554  std=0.824
[进度] 20,938,752/100,000,000 (20.9%)  FPS≈1288  阶段=stage_turret  速度=0.00  直行间隔=180  aim=0.100/current  rotate=-0.07  ent=0.00147686  std=0.823
[进度] 20,955,136/100,000,000 (21.0%)  FPS≈1265  阶段=stage_turret  速度=0.00  直行间隔=180  aim=0.100/current  rotate=-0.07  ent=0.00144819  std=0.823
[进度] 20,971,520/100,000,000 (21.0%)  FPS≈1270  阶段=stage_turret  速度=0.00  直行间隔=180  aim=0.100/current  rotate=-0.07  ent=0.00141952  std=0.822
[进度] 20,987,904/100,000,000 (21.0%)  FPS≈1230  阶段=stage_turret  速度=0.00  直行间隔=180  aim=0.100/current  rotate=-0.07  ent=0.00139085  std=0.822
[存盘] 课程元数据 model_t20987904_stage0_stage_turret.curriculum.json  stage=stage_turret  bot=turret v=0.00
[存盘] runs/curriculum_turret/20260923_163427/checkpoints/model_t20987904_stage0_stage_turret.zip
[评测] 开始（100 局）…
  [评测进度] 10/100  kill(命中/开火)=0.302  direct(直击/开火)=0.140  被命中(挨打/敌开火)=0.587  先发制人(直击前未被打中的局)=0.000  弹数=43
  [评测进度] 20/100  kill(命中/开火)=0.333  direct(直击/开火)=0.160  被命中(挨打/敌开火)=0.543  先发制人(直击前未被打中的局)=0.150  弹数=75
  [评测进度] 30/100  kill(命中/开火)=0.312  direct(直击/开火)=0.152  被命中(挨打/敌开火)=0.628  先发制人(直击前未被打中的局)=0.133  弹数=112
  [评测进度] 40/100  kill(命中/开火)=0.313  direct(直击/开火)=0.163  被命中(挨打/敌开火)=0.585  先发制人(直击前未被打中的局)=0.175  弹数=147
  [评测进度] 50/100  kill(命中/开火)=0.294  direct(直击/开火)=0.160  被命中(挨打/敌开火)=0.543  先发制人(直击前未被打中的局)=0.140  弹数=194
  [评测进度] 60/100  kill(命中/开火)=0.282  direct(直击/开火)=0.154  被命中(挨打/敌开火)=0.549  先发制人(直击前未被打中的局)=0.167  弹数=234
  [评测进度] 70/100  kill(命中/开火)=0.284  direct(直击/开火)=0.142  被命中(挨打/敌开火)=0.528  先发制人(直击前未被打中的局)=0.171  弹数=282
  [评测进度] 80/100  kill(命中/开火)=0.301  direct(直击/开火)=0.155  被命中(挨打/敌开火)=0.531  先发制人(直击前未被打中的局)=0.188  弹数=309
  [评测进度] 90/100  kill(命中/开火)=0.291  direct(直击/开火)=0.143  被命中(挨打/敌开火)=0.512  先发制人(直击前未被打中的局)=0.200  弹数=357
  [评测进度] 100/100  kill(命中/开火)=0.291  direct(直击/开火)=0.143  被命中(挨打/敌开火)=0.509  先发制人(直击前未被打中的局)=0.190  弹数=398
------------------------------------------------------------
[评测] 阶段=stage_turret  局数=100
  kill_rate(命中/开火) = 0.291  hit_rate(直击/开火) = 0.143  中位TTK = 402
  被命中率(挨打/敌开火) = 0.509  先发制人率(直击前未被打中的局/局数) = 0.190
  TTK口径     : 首直击步数；无直击=该局结束步数（评测步限封顶）
  晋级条件 直击/开火 hit_rate≥1.01  当前=0.143  → 指标未达标
  未晋级，继续当前阶段
------------------------------------------------------------
[进度] 21,004,288/100,000,000 (21.0%)  FPS≈1227  阶段=stage_turret  速度=0.00  直行间隔=180  aim=0.100/current  rotate=-0.07  ent=0.00136218  std=0.822
[进度] 21,020,672/100,000,000 (21.0%)  FPS≈1261  阶段=stage_turret  速度=0.00  直行间隔=180  aim=0.100/current  rotate=-0.07  ent=0.0013335  std=0.822
[进度] 21,037,056/100,000,000 (21.0%)  FPS≈1221  阶段=stage_turret  速度=0.00  直行间隔=180  aim=0.100/current  rotate=-0.07  ent=0.00130483  std=0.822
[进度] 21,053,440/100,000,000 (21.1%)  FPS≈1224  阶段=stage_turret  速度=0.00  直行间隔=180  aim=0.100/current  rotate=-0.07  ent=0.00127616  std=0.823
[进度] 21,069,824/100,000,000 (21.1%)  FPS≈1232  阶段=stage_turret  速度=0.00  直行间隔=180  aim=0.100/current  rotate=-0.07  ent=0.00124749  std=0.823
[进度] 21,086,208/100,000,000 (21.1%)  FPS≈1237  阶段=stage_turret  速度=0.00  直行间隔=180  aim=0.100/current  rotate=-0.07  ent=0.00121882  std=0.823
[进度] 21,102,592/100,000,000 (21.1%)  FPS≈1215  阶段=stage_turret  速度=0.00  直行间隔=180  aim=0.100/current  rotate=-0.07  ent=0.00119014  std=0.823
[存盘] 课程元数据 model_t21102592_stage0_stage_turret.curriculum.json  stage=stage_turret  bot=turret v=0.00
[存盘] runs/curriculum_turret/20260923_163427/checkpoints/model_t21102592_stage0_stage_turret.zip
[评测] 开始（100 局）…
  [评测进度] 10/100  kill(命中/开火)=0.294  direct(直击/开火)=0.176  被命中(挨打/敌开火)=0.600  先发制人(直击前未被打中的局)=0.100  弹数=34
  [评测进度] 20/100  kill(命中/开火)=0.272  direct(直击/开火)=0.123  被命中(挨打/敌开火)=0.506  先发制人(直击前未被打中的局)=0.100  弹数=81
  [评测进度] 30/100  kill(命中/开火)=0.260  direct(直击/开火)=0.114  被命中(挨打/敌开火)=0.519  先发制人(直击前未被打中的局)=0.133  弹数=123
  [评测进度] 40/100  kill(命中/开火)=0.262  direct(直击/开火)=0.110  被命中(挨打/敌开火)=0.567  先发制人(直击前未被打中的局)=0.150  弹数=172
  [评测进度] 50/100  kill(命中/开火)=0.269  direct(直击/开火)=0.108  被命中(挨打/敌开火)=0.560  先发制人(直击前未被打中的局)=0.140  弹数=212
  [评测进度] 60/100  kill(命中/开火)=0.270  direct(直击/开火)=0.113  被命中(挨打/敌开火)=0.570  先发制人(直击前未被打中的局)=0.133  弹数=256
  [评测进度] 70/100  kill(命中/开火)=0.261  direct(直击/开火)=0.110  被命中(挨打/敌开火)=0.560  先发制人(直击前未被打中的局)=0.157  弹数=299
  [评测进度] 80/100  kill(命中/开火)=0.256  direct(直击/开火)=0.112  被命中(挨打/敌开火)=0.561  先发制人(直击前未被打中的局)=0.150  弹数=340
  [评测进度] 90/100  kill(命中/开火)=0.266  direct(直击/开火)=0.125  被命中(挨打/敌开火)=0.550  先发制人(直击前未被打中的局)=0.200  弹数=369
  [评测进度] 100/100  kill(命中/开火)=0.263  direct(直击/开火)=0.130  被命中(挨打/敌开火)=0.547  先发制人(直击前未被打中的局)=0.200  弹数=407
------------------------------------------------------------
[评测] 阶段=stage_turret  局数=100
  kill_rate(命中/开火) = 0.263  hit_rate(直击/开火) = 0.130  中位TTK = 433
  被命中率(挨打/敌开火) = 0.547  先发制人率(直击前未被打中的局/局数) = 0.200
  TTK口径     : 首直击步数；无直击=该局结束步数（评测步限封顶）
  晋级条件 直击/开火 hit_rate≥1.01  当前=0.130  → 指标未达标
  未晋级，继续当前阶段
------------------------------------------------------------
[进度] 21,118,976/100,000,000 (21.1%)  FPS≈1228  阶段=stage_turret  速度=0.00  直行间隔=180  aim=0.100/current  rotate=-0.07  ent=0.00116147  std=0.823
[进度] 21,135,360/100,000,000 (21.1%)  FPS≈1236  阶段=stage_turret  速度=0.00  直行间隔=180  aim=0.100/current  rotate=-0.07  ent=0.0011328  std=0.823
[进度] 21,151,744/100,000,000 (21.2%)  FPS≈1296  阶段=stage_turret  速度=0.00  直行间隔=180  aim=0.100/current  rotate=-0.07  ent=0.00110413  std=0.823
[进度] 21,168,128/100,000,000 (21.2%)  FPS≈1255  阶段=stage_turret  速度=0.00  直行间隔=180  aim=0.100/current  rotate=-0.07  ent=0.00107546  std=0.823
[进度] 21,184,512/100,000,000 (21.2%)  FPS≈1247  阶段=stage_turret  速度=0.00  直行间隔=180  aim=0.100/current  rotate=-0.07  ent=0.00104678  std=0.823
[进度] 21,200,896/100,000,000 (21.2%)  FPS≈1244  阶段=stage_turret  速度=0.00  直行间隔=180  aim=0.100/current  rotate=-0.07  ent=0.00101811  std=0.824
[进度] 21,217,280/100,000,000 (21.2%)  FPS≈1234  阶段=stage_turret  速度=0.00  直行间隔=180  aim=0.100/current  rotate=-0.07  ent=0.00098944  std=0.824
[存盘] 课程元数据 model_t21217280_stage0_stage_turret.curriculum.json  stage=stage_turret  bot=turret v=0.00
[存盘] runs/curriculum_turret/20260923_163427/checkpoints/model_t21217280_stage0_stage_turret.zip
[评测] 开始（100 局）…
  [评测进度] 10/100  kill(命中/开火)=0.293  direct(直击/开火)=0.195  被命中(挨打/敌开火)=0.432  先发制人(直击前未被打中的局)=0.100  弹数=41
  [评测进度] 20/100  kill(命中/开火)=0.284  direct(直击/开火)=0.203  被命中(挨打/敌开火)=0.366  先发制人(直击前未被打中的局)=0.250  弹数=74
  [评测进度] 30/100  kill(命中/开火)=0.275  direct(直击/开火)=0.175  被命中(挨打/敌开火)=0.427  先发制人(直击前未被打中的局)=0.167  弹数=120
  [评测进度] 40/100  kill(命中/开火)=0.285  direct(直击/开火)=0.164  被命中(挨打/敌开火)=0.395  先发制人(直击前未被打中的局)=0.150  弹数=165
  [评测进度] 50/100  kill(命中/开火)=0.283  direct(直击/开火)=0.151  被命中(挨打/敌开火)=0.401  先发制人(直击前未被打中的局)=0.200  弹数=205
  [评测进度] 60/100  kill(命中/开火)=0.283  direct(直击/开火)=0.143  被命中(挨打/敌开火)=0.401  先发制人(直击前未被打中的局)=0.200  弹数=251
  [评测进度] 70/100  kill(命中/开火)=0.283  direct(直击/开火)=0.147  被命中(挨打/敌开火)=0.411  先发制人(直击前未被打中的局)=0.214  弹数=286
  [评测进度] 80/100  kill(命中/开火)=0.284  direct(直击/开火)=0.153  被命中(挨打/敌开火)=0.423  先发制人(直击前未被打中的局)=0.212  弹数=320
  [评测进度] 90/100  kill(命中/开火)=0.287  direct(直击/开火)=0.158  被命中(挨打/敌开火)=0.421  先发制人(直击前未被打中的局)=0.200  弹数=355
  [评测进度] 100/100  kill(命中/开火)=0.283  direct(直击/开火)=0.157  被命中(挨打/敌开火)=0.431  先发制人(直击前未被打中的局)=0.190  弹数=396
------------------------------------------------------------
[评测] 阶段=stage_turret  局数=100
  kill_rate(命中/开火) = 0.283  hit_rate(直击/开火) = 0.157  中位TTK = 405
  被命中率(挨打/敌开火) = 0.431  先发制人率(直击前未被打中的局/局数) = 0.190
  TTK口径     : 首直击步数；无直击=该局结束步数（评测步限封顶）
  晋级条件 直击/开火 hit_rate≥1.01  当前=0.157  → 指标未达标
  未晋级，继续当前阶段
------------------------------------------------------------
[进度] 21,233,664/100,000,000 (21.2%)  FPS≈1224  阶段=stage_turret  速度=0.00  直行间隔=180  aim=0.100/current  rotate=-0.07  ent=0.000960768  std=0.823
[进度] 21,250,048/100,000,000 (21.3%)  FPS≈1226  阶段=stage_turret  速度=0.00  直行间隔=180  aim=0.100/current  rotate=-0.07  ent=0.000932096  std=0.823
[进度] 21,266,432/100,000,000 (21.3%)  FPS≈1213  阶段=stage_turret  速度=0.00  直行间隔=180  aim=0.100/current  rotate=-0.07  ent=0.000903424  std=0.823
[进度] 21,282,816/100,000,000 (21.3%)  FPS≈1177  阶段=stage_turret  速度=0.00  直行间隔=180  aim=0.100/current  rotate=-0.07  ent=0.000874752  std=0.823
[进度] 21,299,200/100,000,000 (21.3%)  FPS≈1216  阶段=stage_turret  速度=0.00  直行间隔=180  aim=0.100/current  rotate=-0.07  ent=0.00084608  std=0.822
[进度] 21,315,584/100,000,000 (21.3%)  FPS≈1219  阶段=stage_turret  速度=0.00  直行间隔=180  aim=0.100/current  rotate=-0.07  ent=0.000817408  std=0.822
[进度] 21,331,968/100,000,000 (21.3%)  FPS≈1236  阶段=stage_turret  速度=0.00  直行间隔=180  aim=0.100/current  rotate=-0.07  ent=0.000788736  std=0.821
[存盘] 课程元数据 model_t21331968_stage0_stage_turret.curriculum.json  stage=stage_turret  bot=turret v=0.00
[存盘] runs/curriculum_turret/20260923_163427/checkpoints/model_t21331968_stage0_stage_turret.zip
[评测] 开始（100 局）…
  [评测进度] 10/100  kill(命中/开火)=0.300  direct(直击/开火)=0.150  被命中(挨打/敌开火)=0.386  先发制人(直击前未被打中的局)=0.400  弹数=40
  [评测进度] 20/100  kill(命中/开火)=0.301  direct(直击/开火)=0.169  被命中(挨打/敌开火)=0.462  先发制人(直击前未被打中的局)=0.200  弹数=83
  [评测进度] 30/100  kill(命中/开火)=0.327  direct(直击/开火)=0.200  被命中(挨打/敌开火)=0.475  先发制人(直击前未被打中的局)=0.267  弹数=110
  [评测进度] 40/100  kill(命中/开火)=0.309  direct(直击/开火)=0.171  被命中(挨打/敌开火)=0.433  先发制人(直击前未被打中的局)=0.250  弹数=152
  [评测进度] 50/100  kill(命中/开火)=0.302  direct(直击/开火)=0.181  被命中(挨打/敌开火)=0.426  先发制人(直击前未被打中的局)=0.240  弹数=182
  [评测进度] 60/100  kill(命中/开火)=0.294  direct(直击/开火)=0.167  被命中(挨打/敌开火)=0.460  先发制人(直击前未被打中的局)=0.200  弹数=228
  [评测进度] 70/100  kill(命中/开火)=0.295  direct(直击/开火)=0.168  被命中(挨打/敌开火)=0.451  先发制人(直击前未被打中的局)=0.200  弹数=268
  [评测进度] 80/100  kill(命中/开火)=0.300  direct(直击/开火)=0.183  被命中(挨打/敌开火)=0.453  先发制人(直击前未被打中的局)=0.225  弹数=290
  [评测进度] 90/100  kill(命中/开火)=0.305  direct(直击/开火)=0.188  被命中(挨打/敌开火)=0.443  先发制人(直击前未被打中的局)=0.233  弹数=325
  [评测进度] 100/100  kill(命中/开火)=0.303  direct(直击/开火)=0.191  被命中(挨打/敌开火)=0.453  先发制人(直击前未被打中的局)=0.250  弹数=356
------------------------------------------------------------
[评测] 阶段=stage_turret  局数=100
  kill_rate(命中/开火) = 0.303  hit_rate(直击/开火) = 0.191  中位TTK = 346
  被命中率(挨打/敌开火) = 0.453  先发制人率(直击前未被打中的局/局数) = 0.250
  TTK口径     : 首直击步数；无直击=该局结束步数（评测步限封顶）
  晋级条件 直击/开火 hit_rate≥1.01  当前=0.191  → 指标未达标
  未晋级，继续当前阶段
------------------------------------------------------------
[进度] 21,348,352/100,000,000 (21.3%)  FPS≈1244  阶段=stage_turret  速度=0.00  直行间隔=180  aim=0.100/current  rotate=-0.07  ent=0.000760064  std=0.821
[进度] 21,364,736/100,000,000 (21.4%)  FPS≈1255  阶段=stage_turret  速度=0.00  直行间隔=180  aim=0.100/current  rotate=-0.07  ent=0.000731392  std=0.822
[进度] 21,381,120/100,000,000 (21.4%)  FPS≈1228  阶段=stage_turret  速度=0.00  直行间隔=180  aim=0.100/current  rotate=-0.07  ent=0.00070272  std=0.823
[进度] 21,397,504/100,000,000 (21.4%)  FPS≈1238  阶段=stage_turret  速度=0.00  直行间隔=180  aim=0.100/current  rotate=-0.07  ent=0.000674048  std=0.823
[进度] 21,413,888/100,000,000 (21.4%)  FPS≈1210  阶段=stage_turret  速度=0.00  直行间隔=180  aim=0.100/current  rotate=-0.07  ent=0.000645376  std=0.823
[进度] 21,430,272/100,000,000 (21.4%)  FPS≈1239  阶段=stage_turret  速度=0.00  直行间隔=180  aim=0.100/current  rotate=-0.07  ent=0.000616704  std=0.823
[进度] 21,446,656/100,000,000 (21.4%)  FPS≈1200  阶段=stage_turret  速度=0.00  直行间隔=180  aim=0.100/current  rotate=-0.07  ent=0.000588032  std=0.823
[存盘] 课程元数据 model_t21446656_stage0_stage_turret.curriculum.json  stage=stage_turret  bot=turret v=0.00
[存盘] runs/curriculum_turret/20260923_163427/checkpoints/model_t21446656_stage0_stage_turret.zip
[评测] 开始（100 局）…
  [评测进度] 10/100  kill(命中/开火)=0.341  direct(直击/开火)=0.182  被命中(挨打/敌开火)=0.469  先发制人(直击前未被打中的局)=0.200  弹数=44
  [评测进度] 20/100  kill(命中/开火)=0.341  direct(直击/开火)=0.171  被命中(挨打/敌开火)=0.477  先发制人(直击前未被打中的局)=0.200  弹数=82
  [评测进度] 30/100  kill(命中/开火)=0.308  direct(直击/开火)=0.138  被命中(挨打/敌开火)=0.478  先发制人(直击前未被打中的局)=0.167  弹数=130
  [评测进度] 40/100  kill(命中/开火)=0.321  direct(直击/开火)=0.164  被命中(挨打/敌开火)=0.488  先发制人(直击前未被打中的局)=0.250  弹数=159
  [评测进度] 50/100  kill(命中/开火)=0.332  direct(直击/开火)=0.179  被命中(挨打/敌开火)=0.490  先发制人(直击前未被打中的局)=0.280  弹数=190
  [评测进度] 60/100  kill(命中/开火)=0.326  direct(直击/开火)=0.176  被命中(挨打/敌开火)=0.494  先发制人(直击前未被打中的局)=0.283  弹数=227
  [评测进度] 70/100  kill(命中/开火)=0.321  direct(直击/开火)=0.177  被命中(挨打/敌开火)=0.490  先发制人(直击前未被打中的局)=0.257  弹数=265
  [评测进度] 80/100  kill(命中/开火)=0.311  direct(直击/开火)=0.165  被命中(挨打/敌开火)=0.501  先发制人(直击前未被打中的局)=0.250  弹数=309
  [评测进度] 90/100  kill(命中/开火)=0.301  direct(直击/开火)=0.159  被命中(挨打/敌开火)=0.510  先发制人(直击前未被打中的局)=0.222  弹数=352
  [评测进度] 100/100  kill(命中/开火)=0.285  direct(直击/开火)=0.151  被命中(挨打/敌开火)=0.494  先发制人(直击前未被打中的局)=0.200  弹数=404
------------------------------------------------------------
[评测] 阶段=stage_turret  局数=100
  kill_rate(命中/开火) = 0.285  hit_rate(直击/开火) = 0.151  中位TTK = 440
  被命中率(挨打/敌开火) = 0.494  先发制人率(直击前未被打中的局/局数) = 0.200
  TTK口径     : 首直击步数；无直击=该局结束步数（评测步限封顶）
  晋级条件 直击/开火 hit_rate≥1.01  当前=0.151  → 指标未达标
  未晋级，继续当前阶段
------------------------------------------------------------
[进度] 21,463,040/100,000,000 (21.5%)  FPS≈1248  阶段=stage_turret  速度=0.00  直行间隔=180  aim=0.100/current  rotate=-0.07  ent=0.00055936  std=0.823
[进度] 21,479,424/100,000,000 (21.5%)  FPS≈1200  阶段=stage_turret  速度=0.00  直行间隔=180  aim=0.100/current  rotate=-0.07  ent=0.000530688  std=0.824
[进度] 21,495,808/100,000,000 (21.5%)  FPS≈1274  阶段=stage_turret  速度=0.00  直行间隔=180  aim=0.100/current  rotate=-0.07  ent=0.000502016  std=0.824
[进度] 21,512,192/100,000,000 (21.5%)  FPS≈1269  阶段=stage_turret  速度=0.00  直行间隔=180  aim=0.100/current  rotate=-0.07  ent=0.0005  std=0.824
[进度] 21,528,576/100,000,000 (21.5%)  FPS≈1262  阶段=stage_turret  速度=0.00  直行间隔=180  aim=0.100/current  rotate=-0.07  ent=0.0005  std=0.824
[进度] 21,544,960/100,000,000 (21.5%)  FPS≈1225  阶段=stage_turret  速度=0.00  直行间隔=180  aim=0.100/current  rotate=-0.07  ent=0.0005  std=0.824
[进度] 21,561,344/100,000,000 (21.6%)  FPS≈1228  阶段=stage_turret  速度=0.00  直行间隔=180  aim=0.100/current  rotate=-0.07  ent=0.0005  std=0.824
[存盘] 课程元数据 model_t21561344_stage0_stage_turret.curriculum.json  stage=stage_turret  bot=turret v=0.00
[存盘] runs/curriculum_turret/20260923_163427/checkpoints/model_t21561344_stage0_stage_turret.zip
[评测] 开始（100 局）…
  [评测进度] 10/100  kill(命中/开火)=0.394  direct(直击/开火)=0.242  被命中(挨打/敌开火)=0.444  先发制人(直击前未被打中的局)=0.300  弹数=33
  [评测进度] 20/100  kill(命中/开火)=0.348  direct(直击/开火)=0.203  被命中(挨打/敌开火)=0.449  先发制人(直击前未被打中的局)=0.200  弹数=69
  [评测进度] 30/100  kill(命中/开火)=0.324  direct(直击/开火)=0.176  被命中(挨打/敌开火)=0.467  先发制人(直击前未被打中的局)=0.233  弹数=108
  [评测进度] 40/100  kill(命中/开火)=0.312  direct(直击/开火)=0.159  被命中(挨打/敌开火)=0.451  先发制人(直击前未被打中的局)=0.200  弹数=157
  [评测进度] 50/100  kill(命中/开火)=0.313  direct(直击/开火)=0.152  被命中(挨打/敌开火)=0.461  先发制人(直击前未被打中的局)=0.200  弹数=198
  [评测进度] 60/100  kill(命中/开火)=0.296  direct(直击/开火)=0.146  被命中(挨打/敌开火)=0.452  先发制人(直击前未被打中的局)=0.217  弹数=240
  [评测进度] 70/100  kill(命中/开火)=0.292  direct(直击/开火)=0.151  被命中(挨打/敌开火)=0.478  先发制人(直击前未被打中的局)=0.229  弹数=271
  [评测进度] 80/100  kill(命中/开火)=0.299  direct(直击/开火)=0.163  被命中(挨打/敌开火)=0.479  先发制人(直击前未被打中的局)=0.237  弹数=301
  [评测进度] 90/100  kill(命中/开火)=0.295  direct(直击/开火)=0.159  被命中(挨打/敌开火)=0.488  先发制人(直击前未被打中的局)=0.233  弹数=339
  [评测进度] 100/100  kill(命中/开火)=0.288  direct(直击/开火)=0.154  被命中(挨打/敌开火)=0.489  先发制人(直击前未被打中的局)=0.230  弹数=382
------------------------------------------------------------
[评测] 阶段=stage_turret  局数=100
  kill_rate(命中/开火) = 0.288  hit_rate(直击/开火) = 0.154  中位TTK = 346
  被命中率(挨打/敌开火) = 0.489  先发制人率(直击前未被打中的局/局数) = 0.230
  TTK口径     : 首直击步数；无直击=该局结束步数（评测步限封顶）
  晋级条件 直击/开火 hit_rate≥1.01  当前=0.154  → 指标未达标
  未晋级，继续当前阶段
------------------------------------------------------------
[进度] 21,577,728/100,000,000 (21.6%)  FPS≈1232  阶段=stage_turret  速度=0.00  直行间隔=180  aim=0.100/current  rotate=-0.07  ent=0.0005  std=0.824
[进度] 21,594,112/100,000,000 (21.6%)  FPS≈1180  阶段=stage_turret  速度=0.00  直行间隔=180  aim=0.100/current  rotate=-0.07  ent=0.0005  std=0.824
[进度] 21,610,496/100,000,000 (21.6%)  FPS≈1210  阶段=stage_turret  速度=0.00  直行间隔=180  aim=0.100/current  rotate=-0.07  ent=0.0005  std=0.825
[进度] 21,626,880/100,000,000 (21.6%)  FPS≈1219  阶段=stage_turret  速度=0.00  直行间隔=180  aim=0.100/current  rotate=-0.07  ent=0.0005  std=0.824
[进度] 21,643,264/100,000,000 (21.6%)  FPS≈1257  阶段=stage_turret  速度=0.00  直行间隔=180  aim=0.100/current  rotate=-0.07  ent=0.0005  std=0.824
[进度] 21,659,648/100,000,000 (21.7%)  FPS≈1260  阶段=stage_turret  速度=0.00  直行间隔=180  aim=0.100/current  rotate=-0.07  ent=0.0005  std=0.824
[进度] 21,676,032/100,000,000 (21.7%)  FPS≈1228  阶段=stage_turret  速度=0.00  直行间隔=180  aim=0.100/current  rotate=-0.07  ent=0.0005  std=0.824
[存盘] 课程元数据 model_t21676032_stage0_stage_turret.curriculum.json  stage=stage_turret  bot=turret v=0.00
[存盘] runs/curriculum_turret/20260923_163427/checkpoints/model_t21676032_stage0_stage_turret.zip
[评测] 开始（100 局）…
  [评测进度] 10/100  kill(命中/开火)=0.355  direct(直击/开火)=0.258  被命中(挨打/敌开火)=0.647  先发制人(直击前未被打中的局)=0.200  弹数=31
  [评测进度] 20/100  kill(命中/开火)=0.375  direct(直击/开火)=0.286  被命中(挨打/敌开火)=0.617  先发制人(直击前未被打中的局)=0.250  弹数=56
  [评测进度] 30/100  kill(命中/开火)=0.412  direct(直击/开火)=0.259  被命中(挨打/敌开火)=0.587  先发制人(直击前未被打中的局)=0.233  弹数=85
  [评测进度] 40/100  kill(命中/开火)=0.328  direct(直击/开火)=0.203  被命中(挨打/敌开火)=0.525  先发制人(直击前未被打中的局)=0.200  弹数=128
  [评测进度] 50/100  kill(命中/开火)=0.346  direct(直击/开火)=0.218  被命中(挨打/敌开火)=0.517  先发制人(直击前未被打中的局)=0.240  弹数=156
  [评测进度] 60/100  kill(命中/开火)=0.332  direct(直击/开火)=0.199  被命中(挨打/敌开火)=0.514  先发制人(直击前未被打中的局)=0.217  弹数=196
  [评测进度] 70/100  kill(命中/开火)=0.336  direct(直击/开火)=0.215  被命中(挨打/敌开火)=0.490  先发制人(直击前未被打中的局)=0.243  弹数=223
  [评测进度] 80/100  kill(命中/开火)=0.331  direct(直击/开火)=0.205  被命中(挨打/敌开火)=0.491  先发制人(直击前未被打中的局)=0.225  弹数=263
  [评测进度] 90/100  kill(命中/开火)=0.320  direct(直击/开火)=0.200  被命中(挨打/敌开火)=0.500  先发制人(直击前未被打中的局)=0.222  弹数=300
  [评测进度] 100/100  kill(命中/开火)=0.312  direct(直击/开火)=0.177  被命中(挨打/敌开火)=0.485  先发制人(直击前未被打中的局)=0.200  弹数=356
------------------------------------------------------------
[评测] 阶段=stage_turret  局数=100
  kill_rate(命中/开火) = 0.312  hit_rate(直击/开火) = 0.177  中位TTK = 336
  被命中率(挨打/敌开火) = 0.485  先发制人率(直击前未被打中的局/局数) = 0.200
  TTK口径     : 首直击步数；无直击=该局结束步数（评测步限封顶）
  晋级条件 直击/开火 hit_rate≥1.01  当前=0.177  → 指标未达标
  未晋级，继续当前阶段
------------------------------------------------------------
[进度] 21,692,416/100,000,000 (21.7%)  FPS≈1247  阶段=stage_turret  速度=0.00  直行间隔=180  aim=0.100/current  rotate=-0.07  ent=0.0005  std=0.825
[进度] 21,708,800/100,000,000 (21.7%)  FPS≈1207  阶段=stage_turret  速度=0.00  直行间隔=180  aim=0.100/current  rotate=-0.07  ent=0.0005  std=0.825
[进度] 21,725,184/100,000,000 (21.7%)  FPS≈1246  阶段=stage_turret  速度=0.00  直行间隔=180  aim=0.100/current  rotate=-0.07  ent=0.0005  std=0.825
[进度] 21,741,568/100,000,000 (21.7%)  FPS≈1245  阶段=stage_turret  速度=0.00  直行间隔=180  aim=0.100/current  rotate=-0.07  ent=0.0005  std=0.824
[进度] 21,757,952/100,000,000 (21.8%)  FPS≈1225  阶段=stage_turret  速度=0.00  直行间隔=180  aim=0.100/current  rotate=-0.07  ent=0.0005  std=0.825
[进度] 21,774,336/100,000,000 (21.8%)  FPS≈1229  阶段=stage_turret  速度=0.00  直行间隔=180  aim=0.100/current  rotate=-0.07  ent=0.0005  std=0.825
[进度] 21,790,720/100,000,000 (21.8%)  FPS≈1272  阶段=stage_turret  速度=0.00  直行间隔=180  aim=0.100/current  rotate=-0.07  ent=0.0005  std=0.825
[存盘] 课程元数据 model_t21790720_stage0_stage_turret.curriculum.json  stage=stage_turret  bot=turret v=0.00
[存盘] runs/curriculum_turret/20260923_163427/checkpoints/model_t21790720_stage0_stage_turret.zip
[评测] 开始（100 局）…
  [评测进度] 10/100  kill(命中/开火)=0.360  direct(直击/开火)=0.280  被命中(挨打/敌开火)=0.654  先发制人(直击前未被打中的局)=0.400  弹数=25
  [评测进度] 20/100  kill(命中/开火)=0.338  direct(直击/开火)=0.200  被命中(挨打/敌开火)=0.600  先发制人(直击前未被打中的局)=0.300  弹数=65
  [评测进度] 30/100  kill(命中/开火)=0.299  direct(直击/开火)=0.159  被命中(挨打/敌开火)=0.600  先发制人(直击前未被打中的局)=0.267  弹数=107
  [评测进度] 40/100  kill(命中/开火)=0.296  direct(直击/开火)=0.162  被命中(挨打/敌开火)=0.566  先发制人(直击前未被打中的局)=0.250  弹数=142
  [评测进度] 50/100  kill(命中/开火)=0.297  direct(直击/开火)=0.162  被命中(挨打/敌开火)=0.513  先发制人(直击前未被打中的局)=0.240  弹数=185
  [评测进度] 60/100  kill(命中/开火)=0.309  direct(直击/开火)=0.166  被命中(挨打/敌开火)=0.508  先发制人(直击前未被打中的局)=0.217  弹数=223
  [评测进度] 70/100  kill(命中/开火)=0.319  direct(直击/开火)=0.175  被命中(挨打/敌开火)=0.505  先发制人(直击前未被打中的局)=0.214  弹数=257
  [评测进度] 80/100  kill(命中/开火)=0.316  direct(直击/开火)=0.184  被命中(挨打/敌开火)=0.500  先发制人(直击前未被打中的局)=0.237  弹数=288
  [评测进度] 90/100  kill(命中/开火)=0.317  direct(直击/开火)=0.182  被命中(挨打/敌开火)=0.501  先发制人(直击前未被打中的局)=0.256  弹数=325
  [评测进度] 100/100  kill(命中/开火)=0.320  direct(直击/开火)=0.182  被命中(挨打/敌开火)=0.497  先发制人(直击前未被打中的局)=0.250  弹数=362
------------------------------------------------------------
[评测] 阶段=stage_turret  局数=100
  kill_rate(命中/开火) = 0.320  hit_rate(直击/开火) = 0.182  中位TTK = 358
  被命中率(挨打/敌开火) = 0.497  先发制人率(直击前未被打中的局/局数) = 0.250
  TTK口径     : 首直击步数；无直击=该局结束步数（评测步限封顶）
  晋级条件 直击/开火 hit_rate≥1.01  当前=0.182  → 指标未达标
  未晋级，继续当前阶段
------------------------------------------------------------
[进度] 21,807,104/100,000,000 (21.8%)  FPS≈1216  阶段=stage_turret  速度=0.00  直行间隔=180  aim=0.100/current  rotate=-0.07  ent=0.0005  std=0.824
[进度] 21,823,488/100,000,000 (21.8%)  FPS≈1242  阶段=stage_turret  速度=0.00  直行间隔=180  aim=0.100/current  rotate=-0.07  ent=0.0005  std=0.824
[进度] 21,839,872/100,000,000 (21.8%)  FPS≈1211  阶段=stage_turret  速度=0.00  直行间隔=180  aim=0.100/current  rotate=-0.07  ent=0.0005  std=0.824
[进度] 21,856,256/100,000,000 (21.9%)  FPS≈1214  阶段=stage_turret  速度=0.00  直行间隔=180  aim=0.100/current  rotate=-0.07  ent=0.0005  std=0.824
[进度] 21,872,640/100,000,000 (21.9%)  FPS≈1250  阶段=stage_turret  速度=0.00  直行间隔=180  aim=0.100/current  rotate=-0.07  ent=0.0005  std=0.824
[进度] 21,889,024/100,000,000 (21.9%)  FPS≈1244  阶段=stage_turret  速度=0.00  直行间隔=180  aim=0.100/current  rotate=-0.07  ent=0.0005  std=0.824
[进度] 21,905,408/100,000,000 (21.9%)  FPS≈1210  阶段=stage_turret  速度=0.00  直行间隔=180  aim=0.100/current  rotate=-0.07  ent=0.0005  std=0.824
[存盘] 课程元数据 model_t21905408_stage0_stage_turret.curriculum.json  stage=stage_turret  bot=turret v=0.00
[存盘] runs/curriculum_turret/20260923_163427/checkpoints/model_t21905408_stage0_stage_turret.zip
[评测] 开始（100 局）…
  [评测进度] 10/100  kill(命中/开火)=0.341  direct(直击/开火)=0.146  被命中(挨打/敌开火)=0.340  先发制人(直击前未被打中的局)=0.300  弹数=41
  [评测进度] 20/100  kill(命中/开火)=0.321  direct(直击/开火)=0.173  被命中(挨打/敌开火)=0.416  先发制人(直击前未被打中的局)=0.250  弹数=81
  [评测进度] 30/100  kill(命中/开火)=0.317  direct(直击/开火)=0.163  被命中(挨打/敌开火)=0.386  先发制人(直击前未被打中的局)=0.267  弹数=123
  [评测进度] 40/100  kill(命中/开火)=0.331  direct(直击/开火)=0.169  被命中(挨打/敌开火)=0.406  先发制人(直击前未被打中的局)=0.300  弹数=160
  [评测进度] 50/100  kill(命中/开火)=0.328  direct(直击/开火)=0.172  被命中(挨打/敌开火)=0.413  先发制人(直击前未被打中的局)=0.240  弹数=198
  [评测进度] 60/100  kill(命中/开火)=0.328  direct(直击/开火)=0.177  被命中(挨打/敌开火)=0.418  先发制人(直击前未被打中的局)=0.217  弹数=232
  [评测进度] 70/100  kill(命中/开火)=0.323  direct(直击/开火)=0.173  被命中(挨打/敌开火)=0.446  先发制人(直击前未被打中的局)=0.214  弹数=266
  [评测进度] 80/100  kill(命中/开火)=0.321  direct(直击/开火)=0.163  被命中(挨打/敌开火)=0.463  先发制人(直击前未被打中的局)=0.200  弹数=312
  [评测进度] 90/100  kill(命中/开火)=0.337  direct(直击/开火)=0.170  被命中(挨打/敌开火)=0.456  先发制人(直击前未被打中的局)=0.211  弹数=347
  [评测进度] 100/100  kill(命中/开火)=0.340  direct(直击/开火)=0.177  被命中(挨打/敌开火)=0.453  先发制人(直击前未被打中的局)=0.240  弹数=373
------------------------------------------------------------
[评测] 阶段=stage_turret  局数=100
  kill_rate(命中/开火) = 0.340  hit_rate(直击/开火) = 0.177  中位TTK = 373
  被命中率(挨打/敌开火) = 0.453  先发制人率(直击前未被打中的局/局数) = 0.240
  TTK口径     : 首直击步数；无直击=该局结束步数（评测步限封顶）
  晋级条件 直击/开火 hit_rate≥1.01  当前=0.177  → 指标未达标
  未晋级，继续当前阶段
------------------------------------------------------------
[进度] 21,921,792/100,000,000 (21.9%)  FPS≈1227  阶段=stage_turret  速度=0.00  直行间隔=180  aim=0.100/current  rotate=-0.07  ent=0.0005  std=0.824
[进度] 21,938,176/100,000,000 (21.9%)  FPS≈1226  阶段=stage_turret  速度=0.00  直行间隔=180  aim=0.100/current  rotate=-0.07  ent=0.0005  std=0.823
[进度] 21,954,560/100,000,000 (22.0%)  FPS≈1213  阶段=stage_turret  速度=0.00  直行间隔=180  aim=0.100/current  rotate=-0.07  ent=0.0005  std=0.823
[进度] 21,970,944/100,000,000 (22.0%)  FPS≈1257  阶段=stage_turret  速度=0.00  直行间隔=180  aim=0.100/current  rotate=-0.07  ent=0.0005  std=0.823
[进度] 21,987,328/100,000,000 (22.0%)  FPS≈1203  阶段=stage_turret  速度=0.00  直行间隔=180  aim=0.100/current  rotate=-0.07  ent=0.0005  std=0.823
[进度] 22,003,712/100,000,000 (22.0%)  FPS≈1219  阶段=stage_turret  速度=0.00  直行间隔=180  aim=0.100/current  rotate=-0.07  ent=0.0005  std=0.823
[进度] 22,020,096/100,000,000 (22.0%)  FPS≈1190  阶段=stage_turret  速度=0.00  直行间隔=180  aim=0.100/current  rotate=-0.07  ent=0.0005  std=0.823
[存盘] 课程元数据 model_t22020096_stage0_stage_turret.curriculum.json  stage=stage_turret  bot=turret v=0.00
[存盘] runs/curriculum_turret/20260923_163427/checkpoints/model_t22020096_stage0_stage_turret.zip
[评测] 开始（100 局）…
  [评测进度] 10/100  kill(命中/开火)=0.368  direct(直击/开火)=0.211  被命中(挨打/敌开火)=0.488  先发制人(直击前未被打中的局)=0.200  弹数=38
  [评测进度] 20/100  kill(命中/开火)=0.346  direct(直击/开火)=0.205  被命中(挨打/敌开火)=0.523  先发制人(直击前未被打中的局)=0.150  弹数=78
  [评测进度] 30/100  kill(命中/开火)=0.346  direct(直击/开火)=0.234  被命中(挨打/敌开火)=0.517  先发制人(直击前未被打中的局)=0.200  弹数=107
  [评测进度] 40/100  kill(命中/开火)=0.338  direct(直击/开火)=0.218  被命中(挨打/敌开火)=0.510  先发制人(直击前未被打中的局)=0.150  弹数=142
  [评测进度] 50/100  kill(命中/开火)=0.324  direct(直击/开火)=0.210  被命中(挨打/敌开火)=0.526  先发制人(直击前未被打中的局)=0.200  弹数=176
  [评测进度] 60/100  kill(命中/开火)=0.332  direct(直击/开火)=0.199  被命中(挨打/敌开火)=0.517  先发制人(直击前未被打中的局)=0.200  弹数=211
  [评测进度] 70/100  kill(命中/开火)=0.339  direct(直击/开火)=0.200  被命中(挨打/敌开火)=0.498  先发制人(直击前未被打中的局)=0.200  弹数=245
  [评测进度] 80/100  kill(命中/开火)=0.341  direct(直击/开火)=0.203  被命中(挨打/敌开火)=0.495  先发制人(直击前未被打中的局)=0.212  弹数=276
  [评测进度] 90/100  kill(命中/开火)=0.337  direct(直击/开火)=0.208  被命中(挨打/敌开火)=0.503  先发制人(直击前未被打中的局)=0.222  弹数=303
  [评测进度] 100/100  kill(命中/开火)=0.326  direct(直击/开火)=0.203  被命中(挨打/敌开火)=0.492  先发制人(直击前未被打中的局)=0.220  弹数=340
------------------------------------------------------------
[评测] 阶段=stage_turret  局数=100
  kill_rate(命中/开火) = 0.326  hit_rate(直击/开火) = 0.203  中位TTK = 299
  被命中率(挨打/敌开火) = 0.492  先发制人率(直击前未被打中的局/局数) = 0.220
  TTK口径     : 首直击步数；无直击=该局结束步数（评测步限封顶）
  晋级条件 直击/开火 hit_rate≥1.01  当前=0.203  → 指标未达标
  未晋级，继续当前阶段
------------------------------------------------------------
[进度] 22,036,480/100,000,000 (22.0%)  FPS≈1259  阶段=stage_turret  速度=0.00  直行间隔=180  aim=0.100/current  rotate=-0.07  ent=0.0005  std=0.823
[进度] 22,052,864/100,000,000 (22.1%)  FPS≈1224  阶段=stage_turret  速度=0.00  直行间隔=180  aim=0.100/current  rotate=-0.07  ent=0.0005  std=0.823
[进度] 22,069,248/100,000,000 (22.1%)  FPS≈1231  阶段=stage_turret  速度=0.00  直行间隔=180  aim=0.100/current  rotate=-0.07  ent=0.0005  std=0.822
[进度] 22,085,632/100,000,000 (22.1%)  FPS≈1213  阶段=stage_turret  速度=0.00  直行间隔=180  aim=0.100/current  rotate=-0.07  ent=0.0005  std=0.822
[进度] 22,102,016/100,000,000 (22.1%)  FPS≈1222  阶段=stage_turret  速度=0.00  直行间隔=180  aim=0.100/current  rotate=-0.07  ent=0.0005  std=0.822
[进度] 22,118,400/100,000,000 (22.1%)  FPS≈1227  阶段=stage_turret  速度=0.00  直行间隔=180  aim=0.100/current  rotate=-0.07  ent=0.0005  std=0.823
[进度] 22,134,784/100,000,000 (22.1%)  FPS≈1258  阶段=stage_turret  速度=0.00  直行间隔=180  aim=0.100/current  rotate=-0.07  ent=0.0005  std=0.823
[存盘] 课程元数据 model_t22134784_stage0_stage_turret.curriculum.json  stage=stage_turret  bot=turret v=0.00
[存盘] runs/curriculum_turret/20260923_163427/checkpoints/model_t22134784_stage0_stage_turret.zip
[评测] 开始（100 局）…
  [评测进度] 10/100  kill(命中/开火)=0.238  direct(直击/开火)=0.190  被命中(挨打/敌开火)=0.523  先发制人(直击前未被打中的局)=0.200  弹数=42
  [评测进度] 20/100  kill(命中/开火)=0.232  direct(直击/开火)=0.171  被命中(挨打/敌开火)=0.506  先发制人(直击前未被打中的局)=0.200  弹数=82
  [评测进度] 30/100  kill(命中/开火)=0.270  direct(直击/开火)=0.172  被命中(挨打/敌开火)=0.504  先发制人(直击前未被打中的局)=0.167  弹数=122
  [评测进度] 40/100  kill(命中/开火)=0.278  direct(直击/开火)=0.185  被命中(挨打/敌开火)=0.506  先发制人(直击前未被打中的局)=0.200  弹数=151
  [评测进度] 50/100  kill(命中/开火)=0.288  direct(直击/开火)=0.190  被命中(挨打/敌开火)=0.503  先发制人(直击前未被打中的局)=0.220  弹数=184
  [评测进度] 60/100  kill(命中/开火)=0.321  direct(直击/开火)=0.193  被命中(挨打/敌开火)=0.468  先发制人(直击前未被打中的局)=0.233  弹数=218
  [评测进度] 70/100  kill(命中/开火)=0.325  direct(直击/开火)=0.210  被命中(挨打/敌开火)=0.454  先发制人(直击前未被打中的局)=0.271  弹数=243
  [评测进度] 80/100  kill(命中/开火)=0.311  direct(直击/开火)=0.196  被命中(挨打/敌开火)=0.485  先发制人(直击前未被打中的局)=0.250  弹数=286
  [评测进度] 90/100  kill(命中/开火)=0.311  direct(直击/开火)=0.194  被命中(挨打/敌开火)=0.469  先发制人(直击前未被打中的局)=0.244  弹数=325
  [评测进度] 100/100  kill(命中/开火)=0.314  direct(直击/开火)=0.196  被命中(挨打/敌开火)=0.482  先发制人(直击前未被打中的局)=0.240  弹数=357
------------------------------------------------------------
[评测] 阶段=stage_turret  局数=100
  kill_rate(命中/开火) = 0.314  hit_rate(直击/开火) = 0.196  中位TTK = 328
  被命中率(挨打/敌开火) = 0.482  先发制人率(直击前未被打中的局/局数) = 0.240
  TTK口径     : 首直击步数；无直击=该局结束步数（评测步限封顶）
  晋级条件 直击/开火 hit_rate≥1.01  当前=0.196  → 指标未达标
  未晋级，继续当前阶段
------------------------------------------------------------
[进度] 22,151,168/100,000,000 (22.2%)  FPS≈1231  阶段=stage_turret  速度=0.00  直行间隔=180  aim=0.100/current  rotate=-0.07  ent=0.0005  std=0.822
[进度] 22,167,552/100,000,000 (22.2%)  FPS≈1234  阶段=stage_turret  速度=0.00  直行间隔=180  aim=0.100/current  rotate=-0.07  ent=0.0005  std=0.822
[进度] 22,183,936/100,000,000 (22.2%)  FPS≈1228  阶段=stage_turret  速度=0.00  直行间隔=180  aim=0.100/current  rotate=-0.07  ent=0.0005  std=0.821
[进度] 22,200,320/100,000,000 (22.2%)  FPS≈1221  阶段=stage_turret  速度=0.00  直行间隔=180  aim=0.100/current  rotate=-0.07  ent=0.0005  std=0.821
[进度] 22,216,704/100,000,000 (22.2%)  FPS≈1206  阶段=stage_turret  速度=0.00  直行间隔=180  aim=0.100/current  rotate=-0.07  ent=0.0005  std=0.822
[进度] 22,233,088/100,000,000 (22.2%)  FPS≈1226  阶段=stage_turret  速度=0.00  直行间隔=180  aim=0.100/current  rotate=-0.07  ent=0.0005  std=0.821
[进度] 22,249,472/100,000,000 (22.2%)  FPS≈1202  阶段=stage_turret  速度=0.00  直行间隔=180  aim=0.100/current  rotate=-0.07  ent=0.0005  std=0.821
[存盘] 课程元数据 model_t22249472_stage0_stage_turret.curriculum.json  stage=stage_turret  bot=turret v=0.00
[存盘] runs/curriculum_turret/20260923_163427/checkpoints/model_t22249472_stage0_stage_turret.zip
[评测] 开始（100 局）…
  [评测进度] 10/100  kill(命中/开火)=0.293  direct(直击/开火)=0.146  被命中(挨打/敌开火)=0.348  先发制人(直击前未被打中的局)=0.100  弹数=41
  [评测进度] 20/100  kill(命中/开火)=0.315  direct(直击/开火)=0.151  被命中(挨打/敌开火)=0.519  先发制人(直击前未被打中的局)=0.250  弹数=73
  [评测进度] 30/100  kill(命中/开火)=0.330  direct(直击/开火)=0.157  被命中(挨打/敌开火)=0.496  先发制人(直击前未被打中的局)=0.200  弹数=115
  [评测进度] 40/100  kill(命中/开火)=0.312  direct(直击/开火)=0.169  被命中(挨打/敌开火)=0.456  先发制人(直击前未被打中的局)=0.225  弹数=154
  [评测进度] 50/100  kill(命中/开火)=0.326  direct(直击/开火)=0.182  被命中(挨打/敌开火)=0.446  先发制人(直击前未被打中的局)=0.240  弹数=187
  [评测进度] 60/100  kill(命中/开火)=0.329  direct(直击/开火)=0.187  被命中(挨打/敌开火)=0.446  先发制人(直击前未被打中的局)=0.267  弹数=219
  [评测进度] 70/100  kill(命中/开火)=0.322  direct(直击/开火)=0.182  被命中(挨打/敌开火)=0.448  先发制人(直击前未被打中的局)=0.271  弹数=258
  [评测进度] 80/100  kill(命中/开火)=0.330  direct(直击/开火)=0.195  被命中(挨打/敌开火)=0.453  先发制人(直击前未被打中的局)=0.263  弹数=282
  [评测进度] 90/100  kill(命中/开火)=0.323  direct(直击/开火)=0.201  被命中(挨打/敌开火)=0.449  先发制人(直击前未被打中的局)=0.267  弹数=313
  [评测进度] 100/100  kill(命中/开火)=0.319  direct(直击/开火)=0.192  被命中(挨打/敌开火)=0.463  先发制人(直击前未被打中的局)=0.260  弹数=354
------------------------------------------------------------
[评测] 阶段=stage_turret  局数=100
  kill_rate(命中/开火) = 0.319  hit_rate(直击/开火) = 0.192  中位TTK = 317
  被命中率(挨打/敌开火) = 0.463  先发制人率(直击前未被打中的局/局数) = 0.260
  TTK口径     : 首直击步数；无直击=该局结束步数（评测步限封顶）
  晋级条件 直击/开火 hit_rate≥1.01  当前=0.192  → 指标未达标
  未晋级，继续当前阶段
------------------------------------------------------------
[进度] 22,265,856/100,000,000 (22.3%)  FPS≈1211  阶段=stage_turret  速度=0.00  直行间隔=180  aim=0.100/current  rotate=-0.07  ent=0.0005  std=0.821
[进度] 22,282,240/100,000,000 (22.3%)  FPS≈1240  阶段=stage_turret  速度=0.00  直行间隔=180  aim=0.100/current  rotate=-0.07  ent=0.0005  std=0.821
[进度] 22,298,624/100,000,000 (22.3%)  FPS≈1237  阶段=stage_turret  速度=0.00  直行间隔=180  aim=0.100/current  rotate=-0.07  ent=0.0005  std=0.821
[进度] 22,315,008/100,000,000 (22.3%)  FPS≈1252  阶段=stage_turret  速度=0.00  直行间隔=180  aim=0.100/current  rotate=-0.07  ent=0.0005  std=0.821
[进度] 22,331,392/100,000,000 (22.3%)  FPS≈1196  阶段=stage_turret  速度=0.00  直行间隔=180  aim=0.100/current  rotate=-0.07  ent=0.0005  std=0.821
[进度] 22,347,776/100,000,000 (22.3%)  FPS≈1232  阶段=stage_turret  速度=0.00  直行间隔=180  aim=0.100/current  rotate=-0.07  ent=0.0005  std=0.821
[进度] 22,364,160/100,000,000 (22.4%)  FPS≈1219  阶段=stage_turret  速度=0.00  直行间隔=180  aim=0.100/current  rotate=-0.07  ent=0.0005  std=0.821
[存盘] 课程元数据 model_t22364160_stage0_stage_turret.curriculum.json  stage=stage_turret  bot=turret v=0.00
[存盘] runs/curriculum_turret/20260923_163427/checkpoints/model_t22364160_stage0_stage_turret.zip
[评测] 开始（100 局）…
  [评测进度] 10/100  kill(命中/开火)=0.538  direct(直击/开火)=0.346  被命中(挨打/敌开火)=0.400  先发制人(直击前未被打中的局)=0.400  弹数=26
  [评测进度] 20/100  kill(命中/开火)=0.482  direct(直击/开火)=0.286  被命中(挨打/敌开火)=0.344  先发制人(直击前未被打中的局)=0.450  弹数=56
  [评测进度] 30/100  kill(命中/开火)=0.394  direct(直击/开火)=0.183  被命中(挨打/敌开火)=0.430  先发制人(直击前未被打中的局)=0.300  弹数=109
  [评测进度] 40/100  kill(命中/开火)=0.360  direct(直击/开火)=0.173  被命中(挨打/敌开火)=0.416  先发制人(直击前未被打中的局)=0.300  弹数=150
  [评测进度] 50/100  kill(命中/开火)=0.364  direct(直击/开火)=0.193  被命中(挨打/敌开火)=0.421  先发制人(直击前未被打中的局)=0.360  弹数=176
  [评测进度] 60/100  kill(命中/开火)=0.353  direct(直击/开火)=0.198  被命中(挨打/敌开火)=0.450  先发制人(直击前未被打中的局)=0.333  弹数=207
  [评测进度] 70/100  kill(命中/开火)=0.329  direct(直击/开火)=0.191  被命中(挨打/敌开火)=0.478  先发制人(直击前未被打中的局)=0.300  弹数=246
  [评测进度] 80/100  kill(命中/开火)=0.330  direct(直击/开火)=0.175  被命中(挨打/敌开火)=0.486  先发制人(直击前未被打中的局)=0.275  弹数=291
  [评测进度] 90/100  kill(命中/开火)=0.323  direct(直击/开火)=0.174  被命中(挨打/敌开火)=0.492  先发制人(直击前未被打中的局)=0.267  弹数=328
  [评测进度] 100/100  kill(命中/开火)=0.331  direct(直击/开火)=0.177  被命中(挨打/敌开火)=0.489  先发制人(直击前未被打中的局)=0.280  弹数=362
------------------------------------------------------------
[评测] 阶段=stage_turret  局数=100
  kill_rate(命中/开火) = 0.331  hit_rate(直击/开火) = 0.177  中位TTK = 326
  被命中率(挨打/敌开火) = 0.489  先发制人率(直击前未被打中的局/局数) = 0.280
  TTK口径     : 首直击步数；无直击=该局结束步数（评测步限封顶）
  晋级条件 直击/开火 hit_rate≥1.01  当前=0.177  → 指标未达标
  未晋级，继续当前阶段
------------------------------------------------------------
[进度] 22,380,544/100,000,000 (22.4%)  FPS≈1238  阶段=stage_turret  速度=0.00  直行间隔=180  aim=0.100/current  rotate=-0.07  ent=0.0005  std=0.821
[进度] 22,396,928/100,000,000 (22.4%)  FPS≈1238  阶段=stage_turret  速度=0.00  直行间隔=180  aim=0.100/current  rotate=-0.07  ent=0.0005  std=0.821
[进度] 22,413,312/100,000,000 (22.4%)  FPS≈1223  阶段=stage_turret  速度=0.00  直行间隔=180  aim=0.100/current  rotate=-0.07  ent=0.0005  std=0.821
[进度] 22,429,696/100,000,000 (22.4%)  FPS≈1240  阶段=stage_turret  速度=0.00  直行间隔=180  aim=0.100/current  rotate=-0.07  ent=0.0005  std=0.821
[进度] 22,446,080/100,000,000 (22.4%)  FPS≈1254  阶段=stage_turret  速度=0.00  直行间隔=180  aim=0.100/current  rotate=-0.07  ent=0.0005  std=0.821
[进度] 22,462,464/100,000,000 (22.5%)  FPS≈1218  阶段=stage_turret  速度=0.00  直行间隔=180  aim=0.100/current  rotate=-0.07  ent=0.0005  std=0.820
[进度] 22,478,848/100,000,000 (22.5%)  FPS≈1220  阶段=stage_turret  速度=0.00  直行间隔=180  aim=0.100/current  rotate=-0.07  ent=0.0005  std=0.820
[存盘] 课程元数据 model_t22478848_stage0_stage_turret.curriculum.json  stage=stage_turret  bot=turret v=0.00
[存盘] runs/curriculum_turret/20260923_163427/checkpoints/model_t22478848_stage0_stage_turret.zip
[评测] 开始（100 局）…
  [评测进度] 10/100  kill(命中/开火)=0.323  direct(直击/开火)=0.194  被命中(挨打/敌开火)=0.600  先发制人(直击前未被打中的局)=0.200  弹数=31
  [评测进度] 20/100  kill(命中/开火)=0.295  direct(直击/开火)=0.141  被命中(挨打/敌开火)=0.553  先发制人(直击前未被打中的局)=0.150  弹数=78
  [评测进度] 30/100  kill(命中/开火)=0.291  direct(直击/开火)=0.137  被命中(挨打/敌开火)=0.559  先发制人(直击前未被打中的局)=0.200  弹数=117
  [评测进度] 40/100  kill(命中/开火)=0.318  direct(直击/开火)=0.176  被命中(挨打/敌开火)=0.525  先发制人(直击前未被打中的局)=0.200  弹数=148
  [评测进度] 50/100  kill(命中/开火)=0.330  direct(直击/开火)=0.190  被命中(挨打/敌开火)=0.536  先发制人(直击前未被打中的局)=0.220  弹数=179
  [评测进度] 60/100  kill(命中/开火)=0.341  direct(直击/开火)=0.205  被命中(挨打/敌开火)=0.527  先发制人(直击前未被打中的局)=0.250  弹数=205
  [评测进度] 70/100  kill(命中/开火)=0.329  direct(直击/开火)=0.187  被命中(挨打/敌开火)=0.504  先发制人(直击前未被打中的局)=0.229  弹数=252
  [评测进度] 80/100  kill(命中/开火)=0.303  direct(直击/开火)=0.175  被命中(挨打/敌开火)=0.479  先发制人(直击前未被打中的局)=0.237  弹数=297
  [评测进度] 90/100  kill(命中/开火)=0.290  direct(直击/开火)=0.172  被命中(挨打/敌开火)=0.478  先发制人(直击前未被打中的局)=0.222  弹数=338
  [评测进度] 100/100  kill(命中/开火)=0.298  direct(直击/开火)=0.172  被命中(挨打/敌开火)=0.479  先发制人(直击前未被打中的局)=0.240  弹数=372
------------------------------------------------------------
[评测] 阶段=stage_turret  局数=100
  kill_rate(命中/开火) = 0.298  hit_rate(直击/开火) = 0.172  中位TTK = 349
  被命中率(挨打/敌开火) = 0.479  先发制人率(直击前未被打中的局/局数) = 0.240
  TTK口径     : 首直击步数；无直击=该局结束步数（评测步限封顶）
  晋级条件 直击/开火 hit_rate≥1.01  当前=0.172  → 指标未达标
  未晋级，继续当前阶段
------------------------------------------------------------
[进度] 22,495,232/100,000,000 (22.5%)  FPS≈1145  阶段=stage_turret  速度=0.00  直行间隔=180  aim=0.100/current  rotate=-0.07  ent=0.0005  std=0.820
[进度] 22,511,616/100,000,000 (22.5%)  FPS≈1255  阶段=stage_turret  速度=0.00  直行间隔=180  aim=0.100/current  rotate=-0.07  ent=0.0005  std=0.820
[进度] 22,528,000/100,000,000 (22.5%)  FPS≈1231  阶段=stage_turret  速度=0.00  直行间隔=180  aim=0.100/current  rotate=-0.07  ent=0.0005  std=0.820
[进度] 22,544,384/100,000,000 (22.5%)  FPS≈1239  阶段=stage_turret  速度=0.00  直行间隔=180  aim=0.100/current  rotate=-0.07  ent=0.0005  std=0.820
[进度] 22,560,768/100,000,000 (22.6%)  FPS≈1190  阶段=stage_turret  速度=0.00  直行间隔=180  aim=0.100/current  rotate=-0.07  ent=0.0005  std=0.820
[进度] 22,577,152/100,000,000 (22.6%)  FPS≈1247  阶段=stage_turret  速度=0.00  直行间隔=180  aim=0.100/current  rotate=-0.07  ent=0.0005  std=0.820
[进度] 22,593,536/100,000,000 (22.6%)  FPS≈1221  阶段=stage_turret  速度=0.00  直行间隔=180  aim=0.100/current  rotate=-0.07  ent=0.0005  std=0.819
[存盘] 课程元数据 model_t22593536_stage0_stage_turret.curriculum.json  stage=stage_turret  bot=turret v=0.00
[存盘] runs/curriculum_turret/20260923_163427/checkpoints/model_t22593536_stage0_stage_turret.zip
[评测] 开始（100 局）…
  [评测进度] 10/100  kill(命中/开火)=0.256  direct(直击/开火)=0.140  被命中(挨打/敌开火)=0.490  先发制人(直击前未被打中的局)=0.100  弹数=43
  [评测进度] 20/100  kill(命中/开火)=0.204  direct(直击/开火)=0.092  被命中(挨打/敌开火)=0.527  先发制人(直击前未被打中的局)=0.050  弹数=98
  [评测进度] 30/100  kill(命中/开火)=0.260  direct(直击/开火)=0.126  被命中(挨打/敌开火)=0.486  先发制人(直击前未被打中的局)=0.167  弹数=127
  [评测进度] 40/100  kill(命中/开火)=0.299  direct(直击/开火)=0.140  被命中(挨打/敌开火)=0.478  先发制人(直击前未被打中的局)=0.175  弹数=164
  [评测进度] 50/100  kill(命中/开火)=0.303  direct(直击/开火)=0.135  被命中(挨打/敌开火)=0.459  先发制人(直击前未被打中的局)=0.160  弹数=208
  [评测进度] 60/100  kill(命中/开火)=0.301  direct(直击/开火)=0.137  被命中(挨打/敌开火)=0.444  先发制人(直击前未被打中的局)=0.167  弹数=249
  [评测进度] 70/100  kill(命中/开火)=0.316  direct(直击/开火)=0.158  被命中(挨打/敌开火)=0.416  先发制人(直击前未被打中的局)=0.243  弹数=272
  [评测进度] 80/100  kill(命中/开火)=0.313  direct(直击/开火)=0.156  被命中(挨打/敌开火)=0.427  先发制人(直击前未被打中的局)=0.250  弹数=307
  [评测进度] 90/100  kill(命中/开火)=0.316  direct(直击/开火)=0.159  被命中(挨打/敌开火)=0.430  先发制人(直击前未被打中的局)=0.256  弹数=339
  [评测进度] 100/100  kill(命中/开火)=0.319  direct(直击/开火)=0.172  被命中(挨打/敌开火)=0.440  先发制人(直击前未被打中的局)=0.280  弹数=360
------------------------------------------------------------
[评测] 阶段=stage_turret  局数=100
  kill_rate(命中/开火) = 0.319  hit_rate(直击/开火) = 0.172  中位TTK = 378
  被命中率(挨打/敌开火) = 0.440  先发制人率(直击前未被打中的局/局数) = 0.280
  TTK口径     : 首直击步数；无直击=该局结束步数（评测步限封顶）
  晋级条件 直击/开火 hit_rate≥1.01  当前=0.172  → 指标未达标
  未晋级，继续当前阶段
------------------------------------------------------------
[进度] 22,609,920/100,000,000 (22.6%)  FPS≈1251  阶段=stage_turret  速度=0.00  直行间隔=180  aim=0.100/current  rotate=-0.07  ent=0.0005  std=0.820
[进度] 22,626,304/100,000,000 (22.6%)  FPS≈1185  阶段=stage_turret  速度=0.00  直行间隔=180  aim=0.100/current  rotate=-0.07  ent=0.0005  std=0.820
[进度] 22,642,688/100,000,000 (22.6%)  FPS≈1206  阶段=stage_turret  速度=0.00  直行间隔=180  aim=0.100/current  rotate=-0.07  ent=0.0005  std=0.820
[进度] 22,659,072/100,000,000 (22.7%)  FPS≈1243  阶段=stage_turret  速度=0.00  直行间隔=180  aim=0.100/current  rotate=-0.07  ent=0.0005  std=0.820
[进度] 22,675,456/100,000,000 (22.7%)  FPS≈1222  阶段=stage_turret  速度=0.00  直行间隔=180  aim=0.100/current  rotate=-0.07  ent=0.0005  std=0.820
[进度] 22,691,840/100,000,000 (22.7%)  FPS≈1215  阶段=stage_turret  速度=0.00  直行间隔=180  aim=0.100/current  rotate=-0.07  ent=0.0005  std=0.820
[进度] 22,708,224/100,000,000 (22.7%)  FPS≈1235  阶段=stage_turret  速度=0.00  直行间隔=180  aim=0.100/current  rotate=-0.07  ent=0.0005  std=0.820
[存盘] 课程元数据 model_t22708224_stage0_stage_turret.curriculum.json  stage=stage_turret  bot=turret v=0.00
[存盘] runs/curriculum_turret/20260923_163427/checkpoints/model_t22708224_stage0_stage_turret.zip
[评测] 开始（100 局）…
  [评测进度] 10/100  kill(命中/开火)=0.360  direct(直击/开火)=0.360  被命中(挨打/敌开火)=0.407  先发制人(直击前未被打中的局)=0.300  弹数=25
  [评测进度] 20/100  kill(命中/开火)=0.344  direct(直击/开火)=0.246  被命中(挨打/敌开火)=0.507  先发制人(直击前未被打中的局)=0.250  弹数=61
  [评测进度] 30/100  kill(命中/开火)=0.301  direct(直击/开火)=0.204  被命中(挨打/敌开火)=0.500  先发制人(直击前未被打中的局)=0.233  弹数=103
  [评测进度] 40/100  kill(命中/开火)=0.296  direct(直击/开火)=0.190  被命中(挨打/敌开火)=0.500  先发制人(直击前未被打中的局)=0.175  弹数=142
  [评测进度] 50/100  kill(命中/开火)=0.317  direct(直击/开火)=0.220  被命中(挨打/敌开火)=0.483  先发制人(直击前未被打中的局)=0.240  弹数=164
  [评测进度] 60/100  kill(命中/开火)=0.301  direct(直击/开火)=0.204  被命中(挨打/敌开火)=0.467  先发制人(直击前未被打中的局)=0.233  弹数=206
  [评测进度] 70/100  kill(命中/开火)=0.305  direct(直击/开火)=0.193  被命中(挨打/敌开火)=0.462  先发制人(直击前未被打中的局)=0.243  弹数=243
  [评测进度] 80/100  kill(命中/开火)=0.288  direct(直击/开火)=0.182  被命中(挨打/敌开火)=0.455  先发制人(直击前未被打中的局)=0.237  弹数=285
  [评测进度] 90/100  kill(命中/开火)=0.292  direct(直击/开火)=0.180  被命中(挨打/敌开火)=0.459  先发制人(直击前未被打中的局)=0.233  弹数=322
  [评测进度] 100/100  kill(命中/开火)=0.297  direct(直击/开火)=0.185  被命中(挨打/敌开火)=0.455  先发制人(直击前未被打中的局)=0.240  弹数=357
------------------------------------------------------------
[评测] 阶段=stage_turret  局数=100
  kill_rate(命中/开火) = 0.297  hit_rate(直击/开火) = 0.185  中位TTK = 304
  被命中率(挨打/敌开火) = 0.455  先发制人率(直击前未被打中的局/局数) = 0.240
  TTK口径     : 首直击步数；无直击=该局结束步数（评测步限封顶）
  晋级条件 直击/开火 hit_rate≥1.01  当前=0.185  → 指标未达标
  未晋级，继续当前阶段
------------------------------------------------------------
[进度] 22,724,608/100,000,000 (22.7%)  FPS≈1196  阶段=stage_turret  速度=0.00  直行间隔=180  aim=0.100/current  rotate=-0.07  ent=0.0005  std=0.820
[进度] 22,740,992/100,000,000 (22.7%)  FPS≈1203  阶段=stage_turret  速度=0.00  直行间隔=180  aim=0.100/current  rotate=-0.07  ent=0.0005  std=0.819
[进度] 22,757,376/100,000,000 (22.8%)  FPS≈1207  阶段=stage_turret  速度=0.00  直行间隔=180  aim=0.100/current  rotate=-0.07  ent=0.0005  std=0.819
[进度] 22,773,760/100,000,000 (22.8%)  FPS≈1187  阶段=stage_turret  速度=0.00  直行间隔=180  aim=0.100/current  rotate=-0.07  ent=0.0005  std=0.818
[进度] 22,790,144/100,000,000 (22.8%)  FPS≈1199  阶段=stage_turret  速度=0.00  直行间隔=180  aim=0.100/current  rotate=-0.07  ent=0.0005  std=0.818
[进度] 22,806,528/100,000,000 (22.8%)  FPS≈1290  阶段=stage_turret  速度=0.00  直行间隔=180  aim=0.100/current  rotate=-0.07  ent=0.0005  std=0.818
[进度] 22,822,912/100,000,000 (22.8%)  FPS≈1248  阶段=stage_turret  速度=0.00  直行间隔=180  aim=0.100/current  rotate=-0.07  ent=0.0005  std=0.819
[存盘] 课程元数据 model_t22822912_stage0_stage_turret.curriculum.json  stage=stage_turret  bot=turret v=0.00
[存盘] runs/curriculum_turret/20260923_163427/checkpoints/model_t22822912_stage0_stage_turret.zip
[评测] 开始（100 局）…
  [评测进度] 10/100  kill(命中/开火)=0.375  direct(直击/开火)=0.219  被命中(挨打/敌开火)=0.400  先发制人(直击前未被打中的局)=0.300  弹数=32
  [评测进度] 20/100  kill(命中/开火)=0.352  direct(直击/开火)=0.197  被命中(挨打/敌开火)=0.450  先发制人(直击前未被打中的局)=0.250  弹数=71
  [评测进度] 30/100  kill(命中/开火)=0.340  direct(直击/开火)=0.204  被命中(挨打/敌开火)=0.487  先发制人(直击前未被打中的局)=0.233  弹数=103
  [评测进度] 40/100  kill(命中/开火)=0.326  direct(直击/开火)=0.203  被命中(挨打/敌开火)=0.465  先发制人(直击前未被打中的局)=0.225  弹数=138
  [评测进度] 50/100  kill(命中/开火)=0.316  direct(直击/开火)=0.186  被命中(挨打/敌开火)=0.482  先发制人(直击前未被打中的局)=0.200  弹数=177
  [评测进度] 60/100  kill(命中/开火)=0.318  direct(直击/开火)=0.180  被命中(挨打/敌开火)=0.473  先发制人(直击前未被打中的局)=0.233  弹数=217
  [评测进度] 70/100  kill(命中/开火)=0.305  direct(直击/开火)=0.174  被命中(挨打/敌开火)=0.477  先发制人(直击前未被打中的局)=0.214  弹数=259
  [评测进度] 80/100  kill(命中/开火)=0.304  direct(直击/开火)=0.174  被命中(挨打/敌开火)=0.477  先发制人(直击前未被打中的局)=0.212  弹数=293
  [评测进度] 90/100  kill(命中/开火)=0.319  direct(直击/开火)=0.183  被命中(挨打/敌开火)=0.473  先发制人(直击前未被打中的局)=0.233  弹数=323
  [评测进度] 100/100  kill(命中/开火)=0.320  direct(直击/开火)=0.183  被命中(挨打/敌开火)=0.483  先发制人(直击前未被打中的局)=0.240  弹数=356
------------------------------------------------------------
[评测] 阶段=stage_turret  局数=100
  kill_rate(命中/开火) = 0.320  hit_rate(直击/开火) = 0.183  中位TTK = 322
  被命中率(挨打/敌开火) = 0.483  先发制人率(直击前未被打中的局/局数) = 0.240
  TTK口径     : 首直击步数；无直击=该局结束步数（评测步限封顶）
  晋级条件 直击/开火 hit_rate≥1.01  当前=0.183  → 指标未达标
  未晋级，继续当前阶段
------------------------------------------------------------
[进度] 22,839,296/100,000,000 (22.8%)  FPS≈1207  阶段=stage_turret  速度=0.00  直行间隔=180  aim=0.100/current  rotate=-0.07  ent=0.0005  std=0.818
[进度] 22,855,680/100,000,000 (22.9%)  FPS≈1222  阶段=stage_turret  速度=0.00  直行间隔=180  aim=0.100/current  rotate=-0.07  ent=0.0005  std=0.819
[进度] 22,872,064/100,000,000 (22.9%)  FPS≈1231  阶段=stage_turret  速度=0.00  直行间隔=180  aim=0.100/current  rotate=-0.07  ent=0.0005  std=0.819
[进度] 22,888,448/100,000,000 (22.9%)  FPS≈1191  阶段=stage_turret  速度=0.00  直行间隔=180  aim=0.100/current  rotate=-0.07  ent=0.0005  std=0.819
[进度] 22,904,832/100,000,000 (22.9%)  FPS≈1228  阶段=stage_turret  速度=0.00  直行间隔=180  aim=0.100/current  rotate=-0.07  ent=0.0005  std=0.818
[进度] 22,921,216/100,000,000 (22.9%)  FPS≈1225  阶段=stage_turret  速度=0.00  直行间隔=180  aim=0.100/current  rotate=-0.07  ent=0.0005  std=0.818
[进度] 22,937,600/100,000,000 (22.9%)  FPS≈1232  阶段=stage_turret  速度=0.00  直行间隔=180  aim=0.100/current  rotate=-0.07  ent=0.0005  std=0.817
[存盘] 课程元数据 model_t22937600_stage0_stage_turret.curriculum.json  stage=stage_turret  bot=turret v=0.00
[存盘] runs/curriculum_turret/20260923_163427/checkpoints/model_t22937600_stage0_stage_turret.zip
[评测] 开始（100 局）…
  [评测进度] 10/100  kill(命中/开火)=0.440  direct(直击/开火)=0.360  被命中(挨打/敌开火)=0.481  先发制人(直击前未被打中的局)=0.300  弹数=25
  [评测进度] 20/100  kill(命中/开火)=0.407  direct(直击/开火)=0.271  被命中(挨打/敌开火)=0.435  先发制人(直击前未被打中的局)=0.350  弹数=59
  [评测进度] 30/100  kill(命中/开火)=0.364  direct(直击/开火)=0.261  被命中(挨打/敌开火)=0.467  先发制人(直击前未被打中的局)=0.367  弹数=88
  [评测进度] 40/100  kill(命中/开火)=0.393  direct(直击/开火)=0.274  被命中(挨打/敌开火)=0.492  先发制人(直击前未被打中的局)=0.325  弹数=117
  [评测进度] 50/100  kill(命中/开火)=0.369  direct(直击/开火)=0.237  被命中(挨打/敌开火)=0.523  先发制人(直击前未被打中的局)=0.280  弹数=160
  [评测进度] 60/100  kill(命中/开火)=0.381  direct(直击/开火)=0.238  被命中(挨打/敌开火)=0.481  先发制人(直击前未被打中的局)=0.283  弹数=189
  [评测进度] 70/100  kill(命中/开火)=0.371  direct(直击/开火)=0.220  被命中(挨打/敌开火)=0.488  先发制人(直击前未被打中的局)=0.271  弹数=232
  [评测进度] 80/100  kill(命中/开火)=0.374  direct(直击/开火)=0.219  被命中(挨打/敌开火)=0.466  先发制人(直击前未被打中的局)=0.275  弹数=270
  [评测进度] 90/100  kill(命中/开火)=0.370  direct(直击/开火)=0.221  被命中(挨打/敌开火)=0.468  先发制人(直击前未被打中的局)=0.267  弹数=303
  [评测进度] 100/100  kill(命中/开火)=0.358  direct(直击/开火)=0.221  被命中(挨打/敌开火)=0.466  先发制人(直击前未被打中的局)=0.240  弹数=335
------------------------------------------------------------
[评测] 阶段=stage_turret  局数=100
  kill_rate(命中/开火) = 0.358  hit_rate(直击/开火) = 0.221  中位TTK = 267
  被命中率(挨打/敌开火) = 0.466  先发制人率(直击前未被打中的局/局数) = 0.240
  TTK口径     : 首直击步数；无直击=该局结束步数（评测步限封顶）
  晋级条件 直击/开火 hit_rate≥1.01  当前=0.221  → 指标未达标
  未晋级，继续当前阶段
------------------------------------------------------------
[进度] 22,953,984/100,000,000 (23.0%)  FPS≈1232  阶段=stage_turret  速度=0.00  直行间隔=180  aim=0.100/current  rotate=-0.07  ent=0.0005  std=0.818
[进度] 22,970,368/100,000,000 (23.0%)  FPS≈1238  阶段=stage_turret  速度=0.00  直行间隔=180  aim=0.100/current  rotate=-0.07  ent=0.0005  std=0.817
[进度] 22,986,752/100,000,000 (23.0%)  FPS≈1199  阶段=stage_turret  速度=0.00  直行间隔=180  aim=0.100/current  rotate=-0.07  ent=0.0005  std=0.817
[进度] 23,003,136/100,000,000 (23.0%)  FPS≈1189  阶段=stage_turret  速度=0.00  直行间隔=180  aim=0.100/current  rotate=-0.07  ent=0.0005  std=0.817
[进度] 23,019,520/100,000,000 (23.0%)  FPS≈1230  阶段=stage_turret  速度=0.00  直行间隔=180  aim=0.100/current  rotate=-0.07  ent=0.0005  std=0.817
[进度] 23,035,904/100,000,000 (23.0%)  FPS≈1207  阶段=stage_turret  速度=0.00  直行间隔=180  aim=0.100/current  rotate=-0.07  ent=0.0005  std=0.817
[进度] 23,052,288/100,000,000 (23.1%)  FPS≈1250  阶段=stage_turret  速度=0.00  直行间隔=180  aim=0.100/current  rotate=-0.07  ent=0.0005  std=0.817
[存盘] 课程元数据 model_t23052288_stage0_stage_turret.curriculum.json  stage=stage_turret  bot=turret v=0.00
[存盘] runs/curriculum_turret/20260923_163427/checkpoints/model_t23052288_stage0_stage_turret.zip
[评测] 开始（100 局）…
  [评测进度] 10/100  kill(命中/开火)=0.262  direct(直击/开火)=0.143  被命中(挨打/敌开火)=0.500  先发制人(直击前未被打中的局)=0.200  弹数=42
  [评测进度] 20/100  kill(命中/开火)=0.265  direct(直击/开火)=0.145  被命中(挨打/敌开火)=0.494  先发制人(直击前未被打中的局)=0.250  弹数=83
  [评测进度] 30/100  kill(命中/开火)=0.241  direct(直击/开火)=0.120  被命中(挨打/敌开火)=0.472  先发制人(直击前未被打中的局)=0.233  弹数=133
  [评测进度] 40/100  kill(命中/开火)=0.219  direct(直击/开火)=0.112  被命中(挨打/敌开火)=0.464  先发制人(直击前未被打中的局)=0.250  弹数=178
  [评测进度] 50/100  kill(命中/开火)=0.237  direct(直击/开火)=0.135  被命中(挨打/敌开火)=0.477  先发制人(直击前未被打中的局)=0.260  弹数=207
  [评测进度] 60/100  kill(命中/开火)=0.252  direct(直击/开火)=0.151  被命中(挨打/敌开火)=0.463  先发制人(直击前未被打中的局)=0.250  弹数=238
  [评测进度] 70/100  kill(命中/开火)=0.241  direct(直击/开火)=0.145  被命中(挨打/敌开火)=0.477  先发制人(直击前未被打中的局)=0.257  弹数=282
  [评测进度] 80/100  kill(命中/开火)=0.268  direct(直击/开火)=0.171  被命中(挨打/敌开火)=0.466  先发制人(直击前未被打中的局)=0.300  弹数=299
  [评测进度] 90/100  kill(命中/开火)=0.275  direct(直击/开火)=0.173  被命中(挨打/敌开火)=0.458  先发制人(直击前未被打中的局)=0.311  弹数=335
  [评测进度] 100/100  kill(命中/开火)=0.276  direct(直击/开火)=0.163  被命中(挨打/敌开火)=0.477  先发制人(直击前未被打中的局)=0.300  弹数=380
------------------------------------------------------------
[评测] 阶段=stage_turret  局数=100
  kill_rate(命中/开火) = 0.276  hit_rate(直击/开火) = 0.163  中位TTK = 327
  被命中率(挨打/敌开火) = 0.477  先发制人率(直击前未被打中的局/局数) = 0.300
  TTK口径     : 首直击步数；无直击=该局结束步数（评测步限封顶）
  晋级条件 直击/开火 hit_rate≥1.01  当前=0.163  → 指标未达标
  未晋级，继续当前阶段
------------------------------------------------------------
[进度] 23,068,672/100,000,000 (23.1%)  FPS≈1202  阶段=stage_turret  速度=0.00  直行间隔=180  aim=0.100/current  rotate=-0.07  ent=0.0005  std=0.816
[进度] 23,085,056/100,000,000 (23.1%)  FPS≈1195  阶段=stage_turret  速度=0.00  直行间隔=180  aim=0.100/current  rotate=-0.07  ent=0.0005  std=0.817
[进度] 23,101,440/100,000,000 (23.1%)  FPS≈1232  阶段=stage_turret  速度=0.00  直行间隔=180  aim=0.100/current  rotate=-0.07  ent=0.0005  std=0.817
[进度] 23,117,824/100,000,000 (23.1%)  FPS≈1260  阶段=stage_turret  速度=0.00  直行间隔=180  aim=0.100/current  rotate=-0.07  ent=0.0005  std=0.817
[进度] 23,134,208/100,000,000 (23.1%)  FPS≈1221  阶段=stage_turret  速度=0.00  直行间隔=180  aim=0.100/current  rotate=-0.07  ent=0.0005  std=0.818
[进度] 23,150,592/100,000,000 (23.2%)  FPS≈1209  阶段=stage_turret  速度=0.00  直行间隔=180  aim=0.100/current  rotate=-0.07  ent=0.0005  std=0.818
[进度] 23,166,976/100,000,000 (23.2%)  FPS≈1221  阶段=stage_turret  速度=0.00  直行间隔=180  aim=0.100/current  rotate=-0.07  ent=0.0005  std=0.818
[存盘] 课程元数据 model_t23166976_stage0_stage_turret.curriculum.json  stage=stage_turret  bot=turret v=0.00
[存盘] runs/curriculum_turret/20260923_163427/checkpoints/model_t23166976_stage0_stage_turret.zip
[评测] 开始（100 局）…
  [评测进度] 10/100  kill(命中/开火)=0.233  direct(直击/开火)=0.093  被命中(挨打/敌开火)=0.604  先发制人(直击前未被打中的局)=0.000  弹数=43
  [评测进度] 20/100  kill(命中/开火)=0.273  direct(直击/开火)=0.130  被命中(挨打/敌开火)=0.545  先发制人(直击前未被打中的局)=0.100  弹数=77
  [评测进度] 30/100  kill(命中/开火)=0.292  direct(直击/开火)=0.170  被命中(挨打/敌开火)=0.542  先发制人(直击前未被打中的局)=0.200  弹数=106
  [评测进度] 40/100  kill(命中/开火)=0.321  direct(直击/开火)=0.190  被命中(挨打/敌开火)=0.532  先发制人(直击前未被打中的局)=0.200  弹数=137
  [评测进度] 50/100  kill(命中/开火)=0.315  direct(直击/开火)=0.196  被命中(挨打/敌开火)=0.554  先发制人(直击前未被打中的局)=0.220  弹数=168
  [评测进度] 60/100  kill(命中/开火)=0.304  direct(直击/开火)=0.173  被命中(挨打/敌开火)=0.545  先发制人(直击前未被打中的局)=0.200  弹数=214
  [评测进度] 70/100  kill(命中/开火)=0.294  direct(直击/开火)=0.153  被命中(挨打/敌开火)=0.522  先发制人(直击前未被打中的局)=0.186  弹数=262
  [评测进度] 80/100  kill(命中/开火)=0.299  direct(直击/开火)=0.158  被命中(挨打/敌开火)=0.520  先发制人(直击前未被打中的局)=0.188  弹数=298
  [评测进度] 90/100  kill(命中/开火)=0.291  direct(直击/开火)=0.150  被命中(挨打/敌开火)=0.503  先发制人(直击前未被打中的局)=0.167  弹数=347
  [评测进度] 100/100  kill(命中/开火)=0.284  direct(直击/开火)=0.146  被命中(挨打/敌开火)=0.494  先发制人(直击前未被打中的局)=0.160  弹数=391
------------------------------------------------------------
[评测] 阶段=stage_turret  局数=100
  kill_rate(命中/开火) = 0.284  hit_rate(直击/开火) = 0.146  中位TTK = 386
  被命中率(挨打/敌开火) = 0.494  先发制人率(直击前未被打中的局/局数) = 0.160
  TTK口径     : 首直击步数；无直击=该局结束步数（评测步限封顶）
  晋级条件 直击/开火 hit_rate≥1.01  当前=0.146  → 指标未达标
  未晋级，继续当前阶段
------------------------------------------------------------
[进度] 23,183,360/100,000,000 (23.2%)  FPS≈1248  阶段=stage_turret  速度=0.00  直行间隔=180  aim=0.100/current  rotate=-0.07  ent=0.0005  std=0.818
[进度] 23,199,744/100,000,000 (23.2%)  FPS≈1206  阶段=stage_turret  速度=0.00  直行间隔=180  aim=0.100/current  rotate=-0.07  ent=0.0005  std=0.818
[进度] 23,216,128/100,000,000 (23.2%)  FPS≈1229  阶段=stage_turret  速度=0.00  直行间隔=180  aim=0.100/current  rotate=-0.07  ent=0.0005  std=0.818
[进度] 23,232,512/100,000,000 (23.2%)  FPS≈1215  阶段=stage_turret  速度=0.00  直行间隔=180  aim=0.100/current  rotate=-0.07  ent=0.0005  std=0.818
[进度] 23,248,896/100,000,000 (23.2%)  FPS≈1234  阶段=stage_turret  速度=0.00  直行间隔=180  aim=0.100/current  rotate=-0.07  ent=0.0005  std=0.818
[进度] 23,265,280/100,000,000 (23.3%)  FPS≈1236  阶段=stage_turret  速度=0.00  直行间隔=180  aim=0.100/current  rotate=-0.07  ent=0.0005  std=0.818
[进度] 23,281,664/100,000,000 (23.3%)  FPS≈1224  阶段=stage_turret  速度=0.00  直行间隔=180  aim=0.100/current  rotate=-0.07  ent=0.0005  std=0.818
[存盘] 课程元数据 model_t23281664_stage0_stage_turret.curriculum.json  stage=stage_turret  bot=turret v=0.00
[存盘] runs/curriculum_turret/20260923_163427/checkpoints/model_t23281664_stage0_stage_turret.zip
[评测] 开始（100 局）…
  [评测进度] 10/100  kill(命中/开火)=0.306  direct(直击/开火)=0.139  被命中(挨打/敌开火)=0.463  先发制人(直击前未被打中的局)=0.100  弹数=36
  [评测进度] 20/100  kill(命中/开火)=0.260  direct(直击/开火)=0.137  被命中(挨打/敌开火)=0.439  先发制人(直击前未被打中的局)=0.250  弹数=73
  [评测进度] 30/100  kill(命中/开火)=0.282  direct(直击/开火)=0.165  被命中(挨打/敌开火)=0.478  先发制人(直击前未被打中的局)=0.267  弹数=103
  [评测进度] 40/100  kill(命中/开火)=0.307  direct(直击/开火)=0.164  被命中(挨打/敌开火)=0.471  先发制人(直击前未被打中的局)=0.275  弹数=140
  [评测进度] 50/100  kill(命中/开火)=0.301  direct(直击/开火)=0.168  被命中(挨打/敌开火)=0.477  先发制人(直击前未被打中的局)=0.260  弹数=173
  [评测进度] 60/100  kill(命中/开火)=0.304  direct(直击/开火)=0.174  被命中(挨打/敌开火)=0.468  先发制人(直击前未被打中的局)=0.267  弹数=207
  [评测进度] 70/100  kill(命中/开火)=0.316  direct(直击/开火)=0.168  被命中(挨打/敌开火)=0.465  先发制人(直击前未被打中的局)=0.271  弹数=244
  [评测进度] 80/100  kill(命中/开火)=0.306  direct(直击/开火)=0.171  被命中(挨打/敌开火)=0.457  先发制人(直击前未被打中的局)=0.275  弹数=281
  [评测进度] 90/100  kill(命中/开火)=0.302  direct(直击/开火)=0.162  被命中(挨打/敌开火)=0.483  先发制人(直击前未被打中的局)=0.267  弹数=321
  [评测进度] 100/100  kill(命中/开火)=0.314  direct(直击/开火)=0.173  被命中(挨打/敌开火)=0.477  先发制人(直击前未被打中的局)=0.290  弹数=347
------------------------------------------------------------
[评测] 阶段=stage_turret  局数=100
  kill_rate(命中/开火) = 0.314  hit_rate(直击/开火) = 0.173  中位TTK = 302
  被命中率(挨打/敌开火) = 0.477  先发制人率(直击前未被打中的局/局数) = 0.290
  TTK口径     : 首直击步数；无直击=该局结束步数（评测步限封顶）
  晋级条件 直击/开火 hit_rate≥1.01  当前=0.173  → 指标未达标
  未晋级，继续当前阶段
------------------------------------------------------------
[进度] 23,298,048/100,000,000 (23.3%)  FPS≈1220  阶段=stage_turret  速度=0.00  直行间隔=180  aim=0.100/current  rotate=-0.07  ent=0.0005  std=0.818
[进度] 23,314,432/100,000,000 (23.3%)  FPS≈1217  阶段=stage_turret  速度=0.00  直行间隔=180  aim=0.100/current  rotate=-0.07  ent=0.0005  std=0.818
[进度] 23,330,816/100,000,000 (23.3%)  FPS≈1245  阶段=stage_turret  速度=0.00  直行间隔=180  aim=0.100/current  rotate=-0.07  ent=0.0005  std=0.818
[进度] 23,347,200/100,000,000 (23.3%)  FPS≈1199  阶段=stage_turret  速度=0.00  直行间隔=180  aim=0.100/current  rotate=-0.07  ent=0.0005  std=0.818
[进度] 23,363,584/100,000,000 (23.4%)  FPS≈1238  阶段=stage_turret  速度=0.00  直行间隔=180  aim=0.100/current  rotate=-0.07  ent=0.0005  std=0.817
[进度] 23,379,968/100,000,000 (23.4%)  FPS≈1241  阶段=stage_turret  速度=0.00  直行间隔=180  aim=0.100/current  rotate=-0.07  ent=0.0005  std=0.817
[进度] 23,396,352/100,000,000 (23.4%)  FPS≈1211  阶段=stage_turret  速度=0.00  直行间隔=180  aim=0.100/current  rotate=-0.07  ent=0.0005  std=0.816
[存盘] 课程元数据 model_t23396352_stage0_stage_turret.curriculum.json  stage=stage_turret  bot=turret v=0.00
[存盘] runs/curriculum_turret/20260923_163427/checkpoints/model_t23396352_stage0_stage_turret.zip
[评测] 开始（100 局）…
  [评测进度] 10/100  kill(命中/开火)=0.184  direct(直击/开火)=0.082  被命中(挨打/敌开火)=0.600  先发制人(直击前未被打中的局)=0.000  弹数=49
  [评测进度] 20/100  kill(命中/开火)=0.256  direct(直击/开火)=0.134  被命中(挨打/敌开火)=0.604  先发制人(直击前未被打中的局)=0.150  弹数=82
  [评测进度] 30/100  kill(命中/开火)=0.227  direct(直击/开火)=0.114  被命中(挨打/敌开火)=0.559  先发制人(直击前未被打中的局)=0.133  弹数=132
  [评测进度] 40/100  kill(命中/开火)=0.222  direct(直击/开火)=0.108  被命中(挨打/敌开火)=0.536  先发制人(直击前未被打中的局)=0.150  弹数=176
  [评测进度] 50/100  kill(命中/开火)=0.250  direct(直击/开火)=0.130  被命中(挨打/敌开火)=0.536  先发制人(直击前未被打中的局)=0.240  弹数=200
  [评测进度] 60/100  kill(命中/开火)=0.240  direct(直击/开火)=0.122  被命中(挨打/敌开火)=0.476  先发制人(直击前未被打中的局)=0.217  弹数=246
  [评测进度] 70/100  kill(命中/开火)=0.243  direct(直击/开火)=0.138  被命中(挨打/敌开火)=0.482  先发制人(直击前未被打中的局)=0.243  弹数=276
  [评测进度] 80/100  kill(命中/开火)=0.248  direct(直击/开火)=0.143  被命中(挨打/敌开火)=0.482  先发制人(直击前未被打中的局)=0.275  弹数=307
  [评测进度] 90/100  kill(命中/开火)=0.242  direct(直击/开火)=0.142  被命中(挨打/敌开火)=0.490  先发制人(直击前未被打中的局)=0.244  弹数=351
  [评测进度] 100/100  kill(命中/开火)=0.237  direct(直击/开火)=0.137  被命中(挨打/敌开火)=0.508  先发制人(直击前未被打中的局)=0.240  弹数=393
------------------------------------------------------------
[评测] 阶段=stage_turret  局数=100
  kill_rate(命中/开火) = 0.237  hit_rate(直击/开火) = 0.137  中位TTK = 432
  被命中率(挨打/敌开火) = 0.508  先发制人率(直击前未被打中的局/局数) = 0.240
  TTK口径     : 首直击步数；无直击=该局结束步数（评测步限封顶）
  晋级条件 直击/开火 hit_rate≥1.01  当前=0.137  → 指标未达标
  未晋级，继续当前阶段
------------------------------------------------------------
[进度] 23,412,736/100,000,000 (23.4%)  FPS≈1201  阶段=stage_turret  速度=0.00  直行间隔=180  aim=0.100/current  rotate=-0.07  ent=0.0005  std=0.816
[进度] 23,429,120/100,000,000 (23.4%)  FPS≈1229  阶段=stage_turret  速度=0.00  直行间隔=180  aim=0.100/current  rotate=-0.07  ent=0.0005  std=0.816
[进度] 23,445,504/100,000,000 (23.4%)  FPS≈1216  阶段=stage_turret  速度=0.00  直行间隔=180  aim=0.100/current  rotate=-0.07  ent=0.0005  std=0.816
[进度] 23,461,888/100,000,000 (23.5%)  FPS≈1236  阶段=stage_turret  速度=0.00  直行间隔=180  aim=0.100/current  rotate=-0.07  ent=0.0005  std=0.816
[进度] 23,478,272/100,000,000 (23.5%)  FPS≈1205  阶段=stage_turret  速度=0.00  直行间隔=180  aim=0.100/current  rotate=-0.07  ent=0.0005  std=0.816
[进度] 23,494,656/100,000,000 (23.5%)  FPS≈1212  阶段=stage_turret  速度=0.00  直行间隔=180  aim=0.100/current  rotate=-0.07  ent=0.0005  std=0.816
[进度] 23,511,040/100,000,000 (23.5%)  FPS≈1220  阶段=stage_turret  速度=0.00  直行间隔=180  aim=0.100/current  rotate=-0.07  ent=0.0005  std=0.816
[存盘] 课程元数据 model_t23511040_stage0_stage_turret.curriculum.json  stage=stage_turret  bot=turret v=0.00
[存盘] runs/curriculum_turret/20260923_163427/checkpoints/model_t23511040_stage0_stage_turret.zip
[评测] 开始（100 局）…
  [评测进度] 10/100  kill(命中/开火)=0.286  direct(直击/开火)=0.171  被命中(挨打/敌开火)=0.564  先发制人(直击前未被打中的局)=0.200  弹数=35
  [评测进度] 20/100  kill(命中/开火)=0.301  direct(直击/开火)=0.164  被命中(挨打/敌开火)=0.543  先发制人(直击前未被打中的局)=0.200  弹数=73
  [评测进度] 30/100  kill(命中/开火)=0.347  direct(直击/开火)=0.198  被命中(挨打/敌开火)=0.491  先发制人(直击前未被打中的局)=0.300  弹数=101
  [评测进度] 40/100  kill(命中/开火)=0.331  direct(直击/开火)=0.176  被命中(挨打/敌开火)=0.474  先发制人(直击前未被打中的局)=0.275  弹数=142
  [评测进度] 50/100  kill(命中/开火)=0.316  direct(直击/开火)=0.175  被命中(挨打/敌开火)=0.469  先发制人(直击前未被打中的局)=0.300  弹数=177
  [评测进度] 60/100  kill(命中/开火)=0.321  direct(直击/开火)=0.182  被命中(挨打/敌开火)=0.480  先发制人(直击前未被打中的局)=0.300  弹数=209
  [评测进度] 70/100  kill(命中/开火)=0.302  direct(直击/开火)=0.175  被命中(挨打/敌开火)=0.484  先发制人(直击前未被打中的局)=0.271  弹数=252
  [评测进度] 80/100  kill(命中/开火)=0.307  direct(直击/开火)=0.172  被命中(挨打/敌开火)=0.489  先发制人(直击前未被打中的局)=0.287  弹数=290
  [评测进度] 90/100  kill(命中/开火)=0.322  direct(直击/开火)=0.184  被命中(挨打/敌开火)=0.464  先发制人(直击前未被打中的局)=0.311  弹数=320
  [评测进度] 100/100  kill(命中/开火)=0.322  direct(直击/开火)=0.182  被命中(挨打/敌开火)=0.470  先发制人(直击前未被打中的局)=0.290  弹数=357
------------------------------------------------------------
[评测] 阶段=stage_turret  局数=100
  kill_rate(命中/开火) = 0.322  hit_rate(直击/开火) = 0.182  中位TTK = 290
  被命中率(挨打/敌开火) = 0.470  先发制人率(直击前未被打中的局/局数) = 0.290
  TTK口径     : 首直击步数；无直击=该局结束步数（评测步限封顶）
  晋级条件 直击/开火 hit_rate≥1.01  当前=0.182  → 指标未达标
  未晋级，继续当前阶段
------------------------------------------------------------
[进度] 23,527,424/100,000,000 (23.5%)  FPS≈1209  阶段=stage_turret  速度=0.00  直行间隔=180  aim=0.100/current  rotate=-0.07  ent=0.0005  std=0.815
[进度] 23,543,808/100,000,000 (23.5%)  FPS≈1178  阶段=stage_turret  速度=0.00  直行间隔=180  aim=0.100/current  rotate=-0.07  ent=0.0005  std=0.815
[进度] 23,560,192/100,000,000 (23.6%)  FPS≈1231  阶段=stage_turret  速度=0.00  直行间隔=180  aim=0.100/current  rotate=-0.07  ent=0.0005  std=0.815
[进度] 23,576,576/100,000,000 (23.6%)  FPS≈1246  阶段=stage_turret  速度=0.00  直行间隔=180  aim=0.100/current  rotate=-0.07  ent=0.0005  std=0.815
[进度] 23,592,960/100,000,000 (23.6%)  FPS≈1170  阶段=stage_turret  速度=0.00  直行间隔=180  aim=0.100/current  rotate=-0.07  ent=0.0005  std=0.815
[进度] 23,609,344/100,000,000 (23.6%)  FPS≈1137  阶段=stage_turret  速度=0.00  直行间隔=180  aim=0.100/current  rotate=-0.07  ent=0.0005  std=0.814
[进度] 23,625,728/100,000,000 (23.6%)  FPS≈1214  阶段=stage_turret  速度=0.00  直行间隔=180  aim=0.100/current  rotate=-0.07  ent=0.0005  std=0.814
[存盘] 课程元数据 model_t23625728_stage0_stage_turret.curriculum.json  stage=stage_turret  bot=turret v=0.00
[存盘] runs/curriculum_turret/20260923_163427/checkpoints/model_t23625728_stage0_stage_turret.zip
[评测] 开始（100 局）…
  [评测进度] 10/100  kill(命中/开火)=0.154  direct(直击/开火)=0.038  被命中(挨打/敌开火)=0.544  先发制人(直击前未被打中的局)=0.000  弹数=52
  [评测进度] 20/100  kill(命中/开火)=0.180  direct(直击/开火)=0.079  被命中(挨打/敌开火)=0.500  先发制人(直击前未被打中的局)=0.200  弹数=89
  [评测进度] 30/100  kill(命中/开火)=0.215  direct(直击/开火)=0.107  被命中(挨打/敌开火)=0.508  先发制人(直击前未被打中的局)=0.233  弹数=121
  [评测进度] 40/100  kill(命中/开火)=0.236  direct(直击/开火)=0.121  被命中(挨打/敌开火)=0.515  先发制人(直击前未被打中的局)=0.225  弹数=157
  [评测进度] 50/100  kill(命中/开火)=0.249  direct(直击/开火)=0.130  被命中(挨打/敌开火)=0.502  先发制人(直击前未被打中的局)=0.240  弹数=193
  [评测进度] 60/100  kill(命中/开火)=0.261  direct(直击/开火)=0.139  被命中(挨打/敌开火)=0.494  先发制人(直击前未被打中的局)=0.267  弹数=230
  [评测进度] 70/100  kill(命中/开火)=0.258  direct(直击/开火)=0.144  被命中(挨打/敌开火)=0.483  先发制人(直击前未被打中的局)=0.271  弹数=264
  [评测进度] 80/100  kill(命中/开火)=0.277  direct(直击/开火)=0.147  被命中(挨打/敌开火)=0.488  先发制人(直击前未被打中的局)=0.237  弹数=307
  [评测进度] 90/100  kill(命中/开火)=0.276  direct(直击/开火)=0.147  被命中(挨打/敌开火)=0.493  先发制人(直击前未被打中的局)=0.233  弹数=341
  [评测进度] 100/100  kill(命中/开火)=0.268  direct(直击/开火)=0.144  被命中(挨打/敌开火)=0.487  先发制人(直击前未被打中的局)=0.250  弹数=381
------------------------------------------------------------
[评测] 阶段=stage_turret  局数=100
  kill_rate(命中/开火) = 0.268  hit_rate(直击/开火) = 0.144  中位TTK = 400
  被命中率(挨打/敌开火) = 0.487  先发制人率(直击前未被打中的局/局数) = 0.250
  TTK口径     : 首直击步数；无直击=该局结束步数（评测步限封顶）
  晋级条件 直击/开火 hit_rate≥1.01  当前=0.144  → 指标未达标
  未晋级，继续当前阶段
------------------------------------------------------------
[进度] 23,642,112/100,000,000 (23.6%)  FPS≈1192  阶段=stage_turret  速度=0.00  直行间隔=180  aim=0.100/current  rotate=-0.07  ent=0.0005  std=0.814
[进度] 23,658,496/100,000,000 (23.7%)  FPS≈1249  阶段=stage_turret  速度=0.00  直行间隔=180  aim=0.100/current  rotate=-0.07  ent=0.0005  std=0.814
[进度] 23,674,880/100,000,000 (23.7%)  FPS≈1236  阶段=stage_turret  速度=0.00  直行间隔=180  aim=0.100/current  rotate=-0.07  ent=0.0005  std=0.814
[进度] 23,691,264/100,000,000 (23.7%)  FPS≈1239  阶段=stage_turret  速度=0.00  直行间隔=180  aim=0.100/current  rotate=-0.07  ent=0.0005  std=0.813
[进度] 23,707,648/100,000,000 (23.7%)  FPS≈1189  阶段=stage_turret  速度=0.00  直行间隔=180  aim=0.100/current  rotate=-0.07  ent=0.0005  std=0.813
[进度] 23,724,032/100,000,000 (23.7%)  FPS≈1221  阶段=stage_turret  速度=0.00  直行间隔=180  aim=0.100/current  rotate=-0.07  ent=0.0005  std=0.813
[进度] 23,740,416/100,000,000 (23.7%)  FPS≈1171  阶段=stage_turret  速度=0.00  直行间隔=180  aim=0.100/current  rotate=-0.07  ent=0.0005  std=0.812
[存盘] 课程元数据 model_t23740416_stage0_stage_turret.curriculum.json  stage=stage_turret  bot=turret v=0.00
[存盘] runs/curriculum_turret/20260923_163427/checkpoints/model_t23740416_stage0_stage_turret.zip
[评测] 开始（100 局）…
  [评测进度] 10/100  kill(命中/开火)=0.268  direct(直击/开火)=0.171  被命中(挨打/敌开火)=0.383  先发制人(直击前未被打中的局)=0.000  弹数=41
  [评测进度] 20/100  kill(命中/开火)=0.316  direct(直击/开火)=0.177  被命中(挨打/敌开火)=0.376  先发制人(直击前未被打中的局)=0.200  弹数=79
  [评测进度] 30/100  kill(命中/开火)=0.264  direct(直击/开火)=0.132  被命中(挨打/敌开火)=0.390  先发制人(直击前未被打中的局)=0.200  弹数=129
  [评测进度] 40/100  kill(命中/开火)=0.249  direct(直击/开火)=0.136  被命中(挨打/敌开火)=0.384  先发制人(直击前未被打中的局)=0.225  弹数=169
  [评测进度] 50/100  kill(命中/开火)=0.256  direct(直击/开火)=0.151  被命中(挨打/敌开火)=0.415  先发制人(直击前未被打中的局)=0.240  弹数=199
  [评测进度] 60/100  kill(命中/开火)=0.265  direct(直击/开火)=0.158  被命中(挨打/敌开火)=0.418  先发制人(直击前未被打中的局)=0.250  弹数=234
  [评测进度] 70/100  kill(命中/开火)=0.272  direct(直击/开火)=0.160  被命中(挨打/敌开火)=0.413  先发制人(直击前未被打中的局)=0.257  弹数=268
  [评测进度] 80/100  kill(命中/开火)=0.279  direct(直击/开火)=0.170  被命中(挨打/敌开火)=0.427  先发制人(直击前未被打中的局)=0.275  弹数=294
  [评测进度] 90/100  kill(命中/开火)=0.271  direct(直击/开火)=0.162  被命中(挨打/敌开火)=0.430  先发制人(直击前未被打中的局)=0.256  弹数=340
  [评测进度] 100/100  kill(命中/开火)=0.273  direct(直击/开火)=0.152  被命中(挨打/敌开火)=0.437  先发制人(直击前未被打中的局)=0.250  弹数=388
------------------------------------------------------------
[评测] 阶段=stage_turret  局数=100
  kill_rate(命中/开火) = 0.273  hit_rate(直击/开火) = 0.152  中位TTK = 403
  被命中率(挨打/敌开火) = 0.437  先发制人率(直击前未被打中的局/局数) = 0.250
  TTK口径     : 首直击步数；无直击=该局结束步数（评测步限封顶）
  晋级条件 直击/开火 hit_rate≥1.01  当前=0.152  → 指标未达标
  未晋级，继续当前阶段
------------------------------------------------------------
[进度] 23,756,800/100,000,000 (23.8%)  FPS≈1216  阶段=stage_turret  速度=0.00  直行间隔=180  aim=0.100/current  rotate=-0.07  ent=0.0005  std=0.812
[进度] 23,773,184/100,000,000 (23.8%)  FPS≈1249  阶段=stage_turret  速度=0.00  直行间隔=180  aim=0.100/current  rotate=-0.07  ent=0.0005  std=0.812
[进度] 23,789,568/100,000,000 (23.8%)  FPS≈1222  阶段=stage_turret  速度=0.00  直行间隔=180  aim=0.100/current  rotate=-0.07  ent=0.0005  std=0.812
[进度] 23,805,952/100,000,000 (23.8%)  FPS≈1216  阶段=stage_turret  速度=0.00  直行间隔=180  aim=0.100/current  rotate=-0.07  ent=0.0005  std=0.811
[进度] 23,822,336/100,000,000 (23.8%)  FPS≈1188  阶段=stage_turret  速度=0.00  直行间隔=180  aim=0.100/current  rotate=-0.07  ent=0.0005  std=0.812
[进度] 23,838,720/100,000,000 (23.8%)  FPS≈1169  阶段=stage_turret  速度=0.00  直行间隔=180  aim=0.100/current  rotate=-0.07  ent=0.0005  std=0.811
[进度] 23,855,104/100,000,000 (23.9%)  FPS≈1188  阶段=stage_turret  速度=0.00  直行间隔=180  aim=0.100/current  rotate=-0.07  ent=0.0005  std=0.811
[存盘] 课程元数据 model_t23855104_stage0_stage_turret.curriculum.json  stage=stage_turret  bot=turret v=0.00
[存盘] runs/curriculum_turret/20260923_163427/checkpoints/model_t23855104_stage0_stage_turret.zip
[评测] 开始（100 局）…
  [评测进度] 10/100  kill(命中/开火)=0.368  direct(直击/开火)=0.158  被命中(挨打/敌开火)=0.488  先发制人(直击前未被打中的局)=0.200  弹数=38
  [评测进度] 20/100  kill(命中/开火)=0.329  direct(直击/开火)=0.171  被命中(挨打/敌开火)=0.405  先发制人(直击前未被打中的局)=0.300  弹数=76
  [评测进度] 30/100  kill(命中/开火)=0.281  direct(直击/开火)=0.167  被命中(挨打/敌开火)=0.457  先发制人(直击前未被打中的局)=0.233  弹数=114
  [评测进度] 40/100  kill(命中/开火)=0.266  direct(直击/开火)=0.162  被命中(挨打/敌开火)=0.483  先发制人(直击前未被打中的局)=0.225  弹数=154
  [评测进度] 50/100  kill(命中/开火)=0.270  direct(直击/开火)=0.169  被命中(挨打/敌开火)=0.507  先发制人(直击前未被打中的局)=0.220  弹数=189
  [评测进度] 60/100  kill(命中/开火)=0.290  direct(直击/开火)=0.187  被命中(挨打/敌开火)=0.487  先发制人(直击前未被打中的局)=0.300  弹数=214
  [评测进度] 70/100  kill(命中/开火)=0.310  direct(直击/开火)=0.205  被命中(挨打/敌开火)=0.489  先发制人(直击前未被打中的局)=0.286  弹数=239
  [评测进度] 80/100  kill(命中/开火)=0.307  direct(直击/开火)=0.204  被命中(挨打/敌开火)=0.469  先发制人(直击前未被打中的局)=0.300  弹数=274
  [评测进度] 90/100  kill(命中/开火)=0.304  direct(直击/开火)=0.196  被命中(挨打/敌开火)=0.463  先发制人(直击前未被打中的局)=0.278  弹数=312
  [评测进度] 100/100  kill(命中/开火)=0.298  direct(直击/开火)=0.185  被命中(挨打/敌开火)=0.439  先发制人(直击前未被打中的局)=0.270  弹数=356
------------------------------------------------------------
[评测] 阶段=stage_turret  局数=100
  kill_rate(命中/开火) = 0.298  hit_rate(直击/开火) = 0.185  中位TTK = 358
  被命中率(挨打/敌开火) = 0.439  先发制人率(直击前未被打中的局/局数) = 0.270
  TTK口径     : 首直击步数；无直击=该局结束步数（评测步限封顶）
  晋级条件 直击/开火 hit_rate≥1.01  当前=0.185  → 指标未达标
  未晋级，继续当前阶段
------------------------------------------------------------
[进度] 23,871,488/100,000,000 (23.9%)  FPS≈1203  阶段=stage_turret  速度=0.00  直行间隔=180  aim=0.100/current  rotate=-0.07  ent=0.0005  std=0.811
[进度] 23,887,872/100,000,000 (23.9%)  FPS≈1246  阶段=stage_turret  速度=0.00  直行间隔=180  aim=0.100/current  rotate=-0.07  ent=0.0005  std=0.811
[进度] 23,904,256/100,000,000 (23.9%)  FPS≈1236  阶段=stage_turret  速度=0.00  直行间隔=180  aim=0.100/current  rotate=-0.07  ent=0.0005  std=0.811
[进度] 23,920,640/100,000,000 (23.9%)  FPS≈1201  阶段=stage_turret  速度=0.00  直行间隔=180  aim=0.100/current  rotate=-0.07  ent=0.0005  std=0.811
[进度] 23,937,024/100,000,000 (23.9%)  FPS≈1223  阶段=stage_turret  速度=0.00  直行间隔=180  aim=0.100/current  rotate=-0.07  ent=0.0005  std=0.810
[进度] 23,953,408/100,000,000 (24.0%)  FPS≈1180  阶段=stage_turret  速度=0.00  直行间隔=180  aim=0.100/current  rotate=-0.07  ent=0.0005  std=0.810
[进度] 23,969,792/100,000,000 (24.0%)  FPS≈1168  阶段=stage_turret  速度=0.00  直行间隔=180  aim=0.100/current  rotate=-0.07  ent=0.0005  std=0.809
[存盘] 课程元数据 model_t23969792_stage0_stage_turret.curriculum.json  stage=stage_turret  bot=turret v=0.00
[存盘] runs/curriculum_turret/20260923_163427/checkpoints/model_t23969792_stage0_stage_turret.zip
[评测] 开始（100 局）…
  [评测进度] 10/100  kill(命中/开火)=0.250  direct(直击/开火)=0.150  被命中(挨打/敌开火)=0.511  先发制人(直击前未被打中的局)=0.100  弹数=40
  [评测进度] 20/100  kill(命中/开火)=0.287  direct(直击/开火)=0.138  被命中(挨打/敌开火)=0.451  先发制人(直击前未被打中的局)=0.150  弹数=80
  [评测进度] 30/100  kill(命中/开火)=0.276  direct(直击/开火)=0.138  被命中(挨打/敌开火)=0.477  先发制人(直击前未被打中的局)=0.167  弹数=116
  [评测进度] 40/100  kill(命中/开火)=0.293  direct(直击/开火)=0.179  被命中(挨打/敌开火)=0.455  先发制人(直击前未被打中的局)=0.250  弹数=140
  [评测进度] 50/100  kill(命中/开火)=0.273  direct(直击/开火)=0.158  被命中(挨打/敌开火)=0.438  先发制人(直击前未被打中的局)=0.240  弹数=183
  [评测进度] 60/100  kill(命中/开火)=0.278  direct(直击/开火)=0.172  被命中(挨打/敌开火)=0.452  先发制人(直击前未被打中的局)=0.283  弹数=209
  [评测进度] 70/100  kill(命中/开火)=0.266  direct(直击/开火)=0.163  被命中(挨打/敌开火)=0.475  先发制人(直击前未被打中的局)=0.271  弹数=252
  [评测进度] 80/100  kill(命中/开火)=0.273  direct(直击/开火)=0.157  被命中(挨打/敌开火)=0.470  先发制人(直击前未被打中的局)=0.263  弹数=293
  [评测进度] 90/100  kill(命中/开火)=0.277  direct(直击/开火)=0.158  被命中(挨打/敌开火)=0.474  先发制人(直击前未被打中的局)=0.256  弹数=329
  [评测进度] 100/100  kill(命中/开火)=0.285  direct(直击/开火)=0.168  被命中(挨打/敌开火)=0.471  先发制人(直击前未被打中的局)=0.270  弹数=358
------------------------------------------------------------
[评测] 阶段=stage_turret  局数=100
  kill_rate(命中/开火) = 0.285  hit_rate(直击/开火) = 0.168  中位TTK = 331
  被命中率(挨打/敌开火) = 0.471  先发制人率(直击前未被打中的局/局数) = 0.270
  TTK口径     : 首直击步数；无直击=该局结束步数（评测步限封顶）
  晋级条件 直击/开火 hit_rate≥1.01  当前=0.168  → 指标未达标
  未晋级，继续当前阶段
------------------------------------------------------------
[进度] 23,986,176/100,000,000 (24.0%)  FPS≈1214  阶段=stage_turret  速度=0.00  直行间隔=180  aim=0.100/current  rotate=-0.07  ent=0.0005  std=0.809
[进度] 24,002,560/100,000,000 (24.0%)  FPS≈1172  阶段=stage_turret  速度=0.00  直行间隔=180  aim=0.100/current  rotate=-0.07  ent=0.0005  std=0.809
[进度] 24,018,944/100,000,000 (24.0%)  FPS≈1092  阶段=stage_turret  速度=0.00  直行间隔=180  aim=0.100/current  rotate=-0.07  ent=0.0005  std=0.809
[进度] 24,035,328/100,000,000 (24.0%)  FPS≈1152  阶段=stage_turret  速度=0.00  直行间隔=180  aim=0.100/current  rotate=-0.07  ent=0.0005  std=0.809
[进度] 24,051,712/100,000,000 (24.1%)  FPS≈1131  阶段=stage_turret  速度=0.00  直行间隔=180  aim=0.100/current  rotate=-0.07  ent=0.0005  std=0.809
[进度] 24,068,096/100,000,000 (24.1%)  FPS≈1172  阶段=stage_turret  速度=0.00  直行间隔=180  aim=0.100/current  rotate=-0.07  ent=0.0005  std=0.808
[进度] 24,084,480/100,000,000 (24.1%)  FPS≈1118  阶段=stage_turret  速度=0.00  直行间隔=180  aim=0.100/current  rotate=-0.07  ent=0.0005  std=0.808
[存盘] 课程元数据 model_t24084480_stage0_stage_turret.curriculum.json  stage=stage_turret  bot=turret v=0.00
[存盘] runs/curriculum_turret/20260923_163427/checkpoints/model_t24084480_stage0_stage_turret.zip
[评测] 开始（100 局）…
  [评测进度] 10/100  kill(命中/开火)=0.180  direct(直击/开火)=0.040  被命中(挨打/敌开火)=0.421  先发制人(直击前未被打中的局)=0.100  弹数=50
  [评测进度] 20/100  kill(命中/开火)=0.244  direct(直击/开火)=0.122  被命中(挨打/敌开火)=0.452  先发制人(直击前未被打中的局)=0.200  弹数=82
  [评测进度] 30/100  kill(命中/开火)=0.286  direct(直击/开火)=0.171  被命中(挨打/敌开火)=0.471  先发制人(直击前未被打中的局)=0.200  弹数=105
  [评测进度] 40/100  kill(命中/开火)=0.300  direct(直击/开火)=0.140  被命中(挨打/敌开火)=0.503  先发制人(直击前未被打中的局)=0.200  弹数=150
  [评测进度] 50/100  kill(命中/开火)=0.326  direct(直击/开火)=0.155  被命中(挨打/敌开火)=0.478  先发制人(直击前未被打中的局)=0.260  弹数=181
  [评测进度] 60/100  kill(命中/开火)=0.316  direct(直击/开火)=0.165  被命中(挨打/敌开火)=0.448  先发制人(直击前未被打中的局)=0.283  弹数=212
  [评测进度] 70/100  kill(命中/开火)=0.309  direct(直击/开火)=0.147  被命中(挨打/敌开火)=0.458  先发制人(直击前未被打中的局)=0.257  弹数=259
  [评测进度] 80/100  kill(命中/开火)=0.317  direct(直击/开火)=0.150  被命中(挨打/敌开火)=0.470  先发制人(直击前未被打中的局)=0.250  弹数=293
  [评测进度] 90/100  kill(命中/开火)=0.323  direct(直击/开火)=0.166  被命中(挨打/敌开火)=0.475  先发制人(直击前未被打中的局)=0.256  弹数=319
  [评测进度] 100/100  kill(命中/开火)=0.325  direct(直击/开火)=0.168  被命中(挨打/敌开火)=0.464  先发制人(直击前未被打中的局)=0.260  弹数=357
------------------------------------------------------------
[评测] 阶段=stage_turret  局数=100
  kill_rate(命中/开火) = 0.325  hit_rate(直击/开火) = 0.168  中位TTK = 354
  被命中率(挨打/敌开火) = 0.464  先发制人率(直击前未被打中的局/局数) = 0.260
  TTK口径     : 首直击步数；无直击=该局结束步数（评测步限封顶）
  晋级条件 直击/开火 hit_rate≥1.01  当前=0.168  → 指标未达标
  未晋级，继续当前阶段
------------------------------------------------------------
[进度] 24,100,864/100,000,000 (24.1%)  FPS≈1098  阶段=stage_turret  速度=0.00  直行间隔=180  aim=0.100/current  rotate=-0.07  ent=0.0005  std=0.808
[进度] 24,117,248/100,000,000 (24.1%)  FPS≈1170  阶段=stage_turret  速度=0.00  直行间隔=180  aim=0.100/current  rotate=-0.07  ent=0.0005  std=0.808
[进度] 24,133,632/100,000,000 (24.1%)  FPS≈1149  阶段=stage_turret  速度=0.00  直行间隔=180  aim=0.100/current  rotate=-0.07  ent=0.0005  std=0.808
[进度] 24,150,016/100,000,000 (24.2%)  FPS≈1181  阶段=stage_turret  速度=0.00  直行间隔=180  aim=0.100/current  rotate=-0.07  ent=0.0005  std=0.808
[进度] 24,166,400/100,000,000 (24.2%)  FPS≈1237  阶段=stage_turret  速度=0.00  直行间隔=180  aim=0.100/current  rotate=-0.07  ent=0.0005  std=0.808
[进度] 24,182,784/100,000,000 (24.2%)  FPS≈1192  阶段=stage_turret  速度=0.00  直行间隔=180  aim=0.100/current  rotate=-0.07  ent=0.0005  std=0.808
[进度] 24,199,168/100,000,000 (24.2%)  FPS≈1217  阶段=stage_turret  速度=0.00  直行间隔=180  aim=0.100/current  rotate=-0.07  ent=0.0005  std=0.808
[存盘] 课程元数据 model_t24199168_stage0_stage_turret.curriculum.json  stage=stage_turret  bot=turret v=0.00
[存盘] runs/curriculum_turret/20260923_163427/checkpoints/model_t24199168_stage0_stage_turret.zip
[评测] 开始（100 局）…
  [评测进度] 10/100  kill(命中/开火)=0.263  direct(直击/开火)=0.132  被命中(挨打/敌开火)=0.395  先发制人(直击前未被打中的局)=0.200  弹数=38
  [评测进度] 20/100  kill(命中/开火)=0.375  direct(直击/开火)=0.250  被命中(挨打/敌开火)=0.419  先发制人(直击前未被打中的局)=0.300  弹数=56
  [评测进度] 30/100  kill(命中/开火)=0.360  direct(直击/开火)=0.236  被命中(挨打/敌开火)=0.469  先发制人(直击前未被打中的局)=0.300  弹数=89
  [评测进度] 40/100  kill(命中/开火)=0.364  direct(直击/开火)=0.237  被命中(挨打/敌开火)=0.469  先发制人(直击前未被打中的局)=0.300  弹数=118
  [评测进度] 50/100  kill(命中/开火)=0.327  direct(直击/开火)=0.204  被命中(挨打/敌开火)=0.438  先发制人(直击前未被打中的局)=0.280  弹数=162
  [评测进度] 60/100  kill(命中/开火)=0.314  direct(直击/开火)=0.179  被命中(挨打/敌开火)=0.417  先发制人(直击前未被打中的局)=0.267  弹数=207
  [评测进度] 70/100  kill(命中/开火)=0.306  direct(直击/开火)=0.176  被命中(挨打/敌开火)=0.406  先发制人(直击前未被打中的局)=0.257  弹数=245
  [评测进度] 80/100  kill(命中/开火)=0.305  direct(直击/开火)=0.172  被命中(挨打/敌开火)=0.415  先发制人(直击前未被打中的局)=0.250  弹数=285
  [评测进度] 90/100  kill(命中/开火)=0.313  direct(直击/开火)=0.177  被命中(挨打/敌开火)=0.409  先发制人(直击前未被打中的局)=0.256  弹数=316
  [评测进度] 100/100  kill(命中/开火)=0.314  direct(直击/开火)=0.184  被命中(挨打/敌开火)=0.403  先发制人(直击前未被打中的局)=0.250  弹数=347
------------------------------------------------------------
[评测] 阶段=stage_turret  局数=100
  kill_rate(命中/开火) = 0.314  hit_rate(直击/开火) = 0.184  中位TTK = 234
  被命中率(挨打/敌开火) = 0.403  先发制人率(直击前未被打中的局/局数) = 0.250
  TTK口径     : 首直击步数；无直击=该局结束步数（评测步限封顶）
  晋级条件 直击/开火 hit_rate≥1.01  当前=0.184  → 指标未达标
  未晋级，继续当前阶段
------------------------------------------------------------
[进度] 24,215,552/100,000,000 (24.2%)  FPS≈1180  阶段=stage_turret  速度=0.00  直行间隔=180  aim=0.100/current  rotate=-0.07  ent=0.0005  std=0.807
[进度] 24,231,936/100,000,000 (24.2%)  FPS≈1220  阶段=stage_turret  速度=0.00  直行间隔=180  aim=0.100/current  rotate=-0.07  ent=0.0005  std=0.807
[进度] 24,248,320/100,000,000 (24.2%)  FPS≈1198  阶段=stage_turret  速度=0.00  直行间隔=180  aim=0.100/current  rotate=-0.07  ent=0.0005  std=0.807
[进度] 24,264,704/100,000,000 (24.3%)  FPS≈1243  阶段=stage_turret  速度=0.00  直行间隔=180  aim=0.100/current  rotate=-0.07  ent=0.0005  std=0.807
[进度] 24,281,088/100,000,000 (24.3%)  FPS≈1197  阶段=stage_turret  速度=0.00  直行间隔=180  aim=0.100/current  rotate=-0.07  ent=0.0005  std=0.807
[进度] 24,297,472/100,000,000 (24.3%)  FPS≈1225  阶段=stage_turret  速度=0.00  直行间隔=180  aim=0.100/current  rotate=-0.07  ent=0.0005  std=0.807
[进度] 24,313,856/100,000,000 (24.3%)  FPS≈1216  阶段=stage_turret  速度=0.00  直行间隔=180  aim=0.100/current  rotate=-0.07  ent=0.0005  std=0.807
[存盘] 课程元数据 model_t24313856_stage0_stage_turret.curriculum.json  stage=stage_turret  bot=turret v=0.00
[存盘] runs/curriculum_turret/20260923_163427/checkpoints/model_t24313856_stage0_stage_turret.zip
[评测] 开始（100 局）…
  [评测进度] 10/100  kill(命中/开火)=0.306  direct(直击/开火)=0.102  被命中(挨打/敌开火)=0.396  先发制人(直击前未被打中的局)=0.100  弹数=49
  [评测进度] 20/100  kill(命中/开火)=0.318  direct(直击/开火)=0.136  被命中(挨打/敌开火)=0.381  先发制人(直击前未被打中的局)=0.150  弹数=88
  [评测进度] 30/100  kill(命中/开火)=0.287  direct(直击/开火)=0.140  被命中(挨打/敌开火)=0.364  先发制人(直击前未被打中的局)=0.167  弹数=129
  [评测进度] 40/100  kill(命中/开火)=0.279  direct(直击/开火)=0.145  被命中(挨打/敌开火)=0.415  先发制人(直击前未被打中的局)=0.175  弹数=165
  [评测进度] 50/100  kill(命中/开火)=0.252  direct(直击/开火)=0.126  被命中(挨打/敌开火)=0.426  先发制人(直击前未被打中的局)=0.160  弹数=214
  [评测进度] 60/100  kill(命中/开火)=0.263  direct(直击/开火)=0.137  被命中(挨打/敌开火)=0.421  先发制人(直击前未被打中的局)=0.200  弹数=255
  [评测进度] 70/100  kill(命中/开火)=0.289  direct(直击/开火)=0.155  被命中(挨打/敌开火)=0.414  先发制人(直击前未被打中的局)=0.243  弹数=284
  [评测进度] 80/100  kill(命中/开火)=0.304  direct(直击/开火)=0.158  被命中(挨打/敌开火)=0.417  先发制人(直击前未被打中的局)=0.237  弹数=322
  [评测进度] 90/100  kill(命中/开火)=0.303  direct(直击/开火)=0.163  被命中(挨打/敌开火)=0.425  先发制人(直击前未被打中的局)=0.244  弹数=356
  [评测进度] 100/100  kill(命中/开火)=0.299  direct(直击/开火)=0.159  被命中(挨打/敌开火)=0.426  先发制人(直击前未被打中的局)=0.250  弹数=395
------------------------------------------------------------
[评测] 阶段=stage_turret  局数=100
  kill_rate(命中/开火) = 0.299  hit_rate(直击/开火) = 0.159  中位TTK = 415
  被命中率(挨打/敌开火) = 0.426  先发制人率(直击前未被打中的局/局数) = 0.250
  TTK口径     : 首直击步数；无直击=该局结束步数（评测步限封顶）
  晋级条件 直击/开火 hit_rate≥1.01  当前=0.159  → 指标未达标
  未晋级，继续当前阶段
------------------------------------------------------------
[进度] 24,330,240/100,000,000 (24.3%)  FPS≈1199  阶段=stage_turret  速度=0.00  直行间隔=180  aim=0.100/current  rotate=-0.07  ent=0.0005  std=0.807
[进度] 24,346,624/100,000,000 (24.3%)  FPS≈1198  阶段=stage_turret  速度=0.00  直行间隔=180  aim=0.100/current  rotate=-0.07  ent=0.0005  std=0.806
[进度] 24,363,008/100,000,000 (24.4%)  FPS≈1187  阶段=stage_turret  速度=0.00  直行间隔=180  aim=0.100/current  rotate=-0.07  ent=0.0005  std=0.806
[进度] 24,379,392/100,000,000 (24.4%)  FPS≈1192  阶段=stage_turret  速度=0.00  直行间隔=180  aim=0.100/current  rotate=-0.07  ent=0.0005  std=0.806
[进度] 24,395,776/100,000,000 (24.4%)  FPS≈1208  阶段=stage_turret  速度=0.00  直行间隔=180  aim=0.100/current  rotate=-0.07  ent=0.0005  std=0.806
[进度] 24,412,160/100,000,000 (24.4%)  FPS≈1249  阶段=stage_turret  速度=0.00  直行间隔=180  aim=0.100/current  rotate=-0.07  ent=0.0005  std=0.806
[进度] 24,428,544/100,000,000 (24.4%)  FPS≈1222  阶段=stage_turret  速度=0.00  直行间隔=180  aim=0.100/current  rotate=-0.07  ent=0.0005  std=0.805
[存盘] 课程元数据 model_t24428544_stage0_stage_turret.curriculum.json  stage=stage_turret  bot=turret v=0.00
[存盘] runs/curriculum_turret/20260923_163427/checkpoints/model_t24428544_stage0_stage_turret.zip
[评测] 开始（100 局）…
  [评测进度] 10/100  kill(命中/开火)=0.265  direct(直击/开火)=0.176  被命中(挨打/敌开火)=0.622  先发制人(直击前未被打中的局)=0.100  弹数=34
  [评测进度] 20/100  kill(命中/开火)=0.257  direct(直击/开火)=0.162  被命中(挨打/敌开火)=0.556  先发制人(直击前未被打中的局)=0.150  弹数=74
  [评测进度] 30/100  kill(命中/开火)=0.252  direct(直击/开火)=0.139  被命中(挨打/敌开火)=0.461  先发制人(直击前未被打中的局)=0.200  弹数=115
  [评测进度] 40/100  kill(命中/开火)=0.273  direct(直击/开火)=0.160  被命中(挨打/敌开火)=0.461  先发制人(直击前未被打中的局)=0.200  弹数=150
  [评测进度] 50/100  kill(命中/开火)=0.251  direct(直击/开火)=0.149  被命中(挨打/敌开火)=0.463  先发制人(直击前未被打中的局)=0.200  弹数=195
  [评测进度] 60/100  kill(命中/开火)=0.238  direct(直击/开火)=0.138  被命中(挨打/敌开火)=0.479  先发制人(直击前未被打中的局)=0.183  弹数=239
  [评测进度] 70/100  kill(命中/开火)=0.234  direct(直击/开火)=0.129  被命中(挨打/敌开火)=0.459  先发制人(直击前未被打中的局)=0.171  弹数=286
  [评测进度] 80/100  kill(命中/开火)=0.256  direct(直击/开火)=0.144  被命中(挨打/敌开火)=0.451  先发制人(直击前未被打中的局)=0.200  弹数=313
  [评测进度] 90/100  kill(命中/开火)=0.271  direct(直击/开火)=0.156  被命中(挨打/敌开火)=0.457  先发制人(直击前未被打中的局)=0.211  弹数=347
  [评测进度] 100/100  kill(命中/开火)=0.282  direct(直击/开火)=0.173  被命中(挨打/敌开火)=0.448  先发制人(直击前未被打中的局)=0.230  弹数=369
------------------------------------------------------------
[评测] 阶段=stage_turret  局数=100
  kill_rate(命中/开火) = 0.282  hit_rate(直击/开火) = 0.173  中位TTK = 344
  被命中率(挨打/敌开火) = 0.448  先发制人率(直击前未被打中的局/局数) = 0.230
  TTK口径     : 首直击步数；无直击=该局结束步数（评测步限封顶）
  晋级条件 直击/开火 hit_rate≥1.01  当前=0.173  → 指标未达标
  未晋级，继续当前阶段
------------------------------------------------------------
[进度] 24,444,928/100,000,000 (24.4%)  FPS≈1191  阶段=stage_turret  速度=0.00  直行间隔=180  aim=0.100/current  rotate=-0.07  ent=0.0005  std=0.805
[进度] 24,461,312/100,000,000 (24.5%)  FPS≈1217  阶段=stage_turret  速度=0.00  直行间隔=180  aim=0.100/current  rotate=-0.07  ent=0.0005  std=0.805
[进度] 24,477,696/100,000,000 (24.5%)  FPS≈1170  阶段=stage_turret  速度=0.00  直行间隔=180  aim=0.100/current  rotate=-0.07  ent=0.0005  std=0.804
[进度] 24,494,080/100,000,000 (24.5%)  FPS≈1214  阶段=stage_turret  速度=0.00  直行间隔=180  aim=0.100/current  rotate=-0.07  ent=0.0005  std=0.804
[进度] 24,510,464/100,000,000 (24.5%)  FPS≈1249  阶段=stage_turret  速度=0.00  直行间隔=180  aim=0.100/current  rotate=-0.07  ent=0.0005  std=0.804
[进度] 24,526,848/100,000,000 (24.5%)  FPS≈1133  阶段=stage_turret  速度=0.00  直行间隔=180  aim=0.100/current  rotate=-0.07  ent=0.0005  std=0.804
[进度] 24,543,232/100,000,000 (24.5%)  FPS≈1184  阶段=stage_turret  速度=0.00  直行间隔=180  aim=0.100/current  rotate=-0.07  ent=0.0005  std=0.804
[存盘] 课程元数据 model_t24543232_stage0_stage_turret.curriculum.json  stage=stage_turret  bot=turret v=0.00
[存盘] runs/curriculum_turret/20260923_163427/checkpoints/model_t24543232_stage0_stage_turret.zip
[评测] 开始（100 局）…
  [评测进度] 10/100  kill(命中/开火)=0.357  direct(直击/开火)=0.250  被命中(挨打/敌开火)=0.633  先发制人(直击前未被打中的局)=0.300  弹数=28
  [评测进度] 20/100  kill(命中/开火)=0.368  direct(直击/开火)=0.246  被命中(挨打/敌开火)=0.557  先发制人(直击前未被打中的局)=0.200  弹数=57
  [评测进度] 30/100  kill(命中/开火)=0.298  direct(直击/开火)=0.223  被命中(挨打/敌开火)=0.545  先发制人(直击前未被打中的局)=0.200  弹数=94
  [评测进度] 40/100  kill(命中/开火)=0.344  direct(直击/开火)=0.238  被命中(挨打/敌开火)=0.496  先发制人(直击前未被打中的局)=0.250  弹数=122
  [评测进度] 50/100  kill(命中/开火)=0.321  direct(直击/开火)=0.237  被命中(挨打/敌开火)=0.489  先发制人(直击前未被打中的局)=0.260  弹数=156
  [评测进度] 60/100  kill(命中/开火)=0.302  direct(直击/开火)=0.208  被命中(挨打/敌开火)=0.518  先发制人(直击前未被打中的局)=0.233  弹数=202
  [评测进度] 70/100  kill(命中/开火)=0.303  direct(直击/开火)=0.206  被命中(挨打/敌开火)=0.498  先发制人(直击前未被打中的局)=0.243  弹数=238
  [评测进度] 80/100  kill(命中/开火)=0.313  direct(直击/开火)=0.199  被命中(挨打/敌开火)=0.500  先发制人(直击前未被打中的局)=0.225  弹数=281
  [评测进度] 90/100  kill(命中/开火)=0.311  direct(直击/开火)=0.196  被命中(挨打/敌开火)=0.503  先发制人(直击前未被打中的局)=0.222  弹数=322
  [评测进度] 100/100  kill(命中/开火)=0.310  direct(直击/开火)=0.198  被命中(挨打/敌开火)=0.485  先发制人(直击前未被打中的局)=0.220  弹数=358
------------------------------------------------------------
[评测] 阶段=stage_turret  局数=100
  kill_rate(命中/开火) = 0.310  hit_rate(直击/开火) = 0.198  中位TTK = 353
  被命中率(挨打/敌开火) = 0.485  先发制人率(直击前未被打中的局/局数) = 0.220
  TTK口径     : 首直击步数；无直击=该局结束步数（评测步限封顶）
  晋级条件 直击/开火 hit_rate≥1.01  当前=0.198  → 指标未达标
  未晋级，继续当前阶段
------------------------------------------------------------
[进度] 24,559,616/100,000,000 (24.6%)  FPS≈1221  阶段=stage_turret  速度=0.00  直行间隔=180  aim=0.100/current  rotate=-0.07  ent=0.0005  std=0.804
[进度] 24,576,000/100,000,000 (24.6%)  FPS≈1234  阶段=stage_turret  速度=0.00  直行间隔=180  aim=0.100/current  rotate=-0.07  ent=0.0005  std=0.803
[进度] 24,592,384/100,000,000 (24.6%)  FPS≈1197  阶段=stage_turret  速度=0.00  直行间隔=180  aim=0.100/current  rotate=-0.07  ent=0.0005  std=0.804
[进度] 24,608,768/100,000,000 (24.6%)  FPS≈1228  阶段=stage_turret  速度=0.00  直行间隔=180  aim=0.100/current  rotate=-0.07  ent=0.0005  std=0.803
[进度] 24,625,152/100,000,000 (24.6%)  FPS≈1199  阶段=stage_turret  速度=0.00  直行间隔=180  aim=0.100/current  rotate=-0.07  ent=0.0005  std=0.803
[进度] 24,641,536/100,000,000 (24.6%)  FPS≈1245  阶段=stage_turret  速度=0.00  直行间隔=180  aim=0.100/current  rotate=-0.07  ent=0.0005  std=0.803
[进度] 24,657,920/100,000,000 (24.7%)  FPS≈1211  阶段=stage_turret  速度=0.00  直行间隔=180  aim=0.100/current  rotate=-0.07  ent=0.0005  std=0.803
[存盘] 课程元数据 model_t24657920_stage0_stage_turret.curriculum.json  stage=stage_turret  bot=turret v=0.00
[存盘] runs/curriculum_turret/20260923_163427/checkpoints/model_t24657920_stage0_stage_turret.zip
[评测] 开始（100 局）…
  [评测进度] 10/100  kill(命中/开火)=0.316  direct(直击/开火)=0.158  被命中(挨打/敌开火)=0.341  先发制人(直击前未被打中的局)=0.200  弹数=38
  [评测进度] 20/100  kill(命中/开火)=0.287  direct(直击/开火)=0.150  被命中(挨打/敌开火)=0.329  先发制人(直击前未被打中的局)=0.200  弹数=80
  [评测进度] 30/100  kill(命中/开火)=0.299  direct(直击/开火)=0.154  被命中(挨打/敌开火)=0.354  先发制人(直击前未被打中的局)=0.233  弹数=117
  [评测进度] 40/100  kill(命中/开火)=0.280  direct(直击/开火)=0.143  被命中(挨打/敌开火)=0.411  先发制人(直击前未被打中的局)=0.225  弹数=161
  [评测进度] 50/100  kill(命中/开火)=0.301  direct(直击/开火)=0.164  被命中(挨打/敌开火)=0.440  先发制人(直击前未被打中的局)=0.260  弹数=183
  [评测进度] 60/100  kill(命中/开火)=0.309  direct(直击/开火)=0.168  被命中(挨打/敌开火)=0.415  先发制人(直击前未被打中的局)=0.283  弹数=220
  [评测进度] 70/100  kill(命中/开火)=0.324  direct(直击/开火)=0.180  被命中(挨打/敌开火)=0.420  先发制人(直击前未被打中的局)=0.286  弹数=250
  [评测进度] 80/100  kill(命中/开火)=0.325  direct(直击/开火)=0.193  被命中(挨打/敌开火)=0.414  先发制人(直击前未被打中的局)=0.300  弹数=280
  [评测进度] 90/100  kill(命中/开火)=0.315  direct(直击/开火)=0.189  被命中(挨打/敌开火)=0.405  先发制人(直击前未被打中的局)=0.311  弹数=317
  [评测进度] 100/100  kill(命中/开火)=0.319  direct(直击/开火)=0.193  被命中(挨打/敌开火)=0.410  先发制人(直击前未被打中的局)=0.320  弹数=348
------------------------------------------------------------
[评测] 阶段=stage_turret  局数=100
  kill_rate(命中/开火) = 0.319  hit_rate(直击/开火) = 0.193  中位TTK = 315
  被命中率(挨打/敌开火) = 0.410  先发制人率(直击前未被打中的局/局数) = 0.320
  TTK口径     : 首直击步数；无直击=该局结束步数（评测步限封顶）
  晋级条件 直击/开火 hit_rate≥1.01  当前=0.193  → 指标未达标
  未晋级，继续当前阶段
------------------------------------------------------------
[进度] 24,674,304/100,000,000 (24.7%)  FPS≈1198  阶段=stage_turret  速度=0.00  直行间隔=180  aim=0.100/current  rotate=-0.07  ent=0.0005  std=0.803
[进度] 24,690,688/100,000,000 (24.7%)  FPS≈1207  阶段=stage_turret  速度=0.00  直行间隔=180  aim=0.100/current  rotate=-0.07  ent=0.0005  std=0.803
[进度] 24,707,072/100,000,000 (24.7%)  FPS≈1190  阶段=stage_turret  速度=0.00  直行间隔=180  aim=0.100/current  rotate=-0.07  ent=0.0005  std=0.802
[进度] 24,723,456/100,000,000 (24.7%)  FPS≈1219  阶段=stage_turret  速度=0.00  直行间隔=180  aim=0.100/current  rotate=-0.07  ent=0.0005  std=0.802
[进度] 24,739,840/100,000,000 (24.7%)  FPS≈1225  阶段=stage_turret  速度=0.00  直行间隔=180  aim=0.100/current  rotate=-0.07  ent=0.0005  std=0.801
[进度] 24,756,224/100,000,000 (24.8%)  FPS≈1247  阶段=stage_turret  速度=0.00  直行间隔=180  aim=0.100/current  rotate=-0.07  ent=0.0005  std=0.801
[进度] 24,772,608/100,000,000 (24.8%)  FPS≈1175  阶段=stage_turret  速度=0.00  直行间隔=180  aim=0.100/current  rotate=-0.07  ent=0.0005  std=0.801
[存盘] 课程元数据 model_t24772608_stage0_stage_turret.curriculum.json  stage=stage_turret  bot=turret v=0.00
[存盘] runs/curriculum_turret/20260923_163427/checkpoints/model_t24772608_stage0_stage_turret.zip
[评测] 开始（100 局）…
  [评测进度] 10/100  kill(命中/开火)=0.429  direct(直击/开火)=0.286  被命中(挨打/敌开火)=0.469  先发制人(直击前未被打中的局)=0.400  弹数=28
  [评测进度] 20/100  kill(命中/开火)=0.414  direct(直击/开火)=0.259  被命中(挨打/敌开火)=0.385  先发制人(直击前未被打中的局)=0.500  弹数=58
  [评测进度] 30/100  kill(命中/开火)=0.358  direct(直击/开火)=0.221  被命中(挨打/敌开火)=0.453  先发制人(直击前未被打中的局)=0.400  弹数=95
  [评测进度] 40/100  kill(命中/开火)=0.326  direct(直击/开火)=0.209  被命中(挨打/敌开火)=0.475  先发制人(直击前未被打中的局)=0.350  弹数=129
  [评测进度] 50/100  kill(命中/开火)=0.291  direct(直击/开火)=0.186  被命中(挨打/敌开火)=0.484  先发制人(直击前未被打中的局)=0.320  弹数=172
  [评测进度] 60/100  kill(命中/开火)=0.286  direct(直击/开火)=0.189  被命中(挨打/敌开火)=0.493  先发制人(直击前未被打中的局)=0.333  弹数=206
  [评测进度] 70/100  kill(命中/开火)=0.280  direct(直击/开火)=0.169  被命中(挨打/敌开火)=0.478  先发制人(直击前未被打中的局)=0.300  弹数=254
  [评测进度] 80/100  kill(命中/开火)=0.292  direct(直击/开火)=0.172  被命中(挨打/敌开火)=0.459  先发制人(直击前未被打中的局)=0.300  弹数=291
  [评测进度] 90/100  kill(命中/开火)=0.300  direct(直击/开火)=0.177  被命中(挨打/敌开火)=0.472  先发制人(直击前未被打中的局)=0.278  弹数=327
  [评测进度] 100/100  kill(命中/开火)=0.319  direct(直击/开火)=0.185  被命中(挨打/敌开火)=0.470  先发制人(直击前未被打中的局)=0.270  弹数=357
------------------------------------------------------------
[评测] 阶段=stage_turret  局数=100
  kill_rate(命中/开火) = 0.319  hit_rate(直击/开火) = 0.185  中位TTK = 355
  被命中率(挨打/敌开火) = 0.470  先发制人率(直击前未被打中的局/局数) = 0.270
  TTK口径     : 首直击步数；无直击=该局结束步数（评测步限封顶）
  晋级条件 直击/开火 hit_rate≥1.01  当前=0.185  → 指标未达标
  未晋级，继续当前阶段
------------------------------------------------------------
[进度] 24,788,992/100,000,000 (24.8%)  FPS≈1196  阶段=stage_turret  速度=0.00  直行间隔=180  aim=0.100/current  rotate=-0.07  ent=0.0005  std=0.801
[进度] 24,805,376/100,000,000 (24.8%)  FPS≈1192  阶段=stage_turret  速度=0.00  直行间隔=180  aim=0.100/current  rotate=-0.07  ent=0.0005  std=0.801
[进度] 24,821,760/100,000,000 (24.8%)  FPS≈1234  阶段=stage_turret  速度=0.00  直行间隔=180  aim=0.100/current  rotate=-0.07  ent=0.0005  std=0.800
[进度] 24,838,144/100,000,000 (24.8%)  FPS≈1256  阶段=stage_turret  速度=0.00  直行间隔=180  aim=0.100/current  rotate=-0.07  ent=0.0005  std=0.800
[进度] 24,854,528/100,000,000 (24.9%)  FPS≈1221  阶段=stage_turret  速度=0.00  直行间隔=180  aim=0.100/current  rotate=-0.07  ent=0.0005  std=0.799
[进度] 24,870,912/100,000,000 (24.9%)  FPS≈1240  阶段=stage_turret  速度=0.00  直行间隔=180  aim=0.100/current  rotate=-0.07  ent=0.0005  std=0.800
[进度] 24,887,296/100,000,000 (24.9%)  FPS≈1199  阶段=stage_turret  速度=0.00  直行间隔=180  aim=0.100/current  rotate=-0.07  ent=0.0005  std=0.800
[存盘] 课程元数据 model_t24887296_stage0_stage_turret.curriculum.json  stage=stage_turret  bot=turret v=0.00
[存盘] runs/curriculum_turret/20260923_163427/checkpoints/model_t24887296_stage0_stage_turret.zip
[评测] 开始（100 局）…
  [评测进度] 10/100  kill(命中/开火)=0.385  direct(直击/开火)=0.269  被命中(挨打/敌开火)=0.448  先发制人(直击前未被打中的局)=0.200  弹数=26
  [评测进度] 20/100  kill(命中/开火)=0.297  direct(直击/开火)=0.203  被命中(挨打/敌开火)=0.380  先发制人(直击前未被打中的局)=0.150  弹数=64
  [评测进度] 30/100  kill(命中/开火)=0.345  direct(直击/开火)=0.253  被命中(挨打/敌开火)=0.385  先发制人(直击前未被打中的局)=0.300  弹数=87
  [评测进度] 40/100  kill(命中/开火)=0.333  direct(直击/开火)=0.222  被命中(挨打/敌开火)=0.391  先发制人(直击前未被打中的局)=0.325  弹数=126
  [评测进度] 50/100  kill(命中/开火)=0.331  direct(直击/开火)=0.202  被命中(挨打/敌开火)=0.439  先发制人(直击前未被打中的局)=0.300  弹数=163
  [评测进度] 60/100  kill(命中/开火)=0.333  direct(直击/开火)=0.200  被命中(挨打/敌开火)=0.433  先发制人(直击前未被打中的局)=0.317  弹数=195
  [评测进度] 70/100  kill(命中/开火)=0.335  direct(直击/开火)=0.203  被命中(挨打/敌开火)=0.464  先发制人(直击前未被打中的局)=0.329  弹数=227
  [评测进度] 80/100  kill(命中/开火)=0.321  direct(直击/开火)=0.198  被命中(挨打/敌开火)=0.448  先发制人(直击前未被打中的局)=0.338  弹数=262
  [评测进度] 90/100  kill(命中/开火)=0.319  direct(直击/开火)=0.197  被命中(挨打/敌开火)=0.453  先发制人(直击前未被打中的局)=0.356  弹数=295
  [评测进度] 100/100  kill(命中/开火)=0.338  direct(直击/开火)=0.203  被命中(挨打/敌开火)=0.448  先发制人(直击前未被打中的局)=0.350  弹数=325
------------------------------------------------------------
[评测] 阶段=stage_turret  局数=100
  kill_rate(命中/开火) = 0.338  hit_rate(直击/开火) = 0.203  中位TTK = 250
  被命中率(挨打/敌开火) = 0.448  先发制人率(直击前未被打中的局/局数) = 0.350
  TTK口径     : 首直击步数；无直击=该局结束步数（评测步限封顶）
  晋级条件 直击/开火 hit_rate≥1.01  当前=0.203  → 指标未达标
  未晋级，继续当前阶段
------------------------------------------------------------
[进度] 24,903,680/100,000,000 (24.9%)  FPS≈1258  阶段=stage_turret  速度=0.00  直行间隔=180  aim=0.100/current  rotate=-0.07  ent=0.0005  std=0.800
[进度] 24,920,064/100,000,000 (24.9%)  FPS≈1217  阶段=stage_turret  速度=0.00  直行间隔=180  aim=0.100/current  rotate=-0.07  ent=0.0005  std=0.799
[进度] 24,936,448/100,000,000 (24.9%)  FPS≈1214  阶段=stage_turret  速度=0.00  直行间隔=180  aim=0.100/current  rotate=-0.07  ent=0.0005  std=0.799
[进度] 24,952,832/100,000,000 (25.0%)  FPS≈1152  阶段=stage_turret  速度=0.00  直行间隔=180  aim=0.100/current  rotate=-0.07  ent=0.0005  std=0.798
[进度] 24,969,216/100,000,000 (25.0%)  FPS≈1234  阶段=stage_turret  速度=0.00  直行间隔=180  aim=0.100/current  rotate=-0.07  ent=0.0005  std=0.798
[进度] 24,985,600/100,000,000 (25.0%)  FPS≈1192  阶段=stage_turret  速度=0.00  直行间隔=180  aim=0.100/current  rotate=-0.07  ent=0.0005  std=0.798
[进度] 25,001,984/100,000,000 (25.0%)  FPS≈1207  阶段=stage_turret  速度=0.00  直行间隔=180  aim=0.100/current  rotate=-0.07  ent=0.0005  std=0.797
[存盘] 课程元数据 model_t25001984_stage0_stage_turret.curriculum.json  stage=stage_turret  bot=turret v=0.00
[存盘] runs/curriculum_turret/20260923_163427/checkpoints/model_t25001984_stage0_stage_turret.zip
[评测] 开始（100 局）…
  [评测进度] 10/100  kill(命中/开火)=0.353  direct(直击/开火)=0.235  被命中(挨打/敌开火)=0.378  先发制人(直击前未被打中的局)=0.300  弹数=34
  [评测进度] 20/100  kill(命中/开火)=0.306  direct(直击/开火)=0.208  被命中(挨打/敌开火)=0.487  先发制人(直击前未被打中的局)=0.250  弹数=72
  [评测进度] 30/100  kill(命中/开火)=0.283  direct(直击/开火)=0.177  被命中(挨打/敌开火)=0.492  先发制人(直击前未被打中的局)=0.233  弹数=113
  [评测进度] 40/100  kill(命中/开火)=0.255  direct(直击/开火)=0.139  被命中(挨打/敌开火)=0.467  先发制人(直击前未被打中的局)=0.225  弹数=165
  [评测进度] 50/100  kill(命中/开火)=0.270  direct(直击/开火)=0.150  被命中(挨打/敌开火)=0.446  先发制人(直击前未被打中的局)=0.220  弹数=200
  [评测进度] 60/100  kill(命中/开火)=0.284  direct(直击/开火)=0.159  被命中(挨打/敌开火)=0.471  先发制人(直击前未被打中的局)=0.200  弹数=232
  [评测进度] 70/100  kill(命中/开火)=0.300  direct(直击/开火)=0.169  被命中(挨打/敌开火)=0.456  先发制人(直击前未被打中的局)=0.214  弹数=267
  [评测进度] 80/100  kill(命中/开火)=0.307  direct(直击/开火)=0.172  被命中(挨打/敌开火)=0.462  先发制人(直击前未被打中的局)=0.212  弹数=303
  [评测进度] 90/100  kill(命中/开火)=0.307  direct(直击/开火)=0.160  被命中(挨打/敌开火)=0.454  先发制人(直击前未被打中的局)=0.200  弹数=349
  [评测进度] 100/100  kill(命中/开火)=0.305  direct(直击/开火)=0.165  被命中(挨打/敌开火)=0.456  先发制人(直击前未被打中的局)=0.200  弹数=387
------------------------------------------------------------
[评测] 阶段=stage_turret  局数=100
  kill_rate(命中/开火) = 0.305  hit_rate(直击/开火) = 0.165  中位TTK = 396
  被命中率(挨打/敌开火) = 0.456  先发制人率(直击前未被打中的局/局数) = 0.200
  TTK口径     : 首直击步数；无直击=该局结束步数（评测步限封顶）
  晋级条件 直击/开火 hit_rate≥1.01  当前=0.165  → 指标未达标
  未晋级，继续当前阶段
------------------------------------------------------------
[进度] 25,018,368/100,000,000 (25.0%)  FPS≈1208  阶段=stage_turret  速度=0.00  直行间隔=180  aim=0.100/current  rotate=-0.07  ent=0.0005  std=0.797
[进度] 25,034,752/100,000,000 (25.0%)  FPS≈1216  阶段=stage_turret  速度=0.00  直行间隔=180  aim=0.100/current  rotate=-0.07  ent=0.0005  std=0.797
[进度] 25,051,136/100,000,000 (25.1%)  FPS≈1204  阶段=stage_turret  速度=0.00  直行间隔=180  aim=0.100/current  rotate=-0.07  ent=0.0005  std=0.797
[进度] 25,067,520/100,000,000 (25.1%)  FPS≈1198  阶段=stage_turret  速度=0.00  直行间隔=180  aim=0.100/current  rotate=-0.07  ent=0.0005  std=0.797
[进度] 25,083,904/100,000,000 (25.1%)  FPS≈1262  阶段=stage_turret  速度=0.00  直行间隔=180  aim=0.100/current  rotate=-0.07  ent=0.0005  std=0.797
[进度] 25,100,288/100,000,000 (25.1%)  FPS≈1200  阶段=stage_turret  速度=0.00  直行间隔=180  aim=0.100/current  rotate=-0.07  ent=0.0005  std=0.797
[进度] 25,116,672/100,000,000 (25.1%)  FPS≈1195  阶段=stage_turret  速度=0.00  直行间隔=180  aim=0.100/current  rotate=-0.07  ent=0.0005  std=0.797
[存盘] 课程元数据 model_t25116672_stage0_stage_turret.curriculum.json  stage=stage_turret  bot=turret v=0.00
[存盘] runs/curriculum_turret/20260923_163427/checkpoints/model_t25116672_stage0_stage_turret.zip
[评测] 开始（100 局）…
  [评测进度] 10/100  kill(命中/开火)=0.417  direct(直击/开火)=0.333  被命中(挨打/敌开火)=0.462  先发制人(直击前未被打中的局)=0.400  弹数=24
  [评测进度] 20/100  kill(命中/开火)=0.417  direct(直击/开火)=0.250  被命中(挨打/敌开火)=0.469  先发制人(直击前未被打中的局)=0.300  弹数=60
  [评测进度] 30/100  kill(命中/开火)=0.409  direct(直击/开火)=0.261  被命中(挨打/敌开火)=0.516  先发制人(直击前未被打中的局)=0.233  弹数=88
  [评测进度] 40/100  kill(命中/开火)=0.404  direct(直击/开火)=0.272  被命中(挨打/敌开火)=0.492  先发制人(直击前未被打中的局)=0.275  弹数=114
  [评测进度] 50/100  kill(命中/开火)=0.431  direct(直击/开火)=0.285  被命中(挨打/敌开火)=0.500  先发制人(直击前未被打中的局)=0.300  弹数=137
  [评测进度] 60/100  kill(命中/开火)=0.417  direct(直击/开火)=0.280  被命中(挨打/敌开火)=0.448  先发制人(直击前未被打中的局)=0.333  弹数=168
  [评测进度] 70/100  kill(命中/开火)=0.385  direct(直击/开火)=0.263  被命中(挨打/敌开火)=0.453  先发制人(直击前未被打中的局)=0.314  弹数=205
  [评测进度] 80/100  kill(命中/开火)=0.390  direct(直击/开火)=0.277  被命中(挨打/敌开火)=0.427  先发制人(直击前未被打中的局)=0.325  弹数=231
  [评测进度] 90/100  kill(命中/开火)=0.381  direct(直击/开火)=0.252  被命中(挨打/敌开火)=0.428  先发制人(直击前未被打中的局)=0.300  弹数=278
  [评测进度] 100/100  kill(命中/开火)=0.378  direct(直击/开火)=0.260  被命中(挨打/敌开火)=0.426  先发制人(直击前未被打中的局)=0.330  弹数=304
------------------------------------------------------------
[评测] 阶段=stage_turret  局数=100
  kill_rate(命中/开火) = 0.378  hit_rate(直击/开火) = 0.260  中位TTK = 234
  被命中率(挨打/敌开火) = 0.426  先发制人率(直击前未被打中的局/局数) = 0.330
  TTK口径     : 首直击步数；无直击=该局结束步数（评测步限封顶）
  晋级条件 直击/开火 hit_rate≥1.01  当前=0.260  → 指标未达标
  未晋级，继续当前阶段
------------------------------------------------------------
[进度] 25,133,056/100,000,000 (25.1%)  FPS≈1236  阶段=stage_turret  速度=0.00  直行间隔=180  aim=0.100/current  rotate=-0.07  ent=0.0005  std=0.797
[进度] 25,149,440/100,000,000 (25.1%)  FPS≈1182  阶段=stage_turret  速度=0.00  直行间隔=180  aim=0.100/current  rotate=-0.07  ent=0.0005  std=0.797
[进度] 25,165,824/100,000,000 (25.2%)  FPS≈1212  阶段=stage_turret  速度=0.00  直行间隔=180  aim=0.100/current  rotate=-0.07  ent=0.0005  std=0.797
[进度] 25,182,208/100,000,000 (25.2%)  FPS≈1212  阶段=stage_turret  速度=0.00  直行间隔=180  aim=0.100/current  rotate=-0.07  ent=0.0005  std=0.797
[进度] 25,198,592/100,000,000 (25.2%)  FPS≈1222  阶段=stage_turret  速度=0.00  直行间隔=180  aim=0.100/current  rotate=-0.07  ent=0.0005  std=0.796
[进度] 25,214,976/100,000,000 (25.2%)  FPS≈1208  阶段=stage_turret  速度=0.00  直行间隔=180  aim=0.100/current  rotate=-0.07  ent=0.0005  std=0.796
[进度] 25,231,360/100,000,000 (25.2%)  FPS≈1214  阶段=stage_turret  速度=0.00  直行间隔=180  aim=0.100/current  rotate=-0.07  ent=0.0005  std=0.796
[存盘] 课程元数据 model_t25231360_stage0_stage_turret.curriculum.json  stage=stage_turret  bot=turret v=0.00
[存盘] runs/curriculum_turret/20260923_163427/checkpoints/model_t25231360_stage0_stage_turret.zip
[评测] 开始（100 局）…
  [评测进度] 10/100  kill(命中/开火)=0.350  direct(直击/开火)=0.175  被命中(挨打/敌开火)=0.521  先发制人(直击前未被打中的局)=0.200  弹数=40
  [评测进度] 20/100  kill(命中/开火)=0.338  direct(直击/开火)=0.182  被命中(挨打/敌开火)=0.500  先发制人(直击前未被打中的局)=0.200  弹数=77
  [评测进度] 30/100  kill(命中/开火)=0.333  direct(直击/开火)=0.194  被命中(挨打/敌开火)=0.492  先发制人(直击前未被打中的局)=0.233  弹数=108
  [评测进度] 40/100  kill(命中/开火)=0.362  direct(直击/开火)=0.210  被命中(挨打/敌开火)=0.494  先发制人(直击前未被打中的局)=0.225  弹数=138
  [评测进度] 50/100  kill(命中/开火)=0.350  direct(直击/开火)=0.203  被命中(挨打/敌开火)=0.478  先发制人(直击前未被打中的局)=0.240  弹数=177
  [评测进度] 60/100  kill(命中/开火)=0.356  direct(直击/开火)=0.212  被命中(挨打/敌开火)=0.489  先发制人(直击前未被打中的局)=0.233  弹数=208
  [评测进度] 70/100  kill(命中/开火)=0.326  direct(直击/开火)=0.182  被命中(挨打/敌开火)=0.444  先发制人(直击前未被打中的局)=0.200  弹数=258
  [评测进度] 80/100  kill(命中/开火)=0.315  direct(直击/开火)=0.185  被命中(挨打/敌开火)=0.455  先发制人(直击前未被打中的局)=0.200  弹数=292
  [评测进度] 90/100  kill(命中/开火)=0.331  direct(直击/开火)=0.199  被命中(挨打/敌开火)=0.456  先发制人(直击前未被打中的局)=0.222  弹数=317
  [评测进度] 100/100  kill(命中/开火)=0.331  direct(直击/开火)=0.200  被命中(挨打/敌开火)=0.464  先发制人(直击前未被打中的局)=0.210  弹数=350
------------------------------------------------------------
[评测] 阶段=stage_turret  局数=100
  kill_rate(命中/开火) = 0.331  hit_rate(直击/开火) = 0.200  中位TTK = 320
  被命中率(挨打/敌开火) = 0.464  先发制人率(直击前未被打中的局/局数) = 0.210
  TTK口径     : 首直击步数；无直击=该局结束步数（评测步限封顶）
  晋级条件 直击/开火 hit_rate≥1.01  当前=0.200  → 指标未达标
  未晋级，继续当前阶段
------------------------------------------------------------
[进度] 25,247,744/100,000,000 (25.2%)  FPS≈1243  阶段=stage_turret  速度=0.00  直行间隔=180  aim=0.100/current  rotate=-0.07  ent=0.0005  std=0.796
[进度] 25,264,128/100,000,000 (25.3%)  FPS≈1235  阶段=stage_turret  速度=0.00  直行间隔=180  aim=0.100/current  rotate=-0.07  ent=0.0005  std=0.796
[进度] 25,280,512/100,000,000 (25.3%)  FPS≈1230  阶段=stage_turret  速度=0.00  直行间隔=180  aim=0.100/current  rotate=-0.07  ent=0.0005  std=0.796
[进度] 25,296,896/100,000,000 (25.3%)  FPS≈1225  阶段=stage_turret  速度=0.00  直行间隔=180  aim=0.100/current  rotate=-0.07  ent=0.0005  std=0.796
[进度] 25,313,280/100,000,000 (25.3%)  FPS≈1186  阶段=stage_turret  速度=0.00  直行间隔=180  aim=0.100/current  rotate=-0.07  ent=0.0005  std=0.795
[进度] 25,329,664/100,000,000 (25.3%)  FPS≈1220  阶段=stage_turret  速度=0.00  直行间隔=180  aim=0.100/current  rotate=-0.07  ent=0.0005  std=0.795
[进度] 25,346,048/100,000,000 (25.3%)  FPS≈1200  阶段=stage_turret  速度=0.00  直行间隔=180  aim=0.100/current  rotate=-0.07  ent=0.0005  std=0.795
[存盘] 课程元数据 model_t25346048_stage0_stage_turret.curriculum.json  stage=stage_turret  bot=turret v=0.00
[存盘] runs/curriculum_turret/20260923_163427/checkpoints/model_t25346048_stage0_stage_turret.zip
[评测] 开始（100 局）…
  [评测进度] 10/100  kill(命中/开火)=0.209  direct(直击/开火)=0.116  被命中(挨打/敌开火)=0.429  先发制人(直击前未被打中的局)=0.100  弹数=43
  [评测进度] 20/100  kill(命中/开火)=0.205  direct(直击/开火)=0.102  被命中(挨打/敌开火)=0.490  先发制人(直击前未被打中的局)=0.100  弹数=88
  [评测进度] 30/100  kill(命中/开火)=0.235  direct(直击/开火)=0.106  被命中(挨打/敌开火)=0.476  先发制人(直击前未被打中的局)=0.133  弹数=132
  [评测进度] 40/100  kill(命中/开火)=0.247  direct(直击/开火)=0.120  被命中(挨打/敌开火)=0.486  先发制人(直击前未被打中的局)=0.200  弹数=166
  [评测进度] 50/100  kill(命中/开火)=0.254  direct(直击/开火)=0.124  被命中(挨打/敌开火)=0.482  先发制人(直击前未被打中的局)=0.200  弹数=209
  [评测进度] 60/100  kill(命中/开火)=0.263  direct(直击/开火)=0.124  被命中(挨打/敌开火)=0.489  先发制人(直击前未被打中的局)=0.183  弹数=251
  [评测进度] 70/100  kill(命中/开火)=0.268  direct(直击/开火)=0.122  被命中(挨打/敌开火)=0.480  先发制人(直击前未被打中的局)=0.186  弹数=295
  [评测进度] 80/100  kill(命中/开火)=0.251  direct(直击/开火)=0.121  被命中(挨打/敌开火)=0.473  先发制人(直击前未被打中的局)=0.188  弹数=339
  [评测进度] 90/100  kill(命中/开火)=0.253  direct(直击/开火)=0.125  被命中(挨打/敌开火)=0.469  先发制人(直击前未被打中的局)=0.189  弹数=376
  [评测进度] 100/100  kill(命中/开火)=0.257  direct(直击/开火)=0.131  被命中(挨打/敌开火)=0.469  先发制人(直击前未被打中的局)=0.210  弹数=412
------------------------------------------------------------
[评测] 阶段=stage_turret  局数=100
  kill_rate(命中/开火) = 0.257  hit_rate(直击/开火) = 0.131  中位TTK = 457
  被命中率(挨打/敌开火) = 0.469  先发制人率(直击前未被打中的局/局数) = 0.210
  TTK口径     : 首直击步数；无直击=该局结束步数（评测步限封顶）
  晋级条件 直击/开火 hit_rate≥1.01  当前=0.131  → 指标未达标
  未晋级，继续当前阶段
------------------------------------------------------------
[进度] 25,362,432/100,000,000 (25.4%)  FPS≈1151  阶段=stage_turret  速度=0.00  直行间隔=180  aim=0.100/current  rotate=-0.07  ent=0.0005  std=0.795
[进度] 25,378,816/100,000,000 (25.4%)  FPS≈1207  阶段=stage_turret  速度=0.00  直行间隔=180  aim=0.100/current  rotate=-0.07  ent=0.0005  std=0.795
[进度] 25,395,200/100,000,000 (25.4%)  FPS≈1198  阶段=stage_turret  速度=0.00  直行间隔=180  aim=0.100/current  rotate=-0.07  ent=0.0005  std=0.795
[进度] 25,411,584/100,000,000 (25.4%)  FPS≈1206  阶段=stage_turret  速度=0.00  直行间隔=180  aim=0.100/current  rotate=-0.07  ent=0.0005  std=0.795
[进度] 25,427,968/100,000,000 (25.4%)  FPS≈1236  阶段=stage_turret  速度=0.00  直行间隔=180  aim=0.100/current  rotate=-0.07  ent=0.0005  std=0.795
[进度] 25,444,352/100,000,000 (25.4%)  FPS≈1213  阶段=stage_turret  速度=0.00  直行间隔=180  aim=0.100/current  rotate=-0.07  ent=0.0005  std=0.794
[进度] 25,460,736/100,000,000 (25.5%)  FPS≈1203  阶段=stage_turret  速度=0.00  直行间隔=180  aim=0.100/current  rotate=-0.07  ent=0.0005  std=0.795
[存盘] 课程元数据 model_t25460736_stage0_stage_turret.curriculum.json  stage=stage_turret  bot=turret v=0.00
[存盘] runs/curriculum_turret/20260923_163427/checkpoints/model_t25460736_stage0_stage_turret.zip
[评测] 开始（100 局）…
  [评测进度] 10/100  kill(命中/开火)=0.400  direct(直击/开火)=0.175  被命中(挨打/敌开火)=0.478  先发制人(直击前未被打中的局)=0.200  弹数=40
  [评测进度] 20/100  kill(命中/开火)=0.418  direct(直击/开火)=0.224  被命中(挨打/敌开火)=0.447  先发制人(直击前未被打中的局)=0.350  弹数=67
  [评测进度] 30/100  kill(命中/开火)=0.348  direct(直击/开火)=0.179  被命中(挨打/敌开火)=0.456  先发制人(直击前未被打中的局)=0.267  弹数=112
  [评测进度] 40/100  kill(命中/开火)=0.325  direct(直击/开火)=0.162  被命中(挨打/敌开火)=0.442  先发制人(直击前未被打中的局)=0.275  弹数=154
  [评测进度] 50/100  kill(命中/开火)=0.291  direct(直击/开火)=0.153  被命中(挨打/敌开火)=0.461  先发制人(直击前未被打中的局)=0.260  弹数=196
  [评测进度] 60/100  kill(命中/开火)=0.291  direct(直击/开火)=0.157  被命中(挨打/敌开火)=0.427  先发制人(直击前未被打中的局)=0.267  弹数=230
  [评测进度] 70/100  kill(命中/开火)=0.304  direct(直击/开火)=0.169  被命中(挨打/敌开火)=0.412  先发制人(直击前未被打中的局)=0.300  弹数=260
  [评测进度] 80/100  kill(命中/开火)=0.307  direct(直击/开火)=0.176  被命中(挨打/敌开火)=0.426  先发制人(直击前未被打中的局)=0.287  弹数=290
  [评测进度] 90/100  kill(命中/开火)=0.302  direct(直击/开火)=0.169  被命中(挨打/敌开火)=0.430  先发制人(直击前未被打中的局)=0.278  弹数=331
  [评测进度] 100/100  kill(命中/开火)=0.314  direct(直击/开火)=0.184  被命中(挨打/敌开火)=0.425  先发制人(直击前未被打中的局)=0.290  弹数=353
------------------------------------------------------------
[评测] 阶段=stage_turret  局数=100
  kill_rate(命中/开火) = 0.314  hit_rate(直击/开火) = 0.184  中位TTK = 372
  被命中率(挨打/敌开火) = 0.425  先发制人率(直击前未被打中的局/局数) = 0.290
  TTK口径     : 首直击步数；无直击=该局结束步数（评测步限封顶）
  晋级条件 直击/开火 hit_rate≥1.01  当前=0.184  → 指标未达标
  未晋级，继续当前阶段
------------------------------------------------------------
[进度] 25,477,120/100,000,000 (25.5%)  FPS≈1203  阶段=stage_turret  速度=0.00  直行间隔=180  aim=0.100/current  rotate=-0.07  ent=0.0005  std=0.794
[进度] 25,493,504/100,000,000 (25.5%)  FPS≈1209  阶段=stage_turret  速度=0.00  直行间隔=180  aim=0.100/current  rotate=-0.07  ent=0.0005  std=0.795
[进度] 25,509,888/100,000,000 (25.5%)  FPS≈1202  阶段=stage_turret  速度=0.00  直行间隔=180  aim=0.100/current  rotate=-0.07  ent=0.0005  std=0.795
[进度] 25,526,272/100,000,000 (25.5%)  FPS≈1228  阶段=stage_turret  速度=0.00  直行间隔=180  aim=0.100/current  rotate=-0.07  ent=0.0005  std=0.795
[进度] 25,542,656/100,000,000 (25.5%)  FPS≈1208  阶段=stage_turret  速度=0.00  直行间隔=180  aim=0.100/current  rotate=-0.07  ent=0.0005  std=0.796
[进度] 25,559,040/100,000,000 (25.6%)  FPS≈1205  阶段=stage_turret  速度=0.00  直行间隔=180  aim=0.100/current  rotate=-0.07  ent=0.0005  std=0.796
[进度] 25,575,424/100,000,000 (25.6%)  FPS≈1213  阶段=stage_turret  速度=0.00  直行间隔=180  aim=0.100/current  rotate=-0.07  ent=0.0005  std=0.795
[存盘] 课程元数据 model_t25575424_stage0_stage_turret.curriculum.json  stage=stage_turret  bot=turret v=0.00
[存盘] runs/curriculum_turret/20260923_163427/checkpoints/model_t25575424_stage0_stage_turret.zip
[评测] 开始（100 局）…
  [评测进度] 10/100  kill(命中/开火)=0.286  direct(直击/开火)=0.095  被命中(挨打/敌开火)=0.457  先发制人(直击前未被打中的局)=0.400  弹数=42
  [评测进度] 20/100  kill(命中/开火)=0.301  direct(直击/开火)=0.137  被命中(挨打/敌开火)=0.427  先发制人(直击前未被打中的局)=0.400  弹数=73
  [评测进度] 30/100  kill(命中/开火)=0.303  direct(直击/开火)=0.126  被命中(挨打/敌开火)=0.435  先发制人(直击前未被打中的局)=0.300  弹数=119
  [评测进度] 40/100  kill(命中/开火)=0.273  direct(直击/开火)=0.121  被命中(挨打/敌开火)=0.475  先发制人(直击前未被打中的局)=0.225  弹数=165
  [评测进度] 50/100  kill(命中/开火)=0.292  direct(直击/开火)=0.151  被命中(挨打/敌开火)=0.493  先发制人(直击前未被打中的局)=0.200  弹数=192
  [评测进度] 60/100  kill(命中/开火)=0.288  direct(直击/开火)=0.167  被命中(挨打/敌开火)=0.482  先发制人(直击前未被打中的局)=0.200  弹数=222
  [评测进度] 70/100  kill(命中/开火)=0.279  direct(直击/开火)=0.167  被命中(挨打/敌开火)=0.490  先发制人(直击前未被打中的局)=0.186  弹数=258
  [评测进度] 80/100  kill(命中/开火)=0.279  direct(直击/开火)=0.165  被命中(挨打/敌开火)=0.486  先发制人(直击前未被打中的局)=0.188  弹数=297
  [评测进度] 90/100  kill(命中/开火)=0.267  direct(直击/开火)=0.148  被命中(挨打/敌开火)=0.487  先发制人(直击前未被打中的局)=0.178  弹数=344
  [评测进度] 100/100  kill(命中/开火)=0.273  direct(直击/开火)=0.151  被命中(挨打/敌开火)=0.484  先发制人(直击前未被打中的局)=0.170  弹数=384
------------------------------------------------------------
[评测] 阶段=stage_turret  局数=100
  kill_rate(命中/开火) = 0.273  hit_rate(直击/开火) = 0.151  中位TTK = 392
  被命中率(挨打/敌开火) = 0.484  先发制人率(直击前未被打中的局/局数) = 0.170
  TTK口径     : 首直击步数；无直击=该局结束步数（评测步限封顶）
  晋级条件 直击/开火 hit_rate≥1.01  当前=0.151  → 指标未达标
  未晋级，继续当前阶段
------------------------------------------------------------
[进度] 25,591,808/100,000,000 (25.6%)  FPS≈1184  阶段=stage_turret  速度=0.00  直行间隔=180  aim=0.100/current  rotate=-0.07  ent=0.0005  std=0.795
[进度] 25,608,192/100,000,000 (25.6%)  FPS≈1180  阶段=stage_turret  速度=0.00  直行间隔=180  aim=0.100/current  rotate=-0.07  ent=0.0005  std=0.795
[进度] 25,624,576/100,000,000 (25.6%)  FPS≈1206  阶段=stage_turret  速度=0.00  直行间隔=180  aim=0.100/current  rotate=-0.07  ent=0.0005  std=0.795
[进度] 25,640,960/100,000,000 (25.6%)  FPS≈1203  阶段=stage_turret  速度=0.00  直行间隔=180  aim=0.100/current  rotate=-0.07  ent=0.0005  std=0.794
[进度] 25,657,344/100,000,000 (25.7%)  FPS≈1191  阶段=stage_turret  速度=0.00  直行间隔=180  aim=0.100/current  rotate=-0.07  ent=0.0005  std=0.794
[进度] 25,673,728/100,000,000 (25.7%)  FPS≈1207  阶段=stage_turret  速度=0.00  直行间隔=180  aim=0.100/current  rotate=-0.07  ent=0.0005  std=0.794
[进度] 25,690,112/100,000,000 (25.7%)  FPS≈1182  阶段=stage_turret  速度=0.00  直行间隔=180  aim=0.100/current  rotate=-0.07  ent=0.0005  std=0.793
[存盘] 课程元数据 model_t25690112_stage0_stage_turret.curriculum.json  stage=stage_turret  bot=turret v=0.00
[存盘] runs/curriculum_turret/20260923_163427/checkpoints/model_t25690112_stage0_stage_turret.zip
[评测] 开始（100 局）…
  [评测进度] 10/100  kill(命中/开火)=0.265  direct(直击/开火)=0.061  被命中(挨打/敌开火)=0.456  先发制人(直击前未被打中的局)=0.100  弹数=49
  [评测进度] 20/100  kill(命中/开火)=0.256  direct(直击/开火)=0.100  被命中(挨打/敌开火)=0.500  先发制人(直击前未被打中的局)=0.100  弹数=90
  [评测进度] 30/100  kill(命中/开火)=0.266  direct(直击/开火)=0.125  被命中(挨打/敌开火)=0.535  先发制人(直击前未被打中的局)=0.133  弹数=128
  [评测进度] 40/100  kill(命中/开火)=0.302  direct(直击/开火)=0.136  被命中(挨打/敌开火)=0.497  先发制人(直击前未被打中的局)=0.175  弹数=162
  [评测进度] 50/100  kill(命中/开火)=0.294  direct(直击/开火)=0.149  被命中(挨打/敌开火)=0.475  先发制人(直击前未被打中的局)=0.240  弹数=194
  [评测进度] 60/100  kill(命中/开火)=0.300  direct(直击/开火)=0.157  被命中(挨打/敌开火)=0.469  先发制人(直击前未被打中的局)=0.250  弹数=230
  [评测进度] 70/100  kill(命中/开火)=0.275  direct(直击/开火)=0.137  被命中(挨打/敌开火)=0.471  先发制人(直击前未被打中的局)=0.243  弹数=284
  [评测进度] 80/100  kill(命中/开火)=0.290  direct(直击/开火)=0.152  被命中(挨打/敌开火)=0.461  先发制人(直击前未被打中的局)=0.250  弹数=310
  [评测进度] 90/100  kill(命中/开火)=0.301  direct(直击/开火)=0.164  被命中(挨打/敌开火)=0.447  先发制人(直击前未被打中的局)=0.267  弹数=336
  [评测进度] 100/100  kill(命中/开火)=0.306  direct(直击/开火)=0.171  被命中(挨打/敌开火)=0.453  先发制人(直击前未被打中的局)=0.280  弹数=369
------------------------------------------------------------
[评测] 阶段=stage_turret  局数=100
  kill_rate(命中/开火) = 0.306  hit_rate(直击/开火) = 0.171  中位TTK = 374
  被命中率(挨打/敌开火) = 0.453  先发制人率(直击前未被打中的局/局数) = 0.280
  TTK口径     : 首直击步数；无直击=该局结束步数（评测步限封顶）
  晋级条件 直击/开火 hit_rate≥1.01  当前=0.171  → 指标未达标
  未晋级，继续当前阶段
------------------------------------------------------------
[进度] 25,706,496/100,000,000 (25.7%)  FPS≈1211  阶段=stage_turret  速度=0.00  直行间隔=180  aim=0.100/current  rotate=-0.07  ent=0.0005  std=0.793
[进度] 25,722,880/100,000,000 (25.7%)  FPS≈1212  阶段=stage_turret  速度=0.00  直行间隔=180  aim=0.100/current  rotate=-0.07  ent=0.0005  std=0.793
[进度] 25,739,264/100,000,000 (25.7%)  FPS≈1205  阶段=stage_turret  速度=0.00  直行间隔=180  aim=0.100/current  rotate=-0.07  ent=0.0005  std=0.793
[进度] 25,755,648/100,000,000 (25.8%)  FPS≈1193  阶段=stage_turret  速度=0.00  直行间隔=180  aim=0.100/current  rotate=-0.07  ent=0.0005  std=0.793
[进度] 25,772,032/100,000,000 (25.8%)  FPS≈1214  阶段=stage_turret  速度=0.00  直行间隔=180  aim=0.100/current  rotate=-0.07  ent=0.0005  std=0.792
[进度] 25,788,416/100,000,000 (25.8%)  FPS≈1172  阶段=stage_turret  速度=0.00  直行间隔=180  aim=0.100/current  rotate=-0.07  ent=0.0005  std=0.792
[进度] 25,804,800/100,000,000 (25.8%)  FPS≈1212  阶段=stage_turret  速度=0.00  直行间隔=180  aim=0.100/current  rotate=-0.07  ent=0.0005  std=0.791
[存盘] 课程元数据 model_t25804800_stage0_stage_turret.curriculum.json  stage=stage_turret  bot=turret v=0.00
[存盘] runs/curriculum_turret/20260923_163427/checkpoints/model_t25804800_stage0_stage_turret.zip
[评测] 开始（100 局）…
  [评测进度] 10/100  kill(命中/开火)=0.286  direct(直击/开火)=0.119  被命中(挨打/敌开火)=0.646  先发制人(直击前未被打中的局)=0.000  弹数=42
  [评测进度] 20/100  kill(命中/开火)=0.276  direct(直击/开火)=0.115  被命中(挨打/敌开火)=0.629  先发制人(直击前未被打中的局)=0.050  弹数=87
  [评测进度] 30/100  kill(命中/开火)=0.244  direct(直击/开火)=0.122  被命中(挨打/敌开火)=0.586  先发制人(直击前未被打中的局)=0.133  弹数=123
  [评测进度] 40/100  kill(命中/开火)=0.256  direct(直击/开火)=0.125  被命中(挨打/敌开火)=0.578  先发制人(直击前未被打中的局)=0.200  弹数=160
  [评测进度] 50/100  kill(命中/开火)=0.274  direct(直击/开火)=0.124  被命中(挨打/敌开火)=0.524  先发制人(直击前未被打中的局)=0.220  弹数=201
  [评测进度] 60/100  kill(命中/开火)=0.278  direct(直击/开火)=0.127  被命中(挨打/敌开火)=0.531  先发制人(直击前未被打中的局)=0.200  弹数=245
  [评测进度] 70/100  kill(命中/开火)=0.270  direct(直击/开火)=0.119  被命中(挨打/敌开火)=0.540  先发制人(直击前未被打中的局)=0.171  弹数=293
  [评测进度] 80/100  kill(命中/开火)=0.289  direct(直击/开火)=0.130  被命中(挨打/敌开火)=0.535  先发制人(直击前未被打中的局)=0.175  弹数=322
  [评测进度] 90/100  kill(命中/开火)=0.309  direct(直击/开火)=0.142  被命中(挨打/敌开火)=0.528  先发制人(直击前未被打中的局)=0.189  弹数=353
  [评测进度] 100/100  kill(命中/开火)=0.316  direct(直击/开火)=0.150  被命中(挨打/敌开火)=0.525  先发制人(直击前未被打中的局)=0.220  弹数=380
------------------------------------------------------------
[评测] 阶段=stage_turret  局数=100
  kill_rate(命中/开火) = 0.316  hit_rate(直击/开火) = 0.150  中位TTK = 400
  被命中率(挨打/敌开火) = 0.525  先发制人率(直击前未被打中的局/局数) = 0.220
  TTK口径     : 首直击步数；无直击=该局结束步数（评测步限封顶）
  晋级条件 直击/开火 hit_rate≥1.01  当前=0.150  → 指标未达标
  未晋级，继续当前阶段
------------------------------------------------------------
[进度] 25,821,184/100,000,000 (25.8%)  FPS≈1227  阶段=stage_turret  速度=0.00  直行间隔=180  aim=0.100/current  rotate=-0.07  ent=0.0005  std=0.791
[进度] 25,837,568/100,000,000 (25.8%)  FPS≈1233  阶段=stage_turret  速度=0.00  直行间隔=180  aim=0.100/current  rotate=-0.07  ent=0.0005  std=0.791
[进度] 25,853,952/100,000,000 (25.9%)  FPS≈1246  阶段=stage_turret  速度=0.00  直行间隔=180  aim=0.100/current  rotate=-0.07  ent=0.0005  std=0.791
[进度] 25,870,336/100,000,000 (25.9%)  FPS≈1251  阶段=stage_turret  速度=0.00  直行间隔=180  aim=0.100/current  rotate=-0.07  ent=0.0005  std=0.791
[进度] 25,886,720/100,000,000 (25.9%)  FPS≈1222  阶段=stage_turret  速度=0.00  直行间隔=180  aim=0.100/current  rotate=-0.07  ent=0.0005  std=0.791
[进度] 25,903,104/100,000,000 (25.9%)  FPS≈1218  阶段=stage_turret  速度=0.00  直行间隔=180  aim=0.100/current  rotate=-0.07  ent=0.0005  std=0.792
[进度] 25,919,488/100,000,000 (25.9%)  FPS≈1266  阶段=stage_turret  速度=0.00  直行间隔=180  aim=0.100/current  rotate=-0.07  ent=0.0005  std=0.791
[存盘] 课程元数据 model_t25919488_stage0_stage_turret.curriculum.json  stage=stage_turret  bot=turret v=0.00
[存盘] runs/curriculum_turret/20260923_163427/checkpoints/model_t25919488_stage0_stage_turret.zip
[评测] 开始（100 局）…
  [评测进度] 10/100  kill(命中/开火)=0.268  direct(直击/开火)=0.122  被命中(挨打/敌开火)=0.553  先发制人(直击前未被打中的局)=0.100  弹数=41
  [评测进度] 20/100  kill(命中/开火)=0.238  direct(直击/开火)=0.107  被命中(挨打/敌开火)=0.546  先发制人(直击前未被打中的局)=0.150  弹数=84
  [评测进度] 30/100  kill(命中/开火)=0.263  direct(直击/开火)=0.127  被命中(挨打/敌开火)=0.474  先发制人(直击前未被打中的局)=0.267  弹数=118
  [评测进度] 40/100  kill(命中/开火)=0.279  direct(直击/开火)=0.164  被命中(挨打/敌开火)=0.484  先发制人(直击前未被打中的局)=0.300  弹数=140
  [评测进度] 50/100  kill(命中/开火)=0.292  direct(直击/开火)=0.146  被命中(挨打/敌开火)=0.483  先发制人(直击前未被打中的局)=0.240  弹数=185
  [评测进度] 60/100  kill(命中/开火)=0.281  direct(直击/开火)=0.134  被命中(挨打/敌开火)=0.465  先发制人(直击前未被打中的局)=0.217  弹数=231
  [评测进度] 70/100  kill(命中/开火)=0.286  direct(直击/开火)=0.134  被命中(挨打/敌开火)=0.447  先发制人(直击前未被打中的局)=0.229  弹数=269
  [评测进度] 80/100  kill(命中/开火)=0.302  direct(直击/开火)=0.144  被命中(挨打/敌开火)=0.447  先发制人(直击前未被打中的局)=0.237  弹数=298
  [评测进度] 90/100  kill(命中/开火)=0.293  direct(直击/开火)=0.133  被命中(挨打/敌开火)=0.466  先发制人(直击前未被打中的局)=0.211  弹数=345
  [评测进度] 100/100  kill(命中/开火)=0.298  direct(直击/开火)=0.136  被命中(挨打/敌开火)=0.474  先发制人(直击前未被打中的局)=0.210  弹数=382
------------------------------------------------------------
[评测] 阶段=stage_turret  局数=100
  kill_rate(命中/开火) = 0.298  hit_rate(直击/开火) = 0.136  中位TTK = 416
  被命中率(挨打/敌开火) = 0.474  先发制人率(直击前未被打中的局/局数) = 0.210
  TTK口径     : 首直击步数；无直击=该局结束步数（评测步限封顶）
  晋级条件 直击/开火 hit_rate≥1.01  当前=0.136  → 指标未达标
  未晋级，继续当前阶段
------------------------------------------------------------
[进度] 25,935,872/100,000,000 (25.9%)  FPS≈1163  阶段=stage_turret  速度=0.00  直行间隔=180  aim=0.100/current  rotate=-0.07  ent=0.0005  std=0.791
[进度] 25,952,256/100,000,000 (26.0%)  FPS≈1145  阶段=stage_turret  速度=0.00  直行间隔=180  aim=0.100/current  rotate=-0.07  ent=0.0005  std=0.791
[进度] 25,968,640/100,000,000 (26.0%)  FPS≈1217  阶段=stage_turret  速度=0.00  直行间隔=180  aim=0.100/current  rotate=-0.07  ent=0.0005  std=0.791
[进度] 25,985,024/100,000,000 (26.0%)  FPS≈1211  阶段=stage_turret  速度=0.00  直行间隔=180  aim=0.100/current  rotate=-0.07  ent=0.0005  std=0.790
[进度] 26,001,408/100,000,000 (26.0%)  FPS≈1196  阶段=stage_turret  速度=0.00  直行间隔=180  aim=0.100/current  rotate=-0.07  ent=0.0005  std=0.790
[进度] 26,017,792/100,000,000 (26.0%)  FPS≈1219  阶段=stage_turret  速度=0.00  直行间隔=180  aim=0.100/current  rotate=-0.07  ent=0.0005  std=0.790
[进度] 26,034,176/100,000,000 (26.0%)  FPS≈1233  阶段=stage_turret  速度=0.00  直行间隔=180  aim=0.100/current  rotate=-0.07  ent=0.0005  std=0.790
[存盘] 课程元数据 model_t26034176_stage0_stage_turret.curriculum.json  stage=stage_turret  bot=turret v=0.00
[存盘] runs/curriculum_turret/20260923_163427/checkpoints/model_t26034176_stage0_stage_turret.zip
[评测] 开始（100 局）…
  [评测进度] 10/100  kill(命中/开火)=0.536  direct(直击/开火)=0.250  被命中(挨打/敌开火)=0.333  先发制人(直击前未被打中的局)=0.400  弹数=28
  [评测进度] 20/100  kill(命中/开火)=0.415  direct(直击/开火)=0.200  被命中(挨打/敌开火)=0.408  先发制人(直击前未被打中的局)=0.300  弹数=65
  [评测进度] 30/100  kill(命中/开火)=0.404  direct(直击/开火)=0.213  被命中(挨打/敌开火)=0.420  先发制人(直击前未被打中的局)=0.300  弹数=94
  [评测进度] 40/100  kill(命中/开火)=0.376  direct(直击/开火)=0.208  被命中(挨打/敌开火)=0.469  先发制人(直击前未被打中的局)=0.300  弹数=125
  [评测进度] 50/100  kill(命中/开火)=0.383  direct(直击/开火)=0.221  被命中(挨打/敌开火)=0.444  先发制人(直击前未被打中的局)=0.320  弹数=154
  [评测进度] 60/100  kill(命中/开火)=0.347  direct(直击/开火)=0.194  被命中(挨打/敌开火)=0.458  先发制人(直击前未被打中的局)=0.300  弹数=196
  [评测进度] 70/100  kill(命中/开火)=0.347  direct(直击/开火)=0.203  被命中(挨打/敌开火)=0.439  先发制人(直击前未被打中的局)=0.329  弹数=222
  [评测进度] 80/100  kill(命中/开火)=0.342  direct(直击/开火)=0.194  被命中(挨打/敌开火)=0.437  先发制人(直击前未被打中的局)=0.300  弹数=263
  [评测进度] 90/100  kill(命中/开火)=0.337  direct(直击/开火)=0.187  被命中(挨打/敌开火)=0.424  先发制人(直击前未被打中的局)=0.289  弹数=300
  [评测进度] 100/100  kill(命中/开火)=0.335  direct(直击/开火)=0.187  被命中(挨打/敌开火)=0.445  先发制人(直击前未被打中的局)=0.270  弹数=331
------------------------------------------------------------
[评测] 阶段=stage_turret  局数=100
  kill_rate(命中/开火) = 0.335  hit_rate(直击/开火) = 0.187  中位TTK = 301
  被命中率(挨打/敌开火) = 0.445  先发制人率(直击前未被打中的局/局数) = 0.270
  TTK口径     : 首直击步数；无直击=该局结束步数（评测步限封顶）
  晋级条件 直击/开火 hit_rate≥1.01  当前=0.187  → 指标未达标
  未晋级，继续当前阶段
------------------------------------------------------------
[进度] 26,050,560/100,000,000 (26.1%)  FPS≈1210  阶段=stage_turret  速度=0.00  直行间隔=180  aim=0.100/current  rotate=-0.07  ent=0.0005  std=0.789
[进度] 26,066,944/100,000,000 (26.1%)  FPS≈1206  阶段=stage_turret  速度=0.00  直行间隔=180  aim=0.100/current  rotate=-0.07  ent=0.0005  std=0.790
[进度] 26,083,328/100,000,000 (26.1%)  FPS≈1232  阶段=stage_turret  速度=0.00  直行间隔=180  aim=0.100/current  rotate=-0.07  ent=0.0005  std=0.789
[进度] 26,099,712/100,000,000 (26.1%)  FPS≈1210  阶段=stage_turret  速度=0.00  直行间隔=180  aim=0.100/current  rotate=-0.07  ent=0.0005  std=0.789
[进度] 26,116,096/100,000,000 (26.1%)  FPS≈1203  阶段=stage_turret  速度=0.00  直行间隔=180  aim=0.100/current  rotate=-0.07  ent=0.0005  std=0.789
[进度] 26,132,480/100,000,000 (26.1%)  FPS≈1248  阶段=stage_turret  速度=0.00  直行间隔=180  aim=0.100/current  rotate=-0.07  ent=0.0005  std=0.789
[进度] 26,148,864/100,000,000 (26.1%)  FPS≈1205  阶段=stage_turret  速度=0.00  直行间隔=180  aim=0.100/current  rotate=-0.07  ent=0.0005  std=0.789
[存盘] 课程元数据 model_t26148864_stage0_stage_turret.curriculum.json  stage=stage_turret  bot=turret v=0.00
[存盘] runs/curriculum_turret/20260923_163427/checkpoints/model_t26148864_stage0_stage_turret.zip
[评测] 开始（100 局）…
  [评测进度] 10/100  kill(命中/开火)=0.304  direct(直击/开火)=0.109  被命中(挨打/敌开火)=0.449  先发制人(直击前未被打中的局)=0.100  弹数=46
  [评测进度] 20/100  kill(命中/开火)=0.333  direct(直击/开火)=0.160  被命中(挨打/敌开火)=0.476  先发制人(直击前未被打中的局)=0.250  弹数=75
  [评测进度] 30/100  kill(命中/开火)=0.270  direct(直击/开火)=0.144  被命中(挨打/敌开火)=0.472  先发制人(直击前未被打中的局)=0.233  弹数=111
  [评测进度] 40/100  kill(命中/开火)=0.275  direct(直击/开火)=0.162  被命中(挨打/敌开火)=0.442  先发制人(直击前未被打中的局)=0.250  弹数=142
  [评测进度] 50/100  kill(命中/开火)=0.295  direct(直击/开火)=0.168  被命中(挨打/敌开火)=0.475  先发制人(直击前未被打中的局)=0.280  弹数=173
  [评测进度] 60/100  kill(命中/开火)=0.292  direct(直击/开火)=0.170  被命中(挨打/敌开火)=0.469  先发制人(直击前未被打中的局)=0.250  弹数=212
  [评测进度] 70/100  kill(命中/开火)=0.283  direct(直击/开火)=0.155  被命中(挨打/敌开火)=0.459  先发制人(直击前未被打中的局)=0.229  弹数=258
  [评测进度] 80/100  kill(命中/开火)=0.286  direct(直击/开火)=0.164  被命中(挨打/敌开火)=0.466  先发制人(直击前未被打中的局)=0.212  弹数=287
  [评测进度] 90/100  kill(命中/开火)=0.277  direct(直击/开火)=0.165  被命中(挨打/敌开火)=0.471  先发制人(直击前未被打中的局)=0.222  弹数=321
  [评测进度] 100/100  kill(命中/开火)=0.283  direct(直击/开火)=0.164  被命中(挨打/敌开火)=0.452  先发制人(直击前未被打中的局)=0.230  弹数=360
------------------------------------------------------------
[评测] 阶段=stage_turret  局数=100
  kill_rate(命中/开火) = 0.283  hit_rate(直击/开火) = 0.164  中位TTK = 384
  被命中率(挨打/敌开火) = 0.452  先发制人率(直击前未被打中的局/局数) = 0.230
  TTK口径     : 首直击步数；无直击=该局结束步数（评测步限封顶）
  晋级条件 直击/开火 hit_rate≥1.01  当前=0.164  → 指标未达标
  未晋级，继续当前阶段
------------------------------------------------------------
[进度] 26,165,248/100,000,000 (26.2%)  FPS≈1208  阶段=stage_turret  速度=0.00  直行间隔=180  aim=0.100/current  rotate=-0.07  ent=0.0005  std=0.789
[进度] 26,181,632/100,000,000 (26.2%)  FPS≈1230  阶段=stage_turret  速度=0.00  直行间隔=180  aim=0.100/current  rotate=-0.07  ent=0.0005  std=0.788
[进度] 26,198,016/100,000,000 (26.2%)  FPS≈1161  阶段=stage_turret  速度=0.00  直行间隔=180  aim=0.100/current  rotate=-0.07  ent=0.0005  std=0.788
[进度] 26,214,400/100,000,000 (26.2%)  FPS≈1166  阶段=stage_turret  速度=0.00  直行间隔=180  aim=0.100/current  rotate=-0.07  ent=0.0005  std=0.788
[进度] 26,230,784/100,000,000 (26.2%)  FPS≈1206  阶段=stage_turret  速度=0.00  直行间隔=180  aim=0.100/current  rotate=-0.07  ent=0.0005  std=0.787
[进度] 26,247,168/100,000,000 (26.2%)  FPS≈1219  阶段=stage_turret  速度=0.00  直行间隔=180  aim=0.100/current  rotate=-0.07  ent=0.0005  std=0.787
[进度] 26,263,552/100,000,000 (26.3%)  FPS≈1159  阶段=stage_turret  速度=0.00  直行间隔=180  aim=0.100/current  rotate=-0.07  ent=0.0005  std=0.787
[存盘] 课程元数据 model_t26263552_stage0_stage_turret.curriculum.json  stage=stage_turret  bot=turret v=0.00
[存盘] runs/curriculum_turret/20260923_163427/checkpoints/model_t26263552_stage0_stage_turret.zip
[评测] 开始（100 局）…
  [评测进度] 10/100  kill(命中/开火)=0.333  direct(直击/开火)=0.259  被命中(挨打/敌开火)=0.452  先发制人(直击前未被打中的局)=0.200  弹数=27
  [评测进度] 20/100  kill(命中/开火)=0.350  direct(直击/开火)=0.233  被命中(挨打/敌开火)=0.366  先发制人(直击前未被打中的局)=0.300  弹数=60
  [评测进度] 30/100  kill(命中/开火)=0.309  direct(直击/开火)=0.206  被命中(挨打/敌开火)=0.411  先发制人(直击前未被打中的局)=0.267  弹数=97
  [评测进度] 40/100  kill(命中/开火)=0.281  direct(直击/开火)=0.185  被命中(挨打/敌开火)=0.433  先发制人(直击前未被打中的局)=0.250  弹数=135
  [评测进度] 50/100  kill(命中/开火)=0.264  direct(直击/开火)=0.172  被命中(挨打/敌开火)=0.480  先发制人(直击前未被打中的局)=0.240  弹数=174
  [评测进度] 60/100  kill(命中/开火)=0.285  direct(直击/开火)=0.195  被命中(挨打/敌开火)=0.476  先发制人(直击前未被打中的局)=0.283  弹数=200
  [评测进度] 70/100  kill(命中/开火)=0.283  direct(直击/开火)=0.183  被命中(挨打/敌开火)=0.487  先发制人(直击前未被打中的局)=0.286  弹数=240
  [评测进度] 80/100  kill(命中/开火)=0.287  direct(直击/开火)=0.184  被命中(挨打/敌开火)=0.495  先发制人(直击前未被打中的局)=0.275  弹数=272
  [评测进度] 90/100  kill(命中/开火)=0.268  direct(直击/开火)=0.170  被命中(挨打/敌开火)=0.500  先发制人(直击前未被打中的局)=0.267  弹数=317
  [评测进度] 100/100  kill(命中/开火)=0.272  direct(直击/开火)=0.170  被命中(挨打/敌开火)=0.489  先发制人(直击前未被打中的局)=0.270  弹数=353
------------------------------------------------------------
[评测] 阶段=stage_turret  局数=100
  kill_rate(命中/开火) = 0.272  hit_rate(直击/开火) = 0.170  中位TTK = 356
  被命中率(挨打/敌开火) = 0.489  先发制人率(直击前未被打中的局/局数) = 0.270
  TTK口径     : 首直击步数；无直击=该局结束步数（评测步限封顶）
  晋级条件 直击/开火 hit_rate≥1.01  当前=0.170  → 指标未达标
  未晋级，继续当前阶段
------------------------------------------------------------
[进度] 26,279,936/100,000,000 (26.3%)  FPS≈1200  阶段=stage_turret  速度=0.00  直行间隔=180  aim=0.100/current  rotate=-0.07  ent=0.0005  std=0.787
[进度] 26,296,320/100,000,000 (26.3%)  FPS≈1218  阶段=stage_turret  速度=0.00  直行间隔=180  aim=0.100/current  rotate=-0.07  ent=0.0005  std=0.787
[进度] 26,312,704/100,000,000 (26.3%)  FPS≈1234  阶段=stage_turret  速度=0.00  直行间隔=180  aim=0.100/current  rotate=-0.07  ent=0.0005  std=0.787
[进度] 26,329,088/100,000,000 (26.3%)  FPS≈1215  阶段=stage_turret  速度=0.00  直行间隔=180  aim=0.100/current  rotate=-0.07  ent=0.0005  std=0.786
[进度] 26,345,472/100,000,000 (26.3%)  FPS≈1223  阶段=stage_turret  速度=0.00  直行间隔=180  aim=0.100/current  rotate=-0.07  ent=0.0005  std=0.787
[进度] 26,361,856/100,000,000 (26.4%)  FPS≈1196  阶段=stage_turret  速度=0.00  直行间隔=180  aim=0.100/current  rotate=-0.07  ent=0.0005  std=0.786
[进度] 26,378,240/100,000,000 (26.4%)  FPS≈1219  阶段=stage_turret  速度=0.00  直行间隔=180  aim=0.100/current  rotate=-0.07  ent=0.0005  std=0.786
[存盘] 课程元数据 model_t26378240_stage0_stage_turret.curriculum.json  stage=stage_turret  bot=turret v=0.00
[存盘] runs/curriculum_turret/20260923_163427/checkpoints/model_t26378240_stage0_stage_turret.zip
[评测] 开始（100 局）…
  [评测进度] 10/100  kill(命中/开火)=0.342  direct(直击/开火)=0.184  被命中(挨打/敌开火)=0.561  先发制人(直击前未被打中的局)=0.100  弹数=38
  [评测进度] 20/100  kill(命中/开火)=0.276  direct(直击/开火)=0.171  被命中(挨打/敌开火)=0.581  先发制人(直击前未被打中的局)=0.150  弹数=76
  [评测进度] 30/100  kill(命中/开火)=0.330  direct(直击/开火)=0.202  被命中(挨打/敌开火)=0.565  先发制人(直击前未被打中的局)=0.133  弹数=109
  [评测进度] 40/100  kill(命中/开火)=0.338  direct(直击/开火)=0.197  被命中(挨打/敌开火)=0.574  先发制人(直击前未被打中的局)=0.150  弹数=142
  [评测进度] 50/100  kill(命中/开火)=0.354  direct(直击/开火)=0.206  被命中(挨打/敌开火)=0.547  先发制人(直击前未被打中的局)=0.180  弹数=175
  [评测进度] 60/100  kill(命中/开火)=0.364  direct(直击/开火)=0.227  被命中(挨打/敌开火)=0.518  先发制人(直击前未被打中的局)=0.233  弹数=198
  [评测进度] 70/100  kill(命中/开火)=0.355  direct(直击/开火)=0.218  被命中(挨打/敌开火)=0.508  先发制人(直击前未被打中的局)=0.243  弹数=234
  [评测进度] 80/100  kill(命中/开火)=0.358  direct(直击/开火)=0.223  被命中(挨打/敌开火)=0.507  先发制人(直击前未被打中的局)=0.237  弹数=260
  [评测进度] 90/100  kill(命中/开火)=0.355  direct(直击/开火)=0.224  被命中(挨打/敌开火)=0.502  先发制人(直击前未被打中的局)=0.256  弹数=290
  [评测进度] 100/100  kill(命中/开火)=0.368  direct(直击/开火)=0.242  被命中(挨打/敌开火)=0.508  先发制人(直击前未被打中的局)=0.280  弹数=310
------------------------------------------------------------
[评测] 阶段=stage_turret  局数=100
  kill_rate(命中/开火) = 0.368  hit_rate(直击/开火) = 0.242  中位TTK = 268
  被命中率(挨打/敌开火) = 0.508  先发制人率(直击前未被打中的局/局数) = 0.280
  TTK口径     : 首直击步数；无直击=该局结束步数（评测步限封顶）
  晋级条件 直击/开火 hit_rate≥1.01  当前=0.242  → 指标未达标
  未晋级，继续当前阶段
------------------------------------------------------------
[进度] 26,394,624/100,000,000 (26.4%)  FPS≈1193  阶段=stage_turret  速度=0.00  直行间隔=180  aim=0.100/current  rotate=-0.07  ent=0.0005  std=0.786
[进度] 26,411,008/100,000,000 (26.4%)  FPS≈1252  阶段=stage_turret  速度=0.00  直行间隔=180  aim=0.100/current  rotate=-0.07  ent=0.0005  std=0.786
[进度] 26,427,392/100,000,000 (26.4%)  FPS≈1220  阶段=stage_turret  速度=0.00  直行间隔=180  aim=0.100/current  rotate=-0.07  ent=0.0005  std=0.785
[进度] 26,443,776/100,000,000 (26.4%)  FPS≈1240  阶段=stage_turret  速度=0.00  直行间隔=180  aim=0.100/current  rotate=-0.07  ent=0.0005  std=0.785
[进度] 26,460,160/100,000,000 (26.5%)  FPS≈1264  阶段=stage_turret  速度=0.00  直行间隔=180  aim=0.100/current  rotate=-0.07  ent=0.0005  std=0.785
[进度] 26,476,544/100,000,000 (26.5%)  FPS≈1189  阶段=stage_turret  速度=0.00  直行间隔=180  aim=0.100/current  rotate=-0.07  ent=0.0005  std=0.785
[进度] 26,492,928/100,000,000 (26.5%)  FPS≈1201  阶段=stage_turret  速度=0.00  直行间隔=180  aim=0.100/current  rotate=-0.07  ent=0.0005  std=0.784
[存盘] 课程元数据 model_t26492928_stage0_stage_turret.curriculum.json  stage=stage_turret  bot=turret v=0.00
[存盘] runs/curriculum_turret/20260923_163427/checkpoints/model_t26492928_stage0_stage_turret.zip
[评测] 开始（100 局）…
  [评测进度] 10/100  kill(命中/开火)=0.190  direct(直击/开火)=0.119  被命中(挨打/敌开火)=0.591  先发制人(直击前未被打中的局)=0.100  弹数=42
  [评测进度] 20/100  kill(命中/开火)=0.230  direct(直击/开火)=0.115  被命中(挨打/敌开火)=0.511  先发制人(直击前未被打中的局)=0.200  弹数=87
  [评测进度] 30/100  kill(命中/开火)=0.269  direct(直击/开火)=0.143  被命中(挨打/敌开火)=0.484  先发制人(直击前未被打中的局)=0.267  弹数=119
  [评测进度] 40/100  kill(命中/开火)=0.297  direct(直击/开火)=0.162  被命中(挨打/敌开火)=0.469  先发制人(直击前未被打中的局)=0.275  弹数=148
  [评测进度] 50/100  kill(命中/开火)=0.275  direct(直击/开火)=0.153  被命中(挨打/敌开火)=0.461  先发制人(直击前未被打中的局)=0.260  弹数=189
  [评测进度] 60/100  kill(命中/开火)=0.286  direct(直击/开火)=0.168  被命中(挨打/敌开火)=0.445  先发制人(直击前未被打中的局)=0.267  弹数=220
  [评测进度] 70/100  kill(命中/开火)=0.287  direct(直击/开火)=0.173  被命中(挨打/敌开火)=0.467  先发制人(直击前未被打中的局)=0.271  弹数=254
  [评测进度] 80/100  kill(命中/开火)=0.304  direct(直击/开火)=0.182  被命中(挨打/敌开火)=0.466  先发制人(直击前未被打中的局)=0.263  弹数=286
  [评测进度] 90/100  kill(命中/开火)=0.307  direct(直击/开火)=0.185  被命中(挨打/敌开火)=0.460  先发制人(直击前未被打中的局)=0.278  弹数=319
  [评测进度] 100/100  kill(命中/开火)=0.310  direct(直击/开火)=0.183  被命中(挨打/敌开火)=0.464  先发制人(直击前未被打中的局)=0.270  弹数=355
------------------------------------------------------------
[评测] 阶段=stage_turret  局数=100
  kill_rate(命中/开火) = 0.310  hit_rate(直击/开火) = 0.183  中位TTK = 314
  被命中率(挨打/敌开火) = 0.464  先发制人率(直击前未被打中的局/局数) = 0.270
  TTK口径     : 首直击步数；无直击=该局结束步数（评测步限封顶）
  晋级条件 直击/开火 hit_rate≥1.01  当前=0.183  → 指标未达标
  未晋级，继续当前阶段
------------------------------------------------------------
[进度] 26,509,312/100,000,000 (26.5%)  FPS≈1269  阶段=stage_turret  速度=0.00  直行间隔=180  aim=0.100/current  rotate=-0.07  ent=0.0005  std=0.784
[进度] 26,525,696/100,000,000 (26.5%)  FPS≈1243  阶段=stage_turret  速度=0.00  直行间隔=180  aim=0.100/current  rotate=-0.07  ent=0.0005  std=0.784
[进度] 26,542,080/100,000,000 (26.5%)  FPS≈1193  阶段=stage_turret  速度=0.00  直行间隔=180  aim=0.100/current  rotate=-0.07  ent=0.0005  std=0.784
[进度] 26,558,464/100,000,000 (26.6%)  FPS≈1191  阶段=stage_turret  速度=0.00  直行间隔=180  aim=0.100/current  rotate=-0.07  ent=0.0005  std=0.784
[进度] 26,574,848/100,000,000 (26.6%)  FPS≈1234  阶段=stage_turret  速度=0.00  直行间隔=180  aim=0.100/current  rotate=-0.07  ent=0.0005  std=0.784
[进度] 26,591,232/100,000,000 (26.6%)  FPS≈1227  阶段=stage_turret  速度=0.00  直行间隔=180  aim=0.100/current  rotate=-0.07  ent=0.0005  std=0.784
[进度] 26,607,616/100,000,000 (26.6%)  FPS≈1251  阶段=stage_turret  速度=0.00  直行间隔=180  aim=0.100/current  rotate=-0.07  ent=0.0005  std=0.785
[存盘] 课程元数据 model_t26607616_stage0_stage_turret.curriculum.json  stage=stage_turret  bot=turret v=0.00
[存盘] runs/curriculum_turret/20260923_163427/checkpoints/model_t26607616_stage0_stage_turret.zip
[评测] 开始（100 局）…
  [评测进度] 10/100  kill(命中/开火)=0.500  direct(直击/开火)=0.364  被命中(挨打/敌开火)=0.458  先发制人(直击前未被打中的局)=0.500  弹数=22
  [评测进度] 20/100  kill(命中/开火)=0.375  direct(直击/开火)=0.250  被命中(挨打/敌开火)=0.438  先发制人(直击前未被打中的局)=0.400  弹数=56
  [评测进度] 30/100  kill(命中/开火)=0.374  direct(直击/开火)=0.202  被命中(挨打/敌开火)=0.402  先发制人(直击前未被打中的局)=0.367  弹数=99
  [评测进度] 40/100  kill(命中/开火)=0.393  direct(直击/开火)=0.238  被命中(挨打/敌开火)=0.424  先发制人(直击前未被打中的局)=0.375  弹数=122
  [评测进度] 50/100  kill(命中/开火)=0.364  direct(直击/开火)=0.210  被命中(挨打/敌开火)=0.481  先发制人(直击前未被打中的局)=0.320  弹数=162
  [评测进度] 60/100  kill(命中/开火)=0.354  direct(直击/开火)=0.202  被命中(挨打/敌开火)=0.487  先发制人(直击前未被打中的局)=0.300  弹数=198
  [评测进度] 70/100  kill(命中/开火)=0.362  direct(直击/开火)=0.211  被命中(挨打/敌开火)=0.485  先发制人(直击前未被打中的局)=0.300  弹数=232
  [评测进度] 80/100  kill(命中/开火)=0.354  direct(直击/开火)=0.210  被命中(挨打/敌开火)=0.480  先发制人(直击前未被打中的局)=0.287  弹数=271
  [评测进度] 90/100  kill(命中/开火)=0.353  direct(直击/开火)=0.206  被命中(挨打/敌开火)=0.474  先发制人(直击前未被打中的局)=0.311  弹数=306
  [评测进度] 100/100  kill(命中/开火)=0.349  direct(直击/开火)=0.199  被命中(挨打/敌开火)=0.482  先发制人(直击前未被打中的局)=0.300  弹数=347
------------------------------------------------------------
[评测] 阶段=stage_turret  局数=100
  kill_rate(命中/开火) = 0.349  hit_rate(直击/开火) = 0.199  中位TTK = 352
  被命中率(挨打/敌开火) = 0.482  先发制人率(直击前未被打中的局/局数) = 0.300
  TTK口径     : 首直击步数；无直击=该局结束步数（评测步限封顶）
  晋级条件 直击/开火 hit_rate≥1.01  当前=0.199  → 指标未达标
  未晋级，继续当前阶段
------------------------------------------------------------
[进度] 26,624,000/100,000,000 (26.6%)  FPS≈1218  阶段=stage_turret  速度=0.00  直行间隔=180  aim=0.100/current  rotate=-0.07  ent=0.0005  std=0.785
[进度] 26,640,384/100,000,000 (26.6%)  FPS≈1197  阶段=stage_turret  速度=0.00  直行间隔=180  aim=0.100/current  rotate=-0.07  ent=0.0005  std=0.785
[进度] 26,656,768/100,000,000 (26.7%)  FPS≈1181  阶段=stage_turret  速度=0.00  直行间隔=180  aim=0.100/current  rotate=-0.07  ent=0.0005  std=0.785
[进度] 26,673,152/100,000,000 (26.7%)  FPS≈1249  阶段=stage_turret  速度=0.00  直行间隔=180  aim=0.100/current  rotate=-0.07  ent=0.0005  std=0.784
[进度] 26,689,536/100,000,000 (26.7%)  FPS≈1169  阶段=stage_turret  速度=0.00  直行间隔=180  aim=0.100/current  rotate=-0.07  ent=0.0005  std=0.785
[进度] 26,705,920/100,000,000 (26.7%)  FPS≈1160  阶段=stage_turret  速度=0.00  直行间隔=180  aim=0.100/current  rotate=-0.07  ent=0.0005  std=0.784
[进度] 26,722,304/100,000,000 (26.7%)  FPS≈1234  阶段=stage_turret  速度=0.00  直行间隔=180  aim=0.100/current  rotate=-0.07  ent=0.0005  std=0.784
[存盘] 课程元数据 model_t26722304_stage0_stage_turret.curriculum.json  stage=stage_turret  bot=turret v=0.00
[存盘] runs/curriculum_turret/20260923_163427/checkpoints/model_t26722304_stage0_stage_turret.zip
[评测] 开始（100 局）…
  [评测进度] 10/100  kill(命中/开火)=0.333  direct(直击/开火)=0.296  被命中(挨打/敌开火)=0.500  先发制人(直击前未被打中的局)=0.200  弹数=27
  [评测进度] 20/100  kill(命中/开火)=0.265  direct(直击/开火)=0.191  被命中(挨打/敌开火)=0.447  先发制人(直击前未被打中的局)=0.200  弹数=68
  [评测进度] 30/100  kill(命中/开火)=0.292  direct(直击/开火)=0.219  被命中(挨打/敌开火)=0.430  先发制人(直击前未被打中的局)=0.233  弹数=96
  [评测进度] 40/100  kill(命中/开火)=0.331  direct(直击/开火)=0.240  被命中(挨打/敌开火)=0.463  先发制人(直击前未被打中的局)=0.275  弹数=121
  [评测进度] 50/100  kill(命中/开火)=0.329  direct(直击/开火)=0.228  被命中(挨打/敌开火)=0.460  先发制人(直击前未被打中的局)=0.240  弹数=158
  [评测进度] 60/100  kill(命中/开火)=0.339  direct(直击/开火)=0.237  被命中(挨打/敌开火)=0.459  先发制人(直击前未被打中的局)=0.250  弹数=186
  [评测进度] 70/100  kill(命中/开火)=0.332  direct(直击/开火)=0.232  被命中(挨打/敌开火)=0.456  先发制人(直击前未被打中的局)=0.243  弹数=220
  [评测进度] 80/100  kill(命中/开火)=0.336  direct(直击/开火)=0.224  被命中(挨打/敌开火)=0.459  先发制人(直击前未被打中的局)=0.237  弹数=259
  [评测进度] 90/100  kill(命中/开火)=0.346  direct(直击/开火)=0.239  被命中(挨打/敌开火)=0.468  先发制人(直击前未被打中的局)=0.267  弹数=280
  [评测进度] 100/100  kill(命中/开火)=0.341  direct(直击/开火)=0.233  被命中(挨打/敌开火)=0.469  先发制人(直击前未被打中的局)=0.280  弹数=317
------------------------------------------------------------
[评测] 阶段=stage_turret  局数=100
  kill_rate(命中/开火) = 0.341  hit_rate(直击/开火) = 0.233  中位TTK = 264
  被命中率(挨打/敌开火) = 0.469  先发制人率(直击前未被打中的局/局数) = 0.280
  TTK口径     : 首直击步数；无直击=该局结束步数（评测步限封顶）
  晋级条件 直击/开火 hit_rate≥1.01  当前=0.233  → 指标未达标
  未晋级，继续当前阶段
------------------------------------------------------------
[进度] 26,738,688/100,000,000 (26.7%)  FPS≈1239  阶段=stage_turret  速度=0.00  直行间隔=180  aim=0.100/current  rotate=-0.07  ent=0.0005  std=0.784
[进度] 26,755,072/100,000,000 (26.8%)  FPS≈1257  阶段=stage_turret  速度=0.00  直行间隔=180  aim=0.100/current  rotate=-0.07  ent=0.0005  std=0.784
[进度] 26,771,456/100,000,000 (26.8%)  FPS≈1251  阶段=stage_turret  速度=0.00  直行间隔=180  aim=0.100/current  rotate=-0.07  ent=0.0005  std=0.784
[进度] 26,787,840/100,000,000 (26.8%)  FPS≈1202  阶段=stage_turret  速度=0.00  直行间隔=180  aim=0.100/current  rotate=-0.07  ent=0.0005  std=0.784
[进度] 26,804,224/100,000,000 (26.8%)  FPS≈1259  阶段=stage_turret  速度=0.00  直行间隔=180  aim=0.100/current  rotate=-0.07  ent=0.0005  std=0.784
[进度] 26,820,608/100,000,000 (26.8%)  FPS≈1248  阶段=stage_turret  速度=0.00  直行间隔=180  aim=0.100/current  rotate=-0.07  ent=0.0005  std=0.784
[进度] 26,836,992/100,000,000 (26.8%)  FPS≈1239  阶段=stage_turret  速度=0.00  直行间隔=180  aim=0.100/current  rotate=-0.07  ent=0.0005  std=0.784
[存盘] 课程元数据 model_t26836992_stage0_stage_turret.curriculum.json  stage=stage_turret  bot=turret v=0.00
[存盘] runs/curriculum_turret/20260923_163427/checkpoints/model_t26836992_stage0_stage_turret.zip
[评测] 开始（100 局）…
  [评测进度] 10/100  kill(命中/开火)=0.394  direct(直击/开火)=0.273  被命中(挨打/敌开火)=0.405  先发制人(直击前未被打中的局)=0.200  弹数=33
  [评测进度] 20/100  kill(命中/开火)=0.380  direct(直击/开火)=0.254  被命中(挨打/敌开火)=0.390  先发制人(直击前未被打中的局)=0.250  弹数=71
  [评测进度] 30/100  kill(命中/开火)=0.296  direct(直击/开火)=0.191  被命中(挨打/敌开火)=0.496  先发制人(直击前未被打中的局)=0.233  弹数=115
  [评测进度] 40/100  kill(命中/开火)=0.309  direct(直击/开火)=0.184  被命中(挨打/敌开火)=0.473  先发制人(直击前未被打中的局)=0.250  弹数=152
  [评测进度] 50/100  kill(命中/开火)=0.320  direct(直击/开火)=0.193  被命中(挨打/敌开火)=0.453  先发制人(直击前未被打中的局)=0.300  弹数=181
  [评测进度] 60/100  kill(命中/开火)=0.314  direct(直击/开火)=0.184  被命中(挨打/敌开火)=0.449  先发制人(直击前未被打中的局)=0.267  弹数=223
  [评测进度] 70/100  kill(命中/开火)=0.310  direct(直击/开火)=0.182  被命中(挨打/敌开火)=0.451  先发制人(直击前未被打中的局)=0.257  弹数=258
  [评测进度] 80/100  kill(命中/开火)=0.316  direct(直击/开火)=0.191  被命中(挨打/敌开火)=0.450  先发制人(直击前未被打中的局)=0.225  弹数=288
  [评测进度] 90/100  kill(命中/开火)=0.333  direct(直击/开火)=0.195  被命中(挨打/敌开火)=0.445  先发制人(直击前未被打中的局)=0.244  弹数=318
  [评测进度] 100/100  kill(命中/开火)=0.320  direct(直击/开火)=0.182  被命中(挨打/敌开火)=0.447  先发制人(直击前未被打中的局)=0.240  弹数=362
------------------------------------------------------------
[评测] 阶段=stage_turret  局数=100
  kill_rate(命中/开火) = 0.320  hit_rate(直击/开火) = 0.182  中位TTK = 354
  被命中率(挨打/敌开火) = 0.447  先发制人率(直击前未被打中的局/局数) = 0.240
  TTK口径     : 首直击步数；无直击=该局结束步数（评测步限封顶）
  晋级条件 直击/开火 hit_rate≥1.01  当前=0.182  → 指标未达标
  未晋级，继续当前阶段
------------------------------------------------------------
[进度] 26,853,376/100,000,000 (26.9%)  FPS≈1214  阶段=stage_turret  速度=0.00  直行间隔=180  aim=0.100/current  rotate=-0.07  ent=0.0005  std=0.783
[进度] 26,869,760/100,000,000 (26.9%)  FPS≈1212  阶段=stage_turret  速度=0.00  直行间隔=180  aim=0.100/current  rotate=-0.07  ent=0.0005  std=0.783
[进度] 26,886,144/100,000,000 (26.9%)  FPS≈1202  阶段=stage_turret  速度=0.00  直行间隔=180  aim=0.100/current  rotate=-0.07  ent=0.0005  std=0.783
[进度] 26,902,528/100,000,000 (26.9%)  FPS≈1214  阶段=stage_turret  速度=0.00  直行间隔=180  aim=0.100/current  rotate=-0.07  ent=0.0005  std=0.783
[进度] 26,918,912/100,000,000 (26.9%)  FPS≈1223  阶段=stage_turret  速度=0.00  直行间隔=180  aim=0.100/current  rotate=-0.07  ent=0.0005  std=0.783
[进度] 26,935,296/100,000,000 (26.9%)  FPS≈1199  阶段=stage_turret  速度=0.00  直行间隔=180  aim=0.100/current  rotate=-0.07  ent=0.0005  std=0.783
[进度] 26,951,680/100,000,000 (27.0%)  FPS≈1173  阶段=stage_turret  速度=0.00  直行间隔=180  aim=0.100/current  rotate=-0.07  ent=0.0005  std=0.783
[存盘] 课程元数据 model_t26951680_stage0_stage_turret.curriculum.json  stage=stage_turret  bot=turret v=0.00
[存盘] runs/curriculum_turret/20260923_163427/checkpoints/model_t26951680_stage0_stage_turret.zip
[评测] 开始（100 局）…
  [评测进度] 10/100  kill(命中/开火)=0.500  direct(直击/开火)=0.250  被命中(挨打/敌开火)=0.410  先发制人(直击前未被打中的局)=0.300  弹数=32
  [评测进度] 20/100  kill(命中/开火)=0.469  direct(直击/开火)=0.234  被命中(挨打/敌开火)=0.421  先发制人(直击前未被打中的局)=0.350  弹数=64
  [评测进度] 30/100  kill(命中/开火)=0.416  direct(直击/开火)=0.208  被命中(挨打/敌开火)=0.475  先发制人(直击前未被打中的局)=0.267  弹数=101
  [评测进度] 40/100  kill(命中/开火)=0.386  direct(直击/开火)=0.200  被命中(挨打/敌开火)=0.472  先发制人(直击前未被打中的局)=0.225  弹数=140
  [评测进度] 50/100  kill(命中/开火)=0.376  direct(直击/开火)=0.208  被命中(挨打/敌开火)=0.477  先发制人(直击前未被打中的局)=0.220  弹数=173
  [评测进度] 60/100  kill(命中/开火)=0.376  direct(直击/开火)=0.215  被命中(挨打/敌开火)=0.472  先发制人(直击前未被打中的局)=0.233  弹数=205
  [评测进度] 70/100  kill(命中/开火)=0.356  direct(直击/开火)=0.198  被命中(挨打/敌开火)=0.486  先发制人(直击前未被打中的局)=0.214  弹数=247
  [评测进度] 80/100  kill(命中/开火)=0.360  direct(直击/开火)=0.211  被命中(挨打/敌开火)=0.490  先发制人(直击前未被打中的局)=0.212  弹数=275
  [评测进度] 90/100  kill(命中/开火)=0.365  direct(直击/开火)=0.206  被命中(挨打/敌开火)=0.494  先发制人(直击前未被打中的局)=0.200  弹数=315
  [评测进度] 100/100  kill(命中/开火)=0.367  direct(直击/开火)=0.213  被命中(挨打/敌开火)=0.504  先发制人(直击前未被打中的局)=0.190  弹数=343
------------------------------------------------------------
[评测] 阶段=stage_turret  局数=100
  kill_rate(命中/开火) = 0.367  hit_rate(直击/开火) = 0.213  中位TTK = 328
  被命中率(挨打/敌开火) = 0.504  先发制人率(直击前未被打中的局/局数) = 0.190
  TTK口径     : 首直击步数；无直击=该局结束步数（评测步限封顶）
  晋级条件 直击/开火 hit_rate≥1.01  当前=0.213  → 指标未达标
  未晋级，继续当前阶段
------------------------------------------------------------
[进度] 26,968,064/100,000,000 (27.0%)  FPS≈1181  阶段=stage_turret  速度=0.00  直行间隔=180  aim=0.100/current  rotate=-0.07  ent=0.0005  std=0.782
[进度] 26,984,448/100,000,000 (27.0%)  FPS≈1160  阶段=stage_turret  速度=0.00  直行间隔=180  aim=0.100/current  rotate=-0.07  ent=0.0005  std=0.783
[进度] 27,000,832/100,000,000 (27.0%)  FPS≈1219  阶段=stage_turret  速度=0.00  直行间隔=180  aim=0.100/current  rotate=-0.07  ent=0.0005  std=0.782
[进度] 27,017,216/100,000,000 (27.0%)  FPS≈1232  阶段=stage_turret  速度=0.00  直行间隔=180  aim=0.100/current  rotate=-0.07  ent=0.0005  std=0.782
[进度] 27,033,600/100,000,000 (27.0%)  FPS≈889  阶段=stage_turret  速度=0.00  直行间隔=180  aim=0.100/current  rotate=-0.07  ent=0.0005  std=0.782
[进度] 27,049,984/100,000,000 (27.0%)  FPS≈885  阶段=stage_turret  速度=0.00  直行间隔=180  aim=0.100/current  rotate=-0.07  ent=0.0005  std=0.782
[进度] 27,066,368/100,000,000 (27.1%)  FPS≈1123  阶段=stage_turret  速度=0.00  直行间隔=180  aim=0.100/current  rotate=-0.07  ent=0.0005  std=0.782
[存盘] 课程元数据 model_t27066368_stage0_stage_turret.curriculum.json  stage=stage_turret  bot=turret v=0.00
[存盘] runs/curriculum_turret/20260923_163427/checkpoints/model_t27066368_stage0_stage_turret.zip
[评测] 开始（100 局）…
  [评测进度] 10/100  kill(命中/开火)=0.283  direct(直击/开火)=0.109  被命中(挨打/敌开火)=0.442  先发制人(直击前未被打中的局)=0.000  弹数=46
  [评测进度] 20/100  kill(命中/开火)=0.267  direct(直击/开火)=0.105  被命中(挨打/敌开火)=0.429  先发制人(直击前未被打中的局)=0.100  弹数=86
  [评测进度] 30/100  kill(命中/开火)=0.319  direct(直击/开火)=0.134  被命中(挨打/敌开火)=0.401  先发制人(直击前未被打中的局)=0.167  弹数=119
  [评测进度] 40/100  kill(命中/开火)=0.350  direct(直击/开火)=0.171  被命中(挨打/敌开火)=0.416  先发制人(直击前未被打中的局)=0.225  弹数=140
  [评测进度] 50/100  kill(命中/开火)=0.319  direct(直击/开火)=0.157  被命中(挨打/敌开火)=0.435  先发制人(直击前未被打中的局)=0.200  弹数=185
  [评测进度] 60/100  kill(命中/开火)=0.341  direct(直击/开火)=0.178  被命中(挨打/敌开火)=0.435  先发制人(直击前未被打中的局)=0.267  弹数=208
  [评测进度] 70/100  kill(命中/开火)=0.347  direct(直击/开火)=0.173  被命中(挨打/敌开火)=0.458  先发制人(直击前未被打中的局)=0.243  弹数=248
  [评测进度] 80/100  kill(命中/开火)=0.347  direct(直击/开火)=0.168  被命中(挨打/敌开火)=0.466  先发制人(直击前未被打中的局)=0.225  弹数=285
  [评测进度] 90/100  kill(命中/开火)=0.350  direct(直击/开火)=0.178  被命中(挨打/敌开火)=0.468  先发制人(直击前未被打中的局)=0.233  弹数=314
  [评测进度] 100/100  kill(命中/开火)=0.326  direct(直击/开火)=0.170  被命中(挨打/敌开火)=0.465  先发制人(直击前未被打中的局)=0.220  弹数=359
------------------------------------------------------------
[评测] 阶段=stage_turret  局数=100
  kill_rate(命中/开火) = 0.326  hit_rate(直击/开火) = 0.170  中位TTK = 386
  被命中率(挨打/敌开火) = 0.465  先发制人率(直击前未被打中的局/局数) = 0.220
  TTK口径     : 首直击步数；无直击=该局结束步数（评测步限封顶）
  晋级条件 直击/开火 hit_rate≥1.01  当前=0.170  → 指标未达标
  未晋级，继续当前阶段
------------------------------------------------------------
[进度] 27,082,752/100,000,000 (27.1%)  FPS≈1250  阶段=stage_turret  速度=0.00  直行间隔=180  aim=0.100/current  rotate=-0.07  ent=0.0005  std=0.782
[进度] 27,099,136/100,000,000 (27.1%)  FPS≈1207  阶段=stage_turret  速度=0.00  直行间隔=180  aim=0.100/current  rotate=-0.07  ent=0.0005  std=0.782
[进度] 27,115,520/100,000,000 (27.1%)  FPS≈1228  阶段=stage_turret  速度=0.00  直行间隔=180  aim=0.100/current  rotate=-0.07  ent=0.0005  std=0.781
[进度] 27,131,904/100,000,000 (27.1%)  FPS≈1238  阶段=stage_turret  速度=0.00  直行间隔=180  aim=0.100/current  rotate=-0.07  ent=0.0005  std=0.782
[进度] 27,148,288/100,000,000 (27.1%)  FPS≈1149  阶段=stage_turret  速度=0.00  直行间隔=180  aim=0.100/current  rotate=-0.07  ent=0.0005  std=0.782
[进度] 27,164,672/100,000,000 (27.2%)  FPS≈1190  阶段=stage_turret  速度=0.00  直行间隔=180  aim=0.100/current  rotate=-0.07  ent=0.0005  std=0.781
[进度] 27,181,056/100,000,000 (27.2%)  FPS≈1192  阶段=stage_turret  速度=0.00  直行间隔=180  aim=0.100/current  rotate=-0.07  ent=0.0005  std=0.781
[存盘] 课程元数据 model_t27181056_stage0_stage_turret.curriculum.json  stage=stage_turret  bot=turret v=0.00
[存盘] runs/curriculum_turret/20260923_163427/checkpoints/model_t27181056_stage0_stage_turret.zip
[评测] 开始（100 局）…
  [评测进度] 10/100  kill(命中/开火)=0.220  direct(直击/开火)=0.122  被命中(挨打/敌开火)=0.432  先发制人(直击前未被打中的局)=0.100  弹数=41
  [评测进度] 20/100  kill(命中/开火)=0.329  direct(直击/开火)=0.171  被命中(挨打/敌开火)=0.449  先发制人(直击前未被打中的局)=0.200  弹数=70
  [评测进度] 30/100  kill(命中/开火)=0.283  direct(直击/开火)=0.142  被命中(挨打/敌开火)=0.496  先发制人(直击前未被打中的局)=0.200  弹数=113
  [评测进度] 40/100  kill(命中/开火)=0.311  direct(直击/开火)=0.185  被命中(挨打/敌开火)=0.477  先发制人(直击前未被打中的局)=0.250  弹数=135
  [评测进度] 50/100  kill(命中/开火)=0.308  direct(直击/开火)=0.180  被命中(挨打/敌开火)=0.466  先发制人(直击前未被打中的局)=0.260  弹数=172
  [评测进度] 60/100  kill(命中/开火)=0.330  direct(直击/开火)=0.211  被命中(挨打/敌开火)=0.440  先发制人(直击前未被打中的局)=0.317  弹数=194
  [评测进度] 70/100  kill(命中/开火)=0.338  direct(直击/开火)=0.224  被命中(挨打/敌开火)=0.435  先发制人(直击前未被打中的局)=0.329  弹数=219
  [评测进度] 80/100  kill(命中/开火)=0.318  direct(直击/开火)=0.213  被命中(挨打/敌开火)=0.458  先发制人(直击前未被打中的局)=0.325  弹数=258
  [评测进度] 90/100  kill(命中/开火)=0.333  direct(直击/开火)=0.200  被命中(挨打/敌开火)=0.476  先发制人(直击前未被打中的局)=0.300  弹数=300
  [评测进度] 100/100  kill(命中/开火)=0.320  direct(直击/开火)=0.199  被命中(挨打/敌开火)=0.471  先发制人(直击前未被打中的局)=0.290  弹数=337
------------------------------------------------------------
[评测] 阶段=stage_turret  局数=100
  kill_rate(命中/开火) = 0.320  hit_rate(直击/开火) = 0.199  中位TTK = 303
  被命中率(挨打/敌开火) = 0.471  先发制人率(直击前未被打中的局/局数) = 0.290
  TTK口径     : 首直击步数；无直击=该局结束步数（评测步限封顶）
  晋级条件 直击/开火 hit_rate≥1.01  当前=0.199  → 指标未达标
  未晋级，继续当前阶段
------------------------------------------------------------
[进度] 27,197,440/100,000,000 (27.2%)  FPS≈1186  阶段=stage_turret  速度=0.00  直行间隔=180  aim=0.100/current  rotate=-0.07  ent=0.0005  std=0.781
[进度] 27,213,824/100,000,000 (27.2%)  FPS≈1099  阶段=stage_turret  速度=0.00  直行间隔=180  aim=0.100/current  rotate=-0.07  ent=0.0005  std=0.781
[进度] 27,230,208/100,000,000 (27.2%)  FPS≈1094  阶段=stage_turret  速度=0.00  直行间隔=180  aim=0.100/current  rotate=-0.07  ent=0.0005  std=0.781
[进度] 27,246,592/100,000,000 (27.2%)  FPS≈1200  阶段=stage_turret  速度=0.00  直行间隔=180  aim=0.100/current  rotate=-0.07  ent=0.0005  std=0.780
[进度] 27,262,976/100,000,000 (27.3%)  FPS≈1211  阶段=stage_turret  速度=0.00  直行间隔=180  aim=0.100/current  rotate=-0.07  ent=0.0005  std=0.780
[进度] 27,279,360/100,000,000 (27.3%)  FPS≈1178  阶段=stage_turret  速度=0.00  直行间隔=180  aim=0.100/current  rotate=-0.07  ent=0.0005  std=0.781
[进度] 27,295,744/100,000,000 (27.3%)  FPS≈1183  阶段=stage_turret  速度=0.00  直行间隔=180  aim=0.100/current  rotate=-0.07  ent=0.0005  std=0.781
[存盘] 课程元数据 model_t27295744_stage0_stage_turret.curriculum.json  stage=stage_turret  bot=turret v=0.00
[存盘] runs/curriculum_turret/20260923_163427/checkpoints/model_t27295744_stage0_stage_turret.zip
[评测] 开始（100 局）…
  [评测进度] 10/100  kill(命中/开火)=0.292  direct(直击/开火)=0.083  被命中(挨打/敌开火)=0.625  先发制人(直击前未被打中的局)=0.000  弹数=48
  [评测进度] 20/100  kill(命中/开火)=0.281  direct(直击/开火)=0.101  被命中(挨打/敌开火)=0.641  先发制人(直击前未被打中的局)=0.050  弹数=89
  [评测进度] 30/100  kill(命中/开火)=0.317  direct(直击/开火)=0.119  被命中(挨打/敌开火)=0.568  先发制人(直击前未被打中的局)=0.100  弹数=126
  [评测进度] 40/100  kill(命中/开火)=0.333  direct(直击/开火)=0.130  被命中(挨打/敌开火)=0.575  先发制人(直击前未被打中的局)=0.150  弹数=162
  [评测进度] 50/100  kill(命中/开火)=0.351  direct(直击/开火)=0.144  被命中(挨打/敌开火)=0.570  先发制人(直击前未被打中的局)=0.200  弹数=194
  [评测进度] 60/100  kill(命中/开火)=0.368  direct(直击/开火)=0.157  被命中(挨打/敌开火)=0.554  先发制人(直击前未被打中的局)=0.217  弹数=223
  [评测进度] 70/100  kill(命中/开火)=0.346  direct(直击/开火)=0.154  被命中(挨打/敌开火)=0.548  先发制人(直击前未被打中的局)=0.229  弹数=260
  [评测进度] 80/100  kill(命中/开火)=0.339  direct(直击/开火)=0.143  被命中(挨打/敌开火)=0.535  先发制人(直击前未被打中的局)=0.212  弹数=307
  [评测进度] 90/100  kill(命中/开火)=0.353  direct(直击/开火)=0.164  被命中(挨打/敌开火)=0.518  先发制人(直击前未被打中的局)=0.244  弹数=329
  [评测进度] 100/100  kill(命中/开火)=0.362  direct(直击/开火)=0.177  被命中(挨打/敌开火)=0.506  先发制人(直击前未被打中的局)=0.250  弹数=356
------------------------------------------------------------
[评测] 阶段=stage_turret  局数=100
  kill_rate(命中/开火) = 0.362  hit_rate(直击/开火) = 0.177  中位TTK = 356
  被命中率(挨打/敌开火) = 0.506  先发制人率(直击前未被打中的局/局数) = 0.250
  TTK口径     : 首直击步数；无直击=该局结束步数（评测步限封顶）
  晋级条件 直击/开火 hit_rate≥1.01  当前=0.177  → 指标未达标
  未晋级，继续当前阶段
------------------------------------------------------------
[进度] 27,312,128/100,000,000 (27.3%)  FPS≈1189  阶段=stage_turret  速度=0.00  直行间隔=180  aim=0.100/current  rotate=-0.07  ent=0.0005  std=0.780
[进度] 27,328,512/100,000,000 (27.3%)  FPS≈1040  阶段=stage_turret  速度=0.00  直行间隔=180  aim=0.100/current  rotate=-0.07  ent=0.0005  std=0.779
[进度] 27,344,896/100,000,000 (27.3%)  FPS≈866  阶段=stage_turret  速度=0.00  直行间隔=180  aim=0.100/current  rotate=-0.07  ent=0.0005  std=0.779
[进度] 27,361,280/100,000,000 (27.4%)  FPS≈1046  阶段=stage_turret  速度=0.00  直行间隔=180  aim=0.100/current  rotate=-0.07  ent=0.0005  std=0.778
[进度] 27,377,664/100,000,000 (27.4%)  FPS≈1211  阶段=stage_turret  速度=0.00  直行间隔=180  aim=0.100/current  rotate=-0.07  ent=0.0005  std=0.778
[进度] 27,394,048/100,000,000 (27.4%)  FPS≈1202  阶段=stage_turret  速度=0.00  直行间隔=180  aim=0.100/current  rotate=-0.07  ent=0.0005  std=0.778
[进度] 27,410,432/100,000,000 (27.4%)  FPS≈1196  阶段=stage_turret  速度=0.00  直行间隔=180  aim=0.100/current  rotate=-0.07  ent=0.0005  std=0.778
[存盘] 课程元数据 model_t27410432_stage0_stage_turret.curriculum.json  stage=stage_turret  bot=turret v=0.00
[存盘] runs/curriculum_turret/20260923_163427/checkpoints/model_t27410432_stage0_stage_turret.zip
[评测] 开始（100 局）…
  [评测进度] 10/100  kill(命中/开火)=0.195  direct(直击/开火)=0.146  被命中(挨打/敌开火)=0.480  先发制人(直击前未被打中的局)=0.100  弹数=41
  [评测进度] 20/100  kill(命中/开火)=0.273  direct(直击/开火)=0.169  被命中(挨打/敌开火)=0.435  先发制人(直击前未被打中的局)=0.300  弹数=77
  [评测进度] 30/100  kill(命中/开火)=0.271  direct(直击/开火)=0.169  被命中(挨打/敌开火)=0.428  先发制人(直击前未被打中的局)=0.267  弹数=118
  [评测进度] 40/100  kill(命中/开火)=0.285  direct(直击/开火)=0.165  被命中(挨打/敌开火)=0.402  先发制人(直击前未被打中的局)=0.275  弹数=158
  [评测进度] 50/100  kill(命中/开火)=0.288  direct(直击/开火)=0.173  被命中(挨打/敌开火)=0.414  先发制人(直击前未被打中的局)=0.280  弹数=191
  [评测进度] 60/100  kill(命中/开火)=0.304  direct(直击/开火)=0.176  被命中(挨打/敌开火)=0.420  先发制人(直击前未被打中的局)=0.283  弹数=227
  [评测进度] 70/100  kill(命中/开火)=0.307  direct(直击/开火)=0.172  被命中(挨打/敌开火)=0.432  先发制人(直击前未被打中的局)=0.271  弹数=267
  [评测进度] 80/100  kill(命中/开火)=0.320  direct(直击/开火)=0.182  被命中(挨打/敌开火)=0.442  先发制人(直击前未被打中的局)=0.250  弹数=297
  [评测进度] 90/100  kill(命中/开火)=0.320  direct(直击/开火)=0.174  被命中(挨打/敌开火)=0.465  先发制人(直击前未被打中的局)=0.222  弹数=344
  [评测进度] 100/100  kill(命中/开火)=0.324  direct(直击/开火)=0.175  被命中(挨打/敌开火)=0.477  先发制人(直击前未被打中的局)=0.210  弹数=377
------------------------------------------------------------
[评测] 阶段=stage_turret  局数=100
  kill_rate(命中/开火) = 0.324  hit_rate(直击/开火) = 0.175  中位TTK = 400
  被命中率(挨打/敌开火) = 0.477  先发制人率(直击前未被打中的局/局数) = 0.210
  TTK口径     : 首直击步数；无直击=该局结束步数（评测步限封顶）
  晋级条件 直击/开火 hit_rate≥1.01  当前=0.175  → 指标未达标
  未晋级，继续当前阶段
------------------------------------------------------------
[进度] 27,426,816/100,000,000 (27.4%)  FPS≈1185  阶段=stage_turret  速度=0.00  直行间隔=180  aim=0.100/current  rotate=-0.07  ent=0.0005  std=0.778
[进度] 27,443,200/100,000,000 (27.4%)  FPS≈1193  阶段=stage_turret  速度=0.00  直行间隔=180  aim=0.100/current  rotate=-0.07  ent=0.0005  std=0.778
[进度] 27,459,584/100,000,000 (27.5%)  FPS≈1219  阶段=stage_turret  速度=0.00  直行间隔=180  aim=0.100/current  rotate=-0.07  ent=0.0005  std=0.778
[进度] 27,475,968/100,000,000 (27.5%)  FPS≈1216  阶段=stage_turret  速度=0.00  直行间隔=180  aim=0.100/current  rotate=-0.07  ent=0.0005  std=0.778
[进度] 27,492,352/100,000,000 (27.5%)  FPS≈1240  阶段=stage_turret  速度=0.00  直行间隔=180  aim=0.100/current  rotate=-0.07  ent=0.0005  std=0.777
[进度] 27,508,736/100,000,000 (27.5%)  FPS≈1223  阶段=stage_turret  速度=0.00  直行间隔=180  aim=0.100/current  rotate=-0.07  ent=0.0005  std=0.776
[进度] 27,525,120/100,000,000 (27.5%)  FPS≈1231  阶段=stage_turret  速度=0.00  直行间隔=180  aim=0.100/current  rotate=-0.07  ent=0.0005  std=0.776
[存盘] 课程元数据 model_t27525120_stage0_stage_turret.curriculum.json  stage=stage_turret  bot=turret v=0.00
[存盘] runs/curriculum_turret/20260923_163427/checkpoints/model_t27525120_stage0_stage_turret.zip
[评测] 开始（100 局）…
  [评测进度] 10/100  kill(命中/开火)=0.282  direct(直击/开火)=0.128  被命中(挨打/敌开火)=0.408  先发制人(直击前未被打中的局)=0.200  弹数=39
  [评测进度] 20/100  kill(命中/开火)=0.317  direct(直击/开火)=0.159  被命中(挨打/敌开火)=0.427  先发制人(直击前未被打中的局)=0.250  弹数=82
  [评测进度] 30/100  kill(命中/开火)=0.378  direct(直击/开火)=0.207  被命中(挨打/敌开火)=0.444  先发制人(直击前未被打中的局)=0.267  弹数=111
  [评测进度] 40/100  kill(命中/开火)=0.369  direct(直击/开火)=0.201  被命中(挨打/敌开火)=0.440  先发制人(直击前未被打中的局)=0.225  弹数=149
  [评测进度] 50/100  kill(命中/开火)=0.328  direct(直击/开火)=0.182  被命中(挨打/敌开火)=0.456  先发制人(直击前未被打中的局)=0.240  弹数=192
  [评测进度] 60/100  kill(命中/开火)=0.335  direct(直击/开火)=0.183  被命中(挨打/敌开火)=0.452  先发制人(直击前未被打中的局)=0.233  弹数=224
  [评测进度] 70/100  kill(命中/开火)=0.336  direct(直击/开火)=0.190  被命中(挨打/敌开火)=0.456  先发制人(直击前未被打中的局)=0.229  弹数=253
  [评测进度] 80/100  kill(命中/开火)=0.328  direct(直击/开火)=0.190  被命中(挨打/敌开火)=0.468  先发制人(直击前未被打中的局)=0.212  弹数=290
  [评测进度] 90/100  kill(命中/开火)=0.330  direct(直击/开火)=0.191  被命中(挨打/敌开火)=0.468  先发制人(直击前未被打中的局)=0.222  弹数=324
  [评测进度] 100/100  kill(命中/开火)=0.330  direct(直击/开火)=0.196  被命中(挨打/敌开火)=0.483  先发制人(直击前未被打中的局)=0.200  弹数=358
------------------------------------------------------------
[评测] 阶段=stage_turret  局数=100
  kill_rate(命中/开火) = 0.330  hit_rate(直击/开火) = 0.196  中位TTK = 360
  被命中率(挨打/敌开火) = 0.483  先发制人率(直击前未被打中的局/局数) = 0.200
  TTK口径     : 首直击步数；无直击=该局结束步数（评测步限封顶）
  晋级条件 直击/开火 hit_rate≥1.01  当前=0.196  → 指标未达标
  未晋级，继续当前阶段
------------------------------------------------------------
[进度] 27,541,504/100,000,000 (27.5%)  FPS≈1232  阶段=stage_turret  速度=0.00  直行间隔=180  aim=0.100/current  rotate=-0.07  ent=0.0005  std=0.776
[进度] 27,557,888/100,000,000 (27.6%)  FPS≈1220  阶段=stage_turret  速度=0.00  直行间隔=180  aim=0.100/current  rotate=-0.07  ent=0.0005  std=0.776
[进度] 27,574,272/100,000,000 (27.6%)  FPS≈1220  阶段=stage_turret  速度=0.00  直行间隔=180  aim=0.100/current  rotate=-0.07  ent=0.0005  std=0.775
[进度] 27,590,656/100,000,000 (27.6%)  FPS≈1220  阶段=stage_turret  速度=0.00  直行间隔=180  aim=0.100/current  rotate=-0.07  ent=0.0005  std=0.775
[进度] 27,607,040/100,000,000 (27.6%)  FPS≈1217  阶段=stage_turret  速度=0.00  直行间隔=180  aim=0.100/current  rotate=-0.07  ent=0.0005  std=0.775
[进度] 27,623,424/100,000,000 (27.6%)  FPS≈1235  阶段=stage_turret  速度=0.00  直行间隔=180  aim=0.100/current  rotate=-0.07  ent=0.0005  std=0.775
[进度] 27,639,808/100,000,000 (27.6%)  FPS≈1178  阶段=stage_turret  速度=0.00  直行间隔=180  aim=0.100/current  rotate=-0.07  ent=0.0005  std=0.775
[存盘] 课程元数据 model_t27639808_stage0_stage_turret.curriculum.json  stage=stage_turret  bot=turret v=0.00
[存盘] runs/curriculum_turret/20260923_163427/checkpoints/model_t27639808_stage0_stage_turret.zip
[评测] 开始（100 局）…
  [评测进度] 10/100  kill(命中/开火)=0.552  direct(直击/开火)=0.310  被命中(挨打/敌开火)=0.457  先发制人(直击前未被打中的局)=0.300  弹数=29
  [评测进度] 20/100  kill(命中/开火)=0.509  direct(直击/开火)=0.327  被命中(挨打/敌开火)=0.393  先发制人(直击前未被打中的局)=0.350  弹数=55
  [评测进度] 30/100  kill(命中/开火)=0.448  direct(直击/开火)=0.260  被命中(挨打/敌开火)=0.472  先发制人(直击前未被打中的局)=0.300  弹数=96
  [评测进度] 40/100  kill(命中/开火)=0.433  direct(直击/开火)=0.252  被命中(挨打/敌开火)=0.483  先发制人(直击前未被打中的局)=0.225  弹数=127
  [评测进度] 50/100  kill(命中/开火)=0.417  direct(直击/开火)=0.245  被命中(挨打/敌开火)=0.495  先发制人(直击前未被打中的局)=0.180  弹数=163
  [评测进度] 60/100  kill(命中/开火)=0.406  direct(直击/开火)=0.255  被命中(挨打/敌开火)=0.472  先发制人(直击前未被打中的局)=0.200  弹数=192
  [评测进度] 70/100  kill(命中/开火)=0.389  direct(直击/开火)=0.248  被命中(挨打/敌开火)=0.482  先发制人(直击前未被打中的局)=0.200  弹数=226
  [评测进度] 80/100  kill(命中/开火)=0.380  direct(直击/开火)=0.233  被命中(挨打/敌开火)=0.485  先发制人(直击前未被打中的局)=0.212  弹数=266
  [评测进度] 90/100  kill(命中/开火)=0.384  direct(直击/开火)=0.226  被命中(挨打/敌开火)=0.477  先发制人(直击前未被打中的局)=0.211  弹数=305
  [评测进度] 100/100  kill(命中/开火)=0.375  direct(直击/开火)=0.223  被命中(挨打/敌开火)=0.454  先发制人(直击前未被打中的局)=0.250  弹数=341
------------------------------------------------------------
[评测] 阶段=stage_turret  局数=100
  kill_rate(命中/开火) = 0.375  hit_rate(直击/开火) = 0.223  中位TTK = 330
  被命中率(挨打/敌开火) = 0.454  先发制人率(直击前未被打中的局/局数) = 0.250
  TTK口径     : 首直击步数；无直击=该局结束步数（评测步限封顶）
  晋级条件 直击/开火 hit_rate≥1.01  当前=0.223  → 指标未达标
  未晋级，继续当前阶段
------------------------------------------------------------
[进度] 27,656,192/100,000,000 (27.7%)  FPS≈1227  阶段=stage_turret  速度=0.00  直行间隔=180  aim=0.100/current  rotate=-0.07  ent=0.0005  std=0.774
[进度] 27,672,576/100,000,000 (27.7%)  FPS≈1244  阶段=stage_turret  速度=0.00  直行间隔=180  aim=0.100/current  rotate=-0.07  ent=0.0005  std=0.774
[进度] 27,688,960/100,000,000 (27.7%)  FPS≈1211  阶段=stage_turret  速度=0.00  直行间隔=180  aim=0.100/current  rotate=-0.07  ent=0.0005  std=0.774
[进度] 27,705,344/100,000,000 (27.7%)  FPS≈1182  阶段=stage_turret  速度=0.00  直行间隔=180  aim=0.100/current  rotate=-0.07  ent=0.0005  std=0.774
[进度] 27,721,728/100,000,000 (27.7%)  FPS≈1222  阶段=stage_turret  速度=0.00  直行间隔=180  aim=0.100/current  rotate=-0.07  ent=0.0005  std=0.774
[进度] 27,738,112/100,000,000 (27.7%)  FPS≈1216  阶段=stage_turret  速度=0.00  直行间隔=180  aim=0.100/current  rotate=-0.07  ent=0.0005  std=0.773
[进度] 27,754,496/100,000,000 (27.8%)  FPS≈1197  阶段=stage_turret  速度=0.00  直行间隔=180  aim=0.100/current  rotate=-0.07  ent=0.0005  std=0.773
[存盘] 课程元数据 model_t27754496_stage0_stage_turret.curriculum.json  stage=stage_turret  bot=turret v=0.00
[存盘] runs/curriculum_turret/20260923_163427/checkpoints/model_t27754496_stage0_stage_turret.zip
[评测] 开始（100 局）…
  [评测进度] 10/100  kill(命中/开火)=0.406  direct(直击/开火)=0.250  被命中(挨打/敌开火)=0.447  先发制人(直击前未被打中的局)=0.200  弹数=32
  [评测进度] 20/100  kill(命中/开火)=0.381  direct(直击/开火)=0.254  被命中(挨打/敌开火)=0.480  先发制人(直击前未被打中的局)=0.250  弹数=63
  [评测进度] 30/100  kill(命中/开火)=0.361  direct(直击/开火)=0.247  被命中(挨打/敌开火)=0.456  先发制人(直击前未被打中的局)=0.233  弹数=97
  [评测进度] 40/100  kill(命中/开火)=0.373  direct(直击/开火)=0.262  被命中(挨打/敌开火)=0.439  先发制人(直击前未被打中的局)=0.250  弹数=126
  [评测进度] 50/100  kill(命中/开火)=0.393  direct(直击/开火)=0.252  被命中(挨打/敌开火)=0.431  先发制人(直击前未被打中的局)=0.260  弹数=163
  [评测进度] 60/100  kill(命中/开火)=0.393  direct(直击/开火)=0.250  被命中(挨打/敌开火)=0.459  先发制人(直击前未被打中的局)=0.233  弹数=196
  [评测进度] 70/100  kill(命中/开火)=0.387  direct(直击/开火)=0.243  被命中(挨打/敌开火)=0.438  先发制人(直击前未被打中的局)=0.271  弹数=230
  [评测进度] 80/100  kill(命中/开火)=0.393  direct(直击/开火)=0.243  被命中(挨打/敌开火)=0.438  先发制人(直击前未被打中的局)=0.250  弹数=267
  [评测进度] 90/100  kill(命中/开火)=0.373  direct(直击/开火)=0.234  被命中(挨打/敌开火)=0.436  先发制人(直击前未被打中的局)=0.244  弹数=303
  [评测进度] 100/100  kill(命中/开火)=0.377  direct(直击/开火)=0.228  被命中(挨打/敌开火)=0.430  先发制人(直击前未被打中的局)=0.250  弹数=337
------------------------------------------------------------
[评测] 阶段=stage_turret  局数=100
  kill_rate(命中/开火) = 0.377  hit_rate(直击/开火) = 0.228  中位TTK = 335
  被命中率(挨打/敌开火) = 0.430  先发制人率(直击前未被打中的局/局数) = 0.250
  TTK口径     : 首直击步数；无直击=该局结束步数（评测步限封顶）
  晋级条件 直击/开火 hit_rate≥1.01  当前=0.228  → 指标未达标
  未晋级，继续当前阶段
------------------------------------------------------------
[进度] 27,770,880/100,000,000 (27.8%)  FPS≈1220  阶段=stage_turret  速度=0.00  直行间隔=180  aim=0.100/current  rotate=-0.07  ent=0.0005  std=0.773
[进度] 27,787,264/100,000,000 (27.8%)  FPS≈1170  阶段=stage_turret  速度=0.00  直行间隔=180  aim=0.100/current  rotate=-0.07  ent=0.0005  std=0.773
[进度] 27,803,648/100,000,000 (27.8%)  FPS≈981  阶段=stage_turret  速度=0.00  直行间隔=180  aim=0.100/current  rotate=-0.07  ent=0.0005  std=0.772
[进度] 27,820,032/100,000,000 (27.8%)  FPS≈1195  阶段=stage_turret  速度=0.00  直行间隔=180  aim=0.100/current  rotate=-0.07  ent=0.0005  std=0.772
[进度] 27,836,416/100,000,000 (27.8%)  FPS≈1227  阶段=stage_turret  速度=0.00  直行间隔=180  aim=0.100/current  rotate=-0.07  ent=0.0005  std=0.771
[进度] 27,852,800/100,000,000 (27.9%)  FPS≈1183  阶段=stage_turret  速度=0.00  直行间隔=180  aim=0.100/current  rotate=-0.07  ent=0.0005  std=0.771
[进度] 27,869,184/100,000,000 (27.9%)  FPS≈1113  阶段=stage_turret  速度=0.00  直行间隔=180  aim=0.100/current  rotate=-0.07  ent=0.0005  std=0.771
[存盘] 课程元数据 model_t27869184_stage0_stage_turret.curriculum.json  stage=stage_turret  bot=turret v=0.00
[存盘] runs/curriculum_turret/20260923_163427/checkpoints/model_t27869184_stage0_stage_turret.zip
[评测] 开始（100 局）…
  [评测进度] 10/100  kill(命中/开火)=0.344  direct(直击/开火)=0.219  被命中(挨打/敌开火)=0.432  先发制人(直击前未被打中的局)=0.200  弹数=32
  [评测进度] 20/100  kill(命中/开火)=0.407  direct(直击/开火)=0.271  被命中(挨打/敌开火)=0.463  先发制人(直击前未被打中的局)=0.300  弹数=59
  [评测进度] 30/100  kill(命中/开火)=0.414  direct(直击/开火)=0.276  被命中(挨打/敌开火)=0.434  先发制人(直击前未被打中的局)=0.267  弹数=87
  [评测进度] 40/100  kill(命中/开火)=0.395  direct(直击/开火)=0.250  被命中(挨打/敌开火)=0.415  先发制人(直击前未被打中的局)=0.275  弹数=124
  [评测进度] 50/100  kill(命中/开火)=0.360  direct(直击/开火)=0.230  被命中(挨打/敌开火)=0.416  先发制人(直击前未被打中的局)=0.280  弹数=161
  [评测进度] 60/100  kill(命中/开火)=0.358  direct(直击/开火)=0.233  被命中(挨打/敌开火)=0.447  先发制人(直击前未被打中的局)=0.250  弹数=193
  [评测进度] 70/100  kill(命中/开火)=0.342  direct(直击/开火)=0.216  被命中(挨打/敌开火)=0.429  先发制人(直击前未被打中的局)=0.243  弹数=231
  [评测进度] 80/100  kill(命中/开火)=0.342  direct(直击/开火)=0.224  被命中(挨打/敌开火)=0.439  先发制人(直击前未被打中的局)=0.237  弹数=263
  [评测进度] 90/100  kill(命中/开火)=0.349  direct(直击/开火)=0.232  被命中(挨打/敌开火)=0.465  先发制人(直击前未被打中的局)=0.211  弹数=289
  [评测进度] 100/100  kill(命中/开火)=0.350  direct(直击/开火)=0.228  被命中(挨打/敌开火)=0.467  先发制人(直击前未被打中的局)=0.210  弹数=329
------------------------------------------------------------
[评测] 阶段=stage_turret  局数=100
  kill_rate(命中/开火) = 0.350  hit_rate(直击/开火) = 0.228  中位TTK = 317
  被命中率(挨打/敌开火) = 0.467  先发制人率(直击前未被打中的局/局数) = 0.210
  TTK口径     : 首直击步数；无直击=该局结束步数（评测步限封顶）
  晋级条件 直击/开火 hit_rate≥1.01  当前=0.228  → 指标未达标
  未晋级，继续当前阶段
------------------------------------------------------------
[进度] 27,885,568/100,000,000 (27.9%)  FPS≈1046  阶段=stage_turret  速度=0.00  直行间隔=180  aim=0.100/current  rotate=-0.07  ent=0.0005  std=0.770
[进度] 27,901,952/100,000,000 (27.9%)  FPS≈1041  阶段=stage_turret  速度=0.00  直行间隔=180  aim=0.100/current  rotate=-0.07  ent=0.0005  std=0.770
[进度] 27,918,336/100,000,000 (27.9%)  FPS≈925  阶段=stage_turret  速度=0.00  直行间隔=180  aim=0.100/current  rotate=-0.07  ent=0.0005  std=0.770
[进度] 27,934,720/100,000,000 (27.9%)  FPS≈627  阶段=stage_turret  速度=0.00  直行间隔=180  aim=0.100/current  rotate=-0.07  ent=0.0005  std=0.770
[进度] 27,951,104/100,000,000 (28.0%)  FPS≈941  阶段=stage_turret  速度=0.00  直行间隔=180  aim=0.100/current  rotate=-0.07  ent=0.0005  std=0.769
[进度] 27,967,488/100,000,000 (28.0%)  FPS≈1035  阶段=stage_turret  速度=0.00  直行间隔=180  aim=0.100/current  rotate=-0.07  ent=0.0005  std=0.770
[进度] 27,983,872/100,000,000 (28.0%)  FPS≈1162  阶段=stage_turret  速度=0.00  直行间隔=180  aim=0.100/current  rotate=-0.07  ent=0.0005  std=0.769
[存盘] 课程元数据 model_t27983872_stage0_stage_turret.curriculum.json  stage=stage_turret  bot=turret v=0.00
[存盘] runs/curriculum_turret/20260923_163427/checkpoints/model_t27983872_stage0_stage_turret.zip
[评测] 开始（100 局）…
  [评测进度] 10/100  kill(命中/开火)=0.317  direct(直击/开火)=0.171  被命中(挨打/敌开火)=0.383  先发制人(直击前未被打中的局)=0.200  弹数=41
  [评测进度] 20/100  kill(命中/开火)=0.342  direct(直击/开火)=0.219  被命中(挨打/敌开火)=0.452  先发制人(直击前未被打中的局)=0.200  弹数=73
  [评测进度] 30/100  kill(命中/开火)=0.333  direct(直击/开火)=0.204  被命中(挨打/敌开火)=0.476  先发制人(直击前未被打中的局)=0.233  弹数=108
  [评测进度] 40/100  kill(命中/开火)=0.325  direct(直击/开火)=0.175  被命中(挨打/敌开火)=0.469  先发制人(直击前未被打中的局)=0.225  弹数=154
  [评测进度] 50/100  kill(命中/开火)=0.300  direct(直击/开火)=0.155  被命中(挨打/敌开火)=0.483  先发制人(直击前未被打中的局)=0.180  弹数=207
  [评测进度] 60/100  kill(命中/开火)=0.303  direct(直击/开火)=0.171  被命中(挨打/敌开火)=0.474  先发制人(直击前未被打中的局)=0.200  弹数=234
  [评测进度] 70/100  kill(命中/开火)=0.306  direct(直击/开火)=0.177  被命中(挨打/敌开火)=0.472  先发制人(直击前未被打中的局)=0.229  弹数=265
  [评测进度] 80/100  kill(命中/开火)=0.305  direct(直击/开火)=0.183  被命中(挨打/敌开火)=0.490  先发制人(直击前未被打中的局)=0.225  弹数=295
  [评测进度] 90/100  kill(命中/开火)=0.312  direct(直击/开火)=0.190  被命中(挨打/敌开火)=0.471  先发制人(直击前未被打中的局)=0.244  弹数=327
  [评测进度] 100/100  kill(命中/开火)=0.311  direct(直击/开火)=0.188  被命中(挨打/敌开火)=0.463  先发制人(直击前未被打中的局)=0.260  弹数=367
------------------------------------------------------------
[评测] 阶段=stage_turret  局数=100
  kill_rate(命中/开火) = 0.311  hit_rate(直击/开火) = 0.188  中位TTK = 384
  被命中率(挨打/敌开火) = 0.463  先发制人率(直击前未被打中的局/局数) = 0.260
  TTK口径     : 首直击步数；无直击=该局结束步数（评测步限封顶）
  晋级条件 直击/开火 hit_rate≥1.01  当前=0.188  → 指标未达标
  未晋级，继续当前阶段
------------------------------------------------------------
[进度] 28,000,256/100,000,000 (28.0%)  FPS≈1141  阶段=stage_turret  速度=0.00  直行间隔=180  aim=0.100/current  rotate=-0.07  ent=0.0005  std=0.769
[进度] 28,016,640/100,000,000 (28.0%)  FPS≈1179  阶段=stage_turret  速度=0.00  直行间隔=180  aim=0.100/current  rotate=-0.07  ent=0.0005  std=0.769
[进度] 28,033,024/100,000,000 (28.0%)  FPS≈1185  阶段=stage_turret  速度=0.00  直行间隔=180  aim=0.100/current  rotate=-0.07  ent=0.0005  std=0.769
[进度] 28,049,408/100,000,000 (28.0%)  FPS≈1159  阶段=stage_turret  速度=0.00  直行间隔=180  aim=0.100/current  rotate=-0.07  ent=0.0005  std=0.768
[进度] 28,065,792/100,000,000 (28.1%)  FPS≈1214  阶段=stage_turret  速度=0.00  直行间隔=180  aim=0.100/current  rotate=-0.07  ent=0.0005  std=0.769
[进度] 28,082,176/100,000,000 (28.1%)  FPS≈1195  阶段=stage_turret  速度=0.00  直行间隔=180  aim=0.100/current  rotate=-0.07  ent=0.0005  std=0.769
[进度] 28,098,560/100,000,000 (28.1%)  FPS≈1217  阶段=stage_turret  速度=0.00  直行间隔=180  aim=0.100/current  rotate=-0.07  ent=0.0005  std=0.768
[存盘] 课程元数据 model_t28098560_stage0_stage_turret.curriculum.json  stage=stage_turret  bot=turret v=0.00
[存盘] runs/curriculum_turret/20260923_163427/checkpoints/model_t28098560_stage0_stage_turret.zip
[评测] 开始（100 局）…
  [评测进度] 10/100  kill(命中/开火)=0.440  direct(直击/开火)=0.320  被命中(挨打/敌开火)=0.533  先发制人(直击前未被打中的局)=0.200  弹数=25
  [评测进度] 20/100  kill(命中/开火)=0.319  direct(直击/开火)=0.188  被命中(挨打/敌开火)=0.397  先发制人(直击前未被打中的局)=0.200  弹数=69
  [评测进度] 30/100  kill(命中/开火)=0.295  direct(直击/开火)=0.181  被命中(挨打/敌开火)=0.424  先发制人(直击前未被打中的局)=0.233  弹数=105
  [评测进度] 40/100  kill(命中/开火)=0.298  direct(直击/开火)=0.184  被命中(挨打/敌开火)=0.406  先发制人(直击前未被打中的局)=0.225  弹数=141
  [评测进度] 50/100  kill(命中/开火)=0.278  direct(直击/开火)=0.172  被命中(挨打/敌开火)=0.452  先发制人(直击前未被打中的局)=0.180  弹数=180
  [评测进度] 60/100  kill(命中/开火)=0.293  direct(直击/开火)=0.164  被命中(挨打/敌开火)=0.438  先发制人(直击前未被打中的局)=0.167  弹数=225
  [评测进度] 70/100  kill(命中/开火)=0.306  direct(直击/开火)=0.174  被命中(挨打/敌开火)=0.454  先发制人(直击前未被打中的局)=0.171  弹数=258
  [评测进度] 80/100  kill(命中/开火)=0.310  direct(直击/开火)=0.162  被命中(挨打/敌开火)=0.435  先发制人(直击前未被打中的局)=0.163  弹数=303
  [评测进度] 90/100  kill(命中/开火)=0.316  direct(直击/开火)=0.168  被命中(挨打/敌开火)=0.448  先发制人(直击前未被打中的局)=0.167  弹数=339
  [评测进度] 100/100  kill(命中/开火)=0.309  direct(直击/开火)=0.162  被命中(挨打/敌开火)=0.463  先发制人(直击前未被打中的局)=0.150  弹数=382
------------------------------------------------------------
[评测] 阶段=stage_turret  局数=100
  kill_rate(命中/开火) = 0.309  hit_rate(直击/开火) = 0.162  中位TTK = 410
  被命中率(挨打/敌开火) = 0.463  先发制人率(直击前未被打中的局/局数) = 0.150
  TTK口径     : 首直击步数；无直击=该局结束步数（评测步限封顶）
  晋级条件 直击/开火 hit_rate≥1.01  当前=0.162  → 指标未达标
  未晋级，继续当前阶段
------------------------------------------------------------
[进度] 28,114,944/100,000,000 (28.1%)  FPS≈1142  阶段=stage_turret  速度=0.00  直行间隔=180  aim=0.100/current  rotate=-0.07  ent=0.0005  std=0.768
[进度] 28,131,328/100,000,000 (28.1%)  FPS≈1186  阶段=stage_turret  速度=0.00  直行间隔=180  aim=0.100/current  rotate=-0.07  ent=0.0005  std=0.768
[进度] 28,147,712/100,000,000 (28.1%)  FPS≈1191  阶段=stage_turret  速度=0.00  直行间隔=180  aim=0.100/current  rotate=-0.07  ent=0.0005  std=0.767
[进度] 28,164,096/100,000,000 (28.2%)  FPS≈1184  阶段=stage_turret  速度=0.00  直行间隔=180  aim=0.100/current  rotate=-0.07  ent=0.0005  std=0.767
[进度] 28,180,480/100,000,000 (28.2%)  FPS≈1210  阶段=stage_turret  速度=0.00  直行间隔=180  aim=0.100/current  rotate=-0.07  ent=0.0005  std=0.767
[进度] 28,196,864/100,000,000 (28.2%)  FPS≈1177  阶段=stage_turret  速度=0.00  直行间隔=180  aim=0.100/current  rotate=-0.07  ent=0.0005  std=0.767
[进度] 28,213,248/100,000,000 (28.2%)  FPS≈1140  阶段=stage_turret  速度=0.00  直行间隔=180  aim=0.100/current  rotate=-0.07  ent=0.0005  std=0.767
[存盘] 课程元数据 model_t28213248_stage0_stage_turret.curriculum.json  stage=stage_turret  bot=turret v=0.00
[存盘] runs/curriculum_turret/20260923_163427/checkpoints/model_t28213248_stage0_stage_turret.zip
[评测] 开始（100 局）…
  [评测进度] 10/100  kill(命中/开火)=0.387  direct(直击/开火)=0.226  被命中(挨打/敌开火)=0.500  先发制人(直击前未被打中的局)=0.400  弹数=31
  [评测进度] 20/100  kill(命中/开火)=0.383  direct(直击/开火)=0.267  被命中(挨打/敌开火)=0.500  先发制人(直击前未被打中的局)=0.300  弹数=60
  [评测进度] 30/100  kill(命中/开火)=0.395  direct(直击/开火)=0.279  被命中(挨打/敌开火)=0.505  先发制人(直击前未被打中的局)=0.333  弹数=86
  [评测进度] 40/100  kill(命中/开火)=0.392  direct(直击/开火)=0.275  被命中(挨打/敌开火)=0.467  先发制人(直击前未被打中的局)=0.325  弹数=120
  [评测进度] 50/100  kill(命中/开火)=0.340  direct(直击/开火)=0.237  被命中(挨打/敌开火)=0.520  先发制人(直击前未被打中的局)=0.300  弹数=156
  [评测进度] 60/100  kill(命中/开火)=0.344  direct(直击/开火)=0.237  被命中(挨打/敌开火)=0.488  先发制人(直击前未被打中的局)=0.300  弹数=186
  [评测进度] 70/100  kill(命中/开火)=0.358  direct(直击/开火)=0.242  被命中(挨打/敌开火)=0.470  先发制人(直击前未被打中的局)=0.314  弹数=215
  [评测进度] 80/100  kill(命中/开火)=0.383  direct(直击/开火)=0.251  被命中(挨打/敌开火)=0.479  先发制人(直击前未被打中的局)=0.275  弹数=243
  [评测进度] 90/100  kill(命中/开火)=0.369  direct(直击/开火)=0.231  被命中(挨打/敌开火)=0.477  先发制人(直击前未被打中的局)=0.244  弹数=290
  [评测进度] 100/100  kill(命中/开火)=0.375  direct(直击/开火)=0.228  被命中(挨打/敌开火)=0.477  先发制人(直击前未被打中的局)=0.260  弹数=325
------------------------------------------------------------
[评测] 阶段=stage_turret  局数=100
  kill_rate(命中/开火) = 0.375  hit_rate(直击/开火) = 0.228  中位TTK = 278
  被命中率(挨打/敌开火) = 0.477  先发制人率(直击前未被打中的局/局数) = 0.260
  TTK口径     : 首直击步数；无直击=该局结束步数（评测步限封顶）
  晋级条件 直击/开火 hit_rate≥1.01  当前=0.228  → 指标未达标
  未晋级，继续当前阶段
------------------------------------------------------------
[进度] 28,229,632/100,000,000 (28.2%)  FPS≈1152  阶段=stage_turret  速度=0.00  直行间隔=180  aim=0.100/current  rotate=-0.07  ent=0.0005  std=0.766
[进度] 28,246,016/100,000,000 (28.2%)  FPS≈1180  阶段=stage_turret  速度=0.00  直行间隔=180  aim=0.100/current  rotate=-0.07  ent=0.0005  std=0.766
[进度] 28,262,400/100,000,000 (28.3%)  FPS≈1164  阶段=stage_turret  速度=0.00  直行间隔=180  aim=0.100/current  rotate=-0.07  ent=0.0005  std=0.765
[进度] 28,278,784/100,000,000 (28.3%)  FPS≈1150  阶段=stage_turret  速度=0.00  直行间隔=180  aim=0.100/current  rotate=-0.07  ent=0.0005  std=0.765
[进度] 28,295,168/100,000,000 (28.3%)  FPS≈1209  阶段=stage_turret  速度=0.00  直行间隔=180  aim=0.100/current  rotate=-0.07  ent=0.0005  std=0.765
[进度] 28,311,552/100,000,000 (28.3%)  FPS≈936  阶段=stage_turret  速度=0.00  直行间隔=180  aim=0.100/current  rotate=-0.07  ent=0.0005  std=0.765
[进度] 28,327,936/100,000,000 (28.3%)  FPS≈901  阶段=stage_turret  速度=0.00  直行间隔=180  aim=0.100/current  rotate=-0.07  ent=0.0005  std=0.765
[存盘] 课程元数据 model_t28327936_stage0_stage_turret.curriculum.json  stage=stage_turret  bot=turret v=0.00
[存盘] runs/curriculum_turret/20260923_163427/checkpoints/model_t28327936_stage0_stage_turret.zip
[评测] 开始（100 局）…
  [评测进度] 10/100  kill(命中/开火)=0.200  direct(直击/开火)=0.150  被命中(挨打/敌开火)=0.600  先发制人(直击前未被打中的局)=0.200  弹数=40
  [评测进度] 20/100  kill(命中/开火)=0.259  direct(直击/开火)=0.118  被命中(挨打/敌开火)=0.490  先发制人(直击前未被打中的局)=0.100  弹数=85
  [评测进度] 30/100  kill(命中/开火)=0.293  direct(直击/开火)=0.138  被命中(挨打/敌开火)=0.507  先发制人(直击前未被打中的局)=0.100  弹数=116
  [评测进度] 40/100  kill(命中/开火)=0.263  direct(直击/开火)=0.125  被命中(挨打/敌开火)=0.473  先发制人(直击前未被打中的局)=0.125  弹数=160
  [评测进度] 50/100  kill(命中/开火)=0.272  direct(直击/开火)=0.141  被命中(挨打/敌开火)=0.473  先发制人(直击前未被打中的局)=0.180  弹数=191
  [评测进度] 60/100  kill(命中/开火)=0.260  direct(直击/开火)=0.139  被命中(挨打/敌开火)=0.461  先发制人(直击前未被打中的局)=0.183  弹数=231
  [评测进度] 70/100  kill(命中/开火)=0.279  direct(直击/开火)=0.145  被命中(挨打/敌开火)=0.441  先发制人(直击前未被打中的局)=0.200  弹数=269
  [评测进度] 80/100  kill(命中/开火)=0.297  direct(直击/开火)=0.153  被命中(挨打/敌开火)=0.427  先发制人(直击前未被打中的局)=0.212  弹数=300
  [评测进度] 90/100  kill(命中/开火)=0.295  direct(直击/开火)=0.155  被命中(挨打/敌开火)=0.433  先发制人(直击前未被打中的局)=0.211  弹数=336
  [评测进度] 100/100  kill(命中/开火)=0.283  direct(直击/开火)=0.144  被命中(挨打/敌开火)=0.439  先发制人(直击前未被打中的局)=0.210  弹数=382
------------------------------------------------------------
[评测] 阶段=stage_turret  局数=100
  kill_rate(命中/开火) = 0.283  hit_rate(直击/开火) = 0.144  中位TTK = 435
  被命中率(挨打/敌开火) = 0.439  先发制人率(直击前未被打中的局/局数) = 0.210
  TTK口径     : 首直击步数；无直击=该局结束步数（评测步限封顶）
  晋级条件 直击/开火 hit_rate≥1.01  当前=0.144  → 指标未达标
  未晋级，继续当前阶段
------------------------------------------------------------
[进度] 28,344,320/100,000,000 (28.3%)  FPS≈1185  阶段=stage_turret  速度=0.00  直行间隔=180  aim=0.100/current  rotate=-0.07  ent=0.0005  std=0.765
[进度] 28,360,704/100,000,000 (28.4%)  FPS≈1166  阶段=stage_turret  速度=0.00  直行间隔=180  aim=0.100/current  rotate=-0.07  ent=0.0005  std=0.765
[进度] 28,377,088/100,000,000 (28.4%)  FPS≈1180  阶段=stage_turret  速度=0.00  直行间隔=180  aim=0.100/current  rotate=-0.07  ent=0.0005  std=0.765
[进度] 28,393,472/100,000,000 (28.4%)  FPS≈1201  阶段=stage_turret  速度=0.00  直行间隔=180  aim=0.100/current  rotate=-0.07  ent=0.0005  std=0.764
[进度] 28,409,856/100,000,000 (28.4%)  FPS≈1208  阶段=stage_turret  速度=0.00  直行间隔=180  aim=0.100/current  rotate=-0.07  ent=0.0005  std=0.764
[进度] 28,426,240/100,000,000 (28.4%)  FPS≈1191  阶段=stage_turret  速度=0.00  直行间隔=180  aim=0.100/current  rotate=-0.07  ent=0.0005  std=0.764
[进度] 28,442,624/100,000,000 (28.4%)  FPS≈1166  阶段=stage_turret  速度=0.00  直行间隔=180  aim=0.100/current  rotate=-0.07  ent=0.0005  std=0.764
[存盘] 课程元数据 model_t28442624_stage0_stage_turret.curriculum.json  stage=stage_turret  bot=turret v=0.00
[存盘] runs/curriculum_turret/20260923_163427/checkpoints/model_t28442624_stage0_stage_turret.zip
[评测] 开始（100 局）…
  [评测进度] 10/100  kill(命中/开火)=0.308  direct(直击/开火)=0.308  被命中(挨打/敌开火)=0.600  先发制人(直击前未被打中的局)=0.400  弹数=26
  [评测进度] 20/100  kill(命中/开火)=0.324  direct(直击/开火)=0.183  被命中(挨打/敌开火)=0.470  先发制人(直击前未被打中的局)=0.250  弹数=71
  [评测进度] 30/100  kill(命中/开火)=0.336  direct(直击/开火)=0.178  被命中(挨打/敌开火)=0.484  先发制人(直击前未被打中的局)=0.267  弹数=107
  [评测进度] 40/100  kill(命中/开火)=0.362  direct(直击/开火)=0.188  被命中(挨打/敌开火)=0.457  先发制人(直击前未被打中的局)=0.300  弹数=138
  [评测进度] 50/100  kill(命中/开火)=0.374  direct(直击/开火)=0.209  被命中(挨打/敌开火)=0.461  先发制人(直击前未被打中的局)=0.280  弹数=163
  [评测进度] 60/100  kill(命中/开火)=0.358  direct(直击/开火)=0.207  被命中(挨打/敌开火)=0.469  先发制人(直击前未被打中的局)=0.300  弹数=193
  [评测进度] 70/100  kill(命中/开火)=0.359  direct(直击/开火)=0.206  被命中(挨打/敌开火)=0.462  先发制人(直击前未被打中的局)=0.300  弹数=223
  [评测进度] 80/100  kill(命中/开火)=0.355  direct(直击/开火)=0.195  被命中(挨打/敌开火)=0.442  先发制人(直击前未被打中的局)=0.300  弹数=262
  [评测进度] 90/100  kill(命中/开火)=0.359  direct(直击/开火)=0.193  被命中(挨打/敌开火)=0.442  先发制人(直击前未被打中的局)=0.300  弹数=295
  [评测进度] 100/100  kill(命中/开火)=0.340  direct(直击/开火)=0.176  被命中(挨打/敌开火)=0.462  先发制人(直击前未被打中的局)=0.280  弹数=341
------------------------------------------------------------
[评测] 阶段=stage_turret  局数=100
  kill_rate(命中/开火) = 0.340  hit_rate(直击/开火) = 0.176  中位TTK = 334
  被命中率(挨打/敌开火) = 0.462  先发制人率(直击前未被打中的局/局数) = 0.280
  TTK口径     : 首直击步数；无直击=该局结束步数（评测步限封顶）
  晋级条件 直击/开火 hit_rate≥1.01  当前=0.176  → 指标未达标
  未晋级，继续当前阶段
------------------------------------------------------------
[进度] 28,459,008/100,000,000 (28.5%)  FPS≈1203  阶段=stage_turret  速度=0.00  直行间隔=180  aim=0.100/current  rotate=-0.07  ent=0.0005  std=0.764
[进度] 28,475,392/100,000,000 (28.5%)  FPS≈1203  阶段=stage_turret  速度=0.00  直行间隔=180  aim=0.100/current  rotate=-0.07  ent=0.0005  std=0.764
[进度] 28,491,776/100,000,000 (28.5%)  FPS≈1177  阶段=stage_turret  速度=0.00  直行间隔=180  aim=0.100/current  rotate=-0.07  ent=0.0005  std=0.763
[进度] 28,508,160/100,000,000 (28.5%)  FPS≈1242  阶段=stage_turret  速度=0.00  直行间隔=180  aim=0.100/current  rotate=-0.07  ent=0.0005  std=0.763
[进度] 28,524,544/100,000,000 (28.5%)  FPS≈1188  阶段=stage_turret  速度=0.00  直行间隔=180  aim=0.100/current  rotate=-0.07  ent=0.0005  std=0.763
[进度] 28,540,928/100,000,000 (28.5%)  FPS≈1192  阶段=stage_turret  速度=0.00  直行间隔=180  aim=0.100/current  rotate=-0.07  ent=0.0005  std=0.763
[进度] 28,557,312/100,000,000 (28.6%)  FPS≈1228  阶段=stage_turret  速度=0.00  直行间隔=180  aim=0.100/current  rotate=-0.07  ent=0.0005  std=0.763
[存盘] 课程元数据 model_t28557312_stage0_stage_turret.curriculum.json  stage=stage_turret  bot=turret v=0.00
[存盘] runs/curriculum_turret/20260923_163427/checkpoints/model_t28557312_stage0_stage_turret.zip
[评测] 开始（100 局）…
  [评测进度] 10/100  kill(命中/开火)=0.314  direct(直击/开火)=0.171  被命中(挨打/敌开火)=0.326  先发制人(直击前未被打中的局)=0.200  弹数=35
  [评测进度] 20/100  kill(命中/开火)=0.286  direct(直击/开火)=0.200  被命中(挨打/敌开火)=0.370  先发制人(直击前未被打中的局)=0.250  弹数=70
  [评测进度] 30/100  kill(命中/开火)=0.284  direct(直击/开火)=0.206  被命中(挨打/敌开火)=0.444  先发制人(直击前未被打中的局)=0.233  弹数=102
  [评测进度] 40/100  kill(命中/开火)=0.298  direct(直击/开火)=0.191  被命中(挨打/敌开火)=0.459  先发制人(直击前未被打中的局)=0.250  弹数=141
  [评测进度] 50/100  kill(命中/开火)=0.303  direct(直击/开火)=0.185  被命中(挨打/敌开火)=0.490  先发制人(直击前未被打中的局)=0.220  弹数=178
  [评测进度] 60/100  kill(命中/开火)=0.333  direct(直击/开火)=0.201  被命中(挨打/敌开火)=0.450  先发制人(直击前未被打中的局)=0.283  弹数=204
  [评测进度] 70/100  kill(命中/开火)=0.355  direct(直击/开火)=0.212  被命中(挨打/敌开火)=0.453  先发制人(直击前未被打中的局)=0.286  弹数=231
  [评测进度] 80/100  kill(命中/开火)=0.367  direct(直击/开火)=0.210  被命中(挨打/敌开火)=0.446  先发制人(直击前未被打中的局)=0.275  弹数=267
  [评测进度] 90/100  kill(命中/开火)=0.372  direct(直击/开火)=0.201  被命中(挨打/敌开火)=0.460  先发制人(直击前未被打中的局)=0.289  弹数=304
  [评测进度] 100/100  kill(命中/开火)=0.366  direct(直击/开火)=0.202  被命中(挨打/敌开火)=0.450  先发制人(直击前未被打中的局)=0.300  弹数=336
------------------------------------------------------------
[评测] 阶段=stage_turret  局数=100
  kill_rate(命中/开火) = 0.366  hit_rate(直击/开火) = 0.202  中位TTK = 337
  被命中率(挨打/敌开火) = 0.450  先发制人率(直击前未被打中的局/局数) = 0.300
  TTK口径     : 首直击步数；无直击=该局结束步数（评测步限封顶）
  晋级条件 直击/开火 hit_rate≥1.01  当前=0.202  → 指标未达标
  未晋级，继续当前阶段
------------------------------------------------------------
[进度] 28,573,696/100,000,000 (28.6%)  FPS≈1014  阶段=stage_turret  速度=0.00  直行间隔=180  aim=0.100/current  rotate=-0.07  ent=0.0005  std=0.762
[进度] 28,590,080/100,000,000 (28.6%)  FPS≈1010  阶段=stage_turret  速度=0.00  直行间隔=180  aim=0.100/current  rotate=-0.07  ent=0.0005  std=0.762
[进度] 28,606,464/100,000,000 (28.6%)  FPS≈1155  阶段=stage_turret  速度=0.00  直行间隔=180  aim=0.100/current  rotate=-0.07  ent=0.0005  std=0.762
[进度] 28,622,848/100,000,000 (28.6%)  FPS≈1151  阶段=stage_turret  速度=0.00  直行间隔=180  aim=0.100/current  rotate=-0.07  ent=0.0005  std=0.762
[进度] 28,639,232/100,000,000 (28.6%)  FPS≈1153  阶段=stage_turret  速度=0.00  直行间隔=180  aim=0.100/current  rotate=-0.07  ent=0.0005  std=0.762
[进度] 28,655,616/100,000,000 (28.7%)  FPS≈1090  阶段=stage_turret  速度=0.00  直行间隔=180  aim=0.100/current  rotate=-0.07  ent=0.0005  std=0.761
[进度] 28,672,000/100,000,000 (28.7%)  FPS≈1085  阶段=stage_turret  速度=0.00  直行间隔=180  aim=0.100/current  rotate=-0.07  ent=0.0005  std=0.761
[存盘] 课程元数据 model_t28672000_stage0_stage_turret.curriculum.json  stage=stage_turret  bot=turret v=0.00
[存盘] runs/curriculum_turret/20260923_163427/checkpoints/model_t28672000_stage0_stage_turret.zip
[评测] 开始（100 局）…
  [评测进度] 10/100  kill(命中/开火)=0.250  direct(直击/开火)=0.188  被命中(挨打/敌开火)=0.436  先发制人(直击前未被打中的局)=0.100  弹数=32
  [评测进度] 20/100  kill(命中/开火)=0.328  direct(直击/开火)=0.213  被命中(挨打/敌开火)=0.397  先发制人(直击前未被打中的局)=0.150  弹数=61
  [评测进度] 30/100  kill(命中/开火)=0.264  direct(直击/开火)=0.160  被命中(挨打/敌开火)=0.447  先发制人(直击前未被打中的局)=0.133  弹数=106
  [评测进度] 40/100  kill(命中/开火)=0.305  direct(直击/开火)=0.191  被命中(挨打/敌开火)=0.428  先发制人(直击前未被打中的局)=0.200  弹数=131
  [评测进度] 50/100  kill(命中/开火)=0.346  direct(直击/开火)=0.198  被命中(挨打/敌开火)=0.410  先发制人(直击前未被打中的局)=0.220  弹数=162
  [评测进度] 60/100  kill(命中/开火)=0.335  direct(直击/开火)=0.193  被命中(挨打/敌开火)=0.403  先发制人(直击前未被打中的局)=0.250  弹数=197
  [评测进度] 70/100  kill(命中/开火)=0.339  direct(直击/开火)=0.210  被命中(挨打/敌开火)=0.414  先发制人(直击前未被打中的局)=0.286  弹数=224
  [评测进度] 80/100  kill(命中/开火)=0.352  direct(直击/开火)=0.215  被命中(挨打/敌开火)=0.409  先发制人(直击前未被打中的局)=0.300  弹数=256
  [评测进度] 90/100  kill(命中/开火)=0.326  direct(直击/开火)=0.196  被命中(挨打/敌开火)=0.437  先发制人(直击前未被打中的局)=0.278  弹数=301
  [评测进度] 100/100  kill(命中/开火)=0.333  direct(直击/开火)=0.193  被命中(挨打/敌开火)=0.450  先发制人(直击前未被打中的局)=0.260  弹数=336
------------------------------------------------------------
[评测] 阶段=stage_turret  局数=100
  kill_rate(命中/开火) = 0.333  hit_rate(直击/开火) = 0.193  中位TTK = 294
  被命中率(挨打/敌开火) = 0.450  先发制人率(直击前未被打中的局/局数) = 0.260
  TTK口径     : 首直击步数；无直击=该局结束步数（评测步限封顶）
  晋级条件 直击/开火 hit_rate≥1.01  当前=0.193  → 指标未达标
  未晋级，继续当前阶段
------------------------------------------------------------
[进度] 28,688,384/100,000,000 (28.7%)  FPS≈1163  阶段=stage_turret  速度=0.00  直行间隔=180  aim=0.100/current  rotate=-0.07  ent=0.0005  std=0.761
[进度] 28,704,768/100,000,000 (28.7%)  FPS≈833  阶段=stage_turret  速度=0.00  直行间隔=180  aim=0.100/current  rotate=-0.07  ent=0.0005  std=0.761
[进度] 28,721,152/100,000,000 (28.7%)  FPS≈1117  阶段=stage_turret  速度=0.00  直行间隔=180  aim=0.100/current  rotate=-0.07  ent=0.0005  std=0.761
[进度] 28,737,536/100,000,000 (28.7%)  FPS≈1167  阶段=stage_turret  速度=0.00  直行间隔=180  aim=0.100/current  rotate=-0.07  ent=0.0005  std=0.761
[进度] 28,753,920/100,000,000 (28.8%)  FPS≈1131  阶段=stage_turret  速度=0.00  直行间隔=180  aim=0.100/current  rotate=-0.07  ent=0.0005  std=0.761
[进度] 28,770,304/100,000,000 (28.8%)  FPS≈1163  阶段=stage_turret  速度=0.00  直行间隔=180  aim=0.100/current  rotate=-0.07  ent=0.0005  std=0.761
[进度] 28,786,688/100,000,000 (28.8%)  FPS≈1157  阶段=stage_turret  速度=0.00  直行间隔=180  aim=0.100/current  rotate=-0.07  ent=0.0005  std=0.761
[存盘] 课程元数据 model_t28786688_stage0_stage_turret.curriculum.json  stage=stage_turret  bot=turret v=0.00
[存盘] runs/curriculum_turret/20260923_163427/checkpoints/model_t28786688_stage0_stage_turret.zip
[评测] 开始（100 局）…
  [评测进度] 10/100  kill(命中/开火)=0.400  direct(直击/开火)=0.125  被命中(挨打/敌开火)=0.286  先发制人(直击前未被打中的局)=0.200  弹数=40
  [评测进度] 20/100  kill(命中/开火)=0.299  direct(直击/开火)=0.130  被命中(挨打/敌开火)=0.337  先发制人(直击前未被打中的局)=0.250  弹数=77
  [评测进度] 30/100  kill(命中/开火)=0.279  direct(直击/开火)=0.144  被命中(挨打/敌开火)=0.394  先发制人(直击前未被打中的局)=0.233  弹数=111
  [评测进度] 40/100  kill(命中/开火)=0.284  direct(直击/开火)=0.155  被命中(挨打/敌开火)=0.429  先发制人(直击前未被打中的局)=0.225  弹数=148
  [评测进度] 50/100  kill(命中/开火)=0.309  direct(直击/开火)=0.171  被命中(挨打/敌开火)=0.437  先发制人(直击前未被打中的局)=0.260  弹数=181
  [评测进度] 60/100  kill(命中/开火)=0.319  direct(直击/开火)=0.184  被命中(挨打/敌开火)=0.455  先发制人(直击前未被打中的局)=0.250  弹数=207
  [评测进度] 70/100  kill(命中/开火)=0.324  direct(直击/开火)=0.187  被命中(挨打/敌开火)=0.444  先发制人(直击前未被打中的局)=0.243  弹数=241
  [评测进度] 80/100  kill(命中/开火)=0.316  direct(直击/开火)=0.191  被命中(挨打/敌开火)=0.442  先发制人(直击前未被打中的局)=0.263  弹数=272
  [评测进度] 90/100  kill(命中/开火)=0.320  direct(直击/开火)=0.193  被命中(挨打/敌开火)=0.437  先发制人(直击前未被打中的局)=0.244  弹数=306
  [评测进度] 100/100  kill(命中/开火)=0.325  direct(直击/开火)=0.192  被命中(挨打/敌开火)=0.437  先发制人(直击前未被打中的局)=0.250  弹数=338
------------------------------------------------------------
[评测] 阶段=stage_turret  局数=100
  kill_rate(命中/开火) = 0.325  hit_rate(直击/开火) = 0.192  中位TTK = 311
  被命中率(挨打/敌开火) = 0.437  先发制人率(直击前未被打中的局/局数) = 0.250
  TTK口径     : 首直击步数；无直击=该局结束步数（评测步限封顶）
  晋级条件 直击/开火 hit_rate≥1.01  当前=0.192  → 指标未达标
  未晋级，继续当前阶段
------------------------------------------------------------
[进度] 28,803,072/100,000,000 (28.8%)  FPS≈1183  阶段=stage_turret  速度=0.00  直行间隔=180  aim=0.100/current  rotate=-0.07  ent=0.0005  std=0.761
[进度] 28,819,456/100,000,000 (28.8%)  FPS≈1170  阶段=stage_turret  速度=0.00  直行间隔=180  aim=0.100/current  rotate=-0.07  ent=0.0005  std=0.761
[进度] 28,835,840/100,000,000 (28.8%)  FPS≈1182  阶段=stage_turret  速度=0.00  直行间隔=180  aim=0.100/current  rotate=-0.07  ent=0.0005  std=0.761
[进度] 28,852,224/100,000,000 (28.9%)  FPS≈1154  阶段=stage_turret  速度=0.00  直行间隔=180  aim=0.100/current  rotate=-0.07  ent=0.0005  std=0.761
[进度] 28,868,608/100,000,000 (28.9%)  FPS≈1156  阶段=stage_turret  速度=0.00  直行间隔=180  aim=0.100/current  rotate=-0.07  ent=0.0005  std=0.761
[进度] 28,884,992/100,000,000 (28.9%)  FPS≈1113  阶段=stage_turret  速度=0.00  直行间隔=180  aim=0.100/current  rotate=-0.07  ent=0.0005  std=0.761
[进度] 28,901,376/100,000,000 (28.9%)  FPS≈1126  阶段=stage_turret  速度=0.00  直行间隔=180  aim=0.100/current  rotate=-0.07  ent=0.0005  std=0.761
[存盘] 课程元数据 model_t28901376_stage0_stage_turret.curriculum.json  stage=stage_turret  bot=turret v=0.00
[存盘] runs/curriculum_turret/20260923_163427/checkpoints/model_t28901376_stage0_stage_turret.zip
[评测] 开始（100 局）…
  [评测进度] 10/100  kill(命中/开火)=0.481  direct(直击/开火)=0.296  被命中(挨打/敌开火)=0.323  先发制人(直击前未被打中的局)=0.200  弹数=27
  [评测进度] 20/100  kill(命中/开火)=0.369  direct(直击/开火)=0.200  被命中(挨打/敌开火)=0.378  先发制人(直击前未被打中的局)=0.300  弹数=65
  [评测进度] 30/100  kill(命中/开火)=0.315  direct(直击/开火)=0.153  被命中(挨打/敌开火)=0.421  先发制人(直击前未被打中的局)=0.200  弹数=111
  [评测进度] 40/100  kill(命中/开火)=0.322  direct(直击/开火)=0.164  被命中(挨打/敌开火)=0.454  先发制人(直击前未被打中的局)=0.200  弹数=146
  [评测进度] 50/100  kill(命中/开火)=0.337  direct(直击/开火)=0.171  被命中(挨打/敌开火)=0.470  先发制人(直击前未被打中的局)=0.240  弹数=181
  [评测进度] 60/100  kill(命中/开火)=0.355  direct(直击/开火)=0.205  被命中(挨打/敌开火)=0.462  先发制人(直击前未被打中的局)=0.267  弹数=200
  [评测进度] 70/100  kill(命中/开火)=0.338  direct(直击/开火)=0.194  被命中(挨打/敌开火)=0.474  先发制人(直击前未被打中的局)=0.229  弹数=237
  [评测进度] 80/100  kill(命中/开火)=0.347  direct(直击/开火)=0.200  被命中(挨打/敌开火)=0.475  先发制人(直击前未被打中的局)=0.237  弹数=265
  [评测进度] 90/100  kill(命中/开火)=0.351  direct(直击/开火)=0.203  被命中(挨打/敌开火)=0.453  先发制人(直击前未被打中的局)=0.244  弹数=296
  [评测进度] 100/100  kill(命中/开火)=0.336  direct(直击/开火)=0.203  被命中(挨打/敌开火)=0.458  先发制人(直击前未被打中的局)=0.250  弹数=330
------------------------------------------------------------
[评测] 阶段=stage_turret  局数=100
  kill_rate(命中/开火) = 0.336  hit_rate(直击/开火) = 0.203  中位TTK = 256
  被命中率(挨打/敌开火) = 0.458  先发制人率(直击前未被打中的局/局数) = 0.250
  TTK口径     : 首直击步数；无直击=该局结束步数（评测步限封顶）
  晋级条件 直击/开火 hit_rate≥1.01  当前=0.203  → 指标未达标
  未晋级，继续当前阶段
------------------------------------------------------------
[进度] 28,917,760/100,000,000 (28.9%)  FPS≈1046  阶段=stage_turret  速度=0.00  直行间隔=180  aim=0.100/current  rotate=-0.07  ent=0.0005  std=0.761
[进度] 28,934,144/100,000,000 (28.9%)  FPS≈1216  阶段=stage_turret  速度=0.00  直行间隔=180  aim=0.100/current  rotate=-0.07  ent=0.0005  std=0.761
[进度] 28,950,528/100,000,000 (29.0%)  FPS≈1217  阶段=stage_turret  速度=0.00  直行间隔=180  aim=0.100/current  rotate=-0.07  ent=0.0005  std=0.761
[进度] 28,966,912/100,000,000 (29.0%)  FPS≈1151  阶段=stage_turret  速度=0.00  直行间隔=180  aim=0.100/current  rotate=-0.07  ent=0.0005  std=0.760
[进度] 28,983,296/100,000,000 (29.0%)  FPS≈1155  阶段=stage_turret  速度=0.00  直行间隔=180  aim=0.100/current  rotate=-0.07  ent=0.0005  std=0.760
[进度] 28,999,680/100,000,000 (29.0%)  FPS≈1138  阶段=stage_turret  速度=0.00  直行间隔=180  aim=0.100/current  rotate=-0.07  ent=0.0005  std=0.760
[进度] 29,016,064/100,000,000 (29.0%)  FPS≈914  阶段=stage_turret  速度=0.00  直行间隔=180  aim=0.100/current  rotate=-0.07  ent=0.0005  std=0.760
[存盘] 课程元数据 model_t29016064_stage0_stage_turret.curriculum.json  stage=stage_turret  bot=turret v=0.00
[存盘] runs/curriculum_turret/20260923_163427/checkpoints/model_t29016064_stage0_stage_turret.zip
[评测] 开始（100 局）…
  [评测进度] 10/100  kill(命中/开火)=0.250  direct(直击/开火)=0.150  被命中(挨打/敌开火)=0.565  先发制人(直击前未被打中的局)=0.000  弹数=40
  [评测进度] 20/100  kill(命中/开火)=0.274  direct(直击/开火)=0.178  被命中(挨打/敌开火)=0.452  先发制人(直击前未被打中的局)=0.250  弹数=73
  [评测进度] 30/100  kill(命中/开火)=0.264  direct(直击/开火)=0.189  被命中(挨打/敌开火)=0.454  先发制人(直击前未被打中的局)=0.333  弹数=106
  [评测进度] 40/100  kill(命中/开火)=0.255  direct(直击/开火)=0.166  被命中(挨打/敌开火)=0.476  先发制人(直击前未被打中的局)=0.325  弹数=145
  [评测进度] 50/100  kill(命中/开火)=0.270  direct(直击/开火)=0.169  被命中(挨打/敌开火)=0.466  先发制人(直击前未被打中的局)=0.320  弹数=178
  [评测进度] 60/100  kill(命中/开火)=0.278  direct(直击/开火)=0.162  被命中(挨打/敌开火)=0.462  先发制人(直击前未被打中的局)=0.333  弹数=216
  [评测进度] 70/100  kill(命中/开火)=0.290  direct(直击/开火)=0.165  被命中(挨打/敌开火)=0.466  先发制人(直击前未被打中的局)=0.314  弹数=248
  [评测进度] 80/100  kill(命中/开火)=0.313  direct(直击/开火)=0.178  被命中(挨打/敌开火)=0.450  先发制人(直击前未被打中的局)=0.325  弹数=275
  [评测进度] 90/100  kill(命中/开火)=0.319  direct(直击/开火)=0.182  被命中(挨打/敌开火)=0.455  先发制人(直击前未被打中的局)=0.322  弹数=307
  [评测进度] 100/100  kill(命中/开火)=0.315  direct(直击/开火)=0.187  被命中(挨打/敌开火)=0.456  先发制人(直击前未被打中的局)=0.310  弹数=337
------------------------------------------------------------
[评测] 阶段=stage_turret  局数=100
  kill_rate(命中/开火) = 0.315  hit_rate(直击/开火) = 0.187  中位TTK = 328
  被命中率(挨打/敌开火) = 0.456  先发制人率(直击前未被打中的局/局数) = 0.310
  TTK口径     : 首直击步数；无直击=该局结束步数（评测步限封顶）
  晋级条件 直击/开火 hit_rate≥1.01  当前=0.187  → 指标未达标
  未晋级，继续当前阶段
------------------------------------------------------------
[进度] 29,032,448/100,000,000 (29.0%)  FPS≈1136  阶段=stage_turret  速度=0.00  直行间隔=180  aim=0.100/current  rotate=-0.07  ent=0.0005  std=0.760
[进度] 29,048,832/100,000,000 (29.0%)  FPS≈979  阶段=stage_turret  速度=0.00  直行间隔=180  aim=0.100/current  rotate=-0.07  ent=0.0005  std=0.760
[进度] 29,065,216/100,000,000 (29.1%)  FPS≈1183  阶段=stage_turret  速度=0.00  直行间隔=180  aim=0.100/current  rotate=-0.07  ent=0.0005  std=0.759
[进度] 29,081,600/100,000,000 (29.1%)  FPS≈1192  阶段=stage_turret  速度=0.00  直行间隔=180  aim=0.100/current  rotate=-0.07  ent=0.0005  std=0.759
[进度] 29,097,984/100,000,000 (29.1%)  FPS≈1133  阶段=stage_turret  速度=0.00  直行间隔=180  aim=0.100/current  rotate=-0.07  ent=0.0005  std=0.759
[进度] 29,114,368/100,000,000 (29.1%)  FPS≈863  阶段=stage_turret  速度=0.00  直行间隔=180  aim=0.100/current  rotate=-0.07  ent=0.0005  std=0.759
[进度] 29,130,752/100,000,000 (29.1%)  FPS≈1189  阶段=stage_turret  速度=0.00  直行间隔=180  aim=0.100/current  rotate=-0.07  ent=0.0005  std=0.759
[存盘] 课程元数据 model_t29130752_stage0_stage_turret.curriculum.json  stage=stage_turret  bot=turret v=0.00
[存盘] runs/curriculum_turret/20260923_163427/checkpoints/model_t29130752_stage0_stage_turret.zip
[评测] 开始（100 局）…
  [评测进度] 10/100  kill(命中/开火)=0.225  direct(直击/开火)=0.125  被命中(挨打/敌开火)=0.478  先发制人(直击前未被打中的局)=0.100  弹数=40
  [评测进度] 20/100  kill(命中/开火)=0.310  direct(直击/开火)=0.155  被命中(挨打/敌开火)=0.420  先发制人(直击前未被打中的局)=0.300  弹数=71
  [评测进度] 30/100  kill(命中/开火)=0.315  direct(直击/开火)=0.167  被命中(挨打/敌开火)=0.435  先发制人(直击前未被打中的局)=0.267  弹数=108
  [评测进度] 40/100  kill(命中/开火)=0.333  direct(直击/开火)=0.156  被命中(挨打/敌开火)=0.448  先发制人(直击前未被打中的局)=0.275  弹数=147
  [评测进度] 50/100  kill(命中/开火)=0.326  direct(直击/开火)=0.160  被命中(挨打/敌开火)=0.428  先发制人(直击前未被打中的局)=0.240  弹数=181
  [评测进度] 60/100  kill(命中/开火)=0.338  direct(直击/开火)=0.171  被命中(挨打/敌开火)=0.410  先发制人(直击前未被打中的局)=0.250  弹数=210
  [评测进度] 70/100  kill(命中/开火)=0.310  direct(直击/开火)=0.161  被命中(挨打/敌开火)=0.451  先发制人(直击前未被打中的局)=0.243  弹数=248
  [评测进度] 80/100  kill(命中/开火)=0.311  direct(直击/开火)=0.156  被命中(挨打/敌开火)=0.448  先发制人(直击前未被打中的局)=0.237  弹数=289
  [评测进度] 90/100  kill(命中/开火)=0.321  direct(直击/开火)=0.173  被命中(挨打/敌开火)=0.434  先发制人(直击前未被打中的局)=0.278  弹数=312
  [评测进度] 100/100  kill(命中/开火)=0.323  direct(直击/开火)=0.177  被命中(挨打/敌开火)=0.436  先发制人(直击前未被打中的局)=0.250  弹数=344
------------------------------------------------------------
[评测] 阶段=stage_turret  局数=100
  kill_rate(命中/开火) = 0.323  hit_rate(直击/开火) = 0.177  中位TTK = 331
  被命中率(挨打/敌开火) = 0.436  先发制人率(直击前未被打中的局/局数) = 0.250
  TTK口径     : 首直击步数；无直击=该局结束步数（评测步限封顶）
  晋级条件 直击/开火 hit_rate≥1.01  当前=0.177  → 指标未达标
  未晋级，继续当前阶段
------------------------------------------------------------
[进度] 29,147,136/100,000,000 (29.1%)  FPS≈1192  阶段=stage_turret  速度=0.00  直行间隔=180  aim=0.100/current  rotate=-0.07  ent=0.0005  std=0.759
[进度] 29,163,520/100,000,000 (29.2%)  FPS≈1162  阶段=stage_turret  速度=0.00  直行间隔=180  aim=0.100/current  rotate=-0.07  ent=0.0005  std=0.759
[进度] 29,179,904/100,000,000 (29.2%)  FPS≈1184  阶段=stage_turret  速度=0.00  直行间隔=180  aim=0.100/current  rotate=-0.07  ent=0.0005  std=0.759
[进度] 29,196,288/100,000,000 (29.2%)  FPS≈1214  阶段=stage_turret  速度=0.00  直行间隔=180  aim=0.100/current  rotate=-0.07  ent=0.0005  std=0.759
[进度] 29,212,672/100,000,000 (29.2%)  FPS≈1187  阶段=stage_turret  速度=0.00  直行间隔=180  aim=0.100/current  rotate=-0.07  ent=0.0005  std=0.758
[进度] 29,229,056/100,000,000 (29.2%)  FPS≈1143  阶段=stage_turret  速度=0.00  直行间隔=180  aim=0.100/current  rotate=-0.07  ent=0.0005  std=0.758
[进度] 29,245,440/100,000,000 (29.2%)  FPS≈1205  阶段=stage_turret  速度=0.00  直行间隔=180  aim=0.100/current  rotate=-0.07  ent=0.0005  std=0.758
[存盘] 课程元数据 model_t29245440_stage0_stage_turret.curriculum.json  stage=stage_turret  bot=turret v=0.00
[存盘] runs/curriculum_turret/20260923_163427/checkpoints/model_t29245440_stage0_stage_turret.zip
[评测] 开始（100 局）…
  [评测进度] 10/100  kill(命中/开火)=0.321  direct(直击/开火)=0.250  被命中(挨打/敌开火)=0.657  先发制人(直击前未被打中的局)=0.100  弹数=28
  [评测进度] 20/100  kill(命中/开火)=0.338  direct(直击/开火)=0.149  被命中(挨打/敌开火)=0.568  先发制人(直击前未被打中的局)=0.100  弹数=74
  [评测进度] 30/100  kill(命中/开火)=0.310  direct(直击/开火)=0.147  被命中(挨打/敌开火)=0.463  先发制人(直击前未被打中的局)=0.167  弹数=116
  [评测进度] 40/100  kill(命中/开火)=0.304  direct(直击/开火)=0.133  被命中(挨打/敌开火)=0.484  先发制人(直击前未被打中的局)=0.150  弹数=158
  [评测进度] 50/100  kill(命中/开火)=0.308  direct(直击/开火)=0.138  被命中(挨打/敌开火)=0.483  先发制人(直击前未被打中的局)=0.180  弹数=195
  [评测进度] 60/100  kill(命中/开火)=0.290  direct(直击/开火)=0.134  被命中(挨打/敌开火)=0.475  先发制人(直击前未被打中的局)=0.183  弹数=238
  [评测进度] 70/100  kill(命中/开火)=0.300  direct(直击/开火)=0.142  被命中(挨打/敌开火)=0.494  先发制人(直击前未被打中的局)=0.186  弹数=267
  [评测进度] 80/100  kill(命中/开火)=0.300  direct(直击/开火)=0.148  被命中(挨打/敌开火)=0.492  先发制人(直击前未被打中的局)=0.200  弹数=297
  [评测进度] 90/100  kill(命中/开火)=0.309  direct(直击/开火)=0.142  被命中(挨打/敌开火)=0.479  先发制人(直击前未被打中的局)=0.200  弹数=337
  [评测进度] 100/100  kill(命中/开火)=0.306  direct(直击/开火)=0.141  被命中(挨打/敌开火)=0.470  先发制人(直击前未被打中的局)=0.190  弹数=382
------------------------------------------------------------
[评测] 阶段=stage_turret  局数=100
  kill_rate(命中/开火) = 0.306  hit_rate(直击/开火) = 0.141  中位TTK = 454
  被命中率(挨打/敌开火) = 0.470  先发制人率(直击前未被打中的局/局数) = 0.190
  TTK口径     : 首直击步数；无直击=该局结束步数（评测步限封顶）
  晋级条件 直击/开火 hit_rate≥1.01  当前=0.141  → 指标未达标
  未晋级，继续当前阶段
------------------------------------------------------------
[进度] 29,261,824/100,000,000 (29.3%)  FPS≈1191  阶段=stage_turret  速度=0.00  直行间隔=180  aim=0.100/current  rotate=-0.07  ent=0.0005  std=0.758
[进度] 29,278,208/100,000,000 (29.3%)  FPS≈1204  阶段=stage_turret  速度=0.00  直行间隔=180  aim=0.100/current  rotate=-0.07  ent=0.0005  std=0.758
[进度] 29,294,592/100,000,000 (29.3%)  FPS≈1167  阶段=stage_turret  速度=0.00  直行间隔=180  aim=0.100/current  rotate=-0.07  ent=0.0005  std=0.758
[进度] 29,310,976/100,000,000 (29.3%)  FPS≈1180  阶段=stage_turret  速度=0.00  直行间隔=180  aim=0.100/current  rotate=-0.07  ent=0.0005  std=0.757
[进度] 29,327,360/100,000,000 (29.3%)  FPS≈1198  阶段=stage_turret  速度=0.00  直行间隔=180  aim=0.100/current  rotate=-0.07  ent=0.0005  std=0.757
[进度] 29,343,744/100,000,000 (29.3%)  FPS≈1068  阶段=stage_turret  速度=0.00  直行间隔=180  aim=0.100/current  rotate=-0.07  ent=0.0005  std=0.757
[进度] 29,360,128/100,000,000 (29.4%)  FPS≈1057  阶段=stage_turret  速度=0.00  直行间隔=180  aim=0.100/current  rotate=-0.07  ent=0.0005  std=0.757
[存盘] 课程元数据 model_t29360128_stage0_stage_turret.curriculum.json  stage=stage_turret  bot=turret v=0.00
[存盘] runs/curriculum_turret/20260923_163427/checkpoints/model_t29360128_stage0_stage_turret.zip
[评测] 开始（100 局）…
  [评测进度] 10/100  kill(命中/开火)=0.600  direct(直击/开火)=0.320  被命中(挨打/敌开火)=0.600  先发制人(直击前未被打中的局)=0.300  弹数=25
  [评测进度] 20/100  kill(命中/开火)=0.481  direct(直击/开火)=0.308  被命中(挨打/敌开火)=0.567  先发制人(直击前未被打中的局)=0.400  弹数=52
  [评测进度] 30/100  kill(命中/开火)=0.355  direct(直击/开火)=0.204  被命中(挨打/敌开火)=0.541  先发制人(直击前未被打中的局)=0.300  弹数=93
  [评测进度] 40/100  kill(命中/开火)=0.357  direct(直击/开火)=0.198  被命中(挨打/敌开火)=0.544  先发制人(直击前未被打中的局)=0.250  弹数=126
  [评测进度] 50/100  kill(命中/开火)=0.331  direct(直击/开火)=0.194  被命中(挨打/敌开火)=0.518  先发制人(直击前未被打中的局)=0.240  弹数=160
  [评测进度] 60/100  kill(命中/开火)=0.342  direct(直击/开火)=0.209  被命中(挨打/敌开火)=0.493  先发制人(直击前未被打中的局)=0.283  弹数=187
  [评测进度] 70/100  kill(命中/开火)=0.350  direct(直击/开火)=0.220  被命中(挨打/敌开火)=0.502  先发制人(直击前未被打中的局)=0.286  弹数=214
  [评测进度] 80/100  kill(命中/开火)=0.336  direct(直击/开火)=0.213  被命中(挨打/敌开火)=0.489  先发制人(直击前未被打中的局)=0.263  弹数=253
  [评测进度] 90/100  kill(命中/开火)=0.338  direct(直击/开火)=0.212  被命中(挨打/敌开火)=0.479  先发制人(直击前未被打中的局)=0.244  弹数=293
  [评测进度] 100/100  kill(命中/开火)=0.337  direct(直击/开火)=0.212  被命中(挨打/敌开火)=0.483  先发制人(直击前未被打中的局)=0.240  弹数=326
------------------------------------------------------------
[评测] 阶段=stage_turret  局数=100
  kill_rate(命中/开火) = 0.337  hit_rate(直击/开火) = 0.212  中位TTK = 328
  被命中率(挨打/敌开火) = 0.483  先发制人率(直击前未被打中的局/局数) = 0.240
  TTK口径     : 首直击步数；无直击=该局结束步数（评测步限封顶）
  晋级条件 直击/开火 hit_rate≥1.01  当前=0.212  → 指标未达标
  未晋级，继续当前阶段
------------------------------------------------------------
[进度] 29,376,512/100,000,000 (29.4%)  FPS≈1194  阶段=stage_turret  速度=0.00  直行间隔=180  aim=0.100/current  rotate=-0.07  ent=0.0005  std=0.757
[进度] 29,392,896/100,000,000 (29.4%)  FPS≈1204  阶段=stage_turret  速度=0.00  直行间隔=180  aim=0.100/current  rotate=-0.07  ent=0.0005  std=0.757
[进度] 29,409,280/100,000,000 (29.4%)  FPS≈1190  阶段=stage_turret  速度=0.00  直行间隔=180  aim=0.100/current  rotate=-0.07  ent=0.0005  std=0.757
[进度] 29,425,664/100,000,000 (29.4%)  FPS≈1147  阶段=stage_turret  速度=0.00  直行间隔=180  aim=0.100/current  rotate=-0.07  ent=0.0005  std=0.757
[进度] 29,442,048/100,000,000 (29.4%)  FPS≈1162  阶段=stage_turret  速度=0.00  直行间隔=180  aim=0.100/current  rotate=-0.07  ent=0.0005  std=0.757
[进度] 29,458,432/100,000,000 (29.5%)  FPS≈1007  阶段=stage_turret  速度=0.00  直行间隔=180  aim=0.100/current  rotate=-0.07  ent=0.0005  std=0.757
[进度] 29,474,816/100,000,000 (29.5%)  FPS≈929  阶段=stage_turret  速度=0.00  直行间隔=180  aim=0.100/current  rotate=-0.07  ent=0.0005  std=0.757
[存盘] 课程元数据 model_t29474816_stage0_stage_turret.curriculum.json  stage=stage_turret  bot=turret v=0.00
[存盘] runs/curriculum_turret/20260923_163427/checkpoints/model_t29474816_stage0_stage_turret.zip
[评测] 开始（100 局）…
  [评测进度] 10/100  kill(命中/开火)=0.333  direct(直击/开火)=0.089  被命中(挨打/敌开火)=0.490  先发制人(直击前未被打中的局)=0.100  弹数=45
  [评测进度] 20/100  kill(命中/开火)=0.329  direct(直击/开火)=0.114  被命中(挨打/敌开火)=0.489  先发制人(直击前未被打中的局)=0.200  弹数=79
  [评测进度] 30/100  kill(命中/开火)=0.321  direct(直击/开火)=0.138  被命中(挨打/敌开火)=0.485  先发制人(直击前未被打中的局)=0.233  弹数=109
  [评测进度] 40/100  kill(命中/开火)=0.360  direct(直击/开火)=0.176  被命中(挨打/敌开火)=0.479  先发制人(直击前未被打中的局)=0.225  弹数=136
  [评测进度] 50/100  kill(命中/开火)=0.372  direct(直击/开火)=0.174  被命中(挨打/敌开火)=0.469  先发制人(直击前未被打中的局)=0.240  弹数=172
  [评测进度] 60/100  kill(命中/开火)=0.351  direct(直击/开火)=0.161  被命中(挨打/敌开火)=0.445  先发制人(直击前未被打中的局)=0.217  弹数=211
  [评测进度] 70/100  kill(命中/开火)=0.357  direct(直击/开火)=0.170  被命中(挨打/敌开火)=0.432  先发制人(直击前未被打中的局)=0.229  弹数=241
  [评测进度] 80/100  kill(命中/开火)=0.338  direct(直击/开火)=0.155  被命中(挨打/敌开火)=0.423  先发制人(直击前未被打中的局)=0.237  弹数=290
  [评测进度] 90/100  kill(命中/开火)=0.343  direct(直击/开火)=0.167  被命中(挨打/敌开火)=0.434  先发制人(直击前未被打中的局)=0.244  弹数=318
  [评测进度] 100/100  kill(命中/开火)=0.346  direct(直击/开火)=0.164  被命中(挨打/敌开火)=0.438  先发制人(直击前未被打中的局)=0.240  弹数=353
------------------------------------------------------------
[评测] 阶段=stage_turret  局数=100
  kill_rate(命中/开火) = 0.346  hit_rate(直击/开火) = 0.164  中位TTK = 400
  被命中率(挨打/敌开火) = 0.438  先发制人率(直击前未被打中的局/局数) = 0.240
  TTK口径     : 首直击步数；无直击=该局结束步数（评测步限封顶）
  晋级条件 直击/开火 hit_rate≥1.01  当前=0.164  → 指标未达标
  未晋级，继续当前阶段
------------------------------------------------------------
[进度] 29,491,200/100,000,000 (29.5%)  FPS≈1171  阶段=stage_turret  速度=0.00  直行间隔=180  aim=0.100/current  rotate=-0.07  ent=0.0005  std=0.756
[进度] 29,507,584/100,000,000 (29.5%)  FPS≈1200  阶段=stage_turret  速度=0.00  直行间隔=180  aim=0.100/current  rotate=-0.07  ent=0.0005  std=0.756
[进度] 29,523,968/100,000,000 (29.5%)  FPS≈1168  阶段=stage_turret  速度=0.00  直行间隔=180  aim=0.100/current  rotate=-0.07  ent=0.0005  std=0.756
[进度] 29,540,352/100,000,000 (29.5%)  FPS≈1216  阶段=stage_turret  速度=0.00  直行间隔=180  aim=0.100/current  rotate=-0.07  ent=0.0005  std=0.756
[进度] 29,556,736/100,000,000 (29.6%)  FPS≈1155  阶段=stage_turret  速度=0.00  直行间隔=180  aim=0.100/current  rotate=-0.07  ent=0.0005  std=0.756
[进度] 29,573,120/100,000,000 (29.6%)  FPS≈884  阶段=stage_turret  速度=0.00  直行间隔=180  aim=0.100/current  rotate=-0.07  ent=0.0005  std=0.756
[进度] 29,589,504/100,000,000 (29.6%)  FPS≈1133  阶段=stage_turret  速度=0.00  直行间隔=180  aim=0.100/current  rotate=-0.07  ent=0.0005  std=0.755
[存盘] 课程元数据 model_t29589504_stage0_stage_turret.curriculum.json  stage=stage_turret  bot=turret v=0.00
[存盘] runs/curriculum_turret/20260923_163427/checkpoints/model_t29589504_stage0_stage_turret.zip
[评测] 开始（100 局）…
  [评测进度] 10/100  kill(命中/开火)=0.565  direct(直击/开火)=0.391  被命中(挨打/敌开火)=0.462  先发制人(直击前未被打中的局)=0.300  弹数=23
  [评测进度] 20/100  kill(命中/开火)=0.510  direct(直击/开火)=0.347  被命中(挨打/敌开火)=0.491  先发制人(直击前未被打中的局)=0.300  弹数=49
  [评测进度] 30/100  kill(命中/开火)=0.404  direct(直击/开火)=0.258  被命中(挨打/敌开火)=0.465  先发制人(直击前未被打中的局)=0.200  弹数=89
  [评测进度] 40/100  kill(命中/开火)=0.395  direct(直击/开火)=0.252  被命中(挨打/敌开火)=0.431  先发制人(直击前未被打中的局)=0.250  弹数=119
  [评测进度] 50/100  kill(命中/开火)=0.407  direct(直击/开火)=0.253  被命中(挨打/敌开火)=0.400  先发制人(直击前未被打中的局)=0.260  弹数=150
  [评测进度] 60/100  kill(命中/开火)=0.401  direct(直击/开火)=0.267  被命中(挨打/敌开火)=0.375  先发制人(直击前未被打中的局)=0.317  弹数=172
  [评测进度] 70/100  kill(命中/开火)=0.376  direct(直击/开火)=0.248  被命中(挨打/敌开火)=0.362  先发制人(直击前未被打中的局)=0.314  弹数=210
  [评测进度] 80/100  kill(命中/开火)=0.361  direct(直击/开火)=0.246  被命中(挨打/敌开火)=0.362  先发制人(直击前未被打中的局)=0.338  弹数=244
  [评测进度] 90/100  kill(命中/开火)=0.346  direct(直击/开火)=0.236  被命中(挨打/敌开火)=0.376  先发制人(直击前未被打中的局)=0.311  弹数=280
  [评测进度] 100/100  kill(命中/开火)=0.323  direct(直击/开火)=0.214  被命中(挨打/敌开火)=0.386  先发制人(直击前未被打中的局)=0.310  弹数=322
------------------------------------------------------------
[评测] 阶段=stage_turret  局数=100
  kill_rate(命中/开火) = 0.323  hit_rate(直击/开火) = 0.214  中位TTK = 270
  被命中率(挨打/敌开火) = 0.386  先发制人率(直击前未被打中的局/局数) = 0.310
  TTK口径     : 首直击步数；无直击=该局结束步数（评测步限封顶）
  晋级条件 直击/开火 hit_rate≥1.01  当前=0.214  → 指标未达标
  未晋级，继续当前阶段
------------------------------------------------------------
[进度] 29,605,888/100,000,000 (29.6%)  FPS≈1116  阶段=stage_turret  速度=0.00  直行间隔=180  aim=0.100/current  rotate=-0.07  ent=0.0005  std=0.755
[进度] 29,622,272/100,000,000 (29.6%)  FPS≈1122  阶段=stage_turret  速度=0.00  直行间隔=180  aim=0.100/current  rotate=-0.07  ent=0.0005  std=0.754
[进度] 29,638,656/100,000,000 (29.6%)  FPS≈1190  阶段=stage_turret  速度=0.00  直行间隔=180  aim=0.100/current  rotate=-0.07  ent=0.0005  std=0.755
[进度] 29,655,040/100,000,000 (29.7%)  FPS≈1179  阶段=stage_turret  速度=0.00  直行间隔=180  aim=0.100/current  rotate=-0.07  ent=0.0005  std=0.755
[进度] 29,671,424/100,000,000 (29.7%)  FPS≈1186  阶段=stage_turret  速度=0.00  直行间隔=180  aim=0.100/current  rotate=-0.07  ent=0.0005  std=0.754
[进度] 29,687,808/100,000,000 (29.7%)  FPS≈1163  阶段=stage_turret  速度=0.00  直行间隔=180  aim=0.100/current  rotate=-0.07  ent=0.0005  std=0.754
[进度] 29,704,192/100,000,000 (29.7%)  FPS≈1208  阶段=stage_turret  速度=0.00  直行间隔=180  aim=0.100/current  rotate=-0.07  ent=0.0005  std=0.754
[存盘] 课程元数据 model_t29704192_stage0_stage_turret.curriculum.json  stage=stage_turret  bot=turret v=0.00
[存盘] runs/curriculum_turret/20260923_163427/checkpoints/model_t29704192_stage0_stage_turret.zip
[评测] 开始（100 局）…
  [评测进度] 10/100  kill(命中/开火)=0.116  direct(直击/开火)=0.093  被命中(挨打/敌开火)=0.522  先发制人(直击前未被打中的局)=0.300  弹数=43
  [评测进度] 20/100  kill(命中/开火)=0.188  direct(直击/开火)=0.106  被命中(挨打/敌开火)=0.527  先发制人(直击前未被打中的局)=0.200  弹数=85
  [评测进度] 30/100  kill(命中/开火)=0.233  direct(直击/开火)=0.138  被命中(挨打/敌开火)=0.488  先发制人(直击前未被打中的局)=0.300  弹数=116
  [评测进度] 40/100  kill(命中/开火)=0.253  direct(直击/开火)=0.151  被命中(挨打/敌开火)=0.530  先发制人(直击前未被打中的局)=0.250  弹数=146
  [评测进度] 50/100  kill(命中/开火)=0.265  direct(直击/开火)=0.143  被命中(挨打/敌开火)=0.512  先发制人(直击前未被打中的局)=0.260  弹数=189
  [评测进度] 60/100  kill(命中/开火)=0.272  direct(直击/开火)=0.143  被命中(挨打/敌开火)=0.514  先发制人(直击前未被打中的局)=0.233  弹数=224
  [评测进度] 70/100  kill(命中/开火)=0.286  direct(直击/开火)=0.139  被命中(挨打/敌开火)=0.490  先发制人(直击前未被打中的局)=0.214  弹数=266
  [评测进度] 80/100  kill(命中/开火)=0.281  direct(直击/开火)=0.141  被命中(挨打/敌开火)=0.494  先发制人(直击前未被打中的局)=0.188  弹数=306
  [评测进度] 90/100  kill(命中/开火)=0.286  direct(直击/开火)=0.145  被命中(挨打/敌开火)=0.500  先发制人(直击前未被打中的局)=0.189  弹数=339
  [评测进度] 100/100  kill(命中/开火)=0.273  direct(直击/开火)=0.138  被命中(挨打/敌开火)=0.498  先发制人(直击前未被打中的局)=0.180  弹数=385
------------------------------------------------------------
[评测] 阶段=stage_turret  局数=100
  kill_rate(命中/开火) = 0.273  hit_rate(直击/开火) = 0.138  中位TTK = 422
  被命中率(挨打/敌开火) = 0.498  先发制人率(直击前未被打中的局/局数) = 0.180
  TTK口径     : 首直击步数；无直击=该局结束步数（评测步限封顶）
  晋级条件 直击/开火 hit_rate≥1.01  当前=0.138  → 指标未达标
  未晋级，继续当前阶段
------------------------------------------------------------
[进度] 29,720,576/100,000,000 (29.7%)  FPS≈1039  阶段=stage_turret  速度=0.00  直行间隔=180  aim=0.100/current  rotate=-0.07  ent=0.0005  std=0.754
[进度] 29,736,960/100,000,000 (29.7%)  FPS≈1142  阶段=stage_turret  速度=0.00  直行间隔=180  aim=0.100/current  rotate=-0.07  ent=0.0005  std=0.755
[进度] 29,753,344/100,000,000 (29.8%)  FPS≈1117  阶段=stage_turret  速度=0.00  直行间隔=180  aim=0.100/current  rotate=-0.07  ent=0.0005  std=0.754
[进度] 29,769,728/100,000,000 (29.8%)  FPS≈1147  阶段=stage_turret  速度=0.00  直行间隔=180  aim=0.100/current  rotate=-0.07  ent=0.0005  std=0.754
[进度] 29,786,112/100,000,000 (29.8%)  FPS≈1185  阶段=stage_turret  速度=0.00  直行间隔=180  aim=0.100/current  rotate=-0.07  ent=0.0005  std=0.754
[进度] 29,802,496/100,000,000 (29.8%)  FPS≈1195  阶段=stage_turret  速度=0.00  直行间隔=180  aim=0.100/current  rotate=-0.07  ent=0.0005  std=0.754
[进度] 29,818,880/100,000,000 (29.8%)  FPS≈1157  阶段=stage_turret  速度=0.00  直行间隔=180  aim=0.100/current  rotate=-0.07  ent=0.0005  std=0.753
[存盘] 课程元数据 model_t29818880_stage0_stage_turret.curriculum.json  stage=stage_turret  bot=turret v=0.00
[存盘] runs/curriculum_turret/20260923_163427/checkpoints/model_t29818880_stage0_stage_turret.zip
[评测] 开始（100 局）…
  [评测进度] 10/100  kill(命中/开火)=0.216  direct(直击/开火)=0.162  被命中(挨打/敌开火)=0.442  先发制人(直击前未被打中的局)=0.300  弹数=37
  [评测进度] 20/100  kill(命中/开火)=0.279  direct(直击/开火)=0.176  被命中(挨打/敌开火)=0.481  先发制人(直击前未被打中的局)=0.350  弹数=68
  [评测进度] 30/100  kill(命中/开火)=0.283  direct(直击/开火)=0.170  被命中(挨打/敌开火)=0.460  先发制人(直击前未被打中的局)=0.333  弹数=106
  [评测进度] 40/100  kill(命中/开火)=0.284  direct(直击/开火)=0.142  被命中(挨打/敌开火)=0.494  先发制人(直击前未被打中的局)=0.275  弹数=148
  [评测进度] 50/100  kill(命中/开火)=0.271  direct(直击/开火)=0.135  被命中(挨打/敌开火)=0.491  先发制人(直击前未被打中的局)=0.260  弹数=192
  [评测进度] 60/100  kill(命中/开火)=0.252  direct(直击/开火)=0.116  被命中(挨打/敌开火)=0.464  先发制人(直击前未被打中的局)=0.233  弹数=242
  [评测进度] 70/100  kill(命中/开火)=0.254  direct(直击/开火)=0.120  被命中(挨打/敌开火)=0.476  先发制人(直击前未被打中的局)=0.229  弹数=276
  [评测进度] 80/100  kill(命中/开火)=0.257  direct(直击/开火)=0.134  被命中(挨打/敌开火)=0.472  先发制人(直击前未被打中的局)=0.250  弹数=307
  [评测进度] 90/100  kill(命中/开火)=0.265  direct(直击/开火)=0.142  被命中(挨打/敌开火)=0.468  先发制人(直击前未被打中的局)=0.256  弹数=339
  [评测进度] 100/100  kill(命中/开火)=0.256  direct(直击/开火)=0.130  被命中(挨打/敌开火)=0.461  先发制人(直击前未被打中的局)=0.230  弹数=386
------------------------------------------------------------
[评测] 阶段=stage_turret  局数=100
  kill_rate(命中/开火) = 0.256  hit_rate(直击/开火) = 0.130  中位TTK = 476
  被命中率(挨打/敌开火) = 0.461  先发制人率(直击前未被打中的局/局数) = 0.230
  TTK口径     : 首直击步数；无直击=该局结束步数（评测步限封顶）
  晋级条件 直击/开火 hit_rate≥1.01  当前=0.130  → 指标未达标
  未晋级，继续当前阶段
------------------------------------------------------------
[进度] 29,835,264/100,000,000 (29.8%)  FPS≈1127  阶段=stage_turret  速度=0.00  直行间隔=180  aim=0.100/current  rotate=-0.07  ent=0.0005  std=0.753
[进度] 29,851,648/100,000,000 (29.9%)  FPS≈1144  阶段=stage_turret  速度=0.00  直行间隔=180  aim=0.100/current  rotate=-0.07  ent=0.0005  std=0.753
[进度] 29,868,032/100,000,000 (29.9%)  FPS≈1216  阶段=stage_turret  速度=0.00  直行间隔=180  aim=0.100/current  rotate=-0.07  ent=0.0005  std=0.754
[进度] 29,884,416/100,000,000 (29.9%)  FPS≈1189  阶段=stage_turret  速度=0.00  直行间隔=180  aim=0.100/current  rotate=-0.07  ent=0.0005  std=0.753
[进度] 29,900,800/100,000,000 (29.9%)  FPS≈1197  阶段=stage_turret  速度=0.00  直行间隔=180  aim=0.100/current  rotate=-0.07  ent=0.0005  std=0.753
[进度] 29,917,184/100,000,000 (29.9%)  FPS≈1183  阶段=stage_turret  速度=0.00  直行间隔=180  aim=0.100/current  rotate=-0.07  ent=0.0005  std=0.752
[进度] 29,933,568/100,000,000 (29.9%)  FPS≈1024  阶段=stage_turret  速度=0.00  直行间隔=180  aim=0.100/current  rotate=-0.07  ent=0.0005  std=0.752
[存盘] 课程元数据 model_t29933568_stage0_stage_turret.curriculum.json  stage=stage_turret  bot=turret v=0.00
[存盘] runs/curriculum_turret/20260923_163427/checkpoints/model_t29933568_stage0_stage_turret.zip
[评测] 开始（100 局）…
  [评测进度] 10/100  kill(命中/开火)=0.188  direct(直击/开火)=0.062  被命中(挨打/敌开火)=0.589  先发制人(直击前未被打中的局)=0.000  弹数=48
  [评测进度] 20/100  kill(命中/开火)=0.273  direct(直击/开火)=0.143  被命中(挨打/敌开火)=0.575  先发制人(直击前未被打中的局)=0.050  弹数=77
  [评测进度] 30/100  kill(命中/开火)=0.295  direct(直击/开火)=0.161  被命中(挨打/敌开火)=0.598  先发制人(直击前未被打中的局)=0.100  弹数=112
  [评测进度] 40/100  kill(命中/开火)=0.292  direct(直击/开火)=0.174  被命中(挨打/敌开火)=0.591  先发制人(直击前未被打中的局)=0.150  弹数=144
  [评测进度] 50/100  kill(命中/开火)=0.303  direct(直击/开火)=0.174  被命中(挨打/敌开火)=0.555  先发制人(直击前未被打中的局)=0.200  弹数=178
  [评测进度] 60/100  kill(命中/开火)=0.320  direct(直击/开火)=0.194  被命中(挨打/敌开火)=0.543  先发制人(直击前未被打中的局)=0.233  弹数=206
  [评测进度] 70/100  kill(命中/开火)=0.297  direct(直击/开火)=0.179  被命中(挨打/敌开火)=0.539  先发制人(直击前未被打中的局)=0.243  弹数=246
  [评测进度] 80/100  kill(命中/开火)=0.305  direct(直击/开火)=0.177  被命中(挨打/敌开火)=0.552  先发制人(直击前未被打中的局)=0.225  弹数=282
  [评测进度] 90/100  kill(命中/开火)=0.305  direct(直击/开火)=0.183  被命中(挨打/敌开火)=0.560  先发制人(直击前未被打中的局)=0.233  弹数=311
  [评测进度] 100/100  kill(命中/开火)=0.287  direct(直击/开火)=0.173  被命中(挨打/敌开火)=0.532  先发制人(直击前未被打中的局)=0.230  弹数=352
------------------------------------------------------------
[评测] 阶段=stage_turret  局数=100
  kill_rate(命中/开火) = 0.287  hit_rate(直击/开火) = 0.173  中位TTK = 330
  被命中率(挨打/敌开火) = 0.532  先发制人率(直击前未被打中的局/局数) = 0.230
  TTK口径     : 首直击步数；无直击=该局结束步数（评测步限封顶）
  晋级条件 直击/开火 hit_rate≥1.01  当前=0.173  → 指标未达标
  未晋级，继续当前阶段
------------------------------------------------------------
[进度] 29,949,952/100,000,000 (29.9%)  FPS≈1117  阶段=stage_turret  速度=0.00  直行间隔=180  aim=0.100/current  rotate=-0.07  ent=0.0005  std=0.752
[进度] 29,966,336/100,000,000 (30.0%)  FPS≈1235  阶段=stage_turret  速度=0.00  直行间隔=180  aim=0.100/current  rotate=-0.07  ent=0.0005  std=0.752
[进度] 29,982,720/100,000,000 (30.0%)  FPS≈1121  阶段=stage_turret  速度=0.00  直行间隔=180  aim=0.100/current  rotate=-0.07  ent=0.0005  std=0.752
[进度] 29,999,104/100,000,000 (30.0%)  FPS≈1112  阶段=stage_turret  速度=0.00  直行间隔=180  aim=0.100/current  rotate=-0.07  ent=0.0005  std=0.752
[进度] 30,015,488/100,000,000 (30.0%)  FPS≈1118  阶段=stage_turret  速度=0.00  直行间隔=180  aim=0.100/current  rotate=-0.07  ent=0.0005  std=0.752
[进度] 30,031,872/100,000,000 (30.0%)  FPS≈1202  阶段=stage_turret  速度=0.00  直行间隔=180  aim=0.100/current  rotate=-0.07  ent=0.0005  std=0.752
[进度] 30,048,256/100,000,000 (30.0%)  FPS≈1143  阶段=stage_turret  速度=0.00  直行间隔=180  aim=0.100/current  rotate=-0.07  ent=0.0005  std=0.751
[存盘] 课程元数据 model_t30048256_stage0_stage_turret.curriculum.json  stage=stage_turret  bot=turret v=0.00
[存盘] runs/curriculum_turret/20260923_163427/checkpoints/model_t30048256_stage0_stage_turret.zip
[评测] 开始（100 局）…
  [评测进度] 10/100  kill(命中/开火)=0.357  direct(直击/开火)=0.119  被命中(挨打/敌开火)=0.438  先发制人(直击前未被打中的局)=0.200  弹数=42
  [评测进度] 20/100  kill(命中/开火)=0.337  direct(直击/开火)=0.120  被命中(挨打/敌开火)=0.463  先发制人(直击前未被打中的局)=0.150  弹数=83
  [评测进度] 30/100  kill(命中/开火)=0.355  direct(直击/开火)=0.178  被命中(挨打/敌开火)=0.390  先发制人(直击前未被打中的局)=0.300  弹数=107
  [评测进度] 40/100  kill(命中/开火)=0.329  direct(直击/开火)=0.145  被命中(挨打/敌开火)=0.442  先发制人(直击前未被打中的局)=0.250  弹数=152
  [评测进度] 50/100  kill(命中/开火)=0.330  direct(直击/开火)=0.162  被命中(挨打/敌开火)=0.433  先发制人(直击前未被打中的局)=0.280  弹数=179
  [评测进度] 60/100  kill(命中/开火)=0.324  direct(直击/开火)=0.149  被命中(挨打/敌开火)=0.446  先发制人(直击前未被打中的局)=0.250  弹数=222
  [评测进度] 70/100  kill(命中/开火)=0.302  direct(直击/开火)=0.138  被命中(挨打/敌开火)=0.445  先发制人(直击前未被打中的局)=0.243  弹数=268
  [评测进度] 80/100  kill(命中/开火)=0.305  direct(直击/开火)=0.142  被命中(挨打/敌开火)=0.433  先发制人(直击前未被打中的局)=0.250  弹数=302
  [评测进度] 90/100  kill(命中/开火)=0.302  direct(直击/开火)=0.138  被命中(挨打/敌开火)=0.443  先发制人(直击前未被打中的局)=0.244  弹数=341
  [评测进度] 100/100  kill(命中/开火)=0.293  direct(直击/开火)=0.141  被命中(挨打/敌开火)=0.427  先发制人(直击前未被打中的局)=0.260  弹数=375
------------------------------------------------------------
[评测] 阶段=stage_turret  局数=100
  kill_rate(命中/开火) = 0.293  hit_rate(直击/开火) = 0.141  中位TTK = 382
  被命中率(挨打/敌开火) = 0.427  先发制人率(直击前未被打中的局/局数) = 0.260
  TTK口径     : 首直击步数；无直击=该局结束步数（评测步限封顶）
  晋级条件 直击/开火 hit_rate≥1.01  当前=0.141  → 指标未达标
  未晋级，继续当前阶段
------------------------------------------------------------
[进度] 30,064,640/100,000,000 (30.1%)  FPS≈1177  阶段=stage_turret  速度=0.00  直行间隔=180  aim=0.100/current  rotate=-0.07  ent=0.0005  std=0.751
[进度] 30,081,024/100,000,000 (30.1%)  FPS≈1165  阶段=stage_turret  速度=0.00  直行间隔=180  aim=0.100/current  rotate=-0.07  ent=0.0005  std=0.751
[进度] 30,097,408/100,000,000 (30.1%)  FPS≈1205  阶段=stage_turret  速度=0.00  直行间隔=180  aim=0.100/current  rotate=-0.07  ent=0.0005  std=0.751
[进度] 30,113,792/100,000,000 (30.1%)  FPS≈976  阶段=stage_turret  速度=0.00  直行间隔=180  aim=0.100/current  rotate=-0.07  ent=0.0005  std=0.750
[进度] 30,130,176/100,000,000 (30.1%)  FPS≈1199  阶段=stage_turret  速度=0.00  直行间隔=180  aim=0.100/current  rotate=-0.07  ent=0.0005  std=0.750
[进度] 30,146,560/100,000,000 (30.1%)  FPS≈1148  阶段=stage_turret  速度=0.00  直行间隔=180  aim=0.100/current  rotate=-0.07  ent=0.0005  std=0.750
[进度] 30,162,944/100,000,000 (30.2%)  FPS≈1151  阶段=stage_turret  速度=0.00  直行间隔=180  aim=0.100/current  rotate=-0.07  ent=0.0005  std=0.750
[存盘] 课程元数据 model_t30162944_stage0_stage_turret.curriculum.json  stage=stage_turret  bot=turret v=0.00
[存盘] runs/curriculum_turret/20260923_163427/checkpoints/model_t30162944_stage0_stage_turret.zip
[评测] 开始（100 局）…
  [评测进度] 10/100  kill(命中/开火)=0.379  direct(直击/开火)=0.241  被命中(挨打/敌开火)=0.441  先发制人(直击前未被打中的局)=0.000  弹数=29
  [评测进度] 20/100  kill(命中/开火)=0.310  direct(直击/开火)=0.224  被命中(挨打/敌开火)=0.507  先发制人(直击前未被打中的局)=0.150  弹数=58
  [评测进度] 30/100  kill(命中/开火)=0.315  direct(直击/开火)=0.225  被命中(挨打/敌开火)=0.462  先发制人(直击前未被打中的局)=0.233  弹数=89
  [评测进度] 40/100  kill(命中/开火)=0.311  direct(直击/开火)=0.227  被命中(挨打/敌开火)=0.447  先发制人(直击前未被打中的局)=0.225  弹数=119
  [评测进度] 50/100  kill(命中/开火)=0.290  direct(直击/开火)=0.198  被命中(挨打/敌开火)=0.422  先发制人(直击前未被打中的局)=0.200  弹数=162
  [评测进度] 60/100  kill(命中/开火)=0.297  direct(直击/开火)=0.188  被命中(挨打/敌开火)=0.414  先发制人(直击前未被打中的局)=0.183  弹数=202
  [评测进度] 70/100  kill(命中/开火)=0.274  direct(直击/开火)=0.169  被命中(挨打/敌开火)=0.410  先发制人(直击前未被打中的局)=0.186  弹数=248
  [评测进度] 80/100  kill(命中/开火)=0.274  direct(直击/开火)=0.168  被命中(挨打/敌开火)=0.413  先发制人(直击前未被打中的局)=0.188  弹数=285
  [评测进度] 90/100  kill(命中/开火)=0.281  direct(直击/开火)=0.157  被命中(挨打/敌开火)=0.426  先发制人(直击前未被打中的局)=0.178  弹数=331
  [评测进度] 100/100  kill(命中/开火)=0.281  direct(直击/开火)=0.161  被命中(挨打/敌开火)=0.430  先发制人(直击前未被打中的局)=0.180  弹数=366
------------------------------------------------------------
[评测] 阶段=stage_turret  局数=100
  kill_rate(命中/开火) = 0.281  hit_rate(直击/开火) = 0.161  中位TTK = 384
  被命中率(挨打/敌开火) = 0.430  先发制人率(直击前未被打中的局/局数) = 0.180
  TTK口径     : 首直击步数；无直击=该局结束步数（评测步限封顶）
  晋级条件 直击/开火 hit_rate≥1.01  当前=0.161  → 指标未达标
  未晋级，继续当前阶段
------------------------------------------------------------
[进度] 30,179,328/100,000,000 (30.2%)  FPS≈1180  阶段=stage_turret  速度=0.00  直行间隔=180  aim=0.100/current  rotate=-0.07  ent=0.0005  std=0.750
[进度] 30,195,712/100,000,000 (30.2%)  FPS≈1184  阶段=stage_turret  速度=0.00  直行间隔=180  aim=0.100/current  rotate=-0.07  ent=0.0005  std=0.749
[进度] 30,212,096/100,000,000 (30.2%)  FPS≈1177  阶段=stage_turret  速度=0.00  直行间隔=180  aim=0.100/current  rotate=-0.07  ent=0.0005  std=0.749
[进度] 30,228,480/100,000,000 (30.2%)  FPS≈1217  阶段=stage_turret  速度=0.00  直行间隔=180  aim=0.100/current  rotate=-0.07  ent=0.0005  std=0.749
[进度] 30,244,864/100,000,000 (30.2%)  FPS≈1225  阶段=stage_turret  速度=0.00  直行间隔=180  aim=0.100/current  rotate=-0.07  ent=0.0005  std=0.748
[进度] 30,261,248/100,000,000 (30.3%)  FPS≈1182  阶段=stage_turret  速度=0.00  直行间隔=180  aim=0.100/current  rotate=-0.07  ent=0.0005  std=0.748
[进度] 30,277,632/100,000,000 (30.3%)  FPS≈1229  阶段=stage_turret  速度=0.00  直行间隔=180  aim=0.100/current  rotate=-0.07  ent=0.0005  std=0.748
[存盘] 课程元数据 model_t30277632_stage0_stage_turret.curriculum.json  stage=stage_turret  bot=turret v=0.00
[存盘] runs/curriculum_turret/20260923_163427/checkpoints/model_t30277632_stage0_stage_turret.zip
[评测] 开始（100 局）…
  [评测进度] 10/100  kill(命中/开火)=0.179  direct(直击/开火)=0.128  被命中(挨打/敌开火)=0.558  先发制人(直击前未被打中的局)=0.000  弹数=39
  [评测进度] 20/100  kill(命中/开火)=0.190  direct(直击/开火)=0.095  被命中(挨打/敌开火)=0.527  先发制人(直击前未被打中的局)=0.100  弹数=84
  [评测进度] 30/100  kill(命中/开火)=0.222  direct(直击/开火)=0.120  被命中(挨打/敌开火)=0.545  先发制人(直击前未被打中的局)=0.133  弹数=117
  [评测进度] 40/100  kill(命中/开火)=0.224  direct(直击/开火)=0.115  被命中(挨打/敌开火)=0.484  先发制人(直击前未被打中的局)=0.150  弹数=165
  [评测进度] 50/100  kill(命中/开火)=0.229  direct(直击/开火)=0.105  被命中(挨打/敌开火)=0.525  先发制人(直击前未被打中的局)=0.120  弹数=210
  [评测进度] 60/100  kill(命中/开火)=0.234  direct(直击/开火)=0.102  被命中(挨打/敌开火)=0.488  先发制人(直击前未被打中的局)=0.133  弹数=256
  [评测进度] 70/100  kill(命中/开火)=0.235  direct(直击/开火)=0.101  被命中(挨打/敌开火)=0.475  先发制人(直击前未被打中的局)=0.143  弹数=298
  [评测进度] 80/100  kill(命中/开火)=0.245  direct(直击/开火)=0.113  被命中(挨打/敌开火)=0.467  先发制人(直击前未被打中的局)=0.150  弹数=335
  [评测进度] 90/100  kill(命中/开火)=0.246  direct(直击/开火)=0.115  被命中(挨打/敌开火)=0.460  先发制人(直击前未被打中的局)=0.156  弹数=374
  [评测进度] 100/100  kill(命中/开火)=0.246  direct(直击/开火)=0.112  被命中(挨打/敌开火)=0.453  先发制人(直击前未被打中的局)=0.150  弹数=419
------------------------------------------------------------
[评测] 阶段=stage_turret  局数=100
  kill_rate(命中/开火) = 0.246  hit_rate(直击/开火) = 0.112  中位TTK = 514
  被命中率(挨打/敌开火) = 0.453  先发制人率(直击前未被打中的局/局数) = 0.150
  TTK口径     : 首直击步数；无直击=该局结束步数（评测步限封顶）
  晋级条件 直击/开火 hit_rate≥1.01  当前=0.112  → 指标未达标
  未晋级，继续当前阶段
------------------------------------------------------------
[进度] 30,294,016/100,000,000 (30.3%)  FPS≈1192  阶段=stage_turret  速度=0.00  直行间隔=180  aim=0.100/current  rotate=-0.07  ent=0.0005  std=0.748
[进度] 30,310,400/100,000,000 (30.3%)  FPS≈1212  阶段=stage_turret  速度=0.00  直行间隔=180  aim=0.100/current  rotate=-0.07  ent=0.0005  std=0.748
[进度] 30,326,784/100,000,000 (30.3%)  FPS≈1175  阶段=stage_turret  速度=0.00  直行间隔=180  aim=0.100/current  rotate=-0.07  ent=0.0005  std=0.748
[进度] 30,343,168/100,000,000 (30.3%)  FPS≈1191  阶段=stage_turret  速度=0.00  直行间隔=180  aim=0.100/current  rotate=-0.07  ent=0.0005  std=0.747
[进度] 30,359,552/100,000,000 (30.4%)  FPS≈1230  阶段=stage_turret  速度=0.00  直行间隔=180  aim=0.100/current  rotate=-0.07  ent=0.0005  std=0.748
[进度] 30,375,936/100,000,000 (30.4%)  FPS≈1198  阶段=stage_turret  速度=0.00  直行间隔=180  aim=0.100/current  rotate=-0.07  ent=0.0005  std=0.747
[进度] 30,392,320/100,000,000 (30.4%)  FPS≈1182  阶段=stage_turret  速度=0.00  直行间隔=180  aim=0.100/current  rotate=-0.07  ent=0.0005  std=0.748
[存盘] 课程元数据 model_t30392320_stage0_stage_turret.curriculum.json  stage=stage_turret  bot=turret v=0.00
[存盘] runs/curriculum_turret/20260923_163427/checkpoints/model_t30392320_stage0_stage_turret.zip
[评测] 开始（100 局）…
  [评测进度] 10/100  kill(命中/开火)=0.361  direct(直击/开火)=0.194  被命中(挨打/敌开火)=0.432  先发制人(直击前未被打中的局)=0.200  弹数=36
  [评测进度] 20/100  kill(命中/开火)=0.310  direct(直击/开火)=0.197  被命中(挨打/敌开火)=0.471  先发制人(直击前未被打中的局)=0.250  弹数=71
  [评测进度] 30/100  kill(命中/开火)=0.296  direct(直击/开火)=0.176  被命中(挨打/敌开火)=0.481  先发制人(直击前未被打中的局)=0.233  弹数=108
  [评测进度] 40/100  kill(命中/开火)=0.272  direct(直击/开火)=0.159  被命中(挨打/敌开火)=0.461  先发制人(直击前未被打中的局)=0.200  弹数=151
  [评测进度] 50/100  kill(命中/开火)=0.297  direct(直击/开火)=0.170  被命中(挨打/敌开火)=0.493  先发制人(直击前未被打中的局)=0.180  弹数=182
  [评测进度] 60/100  kill(命中/开火)=0.281  direct(直击/开火)=0.161  被命中(挨打/敌开火)=0.494  先发制人(直击前未被打中的局)=0.167  弹数=224
  [评测进度] 70/100  kill(命中/开火)=0.285  direct(直击/开火)=0.170  被命中(挨打/敌开火)=0.485  先发制人(直击前未被打中的局)=0.214  弹数=253
  [评测进度] 80/100  kill(命中/开火)=0.284  direct(直击/开火)=0.168  被命中(挨打/敌开火)=0.494  先发制人(直击前未被打中的局)=0.237  弹数=285
  [评测进度] 90/100  kill(命中/开火)=0.291  direct(直击/开火)=0.174  被命中(挨打/敌开火)=0.485  先发制人(直击前未被打中的局)=0.233  弹数=316
  [评测进度] 100/100  kill(命中/开火)=0.295  direct(直击/开火)=0.176  被命中(挨打/敌开火)=0.469  先发制人(直击前未被打中的局)=0.250  弹数=353
------------------------------------------------------------
[评测] 阶段=stage_turret  局数=100
  kill_rate(命中/开火) = 0.295  hit_rate(直击/开火) = 0.176  中位TTK = 332
  被命中率(挨打/敌开火) = 0.469  先发制人率(直击前未被打中的局/局数) = 0.250
  TTK口径     : 首直击步数；无直击=该局结束步数（评测步限封顶）
  晋级条件 直击/开火 hit_rate≥1.01  当前=0.176  → 指标未达标
  未晋级，继续当前阶段
------------------------------------------------------------
[进度] 30,408,704/100,000,000 (30.4%)  FPS≈1187  阶段=stage_turret  速度=0.00  直行间隔=180  aim=0.100/current  rotate=-0.07  ent=0.0005  std=0.748
[进度] 30,425,088/100,000,000 (30.4%)  FPS≈1221  阶段=stage_turret  速度=0.00  直行间隔=180  aim=0.100/current  rotate=-0.07  ent=0.0005  std=0.748
[进度] 30,441,472/100,000,000 (30.4%)  FPS≈1253  阶段=stage_turret  速度=0.00  直行间隔=180  aim=0.100/current  rotate=-0.07  ent=0.0005  std=0.748
[进度] 30,457,856/100,000,000 (30.5%)  FPS≈1196  阶段=stage_turret  速度=0.00  直行间隔=180  aim=0.100/current  rotate=-0.07  ent=0.0005  std=0.748
[进度] 30,474,240/100,000,000 (30.5%)  FPS≈1196  阶段=stage_turret  速度=0.00  直行间隔=180  aim=0.100/current  rotate=-0.07  ent=0.0005  std=0.748
[进度] 30,490,624/100,000,000 (30.5%)  FPS≈1234  阶段=stage_turret  速度=0.00  直行间隔=180  aim=0.100/current  rotate=-0.07  ent=0.0005  std=0.748
[进度] 30,507,008/100,000,000 (30.5%)  FPS≈1224  阶段=stage_turret  速度=0.00  直行间隔=180  aim=0.100/current  rotate=-0.07  ent=0.0005  std=0.748
[存盘] 课程元数据 model_t30507008_stage0_stage_turret.curriculum.json  stage=stage_turret  bot=turret v=0.00
[存盘] runs/curriculum_turret/20260923_163427/checkpoints/model_t30507008_stage0_stage_turret.zip
[评测] 开始（100 局）…
  [评测进度] 10/100  kill(命中/开火)=0.382  direct(直击/开火)=0.265  被命中(挨打/敌开火)=0.436  先发制人(直击前未被打中的局)=0.200  弹数=34
  [评测进度] 20/100  kill(命中/开火)=0.439  direct(直击/开火)=0.316  被命中(挨打/敌开火)=0.446  先发制人(直击前未被打中的局)=0.350  弹数=57
  [评测进度] 30/100  kill(命中/开火)=0.387  direct(直击/开火)=0.269  被命中(挨打/敌开火)=0.438  先发制人(直击前未被打中的局)=0.367  弹数=93
  [评测进度] 40/100  kill(命中/开火)=0.384  direct(直击/开火)=0.256  被命中(挨打/敌开火)=0.406  先发制人(直击前未被打中的局)=0.325  弹数=125
  [评测进度] 50/100  kill(命中/开火)=0.337  direct(直击/开火)=0.227  被命中(挨打/敌开火)=0.423  先发制人(直击前未被打中的局)=0.280  弹数=163
  [评测进度] 60/100  kill(命中/开火)=0.328  direct(直击/开火)=0.226  被命中(挨打/敌开火)=0.439  先发制人(直击前未被打中的局)=0.267  弹数=195
  [评测进度] 70/100  kill(命中/开火)=0.315  direct(直击/开火)=0.211  被命中(挨打/敌开火)=0.436  先发制人(直击前未被打中的局)=0.229  弹数=232
  [评测进度] 80/100  kill(命中/开火)=0.324  direct(直击/开火)=0.214  被命中(挨打/敌开火)=0.452  先发制人(直击前未被打中的局)=0.225  弹数=262
  [评测进度] 90/100  kill(命中/开火)=0.320  direct(直击/开火)=0.205  被命中(挨打/敌开火)=0.463  先发制人(直击前未被打中的局)=0.222  弹数=303
  [评测进度] 100/100  kill(命中/开火)=0.310  direct(直击/开火)=0.193  被命中(挨打/敌开火)=0.466  先发制人(直击前未被打中的局)=0.220  弹数=342
------------------------------------------------------------
[评测] 阶段=stage_turret  局数=100
  kill_rate(命中/开火) = 0.310  hit_rate(直击/开火) = 0.193  中位TTK = 352
  被命中率(挨打/敌开火) = 0.466  先发制人率(直击前未被打中的局/局数) = 0.220
  TTK口径     : 首直击步数；无直击=该局结束步数（评测步限封顶）
  晋级条件 直击/开火 hit_rate≥1.01  当前=0.193  → 指标未达标
  未晋级，继续当前阶段
------------------------------------------------------------
[进度] 30,523,392/100,000,000 (30.5%)  FPS≈1226  阶段=stage_turret  速度=0.00  直行间隔=180  aim=0.100/current  rotate=-0.07  ent=0.0005  std=0.748
[进度] 30,539,776/100,000,000 (30.5%)  FPS≈1246  阶段=stage_turret  速度=0.00  直行间隔=180  aim=0.100/current  rotate=-0.07  ent=0.0005  std=0.748
[进度] 30,556,160/100,000,000 (30.6%)  FPS≈1219  阶段=stage_turret  速度=0.00  直行间隔=180  aim=0.100/current  rotate=-0.07  ent=0.0005  std=0.747
[进度] 30,572,544/100,000,000 (30.6%)  FPS≈1207  阶段=stage_turret  速度=0.00  直行间隔=180  aim=0.100/current  rotate=-0.07  ent=0.0005  std=0.747
[进度] 30,588,928/100,000,000 (30.6%)  FPS≈1178  阶段=stage_turret  速度=0.00  直行间隔=180  aim=0.100/current  rotate=-0.07  ent=0.0005  std=0.746
[进度] 30,605,312/100,000,000 (30.6%)  FPS≈1186  阶段=stage_turret  速度=0.00  直行间隔=180  aim=0.100/current  rotate=-0.07  ent=0.0005  std=0.746
[进度] 30,621,696/100,000,000 (30.6%)  FPS≈1195  阶段=stage_turret  速度=0.00  直行间隔=180  aim=0.100/current  rotate=-0.07  ent=0.0005  std=0.746
[存盘] 课程元数据 model_t30621696_stage0_stage_turret.curriculum.json  stage=stage_turret  bot=turret v=0.00
[存盘] runs/curriculum_turret/20260923_163427/checkpoints/model_t30621696_stage0_stage_turret.zip
[评测] 开始（100 局）…
  [评测进度] 10/100  kill(命中/开火)=0.382  direct(直击/开火)=0.206  被命中(挨打/敌开火)=0.452  先发制人(直击前未被打中的局)=0.200  弹数=34
  [评测进度] 20/100  kill(命中/开火)=0.344  direct(直击/开火)=0.203  被命中(挨打/敌开火)=0.449  先发制人(直击前未被打中的局)=0.350  弹数=64
  [评测进度] 30/100  kill(命中/开火)=0.300  direct(直击/开火)=0.180  被命中(挨打/敌开火)=0.492  先发制人(直击前未被打中的局)=0.333  弹数=100
  [评测进度] 40/100  kill(命中/开火)=0.284  direct(直击/开火)=0.179  被命中(挨打/敌开火)=0.519  先发制人(直击前未被打中的局)=0.325  弹数=134
  [评测进度] 50/100  kill(命中/开火)=0.258  direct(直击/开火)=0.154  被命中(挨打/敌开火)=0.533  先发制人(直击前未被打中的局)=0.260  弹数=182
  [评测进度] 60/100  kill(命中/开火)=0.252  direct(直击/开火)=0.151  被命中(挨打/敌开火)=0.545  先发制人(直击前未被打中的局)=0.283  弹数=218
  [评测进度] 70/100  kill(命中/开火)=0.280  direct(直击/开火)=0.157  被命中(挨打/敌开火)=0.530  先发制人(直击前未被打中的局)=0.257  弹数=254
  [评测进度] 80/100  kill(命中/开火)=0.285  direct(直击/开火)=0.160  被命中(挨打/敌开火)=0.515  先发制人(直击前未被打中的局)=0.275  弹数=288
  [评测进度] 90/100  kill(命中/开火)=0.291  direct(直击/开火)=0.169  被命中(挨打/敌开火)=0.497  先发制人(直击前未被打中的局)=0.300  弹数=320
  [评测进度] 100/100  kill(命中/开火)=0.286  direct(直击/开火)=0.168  被命中(挨打/敌开火)=0.495  先发制人(直击前未被打中的局)=0.300  弹数=357
------------------------------------------------------------
[评测] 阶段=stage_turret  局数=100
  kill_rate(命中/开火) = 0.286  hit_rate(直击/开火) = 0.168  中位TTK = 362
  被命中率(挨打/敌开火) = 0.495  先发制人率(直击前未被打中的局/局数) = 0.300
  TTK口径     : 首直击步数；无直击=该局结束步数（评测步限封顶）
  晋级条件 直击/开火 hit_rate≥1.01  当前=0.168  → 指标未达标
  未晋级，继续当前阶段
------------------------------------------------------------
[进度] 30,638,080/100,000,000 (30.6%)  FPS≈1212  阶段=stage_turret  速度=0.00  直行间隔=180  aim=0.100/current  rotate=-0.07  ent=0.0005  std=0.746
[进度] 30,654,464/100,000,000 (30.7%)  FPS≈1228  阶段=stage_turret  速度=0.00  直行间隔=180  aim=0.100/current  rotate=-0.07  ent=0.0005  std=0.746
[进度] 30,670,848/100,000,000 (30.7%)  FPS≈1217  阶段=stage_turret  速度=0.00  直行间隔=180  aim=0.100/current  rotate=-0.07  ent=0.0005  std=0.746
[进度] 30,687,232/100,000,000 (30.7%)  FPS≈1161  阶段=stage_turret  速度=0.00  直行间隔=180  aim=0.100/current  rotate=-0.07  ent=0.0005  std=0.745
[进度] 30,703,616/100,000,000 (30.7%)  FPS≈1214  阶段=stage_turret  速度=0.00  直行间隔=180  aim=0.100/current  rotate=-0.07  ent=0.0005  std=0.745
[进度] 30,720,000/100,000,000 (30.7%)  FPS≈1210  阶段=stage_turret  速度=0.00  直行间隔=180  aim=0.100/current  rotate=-0.07  ent=0.0005  std=0.745
[进度] 30,736,384/100,000,000 (30.7%)  FPS≈1216  阶段=stage_turret  速度=0.00  直行间隔=180  aim=0.100/current  rotate=-0.07  ent=0.0005  std=0.745
[存盘] 课程元数据 model_t30736384_stage0_stage_turret.curriculum.json  stage=stage_turret  bot=turret v=0.00
[存盘] runs/curriculum_turret/20260923_163427/checkpoints/model_t30736384_stage0_stage_turret.zip
[评测] 开始（100 局）…
  [评测进度] 10/100  kill(命中/开火)=0.333  direct(直击/开火)=0.212  被命中(挨打/敌开火)=0.314  先发制人(直击前未被打中的局)=0.400  弹数=33
  [评测进度] 20/100  kill(命中/开火)=0.328  direct(直击/开火)=0.224  被命中(挨打/敌开火)=0.342  先发制人(直击前未被打中的局)=0.450  弹数=67
  [评测进度] 30/100  kill(命中/开火)=0.323  direct(直击/开火)=0.222  被命中(挨打/敌开火)=0.400  先发制人(直击前未被打中的局)=0.367  弹数=99
  [评测进度] 40/100  kill(命中/开火)=0.328  direct(直击/开火)=0.248  被命中(挨打/敌开火)=0.414  先发制人(直击前未被打中的局)=0.325  弹数=125
  [评测进度] 50/100  kill(命中/开火)=0.302  direct(直击/开火)=0.198  被命中(挨打/敌开火)=0.440  先发制人(直击前未被打中的局)=0.300  弹数=172
  [评测进度] 60/100  kill(命中/开火)=0.307  direct(直击/开火)=0.198  被命中(挨打/敌开火)=0.442  先发制人(直击前未被打中的局)=0.317  弹数=202
  [评测进度] 70/100  kill(命中/开火)=0.311  direct(直击/开火)=0.180  被命中(挨打/敌开火)=0.464  先发制人(直击前未被打中的局)=0.300  弹数=244
  [评测进度] 80/100  kill(命中/开火)=0.318  direct(直击/开火)=0.178  被命中(挨打/敌开火)=0.462  先发制人(直击前未被打中的局)=0.287  弹数=286
  [评测进度] 90/100  kill(命中/开火)=0.312  direct(直击/开火)=0.170  被命中(挨打/敌开火)=0.471  先发制人(直击前未被打中的局)=0.267  弹数=330
  [评测进度] 100/100  kill(命中/开火)=0.314  direct(直击/开火)=0.176  被命中(挨打/敌开火)=0.468  先发制人(直击前未被打中的局)=0.270  弹数=357
------------------------------------------------------------
[评测] 阶段=stage_turret  局数=100
  kill_rate(命中/开火) = 0.314  hit_rate(直击/开火) = 0.176  中位TTK = 340
  被命中率(挨打/敌开火) = 0.468  先发制人率(直击前未被打中的局/局数) = 0.270
  TTK口径     : 首直击步数；无直击=该局结束步数（评测步限封顶）
  晋级条件 直击/开火 hit_rate≥1.01  当前=0.176  → 指标未达标
  未晋级，继续当前阶段
------------------------------------------------------------
[进度] 30,752,768/100,000,000 (30.8%)  FPS≈1134  阶段=stage_turret  速度=0.00  直行间隔=180  aim=0.100/current  rotate=-0.07  ent=0.0005  std=0.744
[进度] 30,769,152/100,000,000 (30.8%)  FPS≈1206  阶段=stage_turret  速度=0.00  直行间隔=180  aim=0.100/current  rotate=-0.07  ent=0.0005  std=0.744
[进度] 30,785,536/100,000,000 (30.8%)  FPS≈1186  阶段=stage_turret  速度=0.00  直行间隔=180  aim=0.100/current  rotate=-0.07  ent=0.0005  std=0.743
[进度] 30,801,920/100,000,000 (30.8%)  FPS≈1165  阶段=stage_turret  速度=0.00  直行间隔=180  aim=0.100/current  rotate=-0.07  ent=0.0005  std=0.743
[进度] 30,818,304/100,000,000 (30.8%)  FPS≈1188  阶段=stage_turret  速度=0.00  直行间隔=180  aim=0.100/current  rotate=-0.07  ent=0.0005  std=0.743
[进度] 30,834,688/100,000,000 (30.8%)  FPS≈1173  阶段=stage_turret  速度=0.00  直行间隔=180  aim=0.100/current  rotate=-0.07  ent=0.0005  std=0.743
[进度] 30,851,072/100,000,000 (30.9%)  FPS≈1203  阶段=stage_turret  速度=0.00  直行间隔=180  aim=0.100/current  rotate=-0.07  ent=0.0005  std=0.743
[存盘] 课程元数据 model_t30851072_stage0_stage_turret.curriculum.json  stage=stage_turret  bot=turret v=0.00
[存盘] runs/curriculum_turret/20260923_163427/checkpoints/model_t30851072_stage0_stage_turret.zip
[评测] 开始（100 局）…
  [评测进度] 10/100  kill(命中/开火)=0.194  direct(直击/开火)=0.139  被命中(挨打/敌开火)=0.561  先发制人(直击前未被打中的局)=0.400  弹数=36
  [评测进度] 20/100  kill(命中/开火)=0.266  direct(直击/开火)=0.188  被命中(挨打/敌开火)=0.528  先发制人(直击前未被打中的局)=0.350  弹数=64
  [评测进度] 30/100  kill(命中/开火)=0.301  direct(直击/开火)=0.204  被命中(挨打/敌开火)=0.569  先发制人(直击前未被打中的局)=0.333  弹数=93
  [评测进度] 40/100  kill(命中/开火)=0.322  direct(直击/开火)=0.215  被命中(挨打/敌开火)=0.538  先发制人(直击前未被打中的局)=0.350  弹数=121
  [评测进度] 50/100  kill(命中/开火)=0.344  direct(直击/开火)=0.210  被命中(挨打/敌开火)=0.500  先发制人(直击前未被打中的局)=0.380  弹数=157
  [评测进度] 60/100  kill(命中/开火)=0.353  direct(直击/开火)=0.214  被命中(挨打/敌开火)=0.507  先发制人(直击前未被打中的局)=0.367  弹数=187
  [评测进度] 70/100  kill(命中/开火)=0.329  direct(直击/开火)=0.190  被命中(挨打/敌开火)=0.462  先发制人(直击前未被打中的局)=0.343  弹数=237
  [评测进度] 80/100  kill(命中/开火)=0.320  direct(直击/开火)=0.169  被命中(挨打/敌开火)=0.441  先发制人(直击前未被打中的局)=0.325  弹数=284
  [评测进度] 90/100  kill(命中/开火)=0.327  direct(直击/开火)=0.170  被命中(挨打/敌开火)=0.436  先发制人(直击前未被打中的局)=0.344  弹数=318
  [评测进度] 100/100  kill(命中/开火)=0.319  direct(直击/开火)=0.161  被命中(挨打/敌开火)=0.423  先发制人(直击前未被打中的局)=0.330  弹数=361
------------------------------------------------------------
[评测] 阶段=stage_turret  局数=100
  kill_rate(命中/开火) = 0.319  hit_rate(直击/开火) = 0.161  中位TTK = 345
  被命中率(挨打/敌开火) = 0.423  先发制人率(直击前未被打中的局/局数) = 0.330
  TTK口径     : 首直击步数；无直击=该局结束步数（评测步限封顶）
  晋级条件 直击/开火 hit_rate≥1.01  当前=0.161  → 指标未达标
  未晋级，继续当前阶段
------------------------------------------------------------
[进度] 30,867,456/100,000,000 (30.9%)  FPS≈1160  阶段=stage_turret  速度=0.00  直行间隔=180  aim=0.100/current  rotate=-0.07  ent=0.0005  std=0.742
[进度] 30,883,840/100,000,000 (30.9%)  FPS≈1167  阶段=stage_turret  速度=0.00  直行间隔=180  aim=0.100/current  rotate=-0.07  ent=0.0005  std=0.742
[进度] 30,900,224/100,000,000 (30.9%)  FPS≈1188  阶段=stage_turret  速度=0.00  直行间隔=180  aim=0.100/current  rotate=-0.07  ent=0.0005  std=0.742
[进度] 30,916,608/100,000,000 (30.9%)  FPS≈1182  阶段=stage_turret  速度=0.00  直行间隔=180  aim=0.100/current  rotate=-0.07  ent=0.0005  std=0.742
[进度] 30,932,992/100,000,000 (30.9%)  FPS≈1160  阶段=stage_turret  速度=0.00  直行间隔=180  aim=0.100/current  rotate=-0.07  ent=0.0005  std=0.742
[进度] 30,949,376/100,000,000 (30.9%)  FPS≈1232  阶段=stage_turret  速度=0.00  直行间隔=180  aim=0.100/current  rotate=-0.07  ent=0.0005  std=0.742
[进度] 30,965,760/100,000,000 (31.0%)  FPS≈1203  阶段=stage_turret  速度=0.00  直行间隔=180  aim=0.100/current  rotate=-0.07  ent=0.0005  std=0.742
[存盘] 课程元数据 model_t30965760_stage0_stage_turret.curriculum.json  stage=stage_turret  bot=turret v=0.00
[存盘] runs/curriculum_turret/20260923_163427/checkpoints/model_t30965760_stage0_stage_turret.zip
[评测] 开始（100 局）…
  [评测进度] 10/100  kill(命中/开火)=0.200  direct(直击/开火)=0.089  被命中(挨打/敌开火)=0.471  先发制人(直击前未被打中的局)=0.200  弹数=45
  [评测进度] 20/100  kill(命中/开火)=0.244  direct(直击/开火)=0.110  被命中(挨打/敌开火)=0.521  先发制人(直击前未被打中的局)=0.150  弹数=82
  [评测进度] 30/100  kill(命中/开火)=0.296  direct(直击/开火)=0.157  被命中(挨打/敌开火)=0.467  先发制人(直击前未被打中的局)=0.200  弹数=115
  [评测进度] 40/100  kill(命中/开火)=0.288  direct(直击/开火)=0.160  被命中(挨打/敌开火)=0.461  先发制人(直击前未被打中的局)=0.200  弹数=156
  [评测进度] 50/100  kill(命中/开火)=0.284  direct(直击/开火)=0.160  被命中(挨打/敌开火)=0.469  先发制人(直击前未被打中的局)=0.160  弹数=194
  [评测进度] 60/100  kill(命中/开火)=0.293  direct(直击/开火)=0.180  被命中(挨打/敌开火)=0.480  先发制人(直击前未被打中的局)=0.167  弹数=222
  [评测进度] 70/100  kill(命中/开火)=0.296  direct(直击/开火)=0.179  被命中(挨打/敌开火)=0.507  先发制人(直击前未被打中的局)=0.171  弹数=257
  [评测进度] 80/100  kill(命中/开火)=0.288  direct(直击/开火)=0.176  被命中(挨打/敌开火)=0.475  先发制人(直击前未被打中的局)=0.188  弹数=295
  [评测进度] 90/100  kill(命中/开火)=0.290  direct(直击/开火)=0.178  被命中(挨打/敌开火)=0.476  先发制人(直击前未被打中的局)=0.178  弹数=331
  [评测进度] 100/100  kill(命中/开火)=0.291  direct(直击/开火)=0.180  被命中(挨打/敌开火)=0.476  先发制人(直击前未被打中的局)=0.180  弹数=361
------------------------------------------------------------
[评测] 阶段=stage_turret  局数=100
  kill_rate(命中/开火) = 0.291  hit_rate(直击/开火) = 0.180  中位TTK = 322
  被命中率(挨打/敌开火) = 0.476  先发制人率(直击前未被打中的局/局数) = 0.180
  TTK口径     : 首直击步数；无直击=该局结束步数（评测步限封顶）
  晋级条件 直击/开火 hit_rate≥1.01  当前=0.180  → 指标未达标
  未晋级，继续当前阶段
------------------------------------------------------------
[进度] 30,982,144/100,000,000 (31.0%)  FPS≈1203  阶段=stage_turret  速度=0.00  直行间隔=180  aim=0.100/current  rotate=-0.07  ent=0.0005  std=0.742
[进度] 30,998,528/100,000,000 (31.0%)  FPS≈1188  阶段=stage_turret  速度=0.00  直行间隔=180  aim=0.100/current  rotate=-0.07  ent=0.0005  std=0.742
[进度] 31,014,912/100,000,000 (31.0%)  FPS≈1195  阶段=stage_turret  速度=0.00  直行间隔=180  aim=0.100/current  rotate=-0.07  ent=0.0005  std=0.741
[进度] 31,031,296/100,000,000 (31.0%)  FPS≈1221  阶段=stage_turret  速度=0.00  直行间隔=180  aim=0.100/current  rotate=-0.07  ent=0.0005  std=0.741
[进度] 31,047,680/100,000,000 (31.0%)  FPS≈1183  阶段=stage_turret  速度=0.00  直行间隔=180  aim=0.100/current  rotate=-0.07  ent=0.0005  std=0.741
[进度] 31,064,064/100,000,000 (31.1%)  FPS≈1188  阶段=stage_turret  速度=0.00  直行间隔=180  aim=0.100/current  rotate=-0.07  ent=0.0005  std=0.741
[进度] 31,080,448/100,000,000 (31.1%)  FPS≈1197  阶段=stage_turret  速度=0.00  直行间隔=180  aim=0.100/current  rotate=-0.07  ent=0.0005  std=0.741
[存盘] 课程元数据 model_t31080448_stage0_stage_turret.curriculum.json  stage=stage_turret  bot=turret v=0.00
[存盘] runs/curriculum_turret/20260923_163427/checkpoints/model_t31080448_stage0_stage_turret.zip
[评测] 开始（100 局）…
  [评测进度] 10/100  kill(命中/开火)=0.333  direct(直击/开火)=0.233  被命中(挨打/敌开火)=0.676  先发制人(直击前未被打中的局)=0.300  弹数=30
  [评测进度] 20/100  kill(命中/开火)=0.375  direct(直击/开火)=0.219  被命中(挨打/敌开火)=0.583  先发制人(直击前未被打中的局)=0.350  弹数=64
  [评测进度] 30/100  kill(命中/开火)=0.363  direct(直击/开火)=0.206  被命中(挨打/敌开火)=0.491  先发制人(直击前未被打中的局)=0.367  弹数=102
  [评测进度] 40/100  kill(命中/开火)=0.343  direct(直击/开火)=0.209  被命中(挨打/敌开火)=0.514  先发制人(直击前未被打中的局)=0.350  弹数=134
  [评测进度] 50/100  kill(命中/开火)=0.331  direct(直击/开火)=0.206  被命中(挨打/敌开火)=0.487  先发制人(直击前未被打中的局)=0.320  弹数=175
  [评测进度] 60/100  kill(命中/开火)=0.329  direct(直击/开火)=0.197  被命中(挨打/敌开火)=0.474  先发制人(直击前未被打中的局)=0.300  弹数=213
  [评测进度] 70/100  kill(命中/开火)=0.325  direct(直击/开火)=0.193  被命中(挨打/敌开火)=0.467  先发制人(直击前未被打中的局)=0.300  弹数=249
  [评测进度] 80/100  kill(命中/开火)=0.325  direct(直击/开火)=0.202  被命中(挨打/敌开火)=0.451  先发制人(直击前未被打中的局)=0.325  弹数=277
  [评测进度] 90/100  kill(命中/开火)=0.315  direct(直击/开火)=0.194  被命中(挨打/敌开火)=0.439  先发制人(直击前未被打中的局)=0.322  弹数=314
  [评测进度] 100/100  kill(命中/开火)=0.309  direct(直击/开火)=0.192  被命中(挨打/敌开火)=0.430  先发制人(直击前未被打中的局)=0.340  弹数=349
------------------------------------------------------------
[评测] 阶段=stage_turret  局数=100
  kill_rate(命中/开火) = 0.309  hit_rate(直击/开火) = 0.192  中位TTK = 288
  被命中率(挨打/敌开火) = 0.430  先发制人率(直击前未被打中的局/局数) = 0.340
  TTK口径     : 首直击步数；无直击=该局结束步数（评测步限封顶）
  晋级条件 直击/开火 hit_rate≥1.01  当前=0.192  → 指标未达标
  未晋级，继续当前阶段
------------------------------------------------------------
[进度] 31,096,832/100,000,000 (31.1%)  FPS≈1187  阶段=stage_turret  速度=0.00  直行间隔=180  aim=0.100/current  rotate=-0.07  ent=0.0005  std=0.741
[进度] 31,113,216/100,000,000 (31.1%)  FPS≈1199  阶段=stage_turret  速度=0.00  直行间隔=180  aim=0.100/current  rotate=-0.07  ent=0.0005  std=0.741
[进度] 31,129,600/100,000,000 (31.1%)  FPS≈1204  阶段=stage_turret  速度=0.00  直行间隔=180  aim=0.100/current  rotate=-0.07  ent=0.0005  std=0.741
[进度] 31,145,984/100,000,000 (31.1%)  FPS≈1178  阶段=stage_turret  速度=0.00  直行间隔=180  aim=0.100/current  rotate=-0.07  ent=0.0005  std=0.741
[进度] 31,162,368/100,000,000 (31.2%)  FPS≈1229  阶段=stage_turret  速度=0.00  直行间隔=180  aim=0.100/current  rotate=-0.07  ent=0.0005  std=0.741
[进度] 31,178,752/100,000,000 (31.2%)  FPS≈1212  阶段=stage_turret  速度=0.00  直行间隔=180  aim=0.100/current  rotate=-0.07  ent=0.0005  std=0.741
[进度] 31,195,136/100,000,000 (31.2%)  FPS≈1212  阶段=stage_turret  速度=0.00  直行间隔=180  aim=0.100/current  rotate=-0.07  ent=0.0005  std=0.741
[存盘] 课程元数据 model_t31195136_stage0_stage_turret.curriculum.json  stage=stage_turret  bot=turret v=0.00
[存盘] runs/curriculum_turret/20260923_163427/checkpoints/model_t31195136_stage0_stage_turret.zip
[评测] 开始（100 局）…
  [评测进度] 10/100  kill(命中/开火)=0.250  direct(直击/开火)=0.068  被命中(挨打/敌开火)=0.481  先发制人(直击前未被打中的局)=0.000  弹数=44
  [评测进度] 20/100  kill(命中/开火)=0.304  direct(直击/开火)=0.139  被命中(挨打/敌开火)=0.402  先发制人(直击前未被打中的局)=0.150  弹数=79
  [评测进度] 30/100  kill(命中/开火)=0.299  direct(直击/开火)=0.145  被命中(挨打/敌开火)=0.415  先发制人(直击前未被打中的局)=0.133  弹数=117
  [评测进度] 40/100  kill(命中/开火)=0.270  direct(直击/开火)=0.138  被命中(挨打/敌开火)=0.464  先发制人(直击前未被打中的局)=0.175  弹数=159
  [评测进度] 50/100  kill(命中/开火)=0.290  direct(直击/开火)=0.161  被命中(挨打/敌开火)=0.454  先发制人(直击前未被打中的局)=0.200  弹数=193
  [评测进度] 60/100  kill(命中/开火)=0.280  direct(直击/开火)=0.155  被命中(挨打/敌开火)=0.462  先发制人(直击前未被打中的局)=0.200  弹数=232
  [评测进度] 70/100  kill(命中/开火)=0.267  direct(直击/开火)=0.143  被命中(挨打/敌开火)=0.490  先发制人(直击前未被打中的局)=0.200  弹数=273
  [评测进度] 80/100  kill(命中/开火)=0.285  direct(直击/开火)=0.151  被命中(挨打/敌开火)=0.480  先发制人(直击前未被打中的局)=0.200  弹数=305
  [评测进度] 90/100  kill(命中/开火)=0.282  direct(直击/开火)=0.153  被命中(挨打/敌开火)=0.483  先发制人(直击前未被打中的局)=0.189  弹数=340
  [评测进度] 100/100  kill(命中/开火)=0.288  direct(直击/开火)=0.159  被命中(挨打/敌开火)=0.482  先发制人(直击前未被打中的局)=0.200  弹数=372
------------------------------------------------------------
[评测] 阶段=stage_turret  局数=100
  kill_rate(命中/开火) = 0.288  hit_rate(直击/开火) = 0.159  中位TTK = 406
  被命中率(挨打/敌开火) = 0.482  先发制人率(直击前未被打中的局/局数) = 0.200
  TTK口径     : 首直击步数；无直击=该局结束步数（评测步限封顶）
  晋级条件 直击/开火 hit_rate≥1.01  当前=0.159  → 指标未达标
  未晋级，继续当前阶段
------------------------------------------------------------
[进度] 31,211,520/100,000,000 (31.2%)  FPS≈1216  阶段=stage_turret  速度=0.00  直行间隔=180  aim=0.100/current  rotate=-0.07  ent=0.0005  std=0.741
[进度] 31,227,904/100,000,000 (31.2%)  FPS≈1198  阶段=stage_turret  速度=0.00  直行间隔=180  aim=0.100/current  rotate=-0.07  ent=0.0005  std=0.741
[进度] 31,244,288/100,000,000 (31.2%)  FPS≈1241  阶段=stage_turret  速度=0.00  直行间隔=180  aim=0.100/current  rotate=-0.07  ent=0.0005  std=0.740
[进度] 31,260,672/100,000,000 (31.3%)  FPS≈1246  阶段=stage_turret  速度=0.00  直行间隔=180  aim=0.100/current  rotate=-0.07  ent=0.0005  std=0.740
[进度] 31,277,056/100,000,000 (31.3%)  FPS≈1173  阶段=stage_turret  速度=0.00  直行间隔=180  aim=0.100/current  rotate=-0.07  ent=0.0005  std=0.740
[进度] 31,293,440/100,000,000 (31.3%)  FPS≈1210  阶段=stage_turret  速度=0.00  直行间隔=180  aim=0.100/current  rotate=-0.07  ent=0.0005  std=0.740
[进度] 31,309,824/100,000,000 (31.3%)  FPS≈1200  阶段=stage_turret  速度=0.00  直行间隔=180  aim=0.100/current  rotate=-0.07  ent=0.0005  std=0.740
[存盘] 课程元数据 model_t31309824_stage0_stage_turret.curriculum.json  stage=stage_turret  bot=turret v=0.00
[存盘] runs/curriculum_turret/20260923_163427/checkpoints/model_t31309824_stage0_stage_turret.zip
[评测] 开始（100 局）…
  [评测进度] 10/100  kill(命中/开火)=0.237  direct(直击/开火)=0.132  被命中(挨打/敌开火)=0.476  先发制人(直击前未被打中的局)=0.200  弹数=38
  [评测进度] 20/100  kill(命中/开火)=0.256  direct(直击/开火)=0.128  被命中(挨打/敌开火)=0.460  先发制人(直击前未被打中的局)=0.100  弹数=78
  [评测进度] 30/100  kill(命中/开火)=0.309  direct(直击/开火)=0.206  被命中(挨打/敌开火)=0.468  先发制人(直击前未被打中的局)=0.167  弹数=97
  [评测进度] 40/100  kill(命中/开火)=0.352  direct(直击/开火)=0.211  被命中(挨打/敌开火)=0.420  先发制人(直击前未被打中的局)=0.200  弹数=128
  [评测进度] 50/100  kill(命中/开火)=0.345  direct(直击/开火)=0.184  被命中(挨打/敌开火)=0.383  先发制人(直击前未被打中的局)=0.200  弹数=174
  [评测进度] 60/100  kill(命中/开火)=0.324  direct(直击/开火)=0.169  被命中(挨打/敌开火)=0.382  先发制人(直击前未被打中的局)=0.217  弹数=219
  [评测进度] 70/100  kill(命中/开火)=0.323  direct(直击/开火)=0.169  被命中(挨打/敌开火)=0.399  先发制人(直击前未被打中的局)=0.200  弹数=254
  [评测进度] 80/100  kill(命中/开火)=0.338  direct(直击/开火)=0.176  被命中(挨打/敌开火)=0.390  先发制人(直击前未被打中的局)=0.212  弹数=284
  [评测进度] 90/100  kill(命中/开火)=0.333  direct(直击/开火)=0.171  被命中(挨打/敌开火)=0.410  先发制人(直击前未被打中的局)=0.200  弹数=321
  [评测进度] 100/100  kill(命中/开火)=0.348  direct(直击/开火)=0.171  被命中(挨打/敌开火)=0.407  先发制人(直击前未被打中的局)=0.210  弹数=356
------------------------------------------------------------
[评测] 阶段=stage_turret  局数=100
  kill_rate(命中/开火) = 0.348  hit_rate(直击/开火) = 0.171  中位TTK = 356
  被命中率(挨打/敌开火) = 0.407  先发制人率(直击前未被打中的局/局数) = 0.210
  TTK口径     : 首直击步数；无直击=该局结束步数（评测步限封顶）
  晋级条件 直击/开火 hit_rate≥1.01  当前=0.171  → 指标未达标
  未晋级，继续当前阶段
------------------------------------------------------------
[进度] 31,326,208/100,000,000 (31.3%)  FPS≈1171  阶段=stage_turret  速度=0.00  直行间隔=180  aim=0.100/current  rotate=-0.07  ent=0.0005  std=0.740
[进度] 31,342,592/100,000,000 (31.3%)  FPS≈1178  阶段=stage_turret  速度=0.00  直行间隔=180  aim=0.100/current  rotate=-0.07  ent=0.0005  std=0.740
[进度] 31,358,976/100,000,000 (31.4%)  FPS≈1198  阶段=stage_turret  速度=0.00  直行间隔=180  aim=0.100/current  rotate=-0.07  ent=0.0005  std=0.740
[进度] 31,375,360/100,000,000 (31.4%)  FPS≈1161  阶段=stage_turret  速度=0.00  直行间隔=180  aim=0.100/current  rotate=-0.07  ent=0.0005  std=0.740
[进度] 31,391,744/100,000,000 (31.4%)  FPS≈1133  阶段=stage_turret  速度=0.00  直行间隔=180  aim=0.100/current  rotate=-0.07  ent=0.0005  std=0.740
[进度] 31,408,128/100,000,000 (31.4%)  FPS≈1205  阶段=stage_turret  速度=0.00  直行间隔=180  aim=0.100/current  rotate=-0.07  ent=0.0005  std=0.740
[进度] 31,424,512/100,000,000 (31.4%)  FPS≈1199  阶段=stage_turret  速度=0.00  直行间隔=180  aim=0.100/current  rotate=-0.07  ent=0.0005  std=0.740
[存盘] 课程元数据 model_t31424512_stage0_stage_turret.curriculum.json  stage=stage_turret  bot=turret v=0.00
[存盘] runs/curriculum_turret/20260923_163427/checkpoints/model_t31424512_stage0_stage_turret.zip
[评测] 开始（100 局）…
  [评测进度] 10/100  kill(命中/开火)=0.273  direct(直击/开火)=0.182  被命中(挨打/敌开火)=0.297  先发制人(直击前未被打中的局)=0.400  弹数=33
  [评测进度] 20/100  kill(命中/开火)=0.250  direct(直击/开火)=0.167  被命中(挨打/敌开火)=0.390  先发制人(直击前未被打中的局)=0.250  弹数=72
  [评测进度] 30/100  kill(命中/开火)=0.221  direct(直击/开火)=0.099  被命中(挨打/敌开火)=0.390  先发制人(直击前未被打中的局)=0.167  弹数=131
  [评测进度] 40/100  kill(命中/开火)=0.229  direct(直击/开火)=0.100  被命中(挨打/敌开火)=0.432  先发制人(直击前未被打中的局)=0.150  弹数=170
  [评测进度] 50/100  kill(命中/开火)=0.272  direct(直击/开火)=0.117  被命中(挨打/敌开火)=0.440  先发制人(直击前未被打中的局)=0.160  弹数=206
  [评测进度] 60/100  kill(命中/开火)=0.260  direct(直击/开火)=0.114  被命中(挨打/敌开火)=0.452  先发制人(直击前未被打中的局)=0.167  弹数=246
  [评测进度] 70/100  kill(命中/开火)=0.276  direct(直击/开火)=0.120  被命中(挨打/敌开火)=0.457  先发制人(直击前未被打中的局)=0.171  弹数=283
  [评测进度] 80/100  kill(命中/开火)=0.273  direct(直击/开火)=0.132  被命中(挨打/敌开火)=0.444  先发制人(直击前未被打中的局)=0.200  弹数=311
  [评测进度] 90/100  kill(命中/开火)=0.284  direct(直击/开火)=0.135  被命中(挨打/敌开火)=0.433  先发制人(直击前未被打中的局)=0.211  弹数=349
  [评测进度] 100/100  kill(命中/开火)=0.274  direct(直击/开火)=0.133  被命中(挨打/敌开火)=0.428  先发制人(直击前未被打中的局)=0.220  弹数=391
------------------------------------------------------------
[评测] 阶段=stage_turret  局数=100
  kill_rate(命中/开火) = 0.274  hit_rate(直击/开火) = 0.133  中位TTK = 445
  被命中率(挨打/敌开火) = 0.428  先发制人率(直击前未被打中的局/局数) = 0.220
  TTK口径     : 首直击步数；无直击=该局结束步数（评测步限封顶）
  晋级条件 直击/开火 hit_rate≥1.01  当前=0.133  → 指标未达标
  未晋级，继续当前阶段
------------------------------------------------------------
[进度] 31,440,896/100,000,000 (31.4%)  FPS≈784  阶段=stage_turret  速度=0.00  直行间隔=180  aim=0.100/current  rotate=-0.07  ent=0.0005  std=0.740
[进度] 31,457,280/100,000,000 (31.5%)  FPS≈814  阶段=stage_turret  速度=0.00  直行间隔=180  aim=0.100/current  rotate=-0.07  ent=0.0005  std=0.739
[进度] 31,473,664/100,000,000 (31.5%)  FPS≈894  阶段=stage_turret  速度=0.00  直行间隔=180  aim=0.100/current  rotate=-0.07  ent=0.0005  std=0.739
[进度] 31,490,048/100,000,000 (31.5%)  FPS≈898  阶段=stage_turret  速度=0.00  直行间隔=180  aim=0.100/current  rotate=-0.07  ent=0.0005  std=0.738
[进度] 31,506,432/100,000,000 (31.5%)  FPS≈783  阶段=stage_turret  速度=0.00  直行间隔=180  aim=0.100/current  rotate=-0.07  ent=0.0005  std=0.738
[进度] 31,522,816/100,000,000 (31.5%)  FPS≈838  阶段=stage_turret  速度=0.00  直行间隔=180  aim=0.100/current  rotate=-0.07  ent=0.0005  std=0.738
[进度] 31,539,200/100,000,000 (31.5%)  FPS≈675  阶段=stage_turret  速度=0.00  直行间隔=180  aim=0.100/current  rotate=-0.07  ent=0.0005  std=0.738
[存盘] 课程元数据 model_t31539200_stage0_stage_turret.curriculum.json  stage=stage_turret  bot=turret v=0.00
[存盘] runs/curriculum_turret/20260923_163427/checkpoints/model_t31539200_stage0_stage_turret.zip
[评测] 开始（100 局）…
  [评测进度] 10/100  kill(命中/开火)=0.136  direct(直击/开火)=0.091  被命中(挨打/敌开火)=0.423  先发制人(直击前未被打中的局)=0.000  弹数=44
  [评测进度] 20/100  kill(命中/开火)=0.238  direct(直击/开火)=0.206  被命中(挨打/敌开火)=0.392  先发制人(直击前未被打中的局)=0.250  弹数=63
  [评测进度] 30/100  kill(命中/开火)=0.281  direct(直击/开火)=0.208  被命中(挨打/敌开火)=0.418  先发制人(直击前未被打中的局)=0.300  弹数=96
  [评测进度] 40/100  kill(命中/开火)=0.316  direct(直击/开火)=0.248  被命中(挨打/敌开火)=0.396  先发制人(直击前未被打中的局)=0.350  弹数=117
  [评测进度] 50/100  kill(命中/开火)=0.300  direct(直击/开火)=0.206  被命中(挨打/敌开火)=0.432  先发制人(直击前未被打中的局)=0.300  弹数=160
  [评测进度] 60/100  kill(命中/开火)=0.311  direct(直击/开火)=0.204  被命中(挨打/敌开火)=0.420  先发制人(直击前未被打中的局)=0.300  弹数=196
  [评测进度] 70/100  kill(命中/开火)=0.297  direct(直击/开火)=0.191  被命中(挨打/敌开火)=0.440  先发制人(直击前未被打中的局)=0.286  弹数=236
  [评测进度] 80/100  kill(命中/开火)=0.292  direct(直击/开火)=0.176  被命中(挨打/敌开火)=0.436  先发制人(直击前未被打中的局)=0.263  弹数=284
  [评测进度] 90/100  kill(命中/开火)=0.284  direct(直击/开火)=0.168  被命中(挨打/敌开火)=0.424  先发制人(直击前未被打中的局)=0.256  弹数=328
  [评测进度] 100/100  kill(命中/开火)=0.274  direct(直击/开火)=0.154  被命中(挨打/敌开火)=0.435  先发制人(直击前未被打中的局)=0.250  弹数=376
------------------------------------------------------------
[评测] 阶段=stage_turret  局数=100
  kill_rate(命中/开火) = 0.274  hit_rate(直击/开火) = 0.154  中位TTK = 419
  被命中率(挨打/敌开火) = 0.435  先发制人率(直击前未被打中的局/局数) = 0.250
  TTK口径     : 首直击步数；无直击=该局结束步数（评测步限封顶）
  晋级条件 直击/开火 hit_rate≥1.01  当前=0.154  → 指标未达标
  未晋级，继续当前阶段
------------------------------------------------------------
[进度] 31,555,584/100,000,000 (31.6%)  FPS≈1096  阶段=stage_turret  速度=0.00  直行间隔=180  aim=0.100/current  rotate=-0.07  ent=0.0005  std=0.737
[进度] 31,571,968/100,000,000 (31.6%)  FPS≈1116  阶段=stage_turret  速度=0.00  直行间隔=180  aim=0.100/current  rotate=-0.07  ent=0.0005  std=0.738
[进度] 31,588,352/100,000,000 (31.6%)  FPS≈1177  阶段=stage_turret  速度=0.00  直行间隔=180  aim=0.100/current  rotate=-0.07  ent=0.0005  std=0.738
[进度] 31,604,736/100,000,000 (31.6%)  FPS≈1185  阶段=stage_turret  速度=0.00  直行间隔=180  aim=0.100/current  rotate=-0.07  ent=0.0005  std=0.738
[进度] 31,621,120/100,000,000 (31.6%)  FPS≈1060  阶段=stage_turret  速度=0.00  直行间隔=180  aim=0.100/current  rotate=-0.07  ent=0.0005  std=0.738
[进度] 31,637,504/100,000,000 (31.6%)  FPS≈841  阶段=stage_turret  速度=0.00  直行间隔=180  aim=0.100/current  rotate=-0.07  ent=0.0005  std=0.738
[进度] 31,653,888/100,000,000 (31.7%)  FPS≈1086  阶段=stage_turret  速度=0.00  直行间隔=180  aim=0.100/current  rotate=-0.07  ent=0.0005  std=0.737
[存盘] 课程元数据 model_t31653888_stage0_stage_turret.curriculum.json  stage=stage_turret  bot=turret v=0.00
[存盘] runs/curriculum_turret/20260923_163427/checkpoints/model_t31653888_stage0_stage_turret.zip
[评测] 开始（100 局）…
  [评测进度] 10/100  kill(命中/开火)=0.222  direct(直击/开火)=0.167  被命中(挨打/敌开火)=0.476  先发制人(直击前未被打中的局)=0.400  弹数=36
  [评测进度] 20/100  kill(命中/开火)=0.294  direct(直击/开火)=0.206  被命中(挨打/敌开火)=0.450  先发制人(直击前未被打中的局)=0.250  弹数=68
  [评测进度] 30/100  kill(命中/开火)=0.297  direct(直击/开火)=0.208  被命中(挨打/敌开火)=0.521  先发制人(直击前未被打中的局)=0.200  弹数=101
  [评测进度] 40/100  kill(命中/开火)=0.299  direct(直击/开火)=0.177  被命中(挨打/敌开火)=0.494  先发制人(直击前未被打中的局)=0.175  弹数=147
  [评测进度] 50/100  kill(命中/开火)=0.286  direct(直击/开火)=0.176  被命中(挨打/敌开火)=0.456  先发制人(直击前未被打中的局)=0.220  弹数=182
  [评测进度] 60/100  kill(命中/开火)=0.290  direct(直击/开火)=0.182  被命中(挨打/敌开火)=0.433  先发制人(直击前未被打中的局)=0.250  弹数=214
  [评测进度] 70/100  kill(命中/开火)=0.287  direct(直击/开火)=0.182  被命中(挨打/敌开火)=0.416  先发制人(直击前未被打中的局)=0.257  弹数=247
  [评测进度] 80/100  kill(命中/开火)=0.297  direct(直击/开火)=0.192  被命中(挨打/敌开火)=0.420  先发制人(直击前未被打中的局)=0.263  弹数=276
  [评测进度] 90/100  kill(命中/开火)=0.285  direct(直击/开火)=0.188  被命中(挨打/敌开火)=0.423  先发制人(直击前未被打中的局)=0.278  弹数=309
  [评测进度] 100/100  kill(命中/开火)=0.292  direct(直击/开火)=0.193  被命中(挨打/敌开火)=0.415  先发制人(直击前未被打中的局)=0.290  弹数=342
------------------------------------------------------------
[评测] 阶段=stage_turret  局数=100
  kill_rate(命中/开火) = 0.292  hit_rate(直击/开火) = 0.193  中位TTK = 310
  被命中率(挨打/敌开火) = 0.415  先发制人率(直击前未被打中的局/局数) = 0.290
  TTK口径     : 首直击步数；无直击=该局结束步数（评测步限封顶）
  晋级条件 直击/开火 hit_rate≥1.01  当前=0.193  → 指标未达标
  未晋级，继续当前阶段
------------------------------------------------------------
[进度] 31,670,272/100,000,000 (31.7%)  FPS≈1214  阶段=stage_turret  速度=0.00  直行间隔=180  aim=0.100/current  rotate=-0.07  ent=0.0005  std=0.737
[进度] 31,686,656/100,000,000 (31.7%)  FPS≈1190  阶段=stage_turret  速度=0.00  直行间隔=180  aim=0.100/current  rotate=-0.07  ent=0.0005  std=0.736
[进度] 31,703,040/100,000,000 (31.7%)  FPS≈1193  阶段=stage_turret  速度=0.00  直行间隔=180  aim=0.100/current  rotate=-0.07  ent=0.0005  std=0.736
[进度] 31,719,424/100,000,000 (31.7%)  FPS≈1229  阶段=stage_turret  速度=0.00  直行间隔=180  aim=0.100/current  rotate=-0.07  ent=0.0005  std=0.736
[进度] 31,735,808/100,000,000 (31.7%)  FPS≈1202  阶段=stage_turret  速度=0.00  直行间隔=180  aim=0.100/current  rotate=-0.07  ent=0.0005  std=0.735
[进度] 31,752,192/100,000,000 (31.8%)  FPS≈1151  阶段=stage_turret  速度=0.00  直行间隔=180  aim=0.100/current  rotate=-0.07  ent=0.0005  std=0.735
[进度] 31,768,576/100,000,000 (31.8%)  FPS≈1180  阶段=stage_turret  速度=0.00  直行间隔=180  aim=0.100/current  rotate=-0.07  ent=0.0005  std=0.735
[存盘] 课程元数据 model_t31768576_stage0_stage_turret.curriculum.json  stage=stage_turret  bot=turret v=0.00
[存盘] runs/curriculum_turret/20260923_163427/checkpoints/model_t31768576_stage0_stage_turret.zip
[评测] 开始（100 局）…
  [评测进度] 10/100  kill(命中/开火)=0.316  direct(直击/开火)=0.184  被命中(挨打/敌开火)=0.386  先发制人(直击前未被打中的局)=0.400  弹数=38
  [评测进度] 20/100  kill(命中/开火)=0.260  direct(直击/开火)=0.143  被命中(挨打/敌开火)=0.418  先发制人(直击前未被打中的局)=0.300  弹数=77
  [评测进度] 30/100  kill(命中/开火)=0.248  direct(直击/开火)=0.124  被命中(挨打/敌开火)=0.451  先发制人(直击前未被打中的局)=0.267  弹数=121
  [评测进度] 40/100  kill(命中/开火)=0.222  direct(直击/开火)=0.105  被命中(挨打/敌开火)=0.462  先发制人(直击前未被打中的局)=0.225  弹数=171
  [评测进度] 50/100  kill(命中/开火)=0.224  direct(直击/开火)=0.096  被命中(挨打/敌开火)=0.470  先发制人(直击前未被打中的局)=0.200  弹数=219
  [评测进度] 60/100  kill(命中/开火)=0.226  direct(直击/开火)=0.096  被命中(挨打/敌开火)=0.448  先发制人(直击前未被打中的局)=0.200  弹数=261
  [评测进度] 70/100  kill(命中/开火)=0.239  direct(直击/开火)=0.111  被命中(挨打/敌开火)=0.432  先发制人(直击前未被打中的局)=0.257  弹数=289
  [评测进度] 80/100  kill(命中/开火)=0.237  direct(直击/开火)=0.117  被命中(挨打/敌开火)=0.437  先发制人(直击前未被打中的局)=0.263  弹数=333
  [评测进度] 90/100  kill(命中/开火)=0.242  direct(直击/开火)=0.117  被命中(挨打/敌开火)=0.458  先发制人(直击前未被打中的局)=0.244  弹数=376
  [评测进度] 100/100  kill(命中/开火)=0.252  direct(直击/开火)=0.118  被命中(挨打/敌开火)=0.446  先发制人(直击前未被打中的局)=0.240  弹数=416
------------------------------------------------------------
[评测] 阶段=stage_turret  局数=100
  kill_rate(命中/开火) = 0.252  hit_rate(直击/开火) = 0.118  中位TTK = 527
  被命中率(挨打/敌开火) = 0.446  先发制人率(直击前未被打中的局/局数) = 0.240
  TTK口径     : 首直击步数；无直击=该局结束步数（评测步限封顶）
  晋级条件 直击/开火 hit_rate≥1.01  当前=0.118  → 指标未达标
  未晋级，继续当前阶段
------------------------------------------------------------
[进度] 31,784,960/100,000,000 (31.8%)  FPS≈1195  阶段=stage_turret  速度=0.00  直行间隔=180  aim=0.100/current  rotate=-0.07  ent=0.0005  std=0.735
[进度] 31,801,344/100,000,000 (31.8%)  FPS≈1191  阶段=stage_turret  速度=0.00  直行间隔=180  aim=0.100/current  rotate=-0.07  ent=0.0005  std=0.734
[进度] 31,817,728/100,000,000 (31.8%)  FPS≈1101  阶段=stage_turret  速度=0.00  直行间隔=180  aim=0.100/current  rotate=-0.07  ent=0.0005  std=0.734
[进度] 31,834,112/100,000,000 (31.8%)  FPS≈1107  阶段=stage_turret  速度=0.00  直行间隔=180  aim=0.100/current  rotate=-0.07  ent=0.0005  std=0.734
[进度] 31,850,496/100,000,000 (31.9%)  FPS≈1011  阶段=stage_turret  速度=0.00  直行间隔=180  aim=0.100/current  rotate=-0.07  ent=0.0005  std=0.734
[进度] 31,866,880/100,000,000 (31.9%)  FPS≈1061  阶段=stage_turret  速度=0.00  直行间隔=180  aim=0.100/current  rotate=-0.07  ent=0.0005  std=0.733
[进度] 31,883,264/100,000,000 (31.9%)  FPS≈1032  阶段=stage_turret  速度=0.00  直行间隔=180  aim=0.100/current  rotate=-0.07  ent=0.0005  std=0.733
[存盘] 课程元数据 model_t31883264_stage0_stage_turret.curriculum.json  stage=stage_turret  bot=turret v=0.00
[存盘] runs/curriculum_turret/20260923_163427/checkpoints/model_t31883264_stage0_stage_turret.zip
[评测] 开始（100 局）…
  [评测进度] 10/100  kill(命中/开火)=0.125  direct(直击/开火)=0.062  被命中(挨打/敌开火)=0.462  先发制人(直击前未被打中的局)=0.000  弹数=48
  [评测进度] 20/100  kill(命中/开火)=0.157  direct(直击/开火)=0.079  被命中(挨打/敌开火)=0.490  先发制人(直击前未被打中的局)=0.050  弹数=89
  [评测进度] 30/100  kill(命中/开火)=0.191  direct(直击/开火)=0.092  被命中(挨打/敌开火)=0.493  先发制人(直击前未被打中的局)=0.067  弹数=131
  [评测进度] 40/100  kill(命中/开火)=0.215  direct(直击/开火)=0.120  被命中(挨打/敌开火)=0.483  先发制人(直击前未被打中的局)=0.150  弹数=158
  [评测进度] 50/100  kill(命中/开火)=0.239  direct(直击/开火)=0.122  被命中(挨打/敌开火)=0.432  先发制人(直击前未被打中的局)=0.160  弹数=205
  [评测进度] 60/100  kill(命中/开火)=0.261  direct(直击/开火)=0.131  被命中(挨打/敌开火)=0.409  先发制人(直击前未被打中的局)=0.183  弹数=245
  [评测进度] 70/100  kill(命中/开火)=0.266  direct(直击/开火)=0.129  被命中(挨打/敌开火)=0.400  先发制人(直击前未被打中的局)=0.171  弹数=286
  [评测进度] 80/100  kill(命中/开火)=0.248  direct(直击/开火)=0.122  被命中(挨打/敌开火)=0.411  先发制人(直击前未被打中的局)=0.163  弹数=335
  [评测进度] 90/100  kill(命中/开火)=0.258  direct(直击/开火)=0.132  被命中(挨打/敌开火)=0.409  先发制人(直击前未被打中的局)=0.178  弹数=365
  [评测进度] 100/100  kill(命中/开火)=0.266  direct(直击/开火)=0.142  被命中(挨打/敌开火)=0.414  先发制人(直击前未被打中的局)=0.190  弹数=394
------------------------------------------------------------
[评测] 阶段=stage_turret  局数=100
  kill_rate(命中/开火) = 0.266  hit_rate(直击/开火) = 0.142  中位TTK = 428
  被命中率(挨打/敌开火) = 0.414  先发制人率(直击前未被打中的局/局数) = 0.190
  TTK口径     : 首直击步数；无直击=该局结束步数（评测步限封顶）
  晋级条件 直击/开火 hit_rate≥1.01  当前=0.142  → 指标未达标
  未晋级，继续当前阶段
------------------------------------------------------------
[进度] 31,899,648/100,000,000 (31.9%)  FPS≈1177  阶段=stage_turret  速度=0.00  直行间隔=180  aim=0.100/current  rotate=-0.07  ent=0.0005  std=0.733
[进度] 31,916,032/100,000,000 (31.9%)  FPS≈1198  阶段=stage_turret  速度=0.00  直行间隔=180  aim=0.100/current  rotate=-0.07  ent=0.0005  std=0.733
[进度] 31,932,416/100,000,000 (31.9%)  FPS≈1191  阶段=stage_turret  速度=0.00  直行间隔=180  aim=0.100/current  rotate=-0.07  ent=0.0005  std=0.733
[进度] 31,948,800/100,000,000 (31.9%)  FPS≈1136  阶段=stage_turret  速度=0.00  直行间隔=180  aim=0.100/current  rotate=-0.07  ent=0.0005  std=0.733
[进度] 31,965,184/100,000,000 (32.0%)  FPS≈1206  阶段=stage_turret  速度=0.00  直行间隔=180  aim=0.100/current  rotate=-0.07  ent=0.0005  std=0.733
[进度] 31,981,568/100,000,000 (32.0%)  FPS≈1196  阶段=stage_turret  速度=0.00  直行间隔=180  aim=0.100/current  rotate=-0.07  ent=0.0005  std=0.733
[进度] 31,997,952/100,000,000 (32.0%)  FPS≈1181  阶段=stage_turret  速度=0.00  直行间隔=180  aim=0.100/current  rotate=-0.07  ent=0.0005  std=0.733
[存盘] 课程元数据 model_t31997952_stage0_stage_turret.curriculum.json  stage=stage_turret  bot=turret v=0.00
[存盘] runs/curriculum_turret/20260923_163427/checkpoints/model_t31997952_stage0_stage_turret.zip
[评测] 开始（100 局）…
  [评测进度] 10/100  kill(命中/开火)=0.289  direct(直击/开火)=0.111  被命中(挨打/敌开火)=0.540  先发制人(直击前未被打中的局)=0.000  弹数=45
  [评测进度] 20/100  kill(命中/开火)=0.282  direct(直击/开火)=0.141  被命中(挨打/敌开火)=0.534  先发制人(直击前未被打中的局)=0.050  弹数=78
  [评测进度] 30/100  kill(命中/开火)=0.274  direct(直击/开火)=0.150  被命中(挨打/敌开火)=0.504  先发制人(直击前未被打中的局)=0.133  弹数=113
  [评测进度] 40/100  kill(命中/开火)=0.292  direct(直击/开火)=0.174  被命中(挨打/敌开火)=0.455  先发制人(直击前未被打中的局)=0.200  弹数=144
  [评测进度] 50/100  kill(命中/开火)=0.298  direct(直击/开火)=0.180  被命中(挨打/敌开火)=0.451  先发制人(直击前未被打中的局)=0.200  弹数=178
  [评测进度] 60/100  kill(命中/开火)=0.303  direct(直击/开火)=0.180  被命中(挨打/敌开火)=0.447  先发制人(直击前未被打中的局)=0.233  弹数=211
  [评测进度] 70/100  kill(命中/开火)=0.290  direct(直击/开火)=0.167  被命中(挨打/敌开火)=0.412  先发制人(直击前未被打中的局)=0.257  弹数=252
  [评测进度] 80/100  kill(命中/开火)=0.292  direct(直击/开火)=0.170  被命中(挨打/敌开火)=0.404  先发制人(直击前未被打中的局)=0.275  弹数=288
  [评测进度] 90/100  kill(命中/开火)=0.296  direct(直击/开火)=0.167  被命中(挨打/敌开火)=0.405  先发制人(直击前未被打中的局)=0.267  弹数=324
  [评测进度] 100/100  kill(命中/开火)=0.283  direct(直击/开火)=0.152  被命中(挨打/敌开火)=0.392  先发制人(直击前未被打中的局)=0.260  弹数=375
------------------------------------------------------------
[评测] 阶段=stage_turret  局数=100
  kill_rate(命中/开火) = 0.283  hit_rate(直击/开火) = 0.152  中位TTK = 392
  被命中率(挨打/敌开火) = 0.392  先发制人率(直击前未被打中的局/局数) = 0.260
  TTK口径     : 首直击步数；无直击=该局结束步数（评测步限封顶）
  晋级条件 直击/开火 hit_rate≥1.01  当前=0.152  → 指标未达标
  未晋级，继续当前阶段
------------------------------------------------------------
[进度] 32,014,336/100,000,000 (32.0%)  FPS≈1209  阶段=stage_turret  速度=0.00  直行间隔=180  aim=0.100/current  rotate=-0.07  ent=0.0005  std=0.732
[进度] 32,030,720/100,000,000 (32.0%)  FPS≈1225  阶段=stage_turret  速度=0.00  直行间隔=180  aim=0.100/current  rotate=-0.07  ent=0.0005  std=0.732
[进度] 32,047,104/100,000,000 (32.0%)  FPS≈1207  阶段=stage_turret  速度=0.00  直行间隔=180  aim=0.100/current  rotate=-0.07  ent=0.0005  std=0.732
[进度] 32,063,488/100,000,000 (32.1%)  FPS≈1197  阶段=stage_turret  速度=0.00  直行间隔=180  aim=0.100/current  rotate=-0.07  ent=0.0005  std=0.732
[进度] 32,079,872/100,000,000 (32.1%)  FPS≈1195  阶段=stage_turret  速度=0.00  直行间隔=180  aim=0.100/current  rotate=-0.07  ent=0.0005  std=0.732
[进度] 32,096,256/100,000,000 (32.1%)  FPS≈1207  阶段=stage_turret  速度=0.00  直行间隔=180  aim=0.100/current  rotate=-0.07  ent=0.0005  std=0.732
[进度] 32,112,640/100,000,000 (32.1%)  FPS≈1192  阶段=stage_turret  速度=0.00  直行间隔=180  aim=0.100/current  rotate=-0.07  ent=0.0005  std=0.732
[存盘] 课程元数据 model_t32112640_stage0_stage_turret.curriculum.json  stage=stage_turret  bot=turret v=0.00
[存盘] runs/curriculum_turret/20260923_163427/checkpoints/model_t32112640_stage0_stage_turret.zip
[评测] 开始（100 局）…
  [评测进度] 10/100  kill(命中/开火)=0.357  direct(直击/开火)=0.250  被命中(挨打/敌开火)=0.485  先发制人(直击前未被打中的局)=0.100  弹数=28
  [评测进度] 20/100  kill(命中/开火)=0.250  direct(直击/开火)=0.139  被命中(挨打/敌开火)=0.518  先发制人(直击前未被打中的局)=0.150  弹数=72
  [评测进度] 30/100  kill(命中/开火)=0.308  direct(直击/开火)=0.120  被命中(挨打/敌开火)=0.504  先发制人(直击前未被打中的局)=0.100  弹数=117
  [评测进度] 40/100  kill(命中/开火)=0.298  direct(直击/开火)=0.139  被命中(挨打/敌开火)=0.545  先发制人(直击前未被打中的局)=0.100  弹数=151
  [评测进度] 50/100  kill(命中/开火)=0.321  direct(直击/开火)=0.144  被命中(挨打/敌开火)=0.498  先发制人(直击前未被打中的局)=0.120  弹数=187
  [评测进度] 60/100  kill(命中/开火)=0.307  direct(直击/开火)=0.142  被命中(挨打/敌开火)=0.500  先发制人(直击前未被打中的局)=0.133  弹数=225
  [评测进度] 70/100  kill(命中/开火)=0.287  direct(直击/开火)=0.140  被命中(挨打/敌开火)=0.490  先发制人(直击前未被打中的局)=0.143  弹数=265
  [评测进度] 80/100  kill(命中/开火)=0.284  direct(直击/开火)=0.137  被命中(挨打/敌开火)=0.490  先发制人(直击前未被打中的局)=0.163  弹数=306
  [评测进度] 90/100  kill(命中/开火)=0.293  direct(直击/开火)=0.145  被命中(挨打/敌开火)=0.489  先发制人(直击前未被打中的局)=0.189  弹数=338
  [评测进度] 100/100  kill(命中/开火)=0.291  direct(直击/开火)=0.146  被命中(挨打/敌开火)=0.479  先发制人(直击前未被打中的局)=0.210  弹数=378
------------------------------------------------------------
[评测] 阶段=stage_turret  局数=100
  kill_rate(命中/开火) = 0.291  hit_rate(直击/开火) = 0.146  中位TTK = 406
  被命中率(挨打/敌开火) = 0.479  先发制人率(直击前未被打中的局/局数) = 0.210
  TTK口径     : 首直击步数；无直击=该局结束步数（评测步限封顶）
  晋级条件 直击/开火 hit_rate≥1.01  当前=0.146  → 指标未达标
  未晋级，继续当前阶段
------------------------------------------------------------
[进度] 32,129,024/100,000,000 (32.1%)  FPS≈1188  阶段=stage_turret  速度=0.00  直行间隔=180  aim=0.100/current  rotate=-0.07  ent=0.0005  std=0.732
[进度] 32,145,408/100,000,000 (32.1%)  FPS≈1153  阶段=stage_turret  速度=0.00  直行间隔=180  aim=0.100/current  rotate=-0.07  ent=0.0005  std=0.732
[进度] 32,161,792/100,000,000 (32.2%)  FPS≈1186  阶段=stage_turret  速度=0.00  直行间隔=180  aim=0.100/current  rotate=-0.07  ent=0.0005  std=0.732
[进度] 32,178,176/100,000,000 (32.2%)  FPS≈1229  阶段=stage_turret  速度=0.00  直行间隔=180  aim=0.100/current  rotate=-0.07  ent=0.0005  std=0.731
[进度] 32,194,560/100,000,000 (32.2%)  FPS≈1179  阶段=stage_turret  速度=0.00  直行间隔=180  aim=0.100/current  rotate=-0.07  ent=0.0005  std=0.731
[进度] 32,210,944/100,000,000 (32.2%)  FPS≈1186  阶段=stage_turret  速度=0.00  直行间隔=180  aim=0.100/current  rotate=-0.07  ent=0.0005  std=0.731
[进度] 32,227,328/100,000,000 (32.2%)  FPS≈1146  阶段=stage_turret  速度=0.00  直行间隔=180  aim=0.100/current  rotate=-0.07  ent=0.0005  std=0.731
[存盘] 课程元数据 model_t32227328_stage0_stage_turret.curriculum.json  stage=stage_turret  bot=turret v=0.00
[存盘] runs/curriculum_turret/20260923_163427/checkpoints/model_t32227328_stage0_stage_turret.zip
[评测] 开始（100 局）…
  [评测进度] 10/100  kill(命中/开火)=0.186  direct(直击/开火)=0.093  被命中(挨打/敌开火)=0.511  先发制人(直击前未被打中的局)=0.300  弹数=43
  [评测进度] 20/100  kill(命中/开火)=0.215  direct(直击/开火)=0.127  被命中(挨打/敌开火)=0.494  先发制人(直击前未被打中的局)=0.350  弹数=79
  [评测进度] 30/100  kill(命中/开火)=0.232  direct(直击/开火)=0.134  被命中(挨打/敌开火)=0.500  先发制人(直击前未被打中的局)=0.300  弹数=112
  [评测进度] 40/100  kill(命中/开火)=0.250  direct(直击/开火)=0.135  被命中(挨打/敌开火)=0.500  先发制人(直击前未被打中的局)=0.275  弹数=148
  [评测进度] 50/100  kill(命中/开火)=0.243  direct(直击/开火)=0.130  被命中(挨打/敌开火)=0.500  先发制人(直击前未被打中的局)=0.280  弹数=185
  [评测进度] 60/100  kill(命中/开火)=0.251  direct(直击/开火)=0.132  被命中(挨打/敌开火)=0.454  先发制人(直击前未被打中的局)=0.283  弹数=227
  [评测进度] 70/100  kill(命中/开火)=0.250  direct(直击/开火)=0.140  被命中(挨打/敌开火)=0.449  先发制人(直击前未被打中的局)=0.286  弹数=264
  [评测进度] 80/100  kill(命中/开火)=0.244  direct(直击/开火)=0.137  被命中(挨打/敌开火)=0.425  先发制人(直击前未被打中的局)=0.275  弹数=307
  [评测进度] 90/100  kill(命中/开火)=0.243  direct(直击/开火)=0.139  被命中(挨打/敌开火)=0.431  先发制人(直击前未被打中的局)=0.267  弹数=345
  [评测进度] 100/100  kill(命中/开火)=0.250  direct(直击/开火)=0.148  被命中(挨打/敌开火)=0.439  先发制人(直击前未被打中的局)=0.280  弹数=372
------------------------------------------------------------
[评测] 阶段=stage_turret  局数=100
  kill_rate(命中/开火) = 0.250  hit_rate(直击/开火) = 0.148  中位TTK = 422
  被命中率(挨打/敌开火) = 0.439  先发制人率(直击前未被打中的局/局数) = 0.280
  TTK口径     : 首直击步数；无直击=该局结束步数（评测步限封顶）
  晋级条件 直击/开火 hit_rate≥1.01  当前=0.148  → 指标未达标
  未晋级，继续当前阶段
------------------------------------------------------------
[进度] 32,243,712/100,000,000 (32.2%)  FPS≈1126  阶段=stage_turret  速度=0.00  直行间隔=180  aim=0.100/current  rotate=-0.07  ent=0.0005  std=0.731
[进度] 32,260,096/100,000,000 (32.3%)  FPS≈1143  阶段=stage_turret  速度=0.00  直行间隔=180  aim=0.100/current  rotate=-0.07  ent=0.0005  std=0.731
[进度] 32,276,480/100,000,000 (32.3%)  FPS≈1185  阶段=stage_turret  速度=0.00  直行间隔=180  aim=0.100/current  rotate=-0.07  ent=0.0005  std=0.731
[进度] 32,292,864/100,000,000 (32.3%)  FPS≈1182  阶段=stage_turret  速度=0.00  直行间隔=180  aim=0.100/current  rotate=-0.07  ent=0.0005  std=0.731
[进度] 32,309,248/100,000,000 (32.3%)  FPS≈1245  阶段=stage_turret  速度=0.00  直行间隔=180  aim=0.100/current  rotate=-0.07  ent=0.0005  std=0.731
[进度] 32,325,632/100,000,000 (32.3%)  FPS≈1217  阶段=stage_turret  速度=0.00  直行间隔=180  aim=0.100/current  rotate=-0.07  ent=0.0005  std=0.731
[进度] 32,342,016/100,000,000 (32.3%)  FPS≈1214  阶段=stage_turret  速度=0.00  直行间隔=180  aim=0.100/current  rotate=-0.07  ent=0.0005  std=0.731
[存盘] 课程元数据 model_t32342016_stage0_stage_turret.curriculum.json  stage=stage_turret  bot=turret v=0.00
[存盘] runs/curriculum_turret/20260923_163427/checkpoints/model_t32342016_stage0_stage_turret.zip
[评测] 开始（100 局）…
  [评测进度] 10/100  kill(命中/开火)=0.195  direct(直击/开火)=0.146  被命中(挨打/敌开火)=0.375  先发制人(直击前未被打中的局)=0.400  弹数=41
  [评测进度] 20/100  kill(命中/开火)=0.228  direct(直击/开火)=0.152  被命中(挨打/敌开火)=0.337  先发制人(直击前未被打中的局)=0.300  弹数=79
  [评测进度] 30/100  kill(命中/开火)=0.250  direct(直击/开火)=0.170  被命中(挨打/敌开火)=0.346  先发制人(直击前未被打中的局)=0.333  弹数=112
  [评测进度] 40/100  kill(命中/开火)=0.220  direct(直击/开火)=0.132  被命中(挨打/敌开火)=0.354  先发制人(直击前未被打中的局)=0.300  弹数=159
  [评测进度] 50/100  kill(命中/开火)=0.246  direct(直击/开火)=0.168  被命中(挨打/敌开火)=0.372  先发制人(直击前未被打中的局)=0.260  弹数=179
  [评测进度] 60/100  kill(命中/开火)=0.249  direct(直击/开火)=0.147  被命中(挨打/敌开火)=0.402  先发制人(直击前未被打中的局)=0.250  弹数=225
  [评测进度] 70/100  kill(命中/开火)=0.246  direct(直击/开火)=0.138  被命中(挨打/敌开火)=0.419  先发制人(直击前未被打中的局)=0.257  弹数=268
  [评测进度] 80/100  kill(命中/开火)=0.253  direct(直击/开火)=0.136  被命中(挨打/敌开火)=0.431  先发制人(直击前未被打中的局)=0.263  弹数=308
  [评测进度] 90/100  kill(命中/开火)=0.250  direct(直击/开火)=0.140  被命中(挨打/敌开火)=0.419  先发制人(直击前未被打中的局)=0.278  弹数=344
  [评测进度] 100/100  kill(命中/开火)=0.251  direct(直击/开火)=0.133  被命中(挨打/敌开火)=0.420  先发制人(直击前未被打中的局)=0.260  弹数=390
------------------------------------------------------------
[评测] 阶段=stage_turret  局数=100
  kill_rate(命中/开火) = 0.251  hit_rate(直击/开火) = 0.133  中位TTK = 441
  被命中率(挨打/敌开火) = 0.420  先发制人率(直击前未被打中的局/局数) = 0.260
  TTK口径     : 首直击步数；无直击=该局结束步数（评测步限封顶）
  晋级条件 直击/开火 hit_rate≥1.01  当前=0.133  → 指标未达标
  未晋级，继续当前阶段
------------------------------------------------------------
[进度] 32,358,400/100,000,000 (32.4%)  FPS≈1201  阶段=stage_turret  速度=0.00  直行间隔=180  aim=0.100/current  rotate=-0.07  ent=0.0005  std=0.731
[进度] 32,374,784/100,000,000 (32.4%)  FPS≈1201  阶段=stage_turret  速度=0.00  直行间隔=180  aim=0.100/current  rotate=-0.07  ent=0.0005  std=0.731
[进度] 32,391,168/100,000,000 (32.4%)  FPS≈1231  阶段=stage_turret  速度=0.00  直行间隔=180  aim=0.100/current  rotate=-0.07  ent=0.0005  std=0.731
[进度] 32,407,552/100,000,000 (32.4%)  FPS≈1193  阶段=stage_turret  速度=0.00  直行间隔=180  aim=0.100/current  rotate=-0.07  ent=0.0005  std=0.731
[进度] 32,423,936/100,000,000 (32.4%)  FPS≈1185  阶段=stage_turret  速度=0.00  直行间隔=180  aim=0.100/current  rotate=-0.07  ent=0.0005  std=0.731
[进度] 32,440,320/100,000,000 (32.4%)  FPS≈1174  阶段=stage_turret  速度=0.00  直行间隔=180  aim=0.100/current  rotate=-0.07  ent=0.0005  std=0.731
[进度] 32,456,704/100,000,000 (32.5%)  FPS≈1186  阶段=stage_turret  速度=0.00  直行间隔=180  aim=0.100/current  rotate=-0.07  ent=0.0005  std=0.731
[存盘] 课程元数据 model_t32456704_stage0_stage_turret.curriculum.json  stage=stage_turret  bot=turret v=0.00
[存盘] runs/curriculum_turret/20260923_163427/checkpoints/model_t32456704_stage0_stage_turret.zip
[评测] 开始（100 局）…
  [评测进度] 10/100  kill(命中/开火)=0.196  direct(直击/开火)=0.065  被命中(挨打/敌开火)=0.333  先发制人(直击前未被打中的局)=0.100  弹数=46
  [评测进度] 20/100  kill(命中/开火)=0.260  direct(直击/开火)=0.117  被命中(挨打/敌开火)=0.398  先发制人(直击前未被打中的局)=0.200  弹数=77
  [评测进度] 30/100  kill(命中/开火)=0.261  direct(直击/开火)=0.135  被命中(挨打/敌开火)=0.366  先发制人(直击前未被打中的局)=0.233  弹数=111
  [评测进度] 40/100  kill(命中/开火)=0.281  direct(直击/开火)=0.158  被命中(挨打/敌开火)=0.352  先发制人(直击前未被打中的局)=0.325  弹数=139
  [评测进度] 50/100  kill(命中/开火)=0.268  direct(直击/开火)=0.145  被命中(挨打/敌开火)=0.395  先发制人(直击前未被打中的局)=0.300  弹数=179
  [评测进度] 60/100  kill(命中/开火)=0.248  direct(直击/开火)=0.131  被命中(挨打/敌开火)=0.419  先发制人(直击前未被打中的局)=0.267  弹数=222
  [评测进度] 70/100  kill(命中/开火)=0.257  direct(直击/开火)=0.136  被命中(挨打/敌开火)=0.420  先发制人(直击前未被打中的局)=0.257  弹数=257
  [评测进度] 80/100  kill(命中/开火)=0.245  direct(直击/开火)=0.126  被命中(挨打/敌开火)=0.420  先发制人(直击前未被打中的局)=0.250  弹数=302
  [评测进度] 90/100  kill(命中/开火)=0.253  direct(直击/开火)=0.125  被命中(挨打/敌开火)=0.421  先发制人(直击前未被打中的局)=0.233  弹数=344
  [评测进度] 100/100  kill(命中/开火)=0.259  direct(直击/开火)=0.114  被命中(挨打/敌开火)=0.435  先发制人(直击前未被打中的局)=0.220  弹数=394
------------------------------------------------------------
[评测] 阶段=stage_turret  局数=100
  kill_rate(命中/开火) = 0.259  hit_rate(直击/开火) = 0.114  中位TTK = 489
  被命中率(挨打/敌开火) = 0.435  先发制人率(直击前未被打中的局/局数) = 0.220
  TTK口径     : 首直击步数；无直击=该局结束步数（评测步限封顶）
  晋级条件 直击/开火 hit_rate≥1.01  当前=0.114  → 指标未达标
  未晋级，继续当前阶段
------------------------------------------------------------
[进度] 32,473,088/100,000,000 (32.5%)  FPS≈1177  阶段=stage_turret  速度=0.00  直行间隔=180  aim=0.100/current  rotate=-0.07  ent=0.0005  std=0.730
[进度] 32,489,472/100,000,000 (32.5%)  FPS≈1198  阶段=stage_turret  速度=0.00  直行间隔=180  aim=0.100/current  rotate=-0.07  ent=0.0005  std=0.730
[进度] 32,505,856/100,000,000 (32.5%)  FPS≈1221  阶段=stage_turret  速度=0.00  直行间隔=180  aim=0.100/current  rotate=-0.07  ent=0.0005  std=0.730
[进度] 32,522,240/100,000,000 (32.5%)  FPS≈1167  阶段=stage_turret  速度=0.00  直行间隔=180  aim=0.100/current  rotate=-0.07  ent=0.0005  std=0.730
[进度] 32,538,624/100,000,000 (32.5%)  FPS≈1170  阶段=stage_turret  速度=0.00  直行间隔=180  aim=0.100/current  rotate=-0.07  ent=0.0005  std=0.730
[进度] 32,555,008/100,000,000 (32.6%)  FPS≈1196  阶段=stage_turret  速度=0.00  直行间隔=180  aim=0.100/current  rotate=-0.07  ent=0.0005  std=0.730
[进度] 32,571,392/100,000,000 (32.6%)  FPS≈1164  阶段=stage_turret  速度=0.00  直行间隔=180  aim=0.100/current  rotate=-0.07  ent=0.0005  std=0.730
[存盘] 课程元数据 model_t32571392_stage0_stage_turret.curriculum.json  stage=stage_turret  bot=turret v=0.00
[存盘] runs/curriculum_turret/20260923_163427/checkpoints/model_t32571392_stage0_stage_turret.zip
[评测] 开始（100 局）…
  [评测进度] 10/100  kill(命中/开火)=0.270  direct(直击/开火)=0.189  被命中(挨打/敌开火)=0.227  先发制人(直击前未被打中的局)=0.300  弹数=37
  [评测进度] 20/100  kill(命中/开火)=0.273  direct(直击/开火)=0.156  被命中(挨打/敌开火)=0.319  先发制人(直击前未被打中的局)=0.300  弹数=77
  [评测进度] 30/100  kill(命中/开火)=0.250  direct(直击/开火)=0.133  被命中(挨打/敌开火)=0.319  先发制人(直击前未被打中的局)=0.267  弹数=120
  [评测进度] 40/100  kill(命中/开火)=0.287  direct(直击/开火)=0.146  被命中(挨打/敌开火)=0.295  先发制人(直击前未被打中的局)=0.250  弹数=157
  [评测进度] 50/100  kill(命中/开火)=0.265  direct(直击/开火)=0.127  被命中(挨打/敌开火)=0.357  先发制人(直击前未被打中的局)=0.200  弹数=204
  [评测进度] 60/100  kill(命中/开火)=0.267  direct(直击/开火)=0.121  被命中(挨打/敌开火)=0.367  先发制人(直击前未被打中的局)=0.183  弹数=247
  [评测进度] 70/100  kill(命中/开火)=0.281  direct(直击/开火)=0.126  被命中(挨打/敌开火)=0.359  先发制人(直击前未被打中的局)=0.200  弹数=285
  [评测进度] 80/100  kill(命中/开火)=0.278  direct(直击/开火)=0.131  被命中(挨打/敌开火)=0.385  先发制人(直击前未被打中的局)=0.188  弹数=320
  [评测进度] 90/100  kill(命中/开火)=0.279  direct(直击/开火)=0.131  被命中(挨打/敌开火)=0.389  先发制人(直击前未被打中的局)=0.211  弹数=359
  [评测进度] 100/100  kill(命中/开火)=0.273  direct(直击/开火)=0.130  被命中(挨打/敌开火)=0.387  先发制人(直击前未被打中的局)=0.200  弹数=399
------------------------------------------------------------
[评测] 阶段=stage_turret  局数=100
  kill_rate(命中/开火) = 0.273  hit_rate(直击/开火) = 0.130  中位TTK = 476
  被命中率(挨打/敌开火) = 0.387  先发制人率(直击前未被打中的局/局数) = 0.200
  TTK口径     : 首直击步数；无直击=该局结束步数（评测步限封顶）
  晋级条件 直击/开火 hit_rate≥1.01  当前=0.130  → 指标未达标
  未晋级，继续当前阶段
------------------------------------------------------------
[进度] 32,587,776/100,000,000 (32.6%)  FPS≈1203  阶段=stage_turret  速度=0.00  直行间隔=180  aim=0.100/current  rotate=-0.07  ent=0.0005  std=0.730
[进度] 32,604,160/100,000,000 (32.6%)  FPS≈1140  阶段=stage_turret  速度=0.00  直行间隔=180  aim=0.100/current  rotate=-0.07  ent=0.0005  std=0.730
[进度] 32,620,544/100,000,000 (32.6%)  FPS≈1219  阶段=stage_turret  速度=0.00  直行间隔=180  aim=0.100/current  rotate=-0.07  ent=0.0005  std=0.730
[进度] 32,636,928/100,000,000 (32.6%)  FPS≈1194  阶段=stage_turret  速度=0.00  直行间隔=180  aim=0.100/current  rotate=-0.07  ent=0.0005  std=0.731
[进度] 32,653,312/100,000,000 (32.7%)  FPS≈1213  阶段=stage_turret  速度=0.00  直行间隔=180  aim=0.100/current  rotate=-0.07  ent=0.0005  std=0.731
[进度] 32,669,696/100,000,000 (32.7%)  FPS≈1180  阶段=stage_turret  速度=0.00  直行间隔=180  aim=0.100/current  rotate=-0.07  ent=0.0005  std=0.731
[进度] 32,686,080/100,000,000 (32.7%)  FPS≈1194  阶段=stage_turret  速度=0.00  直行间隔=180  aim=0.100/current  rotate=-0.07  ent=0.0005  std=0.730
[存盘] 课程元数据 model_t32686080_stage0_stage_turret.curriculum.json  stage=stage_turret  bot=turret v=0.00
[存盘] runs/curriculum_turret/20260923_163427/checkpoints/model_t32686080_stage0_stage_turret.zip
[评测] 开始（100 局）…
  [评测进度] 10/100  kill(命中/开火)=0.239  direct(直击/开火)=0.109  被命中(挨打/敌开火)=0.408  先发制人(直击前未被打中的局)=0.300  弹数=46
  [评测进度] 20/100  kill(命中/开火)=0.276  direct(直击/开火)=0.171  被命中(挨打/敌开火)=0.388  先发制人(直击前未被打中的局)=0.400  弹数=76
  [评测进度] 30/100  kill(命中/开火)=0.229  direct(直击/开火)=0.115  被命中(挨打/敌开火)=0.333  先发制人(直击前未被打中的局)=0.300  弹数=131
  [评测进度] 40/100  kill(命中/开火)=0.257  direct(直击/开火)=0.101  被命中(挨打/敌开火)=0.359  先发制人(直击前未被打中的局)=0.250  弹数=179
  [评测进度] 50/100  kill(命中/开火)=0.247  direct(直击/开火)=0.099  被命中(挨打/敌开火)=0.377  先发制人(直击前未被打中的局)=0.240  弹数=223
  [评测进度] 60/100  kill(命中/开火)=0.258  direct(直击/开火)=0.117  被命中(挨打/敌开火)=0.404  先发制人(直击前未被打中的局)=0.233  弹数=248
  [评测进度] 70/100  kill(命中/开火)=0.266  direct(直击/开火)=0.114  被命中(挨打/敌开火)=0.402  先发制人(直击前未被打中的局)=0.200  弹数=297
  [评测进度] 80/100  kill(命中/开火)=0.267  direct(直击/开火)=0.122  被命中(挨打/敌开火)=0.427  先发制人(直击前未被打中的局)=0.200  弹数=329
  [评测进度] 90/100  kill(命中/开火)=0.273  direct(直击/开火)=0.127  被命中(挨打/敌开火)=0.447  先发制人(直击前未被打中的局)=0.211  弹数=363
  [评测进度] 100/100  kill(命中/开火)=0.276  direct(直击/开火)=0.131  被命中(挨打/敌开火)=0.451  先发制人(直击前未被打中的局)=0.220  弹数=398
------------------------------------------------------------
[评测] 阶段=stage_turret  局数=100
  kill_rate(命中/开火) = 0.276  hit_rate(直击/开火) = 0.131  中位TTK = 440
  被命中率(挨打/敌开火) = 0.451  先发制人率(直击前未被打中的局/局数) = 0.220
  TTK口径     : 首直击步数；无直击=该局结束步数（评测步限封顶）
  晋级条件 直击/开火 hit_rate≥1.01  当前=0.131  → 指标未达标
  未晋级，继续当前阶段
------------------------------------------------------------
[进度] 32,702,464/100,000,000 (32.7%)  FPS≈1210  阶段=stage_turret  速度=0.00  直行间隔=180  aim=0.100/current  rotate=-0.07  ent=0.0005  std=0.730
[进度] 32,718,848/100,000,000 (32.7%)  FPS≈1201  阶段=stage_turret  速度=0.00  直行间隔=180  aim=0.100/current  rotate=-0.07  ent=0.0005  std=0.731
[进度] 32,735,232/100,000,000 (32.7%)  FPS≈1163  阶段=stage_turret  速度=0.00  直行间隔=180  aim=0.100/current  rotate=-0.07  ent=0.0005  std=0.730
[进度] 32,751,616/100,000,000 (32.8%)  FPS≈1215  阶段=stage_turret  速度=0.00  直行间隔=180  aim=0.100/current  rotate=-0.07  ent=0.0005  std=0.730
[进度] 32,768,000/100,000,000 (32.8%)  FPS≈1214  阶段=stage_turret  速度=0.00  直行间隔=180  aim=0.100/current  rotate=-0.07  ent=0.0005  std=0.730
[进度] 32,784,384/100,000,000 (32.8%)  FPS≈1197  阶段=stage_turret  速度=0.00  直行间隔=180  aim=0.100/current  rotate=-0.07  ent=0.0005  std=0.730
[进度] 32,800,768/100,000,000 (32.8%)  FPS≈1175  阶段=stage_turret  速度=0.00  直行间隔=180  aim=0.100/current  rotate=-0.07  ent=0.0005  std=0.730
[存盘] 课程元数据 model_t32800768_stage0_stage_turret.curriculum.json  stage=stage_turret  bot=turret v=0.00
[存盘] runs/curriculum_turret/20260923_163427/checkpoints/model_t32800768_stage0_stage_turret.zip
[评测] 开始（100 局）…
  [评测进度] 10/100  kill(命中/开火)=0.302  direct(直击/开火)=0.093  被命中(挨打/敌开火)=0.571  先发制人(直击前未被打中的局)=0.100  弹数=43
  [评测进度] 20/100  kill(命中/开火)=0.300  direct(直击/开火)=0.078  被命中(挨打/敌开火)=0.637  先发制人(直击前未被打中的局)=0.100  弹数=90
  [评测进度] 30/100  kill(命中/开火)=0.311  direct(直击/开火)=0.098  被命中(挨打/敌开火)=0.596  先发制人(直击前未被打中的局)=0.100  弹数=132
  [评测进度] 40/100  kill(命中/开火)=0.302  direct(直击/开火)=0.112  被命中(挨打/敌开火)=0.585  先发制人(直击前未被打中的局)=0.125  弹数=169
  [评测进度] 50/100  kill(命中/开火)=0.297  direct(直击/开火)=0.124  被命中(挨打/敌开火)=0.574  先发制人(直击前未被打中的局)=0.180  弹数=202
  [评测进度] 60/100  kill(命中/开火)=0.319  direct(直击/开火)=0.132  被命中(挨打/敌开火)=0.551  先发制人(直击前未被打中的局)=0.200  弹数=235
  [评测进度] 70/100  kill(命中/开火)=0.301  direct(直击/开火)=0.125  被命中(挨打/敌开火)=0.551  先发制人(直击前未被打中的局)=0.186  弹数=279
  [评测进度] 80/100  kill(命中/开火)=0.301  direct(直击/开火)=0.119  被命中(挨打/敌开火)=0.520  先发制人(直击前未被打中的局)=0.188  弹数=329
  [评测进度] 90/100  kill(命中/开火)=0.298  direct(直击/开火)=0.121  被命中(挨打/敌开火)=0.499  先发制人(直击前未被打中的局)=0.178  弹数=372
  [评测进度] 100/100  kill(命中/开火)=0.300  direct(直击/开火)=0.119  被命中(挨打/敌开火)=0.504  先发制人(直击前未被打中的局)=0.170  弹数=413
------------------------------------------------------------
[评测] 阶段=stage_turret  局数=100
  kill_rate(命中/开火) = 0.300  hit_rate(直击/开火) = 0.119  中位TTK = 480
  被命中率(挨打/敌开火) = 0.504  先发制人率(直击前未被打中的局/局数) = 0.170
  TTK口径     : 首直击步数；无直击=该局结束步数（评测步限封顶）
  晋级条件 直击/开火 hit_rate≥1.01  当前=0.119  → 指标未达标
  未晋级，继续当前阶段
------------------------------------------------------------
[进度] 32,817,152/100,000,000 (32.8%)  FPS≈1165  阶段=stage_turret  速度=0.00  直行间隔=180  aim=0.100/current  rotate=-0.07  ent=0.0005  std=0.730
[进度] 32,833,536/100,000,000 (32.8%)  FPS≈1206  阶段=stage_turret  速度=0.00  直行间隔=180  aim=0.100/current  rotate=-0.07  ent=0.0005  std=0.730
[进度] 32,849,920/100,000,000 (32.8%)  FPS≈1175  阶段=stage_turret  速度=0.00  直行间隔=180  aim=0.100/current  rotate=-0.07  ent=0.0005  std=0.729
[进度] 32,866,304/100,000,000 (32.9%)  FPS≈1208  阶段=stage_turret  速度=0.00  直行间隔=180  aim=0.100/current  rotate=-0.07  ent=0.0005  std=0.729
[进度] 32,882,688/100,000,000 (32.9%)  FPS≈1215  阶段=stage_turret  速度=0.00  直行间隔=180  aim=0.100/current  rotate=-0.07  ent=0.0005  std=0.729
[进度] 32,899,072/100,000,000 (32.9%)  FPS≈1193  阶段=stage_turret  速度=0.00  直行间隔=180  aim=0.100/current  rotate=-0.07  ent=0.0005  std=0.728
[进度] 32,915,456/100,000,000 (32.9%)  FPS≈1179  阶段=stage_turret  速度=0.00  直行间隔=180  aim=0.100/current  rotate=-0.07  ent=0.0005  std=0.728
[存盘] 课程元数据 model_t32915456_stage0_stage_turret.curriculum.json  stage=stage_turret  bot=turret v=0.00
[存盘] runs/curriculum_turret/20260923_163427/checkpoints/model_t32915456_stage0_stage_turret.zip
[评测] 开始（100 局）…
  [评测进度] 10/100  kill(命中/开火)=0.294  direct(直击/开火)=0.176  被命中(挨打/敌开火)=0.175  先发制人(直击前未被打中的局)=0.500  弹数=34
  [评测进度] 20/100  kill(命中/开火)=0.406  direct(直击/开火)=0.203  被命中(挨打/敌开火)=0.300  先发制人(直击前未被打中的局)=0.400  弹数=69
  [评测进度] 30/100  kill(命中/开火)=0.336  direct(直击/开火)=0.168  被命中(挨打/敌开火)=0.372  先发制人(直击前未被打中的局)=0.333  弹数=113
  [评测进度] 40/100  kill(命中/开火)=0.283  direct(直击/开火)=0.145  被命中(挨打/敌开火)=0.404  先发制人(直击前未被打中的局)=0.250  弹数=159
  [评测进度] 50/100  kill(命中/开火)=0.294  direct(直击/开火)=0.134  被命中(挨打/敌开火)=0.420  先发制人(直击前未被打中的局)=0.240  弹数=201
  [评测进度] 60/100  kill(命中/开火)=0.298  direct(直击/开火)=0.145  被命中(挨打/敌开火)=0.422  先发制人(直击前未被打中的局)=0.267  弹数=235
  [评测进度] 70/100  kill(命中/开火)=0.273  direct(直击/开火)=0.133  被命中(挨打/敌开火)=0.419  先发制人(直击前未被打中的局)=0.243  弹数=278
  [评测进度] 80/100  kill(命中/开火)=0.255  direct(直击/开火)=0.123  被命中(挨打/敌开火)=0.428  先发制人(直击前未被打中的局)=0.225  弹数=325
  [评测进度] 90/100  kill(命中/开火)=0.263  direct(直击/开火)=0.133  被命中(挨打/敌开火)=0.426  先发制人(直击前未被打中的局)=0.222  弹数=353
  [评测进度] 100/100  kill(命中/开火)=0.256  direct(直击/开火)=0.133  被命中(挨打/敌开火)=0.427  先发制人(直击前未被打中的局)=0.220  弹数=390
------------------------------------------------------------
[评测] 阶段=stage_turret  局数=100
  kill_rate(命中/开火) = 0.256  hit_rate(直击/开火) = 0.133  中位TTK = 460
  被命中率(挨打/敌开火) = 0.427  先发制人率(直击前未被打中的局/局数) = 0.220
  TTK口径     : 首直击步数；无直击=该局结束步数（评测步限封顶）
  晋级条件 直击/开火 hit_rate≥1.01  当前=0.133  → 指标未达标
  未晋级，继续当前阶段
------------------------------------------------------------
[进度] 32,931,840/100,000,000 (32.9%)  FPS≈1173  阶段=stage_turret  速度=0.00  直行间隔=180  aim=0.100/current  rotate=-0.07  ent=0.0005  std=0.728
[进度] 32,948,224/100,000,000 (32.9%)  FPS≈1188  阶段=stage_turret  速度=0.00  直行间隔=180  aim=0.100/current  rotate=-0.07  ent=0.0005  std=0.729
[进度] 32,964,608/100,000,000 (33.0%)  FPS≈1152  阶段=stage_turret  速度=0.00  直行间隔=180  aim=0.100/current  rotate=-0.07  ent=0.0005  std=0.729
[进度] 32,980,992/100,000,000 (33.0%)  FPS≈1166  阶段=stage_turret  速度=0.00  直行间隔=180  aim=0.100/current  rotate=-0.07  ent=0.0005  std=0.729
[进度] 32,997,376/100,000,000 (33.0%)  FPS≈1169  阶段=stage_turret  速度=0.00  直行间隔=180  aim=0.100/current  rotate=-0.07  ent=0.0005  std=0.729
[进度] 33,013,760/100,000,000 (33.0%)  FPS≈1225  阶段=stage_turret  速度=0.00  直行间隔=180  aim=0.100/current  rotate=-0.07  ent=0.0005  std=0.729
[进度] 33,030,144/100,000,000 (33.0%)  FPS≈1200  阶段=stage_turret  速度=0.00  直行间隔=180  aim=0.100/current  rotate=-0.07  ent=0.0005  std=0.729
[存盘] 课程元数据 model_t33030144_stage0_stage_turret.curriculum.json  stage=stage_turret  bot=turret v=0.00
[存盘] runs/curriculum_turret/20260923_163427/checkpoints/model_t33030144_stage0_stage_turret.zip
[评测] 开始（100 局）…
  [评测进度] 10/100  kill(命中/开火)=0.303  direct(直击/开火)=0.273  被命中(挨打/敌开火)=0.225  先发制人(直击前未被打中的局)=0.500  弹数=33
  [评测进度] 20/100  kill(命中/开火)=0.247  direct(直击/开火)=0.160  被命中(挨打/敌开火)=0.344  先发制人(直击前未被打中的局)=0.350  弹数=81
  [评测进度] 30/100  kill(命中/开火)=0.233  direct(直击/开火)=0.150  被命中(挨打/敌开火)=0.394  先发制人(直击前未被打中的局)=0.300  弹数=120
  [评测进度] 40/100  kill(命中/开火)=0.230  direct(直击/开火)=0.137  被命中(挨打/敌开火)=0.372  先发制人(直击前未被打中的局)=0.300  弹数=161
  [评测进度] 50/100  kill(命中/开火)=0.245  direct(直击/开火)=0.148  被命中(挨打/敌开火)=0.356  先发制人(直击前未被打中的局)=0.280  弹数=196
  [评测进度] 60/100  kill(命中/开火)=0.273  direct(直击/开火)=0.143  被命中(挨打/敌开火)=0.356  先发制人(直击前未被打中的局)=0.233  弹数=238
  [评测进度] 70/100  kill(命中/开火)=0.266  direct(直击/开火)=0.131  被命中(挨打/敌开火)=0.368  先发制人(直击前未被打中的局)=0.200  弹数=290
  [评测进度] 80/100  kill(命中/开火)=0.267  direct(直击/开火)=0.143  被命中(挨打/敌开火)=0.392  先发制人(直击前未被打中的局)=0.175  弹数=322
  [评测进度] 90/100  kill(命中/开火)=0.275  direct(直击/开火)=0.140  被命中(挨打/敌开火)=0.396  先发制人(直击前未被打中的局)=0.189  弹数=363
  [评测进度] 100/100  kill(命中/开火)=0.261  direct(直击/开火)=0.131  被命中(挨打/敌开火)=0.412  先发制人(直击前未被打中的局)=0.170  弹数=406
------------------------------------------------------------
[评测] 阶段=stage_turret  局数=100
  kill_rate(命中/开火) = 0.261  hit_rate(直击/开火) = 0.131  中位TTK = 494
  被命中率(挨打/敌开火) = 0.412  先发制人率(直击前未被打中的局/局数) = 0.170
  TTK口径     : 首直击步数；无直击=该局结束步数（评测步限封顶）
  晋级条件 直击/开火 hit_rate≥1.01  当前=0.131  → 指标未达标
  未晋级，继续当前阶段
------------------------------------------------------------
[进度] 33,046,528/100,000,000 (33.0%)  FPS≈1217  阶段=stage_turret  速度=0.00  直行间隔=180  aim=0.100/current  rotate=-0.07  ent=0.0005  std=0.729
[进度] 33,062,912/100,000,000 (33.1%)  FPS≈1170  阶段=stage_turret  速度=0.00  直行间隔=180  aim=0.100/current  rotate=-0.07  ent=0.0005  std=0.729
[进度] 33,079,296/100,000,000 (33.1%)  FPS≈1173  阶段=stage_turret  速度=0.00  直行间隔=180  aim=0.100/current  rotate=-0.07  ent=0.0005  std=0.729
[进度] 33,095,680/100,000,000 (33.1%)  FPS≈1191  阶段=stage_turret  速度=0.00  直行间隔=180  aim=0.100/current  rotate=-0.07  ent=0.0005  std=0.729
[进度] 33,112,064/100,000,000 (33.1%)  FPS≈1134  阶段=stage_turret  速度=0.00  直行间隔=180  aim=0.100/current  rotate=-0.07  ent=0.0005  std=0.729
[进度] 33,128,448/100,000,000 (33.1%)  FPS≈1141  阶段=stage_turret  速度=0.00  直行间隔=180  aim=0.100/current  rotate=-0.07  ent=0.0005  std=0.729
[进度] 33,144,832/100,000,000 (33.1%)  FPS≈1138  阶段=stage_turret  速度=0.00  直行间隔=180  aim=0.100/current  rotate=-0.07  ent=0.0005  std=0.729
[存盘] 课程元数据 model_t33144832_stage0_stage_turret.curriculum.json  stage=stage_turret  bot=turret v=0.00
[存盘] runs/curriculum_turret/20260923_163427/checkpoints/model_t33144832_stage0_stage_turret.zip
[评测] 开始（100 局）…
  [评测进度] 10/100  kill(命中/开火)=0.214  direct(直击/开火)=0.119  被命中(挨打/敌开火)=0.356  先发制人(直击前未被打中的局)=0.200  弹数=42
  [评测进度] 20/100  kill(命中/开火)=0.237  direct(直击/开火)=0.145  被命中(挨打/敌开火)=0.337  先发制人(直击前未被打中的局)=0.300  弹数=76
  [评测进度] 30/100  kill(命中/开火)=0.269  direct(直击/开火)=0.183  被命中(挨打/敌开火)=0.308  先发制人(直击前未被打中的局)=0.367  弹数=104
  [评测进度] 40/100  kill(命中/开火)=0.317  direct(直击/开火)=0.169  被命中(挨打/敌开火)=0.339  先发制人(直击前未被打中的局)=0.325  弹数=142
  [评测进度] 50/100  kill(命中/开火)=0.303  direct(直击/开火)=0.163  被命中(挨打/敌开火)=0.332  先发制人(直击前未被打中的局)=0.320  弹数=178
  [评测进度] 60/100  kill(命中/开火)=0.313  direct(直击/开火)=0.171  被命中(挨打/敌开火)=0.339  先发制人(直击前未被打中的局)=0.317  弹数=211
  [评测进度] 70/100  kill(命中/开火)=0.305  direct(直击/开火)=0.154  被命中(挨打/敌开火)=0.372  先发制人(直击前未被打中的局)=0.286  弹数=259
  [评测进度] 80/100  kill(命中/开火)=0.302  direct(直击/开火)=0.167  被命中(挨打/敌开火)=0.378  先发制人(直击前未被打中的局)=0.287  弹数=288
  [评测进度] 90/100  kill(命中/开火)=0.302  direct(直击/开火)=0.165  被命中(挨打/敌开火)=0.373  先发制人(直击前未被打中的局)=0.289  弹数=328
  [评测进度] 100/100  kill(命中/开火)=0.310  direct(直击/开火)=0.169  被命中(挨打/敌开火)=0.375  先发制人(直击前未被打中的局)=0.300  弹数=361
------------------------------------------------------------
[评测] 阶段=stage_turret  局数=100
  kill_rate(命中/开火) = 0.310  hit_rate(直击/开火) = 0.169  中位TTK = 318
  被命中率(挨打/敌开火) = 0.375  先发制人率(直击前未被打中的局/局数) = 0.300
  TTK口径     : 首直击步数；无直击=该局结束步数（评测步限封顶）
  晋级条件 直击/开火 hit_rate≥1.01  当前=0.169  → 指标未达标
  未晋级，继续当前阶段
------------------------------------------------------------
[进度] 33,161,216/100,000,000 (33.2%)  FPS≈1093  阶段=stage_turret  速度=0.00  直行间隔=180  aim=0.100/current  rotate=-0.07  ent=0.0005  std=0.729
[进度] 33,177,600/100,000,000 (33.2%)  FPS≈1147  阶段=stage_turret  速度=0.00  直行间隔=180  aim=0.100/current  rotate=-0.07  ent=0.0005  std=0.728
[进度] 33,193,984/100,000,000 (33.2%)  FPS≈1132  阶段=stage_turret  速度=0.00  直行间隔=180  aim=0.100/current  rotate=-0.07  ent=0.0005  std=0.728
[进度] 33,210,368/100,000,000 (33.2%)  FPS≈1126  阶段=stage_turret  速度=0.00  直行间隔=180  aim=0.100/current  rotate=-0.07  ent=0.0005  std=0.728
[进度] 33,226,752/100,000,000 (33.2%)  FPS≈1174  阶段=stage_turret  速度=0.00  直行间隔=180  aim=0.100/current  rotate=-0.07  ent=0.0005  std=0.728
[进度] 33,243,136/100,000,000 (33.2%)  FPS≈1211  阶段=stage_turret  速度=0.00  直行间隔=180  aim=0.100/current  rotate=-0.07  ent=0.0005  std=0.728
[进度] 33,259,520/100,000,000 (33.3%)  FPS≈1222  阶段=stage_turret  速度=0.00  直行间隔=180  aim=0.100/current  rotate=-0.07  ent=0.0005  std=0.728
[存盘] 课程元数据 model_t33259520_stage0_stage_turret.curriculum.json  stage=stage_turret  bot=turret v=0.00
[存盘] runs/curriculum_turret/20260923_163427/checkpoints/model_t33259520_stage0_stage_turret.zip
[评测] 开始（100 局）…
  [评测进度] 10/100  kill(命中/开火)=0.213  direct(直击/开火)=0.064  被命中(挨打/敌开火)=0.351  先发制人(直击前未被打中的局)=0.100  弹数=47
  [评测进度] 20/100  kill(命中/开火)=0.227  direct(直击/开火)=0.080  被命中(挨打/敌开火)=0.387  先发制人(直击前未被打中的局)=0.200  弹数=88
  [评测进度] 30/100  kill(命中/开火)=0.231  direct(直击/开火)=0.082  被命中(挨打/敌开火)=0.399  先发制人(直击前未被打中的局)=0.200  弹数=134
  [评测进度] 40/100  kill(命中/开火)=0.207  direct(直击/开火)=0.086  被命中(挨打/敌开火)=0.359  先发制人(直击前未被打中的局)=0.200  弹数=174
  [评测进度] 50/100  kill(命中/开火)=0.194  direct(直击/开火)=0.088  被命中(挨打/敌开火)=0.325  先发制人(直击前未被打中的局)=0.220  弹数=217
  [评测进度] 60/100  kill(命中/开火)=0.206  direct(直击/开火)=0.095  被命中(挨打/敌开火)=0.339  先发制人(直击前未被打中的局)=0.233  弹数=252
  [评测进度] 70/100  kill(命中/开火)=0.217  direct(直击/开火)=0.116  被命中(挨打/敌开火)=0.352  先发制人(直击前未被打中的局)=0.271  弹数=277
  [评测进度] 80/100  kill(命中/开火)=0.222  direct(直击/开火)=0.117  被命中(挨打/敌开火)=0.341  先发制人(直击前未被打中的局)=0.263  弹数=315
  [评测进度] 90/100  kill(命中/开火)=0.237  direct(直击/开火)=0.117  被命中(挨打/敌开火)=0.360  先发制人(直击前未被打中的局)=0.233  弹数=358
  [评测进度] 100/100  kill(命中/开火)=0.236  direct(直击/开火)=0.116  被命中(挨打/敌开火)=0.371  先发制人(直击前未被打中的局)=0.240  弹数=398
------------------------------------------------------------
[评测] 阶段=stage_turret  局数=100
  kill_rate(命中/开火) = 0.236  hit_rate(直击/开火) = 0.116  中位TTK = 520
  被命中率(挨打/敌开火) = 0.371  先发制人率(直击前未被打中的局/局数) = 0.240
  TTK口径     : 首直击步数；无直击=该局结束步数（评测步限封顶）
  晋级条件 直击/开火 hit_rate≥1.01  当前=0.116  → 指标未达标
  未晋级，继续当前阶段
------------------------------------------------------------
[进度] 33,275,904/100,000,000 (33.3%)  FPS≈1146  阶段=stage_turret  速度=0.00  直行间隔=180  aim=0.100/current  rotate=-0.07  ent=0.0005  std=0.729
[进度] 33,292,288/100,000,000 (33.3%)  FPS≈1171  阶段=stage_turret  速度=0.00  直行间隔=180  aim=0.100/current  rotate=-0.07  ent=0.0005  std=0.729
[进度] 33,308,672/100,000,000 (33.3%)  FPS≈1198  阶段=stage_turret  速度=0.00  直行间隔=180  aim=0.100/current  rotate=-0.07  ent=0.0005  std=0.729
[进度] 33,325,056/100,000,000 (33.3%)  FPS≈1167  阶段=stage_turret  速度=0.00  直行间隔=180  aim=0.100/current  rotate=-0.07  ent=0.0005  std=0.729
[进度] 33,341,440/100,000,000 (33.3%)  FPS≈1176  阶段=stage_turret  速度=0.00  直行间隔=180  aim=0.100/current  rotate=-0.07  ent=0.0005  std=0.729
[进度] 33,357,824/100,000,000 (33.4%)  FPS≈1083  阶段=stage_turret  速度=0.00  直行间隔=180  aim=0.100/current  rotate=-0.07  ent=0.0005  std=0.728
[进度] 33,374,208/100,000,000 (33.4%)  FPS≈1031  阶段=stage_turret  速度=0.00  直行间隔=180  aim=0.100/current  rotate=-0.07  ent=0.0005  std=0.729
[存盘] 课程元数据 model_t33374208_stage0_stage_turret.curriculum.json  stage=stage_turret  bot=turret v=0.00
[存盘] runs/curriculum_turret/20260923_163427/checkpoints/model_t33374208_stage0_stage_turret.zip
[评测] 开始（100 局）…
  [评测进度] 10/100  kill(命中/开火)=0.300  direct(直击/开火)=0.200  被命中(挨打/敌开火)=0.543  先发制人(直击前未被打中的局)=0.000  弹数=30
  [评测进度] 20/100  kill(命中/开火)=0.364  direct(直击/开火)=0.255  被命中(挨打/敌开火)=0.438  先发制人(直击前未被打中的局)=0.250  弹数=55
  [评测进度] 30/100  kill(命中/开火)=0.316  direct(直击/开火)=0.200  被命中(挨打/敌开火)=0.423  先发制人(直击前未被打中的局)=0.200  弹数=95
  [评测进度] 40/100  kill(命中/开火)=0.281  direct(直击/开火)=0.158  被命中(挨打/敌开火)=0.407  先发制人(直击前未被打中的局)=0.200  弹数=139
  [评测进度] 50/100  kill(命中/开火)=0.279  direct(直击/开火)=0.176  被命中(挨打/敌开火)=0.415  先发制人(直击前未被打中的局)=0.200  弹数=165
  [评测进度] 60/100  kill(命中/开火)=0.267  direct(直击/开火)=0.160  被命中(挨打/敌开火)=0.419  先发制人(直击前未被打中的局)=0.183  弹数=206
  [评测进度] 70/100  kill(命中/开火)=0.255  direct(直击/开火)=0.135  被命中(挨打/敌开火)=0.427  先发制人(直击前未被打中的局)=0.171  弹数=259
  [评测进度] 80/100  kill(命中/开火)=0.254  direct(直击/开火)=0.129  被命中(挨打/敌开火)=0.419  先发制人(直击前未被打中的局)=0.188  弹数=303
  [评测进度] 90/100  kill(命中/开火)=0.257  direct(直击/开火)=0.136  被命中(挨打/敌开火)=0.427  先发制人(直击前未被打中的局)=0.222  弹数=331
